carID,price
89856,19951.7378046852
106581,21321.891577378487
80886,20776.920515132686
100174,19951.368801098957
81376,21322.959392897137
85391,19950.615295057523
82175,19975.451699739042
95250,19951.170409520993
85071,19950.628725657327
96210,19951.49157812113
80317,21323.24843978542
92731,19976.38372575606
107704,19951.524758417283
98302,19951.092762489592
107055,21321.82816526178
94621,19951.999729338004
91709,19406.649545657885
98193,19952.011274562617
76189,19932.2626201811
86871,19950.760943599438
102917,19950.918070488355
90923,19952.080517983264
101603,19951.14385815182
94196,19976.588165848552
85174,19951.280790030363
103370,19951.56299212163
107877,19406.438995661923
79567,19950.241004750806
90091,19950.92317999117
76169,19898.947013712987
98708,19951.54133061282
107347,19976.40236378213
89583,19951.32964967433
101591,19951.15438234098
92160,19976.539979739217
99676,19951.522182582405
85354,19951.324978427307
81900,19975.243419254308
80345,19977.817571788644
78509,21324.20092689901
100872,19950.912564822527
95087,19406.90960697067
86027,19951.29258630494
89135,19975.90290589389
80557,21323.188546516307
108092,19976.280466378274
102672,19951.373623156993
83022,19949.740805813635
78398,19953.125245924828
95889,19951.934411002632
81117,19953.598228650673
93730,19952.079218913514
101380,19951.377138045125
81772,21322.38785506399
85304,19950.91358486236
86107,19950.69553986509
88696,19407.13849102497
104350,19976.393756132213
87331,19950.99420086009
85206,19951.27336650279
107445,19976.349172673923
106539,21322.11961409637
98712,19951.56104718836
96875,19951.34169807613
108464,19951.12813527838
99890,19951.073574606802
87771,19951.064409756997
79442,19978.064069039618
84170,19950.52481936531
103045,19951.254885321752
101544,19951.11087080546
77350,19941.27611345598
89225,19951.305764504912
79565,19955.24364910907
82849,19950.418660137635
94360,19406.91832181216
103040,19951.14798568055
105101,21322.323803660853
97077,20776.96813122397
98674,19951.284307887276
93447,19952.18154812741
84951,19950.72180527896
91953,19951.035850913267
102101,19951.173957240757
92604,21322.328817883586
89010,19951.41089020163
102729,21321.78856993422
88024,19950.973493535806
104367,19406.187371485437
101230,19951.125993775797
82524,19951.66492267408
95279,19952.107022390563
106098,19951.503116785727
89749,19950.90813868241
101277,19001.266542740505
108016,21321.95846642924
81259,19977.53010676012
97434,19951.383794146426
105289,21322.19894355784
103379,19976.032368321645
78317,21321.343488204995
104166,19976.266107607516
106660,20752.26773841568
107490,19951.03702278814
90684,19951.10973675048
90032,19950.841737724444
79481,19978.062231604297
102524,19975.980515944346
100778,19951.372161424344
77810,18999.14040331927
98979,20056.793400676142
76558,19969.444003768673
94550,21321.903039286717
107246,19950.948000596956
77429,21320.632886838906
106105,19951.34491106739
105213,19951.36603964367
102747,19951.645183553777
104958,19976.308090586535
96036,21321.877781308354
92310,19976.60445313628
100837,19951.130622885554
82858,19950.372160345156
90119,19975.781787606913
77304,21320.37084938725
89011,19950.863107492733
84623,19951.570256955893
99665,19951.842622017703
100592,19951.17639879615
82623,19950.308889125645
92035,19951.666737484087
84305,19950.57270127394
92903,19951.638172851417
93398,19406.879510947852
108067,19951.142050294126
85062,19950.643287797742
81727,21322.970433373845
95637,19951.160048911202
89690,19950.564921861107
83240,19951.375276125462
89711,19950.901055146842
96945,19951.06466806793
104924,19976.388197392513
79633,19978.097126926452
89582,19950.806289711512
98080,19951.03022121686
85992,19950.68408694186
86712,19951.32963020291
105767,19951.13657378313
100590,19951.13826473177
104574,19975.992240066716
97246,19951.084355023442
78141,19950.90348564846
91590,21322.345588359753
80767,19407.455610322075
100344,21321.90814325953
88987,19952.22650303024
96479,21321.89173698817
90598,19951.326639086896
83880,19950.5131050858
86802,19951.00796803904
103078,19951.38436313516
84736,19950.51143263768
84196,19950.559512429045
102062,20776.99200678528
90110,19950.93160528447
102907,19951.35715334793
81776,21322.960144319706
102431,19950.878400513462
80442,19977.657864113608
78656,19956.278266626865
78537,19956.6280412832
102511,19951.141999876534
93612,19406.935246245037
99284,19951.105311440995
96315,19406.856873077737
94305,21321.913488402668
100636,19951.143232202387
81816,19407.945672297894
100352,19951.133666838563
101476,19951.151664648543
93392,19976.607975618794
93995,19976.592670419337
94261,19952.108060963237
89117,19951.101315380976
86506,19950.67629551468
88456,19950.76479357742
84134,19950.567817679694
81088,19408.166616146198
103960,19951.16389243212
84925,19950.89793218251
97306,19951.067125263657
83752,19950.0239215389
100696,19976.466531496128
76472,19411.834042138602
101128,19951.351002371186
105932,19951.34124350687
86416,19975.706611944206
79616,21322.478393376612
83395,19950.816874856915
88734,19950.862376945173
106676,19951.3659253537
102442,19951.37881425285
88761,19951.05036833131
79708,19954.916377625283
96808,19951.07827219018
103755,19951.158843271176
86273,19951.024809917526
97635,19951.916711402464
80797,21322.374678666925
108000,19976.08594718983
95126,21322.11520780582
105187,20752.279164176598
81613,19408.03477624647
103906,19951.194367701322
105729,19950.899432797924
100637,19951.238849164296
82861,19950.413180920354
107823,19951.515602711108
85274,19976.934323389734
88926,19951.316662576515
87871,19950.80747548851
97970,19951.024865404775
98044,19951.53019135489
90277,19950.890227160224
85647,19950.717845526815
107447,19951.30340604573
79418,19949.792023762217
80383,19953.839001353455
79894,19977.844859164
105875,19951.12454425674
86032,19950.63623573594
104423,19951.212817646567
78437,19948.0967155346
79480,19951.14938250049
89973,19950.397437624877
94007,19951.679986620682
93952,19951.126524016006
84548,19950.613953337168
97885,20056.80604042413
86571,19950.758513014647
77839,19980.316166180477
102201,19951.40814726109
98731,19951.05722073714
82395,19977.136296863173
76816,19984.643115267107
97956,19951.079460161363
86012,19950.405500964054
106393,20752.253254262898
81832,19977.409361721064
82787,19950.595552121966
103974,19951.17247758372
100725,19951.144261040423
86552,19950.632210797696
80174,19407.267299154046
99189,20056.79255674409
102543,19951.165713316197
98518,21321.899937413764
100334,19951.14613029218
92673,19976.397882610003
88008,19950.81793201677
105207,21322.06476685124
106462,19976.4344569861
106106,20776.860008831685
79705,19951.93362539868
108193,20777.097040174664
89668,19950.81665180875
86435,19950.73669638868
101281,19951.13868321707
104753,21321.928430237556
79004,19949.22707737937
89732,19950.78802162909
89201,19951.32861247683
87282,19950.81672054546
101589,19976.01159538574
87352,19950.902118867576
103388,19951.14807645334
93619,20056.844436691714
101941,19950.917581658505
106533,19951.33544640941
90018,19951.35710016876
101265,19951.418633918576
104255,19951.408216390937
80093,21322.5449127759
82433,19950.166625385882
77254,21320.292177060364
106400,21321.88911903153
79847,19949.741610026857
95735,19951.862009409746
106733,19951.18086699255
76318,19429.537676743606
95966,19951.638298898262
101690,19951.204903846734
82845,19951.221887528543
96266,21322.076953040945
104175,21322.200326267975
97347,19976.508240116433
92730,21322.12830850295
84738,19950.72997533975
102596,19951.162791252853
78356,19410.491697374582
94062,19952.10789075502
101662,19950.869565944948
81715,21322.300377429343
103046,19951.229533435348
108133,19951.182180908545
96302,19951.347178916618
83859,19951.72718621202
104815,19951.20342738945
95903,21322.256843241714
79683,19952.641385494484
88888,19952.41216962625
80529,19953.769161599095
81898,21322.95684561936
83435,19976.52209983672
80448,19408.40328130012
79241,19954.787629726383
76056,19878.47026073811
76342,19940.925842837147
98238,19951.36207758037
85878,19000.973867242756
102846,19951.36867901978
90215,19951.079789035935
79635,21322.577879231034
77561,19980.391185214146
101151,19951.383753954033
93594,21322.07842226288
78703,21324.01334841478
87596,19950.26180555347
92572,20777.18069791749
90757,19950.93908098598
95881,19976.53310390851
98008,19951.36450782172
84805,19950.65625103984
100888,19951.14467599875
82504,19951.230003622914
82177,19950.297552421143
89472,19952.113565994427
82301,19976.3342851771
106483,19951.107815885825
79808,19974.851391049287
83412,19975.63534229938
89386,19951.505771243097
89889,19976.709766260145
108249,19950.952273165676
98252,19951.08971929289
83525,19950.51719980943
102595,19951.417353858713
94255,19951.12184665349
91259,19952.289498442176
99539,19950.80603310024
97379,19951.626800596016
104452,19951.428333059685
88479,19950.85364734392
95424,21321.87017421887
94732,19951.377232325613
89025,19950.773048455685
89497,19976.756645716137
92405,19406.624958842483
95346,20777.139949780445
91337,19406.650592390557
97739,19975.975965157693
81087,19975.18342274273
80661,21321.46604799145
105537,19951.119904674135
81073,19953.9190996376
102770,19951.136429128175
99299,19951.0730741402
77528,19954.06192567364
95278,19976.573807135188
106536,19951.18569153077
79421,19949.65782094952
105026,21322.05068507685
97887,19951.231619647944
106163,20626.345196488324
103242,19951.142552436755
103098,19951.407645301886
76195,19953.388933219852
103418,19951.555389582456
102091,19951.362291491692
102341,19950.962185002325
100315,19951.82365425776
100377,19950.929055816683
78857,19952.002139450964
93748,19952.13618447266
107891,19951.214463012588
77063,19945.867796391234
86916,19950.66016578131
108347,19951.113446751486
94475,19976.374574116977
100383,19951.138712726646
80618,19977.713431701104
98926,19951.094339149775
77228,19943.67747659752
106915,19951.344239391277
92594,19406.88212707345
80745,21323.080042805796
78361,19949.248281308755
95725,21322.2633006253
105171,19951.161775962282
87007,19950.762579618644
104121,19951.128993660604
92877,19975.95265601098
108335,19951.823272825644
101357,19951.379623665063
89325,19950.791689870926
103144,19951.144404364662
101413,19951.128755464513
85182,19950.63265909505
84097,19952.69568706863
101970,19951.12695060648
98315,19950.75239653275
89048,19950.856624790456
106141,19951.168252931286
87105,19952.283286628255
88472,19407.172624567436
93361,19406.894613194152
87040,19950.369059857156
99831,19951.51710234254
95677,19950.853615001593
89770,19950.810256004865
77371,19981.254892293447
107143,19951.297090563872
100271,19951.357967986125
83905,19951.90629496605
101531,19951.376298527564
90617,19950.93449201704
83895,19950.955216195605
89453,19950.91750123846
106012,19951.462747787293
76381,21317.332082739864
106986,19951.697062578867
84143,19950.529132861808
91665,21322.13044540092
81350,19949.567031611652
80422,19949.964977896136
84794,19950.489086884892
81156,19953.574002322737
77082,21326.963821232286
97356,19951.02377510572
82730,19950.794989844075
99244,19951.35715586144
85538,19950.988081404485
101585,19951.150888859327
90288,19950.945581860815
98799,19951.025177117113
93547,19951.98417396114
85142,19950.51650764209
82012,19953.26130889459
89654,19951.505140656554
102304,19951.379158943753
79288,21322.647297893825
77400,19945.855720474523
98597,19951.07727770757
103156,19406.52982142561
95446,19976.557382591203
97036,19951.35443498482
101401,19951.136444963395
80817,19408.238644265006
84078,19949.79575871609
95390,21322.064852240426
79883,19978.013606234017
104059,19951.331286118544
103041,19951.557166281065
81651,19977.251644313634
100432,19951.13457855803
84933,19975.742535194022
81600,19977.393242638234
78379,19948.334080198954
90816,19950.9265101252
107414,19975.979626628887
105633,19951.382195660917
99508,19951.09434920777
100874,19950.89963563623
104208,19406.61901554225
84774,19950.89189157105
96518,19951.170910243793
91543,19976.641481157745
107146,19951.50276532276
94426,20777.151125587832
99059,19951.095403578835
96640,19951.004256785945
81277,19975.12038405206
102409,19951.36095513846
104800,19406.19174170171
107498,19951.365025059757
90942,19952.02818288765
80202,19949.891813871352
76794,19942.759824542507
88973,19951.710611969622
91958,19952.059160715366
80562,21321.612607883497
103486,19951.631119177895
95237,19406.771145504725
105569,19976.387152414063
106560,21322.213627194044
107977,19951.222173229155
90076,19951.507861104405
93050,19975.921924295497
80609,19953.73142962576
88557,19951.30232579224
90894,19976.663913179986
83669,19407.58334178065
78849,19977.214904897945
101275,19951.09079278843
91858,19406.969104325686
96243,21322.246046339264
106227,21321.889359115063
105300,19406.47536056941
93065,21322.088093469123
78002,19949.951512925065
82500,19951.228815360006
78204,19949.05359384076
107851,19406.19967890817
86217,19950.85171335598
82662,19950.388580101615
93324,19952.171120448424
79680,19949.298185611915
104920,19951.182438825253
96735,19951.350466320862
89992,19950.899095228222
106961,21322.126784233384
80078,20776.952607799347
101429,19951.128940165505
95551,19406.84042513389
79937,21322.545868139656
80680,20777.68657312828
99448,19951.368685277306
93909,21322.12376586866
96888,19951.062290820217
104584,18431.481036618938
107289,19976.369807318853
84126,19950.84186970415
101282,19951.38519508217
92474,21321.863196332768
88871,19951.322210531853
107177,19951.35209816881
106026,19951.093184313762
96937,19951.07259876845
83543,19950.6154175434
81094,19977.471637229122
77503,19952.524117599656
85351,19950.52083037171
96000,19951.183885007315
87374,19952.282510010522
86394,19951.0570217405
108364,20776.982802001137
91441,19976.671888306537
97039,19951.462276242713
106685,19951.13618663277
95631,19406.59004999066
101883,19975.97037681475
78238,18999.482743476317
97508,19951.057367383728
98441,19951.289677076034
80066,21321.44254580727
79095,19951.080989938855
80007,19408.662063879998
100219,19950.975286734894
82511,19950.53491603613
89270,19951.323916455363
88713,19950.842655785138
100353,19951.368090740816
102841,19951.13643486281
90117,19976.651346525385
81549,19953.836868038263
82350,19977.347110260675
76546,19974.345175799703
81013,20777.026696319233
91240,19951.68574435641
91542,19976.63523797139
104518,19951.059435172396
93537,19406.96971549055
94372,19951.69875113809
104419,20056.647372080897
97636,21322.0496412082
96288,19951.932002130463
78717,19948.779711267533
105610,19951.388438804854
97754,19976.481395672738
81458,19975.172319872472
86931,19951.025087499467
90713,19952.081009420825
90909,21322.15090025162
77251,19982.163201496413
95081,19406.81038372818
95560,19975.92977622579
93288,19951.045855903765
105036,19951.040736808274
108490,19951.221689622365
96935,21322.261383907844
89373,19950.896372060644
98010,19950.919791441698
104699,20777.119607103494
86692,19950.75761726177
85024,19949.862419099634
79086,19955.698797025143
89939,19950.913561625803
79098,21321.21945994774
86141,19950.82720363688
105462,21321.95796820803
92870,19976.617274932723
92163,19951.34047534431
87481,19951.065927503634
83276,19950.25518751635
79356,21321.452691398998
103602,19951.229235267354
88460,19950.817594992
100934,19951.11400082267
96659,19951.00327387915
83204,19975.572194611315
104621,19951.29466019251
84110,19950.73982079908
99265,19951.37162336821
79574,19976.381264798354
78186,19949.13530925467
87005,19950.7910050056
104043,19951.143107541186
81574,19977.465914921395
104091,19951.090840786415
77759,21320.883771310666
78181,19948.685025972314
96169,19976.463525112165
98267,20752.18423031069
97837,19976.3258167381
80133,19977.934465551487
98571,19951.09125837161
88628,19951.595766935305
78622,19974.178406092877
88678,19951.058990378544
87278,21322.133161506696
86963,19950.768925645305
100350,19951.080017028522
78771,19949.365960621235
95935,19976.53268612977
107590,19406.220406077955
84458,19975.69265575706
85656,19950.54933631246
81611,19408.056194261357
92638,19976.580482476485
87478,19950.39926925194
98407,19951.054845044742
95581,21321.869931152603
100645,19951.12658862255
97184,19950.74524505882
84473,19951.274177357358
88951,19950.30564158541
100836,19951.371708770574
91338,19952.146860800327
94112,19976.349644444035
89882,19407.101346503412
97097,19951.06563064567
99151,19951.095553921532
99607,19951.077697985875
78931,19951.074250548063
97805,19951.07264572382
97477,19951.367115729172
87819,19952.444843170473
76361,19992.401566048564
99201,19951.865346358554
103410,19951.194587709135
108436,19951.416449007174
105558,19951.18726268311
88025,19950.741389028433
101944,19951.13525984064
80786,19976.46924528312
84001,19950.881134187
78304,19952.101713259584
100501,19951.455612805174
99693,19951.10797167441
94557,19976.50931601816
82152,21322.22750530499
92039,19952.215411949564
83177,19951.246133019933
90726,19950.679219593658
82879,19950.443433290915
87378,19951.49200529628
91699,19976.19145848999
85500,19952.729572770564
97050,19951.529366057905
88754,19951.71198315353
79069,19955.832451800372
89329,19952.164500859497
102605,19951.13889319605
93090,21321.850497135263
108403,19951.30088474113
91391,19976.619686780403
80964,19953.584475730888
89444,21321.809448978795
84092,19950.557302267393
100617,19951.130207699356
107962,19976.36197286571
106640,19951.16489082151
95123,19950.805309071966
99114,19950.804928993835
94461,19976.571294700407
88654,19951.316715963447
80421,19408.465188535618
78113,19410.725273203097
100558,19950.903933952013
78873,21321.208982340235
85480,19950.553664419986
103902,19951.15113353017
104816,19951.460231627625
89039,19975.879924544886
95169,19406.552355791166
93971,19976.58876284772
84450,19951.363989514335
80824,19977.687676036185
92545,19976.599747810767
89226,19950.846491445143
93873,19406.866636791907
85871,19951.296074288126
86343,19951.423548216437
93634,21321.89673232281
106942,19951.017517922122
82535,19950.696065611777
92259,20777.190602499442
88794,19951.430225345346
77385,21320.79734887823
76996,19951.770795051958
102708,19951.127163638987
81359,20777.48438938755
90486,19950.89743187107
100200,19951.11129089164
87970,19950.781278508588
107512,19951.139655584575
79078,21321.50908857585
108477,19976.01853584367
80312,21321.55962400678
82208,19950.541991681923
100695,19951.584644042334
99506,19951.096789244748
85773,19950.702084275013
101887,19951.24578127778
90129,19950.924154313463
84730,19950.647528929483
107601,21321.934156605766
89592,19950.854402359506
84844,19950.627088158035
96938,19976.340941520164
84981,19951.27786419225
100698,19951.454025295
103306,19951.150792347988
107175,21322.166312858866
95411,21322.114847558678
101169,19951.37554309388
99407,19951.541084467317
78248,19952.658564568224
79031,19949.880432460413
91040,19407.002044516685
76464,19940.09011681479
102813,19950.972395472152
86811,19951.063809802614
81191,21323.01792609645
78202,19956.447192026368
82471,19952.103084788105
103920,19951.166298875476
79904,19954.675424480905
95670,19951.8682898003
89931,19951.729699205516
92605,19976.619961210734
85695,19952.515859149433
98750,19951.346954984896
101284,19951.165386711462
91932,20777.004012499525
98623,19951.84113419498
82499,19950.562419138234
93193,21322.086807038726
106110,19951.171883797782
78500,19951.299975960894
89447,19951.07822499057
103373,19951.234485925434
87872,19950.810591838243
99425,19951.57883516047
96552,19950.995126667516
105787,19951.132214999183
82567,19950.755924884
102894,19951.106968061664
77641,19953.501733833367
100827,19951.373037516205
97712,19951.215013915546
95197,19406.90105159564
102993,19951.376031152635
94855,21322.103599368198
81534,20777.470574835228
95133,19951.309326042327
107468,19951.134921943576
86402,19950.72336113472
102666,19951.150416148765
92984,19976.588276776256
93891,19406.911740460167
94312,19951.04238647769
91959,21322.35367772229
91802,21321.867687947662
108175,19951.690729828013
78293,21324.286291223612
104991,19951.078540738814
104302,19951.079335091814
79807,19408.81886762287
87167,19950.81909371798
78620,21321.005830036982
81174,19953.88586945284
83125,19950.540703374863
103123,19951.23011749251
94065,19976.514430782325
78480,19974.60679776421
98280,19951.091324675315
83415,19949.98716401499
92297,21321.909359208184
100221,19951.121685939706
78829,19978.514382108624
93418,21321.87343631306
83424,19950.46011159746
101749,19951.132257225916
103456,19951.175894786084
88503,19950.833692814605
84931,19407.407486577766
107552,19951.133679749506
108037,19976.015767652
94539,19976.560585507457
83697,19949.86471826309
87455,19951.520892996614
103044,19951.111766659207
104852,19976.439150131424
93437,19976.640236144798
92885,19976.189843510278
80922,19951.259597190125
102886,19951.12546281274
104586,21321.934052772365
81164,20777.53186264672
106074,21321.92720770293
87617,19951.53051193604
84513,19950.891435890557
96743,21321.87467699469
81209,19408.174379983688
95463,19976.173181505226
95457,19952.033119076335
101606,19951.15775644855
97485,21322.271763346456
91916,21322.318866600424
91629,21322.139207141132
84215,19951.24706482322
108190,19951.467783959168
88314,19951.622796091437
104526,20776.99004774013
82467,19949.88117869938
91827,21322.076263950137
77885,19980.220972032235
83459,19975.414833185412
98375,19951.129359379294
101233,20776.9996394606
97186,19951.06670031111
95520,20777.152020954647
95216,21321.93058873791
100878,19950.875520004294
80031,19954.672694210964
106134,19951.422480574758
103526,19950.950758456795
104018,21322.218073008637
83920,19950.472769720964
88245,19975.72083183805
86248,19950.727943338254
86315,19976.801517017968
108157,19976.372701376917
102814,19951.16411046754
84371,19951.298337456854
95270,19975.908214565217
107670,20752.34903660288
78745,19974.25457686626
88772,19951.04001057843
82335,19950.739132077415
100049,19951.105935904056
84953,19951.858622532454
98948,20777.016453125438
95952,21321.90223569045
93638,19951.986253005736
91164,19976.660251314708
87627,19950.80607526225
89209,19951.332857746176
94140,21321.867671234406
86567,19950.71508898768
81451,19977.482313844
94658,21322.11668699353
103969,19975.99183793895
90158,19951.338645774562
107712,19951.154567844915
102518,19951.146604148966
91367,19952.248485578348
78764,19977.046324979117
87411,19950.80105094124
80790,19952.46953048549
97848,19951.47052013377
97985,19950.75547501668
99323,19951.041658782342
96854,19950.927935443953
103917,19951.1515480575
86223,19950.267209732785
101812,19951.135972988614
102098,19951.372986390303
93414,19951.05967937401
86794,19950.816721303017
81508,19953.819771703158
105781,19976.063552587566
103758,19951.14149228876
100877,19951.373648492452
83075,19951.2674500399
100303,19951.234074362055
85269,19407.305020723095
95693,19976.55492998175
85891,19951.835520459194
85991,19950.601728734233
89378,19951.039395363357
79718,19974.62713654199
96415,19951.068141554253
87510,19950.768577002244
95579,19406.75337323352
96453,19951.460865662106
80182,21321.51026826213
103363,19951.15742881809
76430,19938.87513374284
86302,19950.608662825594
78876,19949.528578573467
106740,19951.110755524584
101855,19951.158995148257
78987,19954.495542986166
100155,19951.11780131277
76069,21339.03176112161
79889,19951.22386536021
104035,19406.517383373633
102533,19951.150033704544
85374,19975.624983895468
82210,19953.5559724983
81145,19950.092727916195
99738,19951.37304739628
98201,19951.62026269953
88630,19950.83383997598
94084,19976.555643064272
79771,19977.970004225866
91057,19952.087825139894
92492,19976.19415043944
103600,19951.263518031366
105315,19951.233296619946
106151,19951.546595400854
87426,19950.692395556187
85249,19950.605871830267
77379,19942.861205171354
76190,19927.293909955963
89820,21322.39768764638
92650,21322.30485182741
82906,19952.8202822068
104766,19951.13798342561
104673,19951.373491757324
103734,19951.223969475974
87652,19951.04647806117
107399,19976.103310849878
97222,19951.369273636894
100614,19951.079082349468
95807,21322.060989215694
88084,19950.840306881222
97997,19951.580017588683
83321,19951.23561517604
83002,19950.778180901478
103995,19951.073460078685
102305,19950.890420979664
97774,21321.89385008912
87737,19950.46704022621
102191,19951.14494105694
78470,19978.754861547746
81787,21322.30535233894
90975,19952.299126822174
76598,21318.08026660199
88308,19950.826637378774
105997,19951.16497684518
97095,19951.89666698474
100555,19951.14150099183
106628,19951.101398519957
84638,19950.596674761204
106752,19976.3865691871
88072,19951.29740347283
86734,19001.128672518385
105842,21321.88567572678
102037,19951.45471969698
96623,19951.60159696252
80943,19975.6535147877
107882,19951.15347210937
96069,19951.171469990713
86796,19952.31897231517
83234,19977.024227864415
85044,19950.639562966036
76183,20010.987174320617
102124,19951.368251008902
105963,19951.070284960762
108127,19951.34211655134
76435,19428.543084093395
89809,21322.098681373114
98129,19951.361884665785
95632,21322.27418600819
77264,21320.336816637653
102849,19950.95434358594
106860,19951.33815858211
90177,19951.120137741436
104336,20056.59263652591
91068,19976.641047786965
85416,19976.12958161235
92720,19952.121444102588
105257,19951.094230623705
94524,19406.55154974696
87069,19951.286083076775
79026,19976.222357407696
100533,19951.141213452385
107396,19951.136645185277
77220,19940.560568253557
76863,19945.05055895336
89441,19951.283335590564
86301,19951.304799742386
82808,19951.24259465217
106681,20776.869903672017
100673,19951.12672712519
87115,19950.668384713652
84819,19950.459892035386
99889,19951.366811403357
100435,19951.115894789564
91329,19976.563074050926
105897,19406.19888213633
94788,19951.636219936034
96403,19951.079827407342
105780,19951.71467119868
81290,19977.460484237974
91689,20777.18938996512
93660,21322.11776138542
84018,19951.553983692527
79166,19977.974640013388
99850,19951.141890852738
89900,19976.633182166563
76628,19986.589617176855
99136,21322.046490908524
89388,19951.083314512518
86441,19951.301832198213
100362,19950.924658353953
99493,19951.104106854367
108082,19951.109356609526
94759,19976.577849638412
91954,19976.635846863708
90378,19950.98009448927
86126,19951.585275959
92990,19976.58917084746
80507,19951.17589692346
105394,19951.833366416315
80679,19950.4372758294
94014,19976.581510377055
78092,19957.65539186341
92725,19406.864275861182
104609,19951.173893724474
89940,19952.104788878205
84337,19951.273964523363
80392,20777.654195727642
90992,19952.299694085366
88342,19951.329364135672
83193,19949.466052884574
83080,19951.434096822675
87197,19951.336020083076
106043,19951.10708251163
81316,19952.183191904332
105197,19952.006991795206
86103,19950.93549118915
107819,19951.830985441
94911,19976.554863543995
76597,21325.82201504565
96614,19951.049212932943
102197,19950.932728240972
104617,19950.87679144027
101445,19951.158354179614
94521,21321.928118423068
107290,19951.18361323712
93099,20777.020046790163
82179,19953.551202972907
96268,19952.059160676803
83202,19951.22360755178
101568,19951.372617733265
89145,19950.58543949591
82718,19950.357501326922
84595,19952.572365377237
86633,19950.75570016481
91925,19407.028390367992
100357,19951.235633479017
93684,21321.86535916579
106465,19951.844774864163
84631,19950.974484182156
97796,19975.935898167645
82836,19951.44163072373
81314,21323.10979111673
96868,19951.09090208434
94329,19951.71829721058
85728,19950.637851927284
78259,21320.973910779092
107084,19951.388767008135
96134,19951.052171260402
81583,21322.333211705725
104264,21322.00109604775
86202,19950.708495563184
102867,19951.142382992555
83461,19950.77793176889
77589,19408.347868543813
94394,19976.49507025201
87588,19976.793016589298
98769,19951.36525153442
76735,19953.43078925643
105592,19976.190372649664
95260,19976.537508851074
82699,19949.6851097602
95827,21322.06113497363
89294,19975.788386214314
90853,19951.112254130014
86522,19976.44020629454
80958,20777.589752634434
94038,21322.285878809707
88512,19950.285957284003
80219,19950.000741420583
86063,19950.871694033704
87724,19950.21339637873
88835,19950.87207303019
105687,20776.98170798246
83567,19950.647258141926
106584,19951.477167161072
98492,19951.037713079706
94494,19951.47328627513
89061,19950.780783640268
103125,19951.165002237853
103883,19951.159759829614
80430,19950.26390533632
95544,19951.973949531326
105136,21322.210016321387
105560,19951.178046007066
108397,21322.114848202058
82236,19953.201163100177
89477,19976.72104586876
98106,19951.06874710319
85996,19951.788208471837
103439,19951.39012672565
90831,19950.94722107976
100746,19951.37760675289
81518,19950.232443230867
98610,19951.35363991248
100644,19951.231401836645
105486,19976.313791103574
79765,19952.585675121933
107609,19951.14850558522
85407,19950.66332601232
81527,19952.61721093876
80955,21321.641546997253
79400,21321.531310946528
101238,19001.289767403865
87024,19950.840615129782
88662,19950.953031003904
107983,19976.415780537187
93662,19951.965384445466
81557,19953.698095498523
94520,20777.165757289993
97010,19951.87769983287
77628,19980.46547551232
89561,19976.679099497574
104218,20776.959083821897
99839,19951.56653561785
87279,19950.753720869492
93760,19976.268681576115
89551,19950.90662963979
82714,19951.23159920948
98166,19951.590571721852
83812,19950.558024890535
102617,19951.1236331504
76869,19944.062384837707
103735,19951.370387334115
94201,21321.85346906655
107893,19951.29885937951
78651,19946.425499876237
85246,19976.917483013454
81194,19953.90299918242
81133,21323.055973090173
95611,21322.099998796726
93004,19406.57739952347
81826,19953.29827059591
100157,21321.897717029024
103768,19951.16424437334
93350,20777.17137009343
76901,19962.4466188925
88742,19950.845137699223
102866,19951.38375088722
76438,21326.760333253824
86105,19950.59912276863
107506,19976.42664417303
108520,19951.18514139456
106613,19951.136080325963
94164,21322.308470985885
100964,19951.139190387654
92769,19976.508787244304
82221,19950.233106235948
98686,19951.855496126846
79762,19977.971406732984
84645,19952.822839599576
107656,19951.453915755832
97538,19951.0955198693
99552,19951.9704917025
102157,19951.12522439002
80935,19975.033515958472
100578,19951.21515494475
94686,21322.284135548423
93268,21321.888241370812
91842,21321.83554921069
95609,19952.059569140274
91576,21321.827720916117
93139,21322.31495598923
101030,19975.967839757333
80172,21323.336577012564
106262,19976.41649275654
101562,19951.37810419083
102273,19951.12812920488
87102,19950.96991909868
78491,20778.179730008418
90631,19950.93066406997
94672,21322.251719584634
77261,19981.83348496426
80434,19408.5275663885
86840,19950.135111221163
95011,21322.282275893267
90870,19950.96157743862
97999,19951.094021342335
77016,19983.29676701444
96931,19951.464753240034
85215,19950.677214474686
105268,20776.98186835102
99519,19951.097214411075
104056,19951.110156004175
91117,19952.30552796982
107099,19951.365516485213
80475,19950.419551579987
76216,21316.139957636802
93207,21322.110719187986
105166,19951.46748260617
107209,19951.179799638932
100109,19951.111154812268
87232,19951.010764500235
102624,19951.16823940494
81948,19949.51975752424
93625,21321.906331422626
90334,19951.3428993218
79878,20777.620082705875
105653,19951.18184656479
108014,18431.496294956945
105491,19951.226179119414
87064,19975.81952983802
106773,19976.398320149445
93489,19406.863793917448
89490,21322.11615301184
100771,19951.37962143011
100803,19951.141418541538
92144,20776.993009636477
88632,19951.009061188564
78778,19974.46355530576
99308,19950.926747042755
77161,20779.314884346502
97501,19951.072123124133
100933,19951.132127463577
77489,19947.30512163075
84309,19950.451088461363
108040,19951.215113261984
97159,19951.989379786788
95779,19975.928518337172
89650,19950.93424260457
80999,19950.445240387813
91887,19951.34782756853
79753,19975.895170496522
84669,19950.621983910274
76401,19923.78961076074
90299,21322.137689007883
80820,19000.711995119636
80744,19977.67171269842
96151,19951.04409928951
101368,19951.119085228154
106886,21321.831020536516
90590,19950.957869817263
102988,19951.37973646554
96155,19951.373448984268
98069,19951.85027706055
99349,19951.842818544872
105341,19951.11658521009
97054,21321.86729672837
80210,21323.216791804436
105334,19976.030375317325
88495,19952.40194923587
101578,19951.3697136565
103240,19951.11307706494
84979,19950.61353974012
88799,19950.895971438847
83073,21321.214482060495
107288,19951.03119138136
102097,19951.379023670215
99042,19951.36307104487
87242,19950.81108257231
77310,21323.33214731032
87982,19951.324462858178
95506,19951.113889160344
106574,19951.275687040597
80962,21323.17324015836
102168,19951.151422107116
102528,19951.136229699754
99307,19951.36639604474
89354,19950.86509767108
96717,19951.020959987123
99267,20776.996270684347
84588,19950.72676518614
88920,19950.31974743735
101122,19951.377226990066
100916,19951.142622536954
90206,19950.942536998522
100314,19951.141543811565
91528,21322.365133048585
82508,19949.790647855254
77095,21323.898011714435
105943,19951.13732293181
92610,21322.311351919878
76706,19942.380545506992
101753,19951.141151586377
97020,19951.36816947959
103582,19951.37846083781
89559,19950.937001888655
91293,19976.367973366734
76698,21329.281874128734
105365,19951.19287502042
102755,19951.366477273517
82363,19976.166956199704
94314,21322.072462654145
92463,21321.8649842946
107566,19951.1468925091
99251,19951.562071001004
108140,19951.75700718536
99394,19951.35762786914
107849,19951.46421834177
85021,19950.629357599144
98878,19951.277543955763
80258,19950.320716084243
85751,19951.281515205592
77932,19945.829455097486
92120,19976.15381063298
84462,19951.25201013768
104744,20776.98448707514
78174,19948.90025359457
76239,20001.014106734685
99098,19951.831153780364
78068,19951.03065232737
80129,20777.665167375613
92276,21322.310864196563
84297,19950.651496224516
99082,20056.793747438947
103218,19951.15942824509
100512,19951.11779395673
100481,19951.106010043983
77761,19944.84598988315
90764,19950.630480145788
103431,19001.299680609638
96133,19976.52829692182
80377,19953.840610535524
93811,21321.84184390659
99125,19951.536084064137
92377,21321.882395892484
84221,19950.83057232616
87280,19950.7784188856
91188,21322.310715035863
83645,21321.654664303835
105967,19951.50809831271
89389,19950.87240113111
78866,20778.039635580142
82761,19951.251651622908
95049,19976.55818511697
80729,19950.47040761578
76702,21325.082464999792
93554,19976.29387615549
98932,19951.840161236578
91264,21322.10809664293
86993,19950.99756451797
102784,19951.37366281975
79105,21322.4462130399
102943,19951.223238328428
77065,19963.037612413875
104740,19951.360340117804
95500,19976.330873267958
95345,19976.54374054159
103581,19951.230264312773
86417,19951.28482717703
87299,19950.78745279532
101375,19951.151511671407
97640,19406.880006648833
99560,19951.086550832326
105849,19976.37910271589
95701,19976.271577322506
89124,19951.0637474797
78589,19949.587508739616
86742,19950.73321788077
84620,19950.587626740326
91165,19951.767284840702
88463,19950.816952234523
87571,19950.69151983853
104773,19951.386109938914
83370,19951.208833978286
105599,19406.190363267968
104275,19406.50668421849
87908,19950.912819018125
92637,19951.114380645264
101747,19951.184302532994
99271,19951.1003606192
77493,21323.349472347236
100122,19951.10262160936
96424,19976.497987806517
103113,19951.175439691633
107985,19976.434647465456
103634,19001.2948804726
93302,19976.606295260022
93877,19406.61729468374
98121,19951.033121952933
91191,19951.101875526012
99106,19951.541015676816
83151,19951.606230499143
87913,19950.802436909813
105517,19951.16685476713
99452,19951.587269096603
95017,19952.094781887372
98803,19951.275201643923
95625,19951.766220151585
76846,19943.606610927196
101791,19951.15585440186
79911,19977.853934605813
98545,19951.08735966202
106811,19951.135191067715
78007,19979.70218970665
97259,19951.980227633183
96999,19951.025329143282
101969,19951.1298174665
107018,19951.769959037654
76246,19997.378392634135
77303,19945.22263927701
103674,19950.90310245099
100794,19951.442177935594
84367,19952.96981669238
101652,19951.38349147921
95111,19406.879541837425
96965,19951.247593308613
76396,19991.02863258151
80269,19951.79160845406
87328,19950.717983924398
85984,19951.2950216653
80193,19953.583806527018
98525,19951.08360776912
77460,19960.2003000857
85424,19952.752803988213
77271,19950.684909346917
104786,19951.774171517205
103727,19951.152797635434
91819,19952.061602956877
107028,19951.331439396767
94966,21322.24659951286
78126,19410.453502061508
86200,19407.32415996446
100317,19950.929803571293
88403,19951.059012002515
102036,19951.121413177752
78858,19951.240727143926
85122,19951.867094529014
107516,19951.19287790129
103432,19001.295697061258
97354,19951.030334523493
100218,19951.453697314006
92759,19976.530852836513
107648,19976.4466392158
97107,19951.990416166023
90871,19976.66341996467
78611,21321.388207903055
107537,19951.22428588958
84840,19950.275199849017
79802,19954.75785701767
96763,19951.082604933345
93033,19976.387841395826
76969,19962.662075155105
106154,19951.093075072382
105965,19951.139306889374
83644,19951.64734074895
83889,21321.7140858137
88026,19975.758589368463
81652,21322.360010481345
77312,19951.81006776984
102749,19951.374033190463
84444,19950.91938782272
81496,19952.300410591302
107471,19951.18724094918
84265,19951.369224008155
92346,19976.62354524984
87248,19950.647516129236
94931,19975.907460958366
93712,19952.129085340435
80162,19953.846351690187
79351,21323.517431786262
85734,19950.67649234532
106372,19951.140645537478
96106,19951.34030259735
96702,21322.093298390057
76823,19944.96028280009
102214,19951.089870310538
81128,20777.496016375106
88320,19950.837512255977
83531,19950.37428266522
104506,21322.07264951364
84074,19950.534697571646
104709,19951.423398840227
85626,19950.90096232398
98427,19951.34831186081
78699,19409.94524322293
94756,21322.27173087663
101283,19951.131621439876
82397,19951.3187152112
77954,19958.02308897725
81630,19950.704303445495
87025,19951.017659711844
81189,19975.37692276715
107048,19951.56449679995
99510,19976.500306989674
85462,19950.70723623343
99442,19951.053572192624
85541,19950.717522204428
81635,21322.95581042983
83983,21321.691230168755
96161,19976.446653148705
90359,19951.125787295143
86597,19950.75781551716
77633,19947.930158139876
80552,21321.60850018965
87749,19951.577778804818
88246,19951.032811227484
100434,19001.292100449176
102049,19951.148626405284
84649,19950.607489305334
80783,20776.940406276957
102021,19951.13718788772
107760,21322.008189376003
98095,19951.016782816223
103474,19951.112123969928
101486,21322.07098980113
78334,19979.274381869374
97026,19951.18237331885
87049,19950.79711762948
94207,21322.275719889694
90080,19950.892698918953
82025,21321.619690566113
94478,21321.877374559495
90501,19950.916808195703
86699,19951.014055873708
91557,20777.219090496154
105343,19951.012408245493
80034,21322.572305880847
84220,19950.567828371873
79498,19949.589212045
96294,19951.513016239205
107974,19951.1118973483
80316,19948.851830235628
99928,19951.107260111923
91851,19951.09252742067
87827,19950.997089990884
98130,21321.91345345356
96139,19976.540130324775
93176,21322.29987215884
90903,19952.270171859887
77200,21319.7536768474
95858,20776.989864817242
77764,19947.550658410077
93978,21322.295025767664
78852,19948.890406397277
82121,19407.635328954733
91653,19976.62792918989
88882,19950.88484719703
107327,19001.262103976085
86583,20777.25298586968
90101,19950.958730465663
90893,19407.017351008864
93813,19406.93615818568
79215,21321.266208145065
96480,19950.747961949823
78841,21324.036424150167
101519,19951.809730922978
77704,19957.71275424464
95308,21322.084012533796
106617,19951.140764398602
92279,19976.562278734786
77974,19952.37623868843
96897,19951.199820900303
84841,19975.674825820468
80966,19975.176251454817
81646,21322.313957441547
83773,19950.648751990164
80357,19953.835375806844
93576,19406.53325107838
76332,21327.67862399913
100522,19951.1328922103
95723,19950.850242639746
97599,19976.324893577927
83267,19950.502244768868
107086,19976.267500237336
80173,19977.925423676672
90902,19952.304683566876
85442,19951.013883704123
82924,19950.825470394688
106669,21321.93732446109
77358,19957.80280880954
86661,19951.06966933933
101073,19951.220440598932
83897,19975.50693322417
92465,19976.62173756209
105110,19951.17557719764
79370,19949.378312840283
106568,18431.48722961573
106121,19951.13216008082
97194,19950.92024201507
89289,19952.342481390766
77301,19958.131041211316
89051,19951.546999836937
90207,19952.10937992284
95193,19951.62342772452
98653,19951.354882446663
98934,19406.617575844375
102897,19951.14446261449
90845,19950.944829703076
101868,19951.372930968093
95210,19976.537489394435
106341,19951.153161470666
101091,19951.37732075615
98060,20776.970922845718
90026,19950.902531647404
88157,19950.821206417353
97383,21321.88258730562
87451,19975.713903439908
103381,19951.16187468604
93512,19406.5747882649
77414,19981.480046290922
79553,19949.607136474136
96377,19406.775423318944
105001,19951.119304143765
106183,19951.470051718807
95745,19952.05861169539
107011,19951.240298988723
78953,21321.203749883058
85187,19950.95449111618
87941,19950.818211341255
77483,21320.738668917034
101372,19951.14133401968
83730,19950.44801260809
106166,19951.744217546195
83753,19949.802884252324
106514,20752.26535677706
101583,19951.10214096206
105137,19951.124728568677
105295,21321.954132048955
77657,21323.272557478893
88515,19975.741515605074
93729,19406.931435232324
88280,19976.75230084467
102832,19951.379539233552
97873,21321.880626936047
101671,19951.122916581193
85210,19950.875759642353
80735,19977.66416961359
87811,19951.316638270335
97684,19975.93042649122
99915,20777.000655129712
97502,19951.061655288417
93678,19952.141925238557
78821,19948.994015510354
93898,19406.62434810112
100832,19951.14431237099
104921,19406.19750964981
83890,19950.579164394378
85696,19950.664972802428
89485,19975.864943837245
87460,21321.810707472003
81080,21323.09174446871
87235,19951.431566986586
87587,19950.788625019424
96329,19952.04352139977
108174,19951.124896751513
106700,19951.148021338482
98539,19951.37311086987
105234,19951.395385416483
104708,19976.255771954467
79081,19978.510915589482
90270,19951.373454634744
106057,19951.112633663855
80928,21322.45523443693
94218,21322.27910504828
107429,19951.173509462486
107776,19976.20987800907
105303,19951.12112942469
107166,19951.767552994283
94379,19951.051225946354
94832,19951.631290602672
83043,19950.405185080894
84114,19950.577299011482
84283,19975.68323074692
107679,19951.145734640668
89280,19950.854759245238
89840,19951.127396519456
89927,19951.067298927264
92218,19406.984283473237
97100,19950.786141620054
79443,19949.46655925245
96551,19951.059792824955
101305,19951.225801359033
102576,19951.125954364954
84060,19950.62526741438
92280,21322.07690876893
105210,18431.48532407315
104496,19976.48195913655
104267,19406.187427174907
91491,21322.352237843177
78595,19951.103379667362
100913,19951.181309062096
103028,19951.15885043773
77788,21320.8318456562
89629,19950.8132435242
93781,21322.071310934723
76551,19988.66572368795
84917,19406.86637699137
106009,19951.289512213803
96109,19406.873407045765
78933,19949.08499696587
80386,21322.593992275597
105590,19951.125091386646
87670,19950.994537734725
84443,21322.60502275032
95776,19951.930972976417
96400,19951.06836544768
90834,19976.692243259473
88360,19950.86572440085
106848,21322.05801632991
91981,19976.643131001696
89126,19950.86399503232
104879,19951.171218811432
90449,19951.368140044055
90667,19976.69393785763
78986,18999.93711631038
84945,19951.268292721234
104356,19951.149201482585
105159,20601.67995596086
87755,19950.783197763758
80978,19977.50763072651
87272,19951.585460660048
77291,19959.87470227757
84904,19950.593424147366
99446,19951.373667785083
78688,19950.262093285415
86155,19950.71593098618
79551,19954.471463976326
78281,19949.38446530621
94551,21321.883758627744
103232,19951.159300059095
104767,19951.09594730538
88566,19950.467376747016
77896,19957.175935636704
96885,19951.811746878855
95778,19406.871626311797
86874,19950.780101878685
91080,19976.648722311267
107737,19951.126677103974
104851,19951.131526645422
85070,21322.608939590522
87362,19950.803268863347
92302,19975.836387363503
93294,19952.100064369213
83422,19952.029104500798
84862,19976.974368413554
84415,19950.595698486213
78737,19951.961366390828
84686,19950.75733505061
95112,19976.59561864583
86518,19950.74033207024
84839,19950.89042515121
81172,21322.41732867367
89932,19951.39599033489
87300,19951.792687972775
105568,19951.087856430553
76252,19962.799860213272
80951,19977.59067630901
83509,19950.49384737926
108493,19951.748567415383
89976,20776.983413018555
102525,21321.814093217086
88102,19950.78535628824
89605,19951.346671589054
92381,19950.94996698341
81987,21321.715523617364
91951,21322.103458057885
108167,19951.36377386808
89798,21321.798564536868
97312,21321.90000054549
106458,19951.11600227978
80611,21323.238775743703
83390,19950.499670121844
84346,19951.335176787743
88061,19951.43486610088
91266,19975.878502679865
99611,19950.857531415993
106366,19951.211014119912
91936,21322.3244089599
82520,19949.786215677872
84865,19949.96958986025
80141,19977.819334276188
91890,19950.98600397849
76251,19971.483938067046
84247,19950.013786809843
91298,19951.744339389603
88015,19950.80749754755
92776,21322.088599092316
76709,19944.235820857975
105728,19951.33432067652
103796,19951.17497121451
81171,19976.003068216163
88413,19950.86351109826
102155,19950.991216729504
81200,19977.2841082111
95674,20776.984232822484
96157,19951.048344515275
79020,19951.89775555468
103587,19951.14285911505
104190,21322.197564331396
80486,19951.683723195303
91177,19951.00594413237
76909,19962.980238939195
97278,19976.277307001314
77170,20779.408301293457
78840,19948.66240611302
107987,19951.068869469746
104444,19951.32741680406
98408,19951.015022928445
90629,19951.353740324368
85268,19950.96885066245
98419,19951.09241974766
90747,19950.967697403998
105907,19976.01298360147
88335,19950.832203889524
104161,19951.439758095887
101427,19951.580047501237
87176,19950.892840802844
94012,21322.111708052413
106937,19951.19306014486
106573,21322.18432957778
96877,19951.06032194398
102568,19951.12218151069
93510,19976.53747917417
78820,21321.35318728228
76763,19957.2812927201
106884,19950.908343470506
81041,19975.174389586264
93827,19976.50254251716
100321,19950.993147118883
81450,19407.885884527896
95107,19951.33481788816
93670,21321.867432795803
103551,19951.16815414009
106715,19951.182932191015
100863,19951.17483790295
79259,19948.049054246043
105336,19976.40568853108
88906,19951.119958997373
93039,21322.31821780715
85639,19951.550260700922
98378,19951.050050740694
93639,19406.92748697773
83518,19950.442169149497
79592,19948.394850986337
95678,20776.98510339477
87400,19950.711664090075
98813,19951.381498477695
79157,19948.882932247307
76223,19927.60001616147
95406,19976.551290089556
83724,19950.626587320436
89739,19951.32710652341
94933,19976.56749932733
82605,19950.52402870433
91566,19406.991175989326
76873,19982.84865593461
96884,19951.468842273174
85901,19950.604614679756
106449,19951.42809713936
90672,19951.343829237183
78513,19956.376255167746
86464,19950.974389271934
82921,19950.401186175102
93886,19976.576444700488
76303,19962.704534984838
98243,19951.54576460308
103497,19951.14572976867
87786,19951.298729325932
87780,19950.83146131271
99339,19951.2141425904
95351,21322.277429770973
106965,19951.160461082505
87540,19951.313056084313
99854,19951.11452076827
102357,19951.14030737245
90737,19951.68638681486
85392,19951.321624912365
96882,19951.009136193417
88268,19950.86472262875
106075,21321.82244427657
88674,19951.484658690773
77623,19411.984426399933
80394,19950.238213550703
94942,21322.27034414233
101237,19951.465664018575
86351,19952.330236357004
87055,19950.65125618954
94851,21322.27176426126
79816,19976.322132806614
97214,21322.0493241932
88900,19406.653938067913
97464,19951.232874660473
76403,19939.170264258973
79786,19952.480624577216
83858,19950.49904244836
83658,19950.512018306756
96456,19951.357283218193
106217,19951.41124800438
88111,19951.017857391696
86581,19950.63681731049
98218,19951.58827189847
93801,19951.96450021344
87206,20776.938748013486
88569,19951.089467620095
104348,19951.33583834805
76478,19989.408416295926
101509,19951.379730589375
100915,19975.959775526004
79676,19978.037425334584
102673,19951.153956277143
98151,19951.069299031566
77583,19976.477987989376
106602,19951.574588839336
90134,19950.89928514781
84228,19407.51861934929
100131,19951.371891630857
92807,19976.60844336348
95025,19952.079406113604
79779,19948.41486454003
77216,21326.059153290647
83476,19951.259583472354
88942,19951.317974910617
87565,19951.516023843527
97055,19951.493523740282
97212,19952.03039964212
97321,21321.91418014984
102240,19951.369014933054
91253,19951.103005385707
90284,19951.447564291626
83582,19950.821547908883
81255,21322.991124104647
93903,21322.308336800877
96241,21321.894404857176
99117,19976.30595059434
79874,21323.345941876
105193,21322.18455128225
98186,19951.019818247958
103313,19951.174570329193
107714,19951.69028716858
101081,19975.974618722175
79663,19949.85531294924
81108,19950.22711274418
86643,19950.841544382358
90931,21322.093677687877
107518,19951.741753161514
84511,19950.634437623343
80689,19950.32111935032
86547,19950.732862322235
79670,19950.277778675187
82281,20777.454474854272
102274,19951.081737161418
107948,19406.21690882533
97149,19951.33738530408
95980,19951.071059305385
108047,21321.971113118674
94763,21322.290881357647
106148,19951.11055551067
84164,19950.541099534414
93448,21322.08979614164
103837,19951.844738890904
91861,19407.029340606634
87914,19951.28313503252
85944,19950.6831255437
83795,19950.68567470529
97374,19951.347458726166
80569,20777.515235153573
106331,21321.939149030968
93177,19406.94375124373
85257,19951.262958930783
80094,19407.258235585196
98473,19951.097211532546
98021,19951.841694728897
91714,19952.05553261661
82569,19951.271284805134
96451,19951.056315854465
86310,19950.681007428833
89702,19950.833611438182
87577,19976.758960523668
85221,19951.70578352147
100454,19951.07538823597
96748,19951.05897792602
91472,19406.972878736156
88350,19950.812774589078
84386,19951.942171702758
107993,19951.251715023896
101496,19951.118235256185
96805,19951.165733277874
82084,21322.81729087205
94643,21322.292830000908
83871,19975.673956621566
82327,19950.810409690625
90332,19951.00764702998
84949,19952.022271070364
83111,21322.2642648427
92067,20777.169553255015
106714,19951.378407297703
85531,19950.709313650386
97311,19951.069115970586
78102,19956.66209449813
98348,19951.10935631625
76715,19943.528616070605
77091,19971.36593575986
105854,19951.026631767967
85983,19950.098643052035
80823,19949.96136750539
102612,19951.250319279618
104209,19406.62257709891
97643,19951.08881560375
95340,19951.724410366514
81183,21323.046144438707
87928,19950.6704994419
89448,19975.781936882602
98522,19951.085701263146
94213,19406.83780842187
91583,19951.041925489528
90280,19975.820254529197
93287,19951.388332735038
84510,19950.097095047076
98179,19951.559822263727
88162,19951.539931140807
78449,19979.22906867791
94548,19976.52213438369
95056,21322.088461184885
106725,19406.19221146096
97968,19951.02275467607
104923,19951.08503356273
97276,19951.023631374126
97080,19951.502790091712
90691,21322.395080751423
88033,19951.492009658294
90160,19951.12242367601
81661,19950.545497723084
101260,19951.567168556136
79520,21322.504158225755
78213,19948.205271022125
76187,21330.114712812054
85752,19950.92697859372
90729,19951.724996944966
77637,19950.910412770332
101847,19951.13585504193
86787,19951.30819205838
105758,19951.095786473492
79389,19978.254787874786
98312,19951.03460866204
100222,19951.152442410454
87873,19950.752114485516
92965,21322.078848378533
89168,19950.910632421863
82368,20777.480007770002
76505,19988.387872375264
100946,19951.078970022692
85815,19950.54364853641
87705,19951.356810991758
106931,19976.260039435292
95571,19976.552008495502
80308,19408.527289969523
91824,19407.014689593005
106743,21321.839804292318
101866,19951.13931047331
95817,21322.261562311498
108505,19951.34657293479
88722,19951.453097442634
104371,21322.03719000189
93879,21321.852628573582
96038,19951.45451036195
104690,20776.84652997917
93199,19976.580043213184
85967,19950.6971896982
88714,19950.950262566636
99467,19951.059087041634
85701,19950.266194331864
103450,19951.63401144626
96943,21321.85957834671
88526,19976.44533235583
79326,19978.104288532733
92314,19952.203432589504
106373,21321.913004408176
76953,21319.7586711496
89741,19950.482814730778
100458,19951.337413398687
91895,19952.118626978914
92356,20777.16752078496
80632,20777.614425075357
106959,19951.37331891375
96251,19951.59453465487
97996,19951.88061746253
90021,19950.94948360353
94899,21322.105972382687
93093,19976.04529198348
100175,19951.365278800367
89968,19950.9052339669
102132,19951.11883272389
99121,19951.297166439123
92662,19406.63398327904
96612,19951.208580799703
77399,19946.576362340315
86443,19951.808075851226
93198,21321.901316115756
98001,20056.799770201666
97764,21321.86407224495
94983,19951.70337581176
82703,19950.374114084807
94794,19952.0871455256
79793,19977.94835560371
93376,19976.578314723967
76374,19429.063489949076
84045,19949.67568813689
106780,19976.31940647342
93213,19255.92835842307
97870,19951.084069841174
97748,21321.883787956132
97255,19951.069816826468
102668,19951.355146451922
105898,19951.1549160402
101786,21321.907417947896
87690,19975.758914800146
86329,19950.72694023524
77696,21321.14002989355
104321,21322.199997468906
86782,19950.93584983784
97134,19952.03826806418
86684,19950.639724225803
95509,19976.55214513078
82314,19407.88092033743
84124,19976.87708679014
87597,19950.818742072413
81357,19977.41480896217
95055,19406.878662664974
100244,19951.1404670173
79271,19257.454831934585
82043,19977.314601328464
96348,19951.37630834036
76594,18998.09238346825
79552,19977.796349958848
97181,19976.248712265937
99147,19951.104626315093
90786,19950.617837038717
96203,19951.078541178576
100288,19951.588861245233
81529,21322.280622224254
84229,19976.538202465672
94332,21322.295699270584
92714,19951.65234954637
107716,19951.33960545273
107685,21322.124458152037
97836,19951.01778301362
98284,19951.843928142483
83128,19950.86238093204
105500,19951.12587978514
97781,21321.864703954387
99341,19951.356597196944
91793,21322.328060594973
76224,21310.95796393767
80840,21323.054129084998
94587,19976.104810071196
98667,19975.960013527623
78973,19952.744748038935
85175,19975.716002813784
107489,21322.298485975945
95790,19976.160725739323
108044,19950.949196094443
80652,19977.711880631345
76007,19775.898388382022
96039,19951.011423541273
102618,19951.37962806425
80863,19950.062319632376
95695,21321.8879439563
78815,19951.208858282767
98063,19951.121704446756
83732,19950.500434762074
83190,19950.462404568396
99504,19951.351408954994
82372,19949.81130187711
77977,21324.983559685625
81688,19950.501496879933
80154,19951.171642402067
108106,21321.94918605772
80724,19408.259177719257
89190,19950.85569756982
102321,19951.14709043953
97375,19951.026881599075
99379,19951.82577028886
84767,19950.629678346686
89470,19951.07997216171
85592,19950.913266820353
80381,19977.739468154217
92149,21322.31950857014
96044,19976.501789378344
79041,19949.56292759668
103108,19951.78058016269
91118,19976.576401821967
96434,19951.061489007097
86875,19950.765526165294
100326,19951.119819233107
106416,19951.103161611118
88074,19975.8031259476
91579,19976.63718015395
96819,19952.059697751647
80373,19953.520463632216
82681,19975.335918053497
88450,19950.84361040604
95040,19406.552842869518
76720,19940.546201245386
94576,19951.16279089538
82502,19950.516226527867
101100,19951.0939751855
104522,19406.77963639371
108039,19951.36532795151
77894,19958.52864192223
80888,19952.285370488717
80366,21321.72537059728
87653,19975.69210069735
98083,19951.85964418644
89042,19951.32560209824
102520,19951.226491012152
101620,19951.22391145762
108340,19951.21672035574
98465,19951.10043742649
82307,19977.262995393332
107499,21321.83890681476
101440,19951.215371717088
82392,21322.852026203615
79371,19952.72685343683
103916,19951.457847176764
81192,19950.361403395043
108185,19951.06323144089
81811,19406.899644111832
97993,19976.54296555641
80214,19951.295424153992
79896,19976.502809076763
86793,21322.112498080263
100548,19951.465449592422
98986,19951.067474185835
82411,19950.713624085125
98467,19951.075574720642
98645,19951.598020342622
84530,19950.83842054297
86479,19950.61775387228
90655,19951.503616839425
97319,19951.140983208057
107749,19951.73008503074
77199,21320.47121849489
79255,19974.88624505557
85072,19950.124275732676
99421,19951.11700626351
95187,19406.877771717616
103262,19951.378941452927
94589,21321.89261054812
77608,19958.355574668636
89729,19950.893569023498
99171,19951.835808446067
90914,21322.342390043137
83250,19951.229117452385
83275,19950.279821995613
91269,21322.35195532661
83003,19950.393231351743
98988,19951.28473234681
105748,19976.1819765142
77688,19411.586450453116
91090,19951.124493571428
100544,19951.37519106683
96608,19951.05612901627
98784,19951.076475915383
85655,19951.288143625534
104236,19950.8193219756
97437,19951.07495965829
100150,19951.107253325656
96911,19952.043899649416
87126,19951.812190349898
88544,19975.724551141197
97889,19951.116405104673
76768,19984.622102848407
101722,19951.1029672836
96407,19951.604955291765
80640,19977.682439162185
88000,19950.825099505873
103451,19951.374865143764
80542,21323.269113051127
82212,19949.710072477184
102407,19975.99501197668
79895,19975.490739695346
95909,19951.6123236805
79646,19954.951519596125
77051,19963.493153006573
79375,21323.528168745
92023,19952.05571055928
87608,19950.802119474058
77731,19953.89912932372
94671,19952.108336602312
107804,19406.59052075089
106359,19951.21836226494
102758,19951.189766562944
76944,21320.627047951722
92103,19951.131967980466
81188,20777.54875774233
84157,19951.269534122304
77509,21323.488485747028
87332,19950.743284329517
101597,19951.384958728075
84021,19950.56549065723
79820,21323.37440243344
102505,19951.55683644437
82887,19950.559741376594
98676,19951.378189410232
89288,19951.593898385963
89410,21321.795089608
76489,19936.226516548377
85587,21321.743331470276
93752,19975.86887126311
104857,19951.33242802748
91582,19951.709988564802
100760,19951.377632228578
95388,21322.26486987308
105606,19951.139321109702
93352,21322.311984590433
102452,19951.444605569195
88997,19951.377683141556
107478,20776.805081192088
82604,19975.560341733693
87188,19951.040686999582
97769,19951.08167713387
77941,19979.500233673538
91489,19976.521034710615
84501,19951.27365889441
97428,21321.8716468662
107961,19406.656566418853
106520,19951.138373471033
82860,19950.455975460754
93232,19976.60157799347
106592,19951.13476736663
81719,19950.434248770016
81658,19977.212743283093
92676,21322.30016264493
102253,19951.13487407835
105237,19951.119540091564
78527,19410.064307142256
97452,19951.06147883904
106530,20777.11844585429
84118,21321.696657688022
84314,19950.73436084727
92313,21322.3105305714
91271,19976.665050013686
86067,19950.26741861555
100751,19951.37164058861
99647,19951.846254974156
79872,19954.875996179704
89703,21322.1154883327
82985,19949.587131064538
86719,19950.62755143615
78249,19957.181404614308
94826,19952.075129995872
80867,21321.70038561584
88405,19950.853545736776
92596,19406.96942993348
90699,19976.132852921775
97504,21321.891307673268
88236,19951.521121596335
90859,19950.945270070428
84327,19951.274277713597
86926,19950.74725327109
98478,21321.886917309148
82435,19951.266225458683
105477,19951.23595341215
91685,20777.188567411817
77406,19947.80178716008
79806,19408.902012570852
95728,19976.01559659307
79181,21323.60657236616
89777,19950.91181403555
104090,19951.161658823767
106849,19951.12461283049
80612,19977.654049604935
78114,19409.819710499174
93850,19976.618880591926
91913,19951.12391253122
104359,19951.323488160404
103818,19951.140198770405
78505,19973.783535310464
78147,19949.42444811768
98618,19951.687619479955
80947,21321.60759244187
104926,19951.077031584824
87266,19951.418749860633
100085,19951.114909582142
99550,19951.066378294727
100618,19951.376218026555
88609,19950.854100123022
95379,19976.534019181458
97130,19951.488777458548
98078,19951.87455443074
81543,20057.156577609327
94442,19976.516123251895
88513,19950.852605594166
104084,19976.40246187141
77862,19973.918768210275
83231,19950.441684545316
80020,19954.095527643727
88533,19951.858680537927
89260,19951.002427699925
82264,19976.990637196017
84569,19950.58848485608
94361,19951.685811362437
76511,19988.102534711667
79088,19950.100242394255
85645,19950.801655069343
80492,20777.73121072096
82092,19407.906275354682
80792,19949.268850989873
79022,19948.827326198272
92175,19406.90228038683
87149,19951.011323926494
94676,21322.27563055291
82453,19952.119732296585
88623,19951.306985678653
93157,19952.192475281554
91767,19976.62817954262
82525,19951.18799729563
83387,19949.970424711682
104711,19951.121440307677
82040,19951.31255288168
90973,19976.59154747417
85628,19951.551619827795
96701,19951.175229930377
95441,19406.866565855045
104513,21321.855988234165
91247,19407.032032602452
88940,19950.843740779343
77571,21320.518802893184
104299,19951.096789615665
92609,19951.36438408734
85134,19950.608698268814
81305,19977.52279593617
77683,21323.321112716574
89313,19950.782546923274
85999,19975.627721232762
100266,19951.373002072014
97102,21321.874148581184
101321,19951.130549705395
108299,19950.9382786044
85057,19950.86335548882
84995,19951.270066946447
84612,21321.735306326766
94300,19951.35551695964
93656,19951.71674020682
89647,19951.071544099428
84389,19950.57039088542
90197,19950.84133972588
80844,19950.21748423332
105331,19951.464094684794
98831,19951.03485214823
89697,19975.928735283378
103351,19951.374489257298
99969,19951.07804953239
99325,19951.530473135885
89198,19951.332858297053
78239,19974.013579531536
82481,19950.34061088264
83655,19950.55011129755
83006,19950.383441975304
81067,21321.679609753082
82451,19951.304898892467
107390,19951.774039953092
101406,21321.91572823497
91715,19952.06212953145
99989,19951.13348335789
93206,19952.144792508767
85902,19975.681064485263
85195,19950.99210830588
78130,21322.7996411824
76552,19970.433709006964
89420,19950.67479405758
89566,19951.087729539315
94682,21322.085051805832
87373,19951.300951477813
83481,19950.473490282926
84348,19950.560169197288
88809,19950.783762338277
107886,19950.961206976634
84976,19951.31673855349
106340,19951.174817817715
87849,19951.337568102135
78363,19948.85278349628
86657,19951.301326988505
89773,19952.1037498646
94449,21322.29543288696
90861,19976.62686252519
91749,21322.34487087628
87090,19951.29200664165
80200,19977.92202417393
79369,19951.118497187123
101679,19951.13235470978
88080,19950.831429591693
103400,19951.106946786233
100960,19951.139950472083
106116,19951.14063559391
76678,19958.487310483204
86832,19950.62935400265
80278,19948.97517441008
92718,19976.260207272924
80121,19977.890639034387
84360,19950.551964186674
98000,20056.78836469373
86852,19950.654388350395
84665,19950.928253228885
104032,19951.189681535336
88348,19950.346474705035
85919,19950.703938415783
102408,19951.099742019105
91678,19406.62684244516
86965,19951.299873970554
99748,19951.139747036876
79192,19000.676093100283
100469,19951.132060946784
102772,19951.13807644599
89526,19950.908392882295
96191,19951.020172121716
99222,19951.366260021983
77086,21320.483554129667
84447,19950.036725971575
99981,19951.376108103013
106052,21321.94538540034
79612,19978.06006952861
106792,19951.375512850085
99124,19951.085727638972
79678,19954.47513958687
101632,19950.908554211026
77692,19411.70607241629
84345,19950.417387455716
95000,21321.902703029078
83015,19975.495376488845
99423,20776.997728913742
107480,20752.250180057163
93765,19406.918866116393
105419,19951.12126629221
94052,19951.449505514644
97432,19951.365228001447
79133,21321.356705841063
93225,19976.596406445697
82956,19950.395456336544
101231,19951.14471429349
78727,19949.836615451895
92150,19406.990896679778
103869,19975.995738014008
98266,19951.274709241086
85017,19950.49297822871
76853,19966.201424183633
93027,19950.654212174573
88493,19950.764724237077
104829,21322.131281288628
87800,19951.516798897334
94723,19976.576762538218
77219,19408.39698068109
94891,19406.900306537475
81656,20777.54331378019
97239,21322.055557067113
83620,19950.485511331553
93312,20777.17159706536
83441,21321.247570957712
83959,19950.388201808837
83653,19950.59294805634
103364,19951.154959991225
81279,19406.876277940795
94483,19976.55580949879
78683,19948.436301283025
80423,21321.54090832232
104442,19951.014902983254
102026,19951.185052192963
105992,19951.508331736997
108007,19951.14707634837
81476,19407.637681915287
82770,19950.34867510959
97979,19951.361948192764
103866,19950.928190984923
83147,19950.484677048487
102902,19951.143850252847
105918,19951.42005972064
100265,19951.58710594451
86165,19950.734636154022
107697,19951.265132751465
94497,21322.27895203698
83540,19949.536041630814
76617,19978.56827409793
88133,19950.824139830802
92181,19976.604254494345
90065,19950.88844582282
94177,19406.622210499132
86942,19950.78303880593
82629,19950.639484987536
92087,19951.392475813176
94508,19976.0983775516
81678,19952.01648338554
88106,21321.82736323285
82869,19951.631283628503
81744,19977.36478740602
89208,19951.0473092251
93035,19406.969332322067
94656,21322.275164339484
105571,19976.016392736386
86332,19950.71462686428
76711,19985.292160671394
87423,19950.799373374884
97343,19951.499122238853
89591,21322.094142733808
83291,19950.402176526804
76146,20015.634920630244
86683,19950.469603874208
100726,19951.36279138709
102328,19951.37342316987
100991,19951.211699051702
98049,19951.53217117146
104948,19951.099213145324
103129,19951.186503582252
87892,19951.295951945336
90770,21322.091852731126
97113,19951.973815815683
102422,19406.706442754286
82462,19950.335060662914
99700,19951.80822449934
103799,19975.973693461452
96959,19951.34374855593
97715,19951.02086348281
90880,19950.647645800833
106632,19951.15754639574
102656,19951.39536740749
106686,19951.118490698424
97346,19951.123222981805
88283,19950.75391705167
102248,19951.55453455466
89091,19950.87946560872
100474,19951.58172541773
103428,19950.94965794655
82698,19949.465378094414
107510,19951.13741135121
99122,19951.108988324897
93152,19406.60252536235
78084,19946.888985963724
103130,19951.155548196686
95826,21321.883698302707
94977,21322.089915244873
90104,19950.66498139857
89105,19951.014869708342
95397,21321.877541811416
77476,19945.922597651894
80208,19974.859051235475
96744,19951.068640529113
81310,19408.186217448936
88688,19950.49330656117
100514,19951.0796761354
79490,19951.88187139196
89236,19951.359743891433
106677,19406.206591007187
90882,19950.94859201622
105048,19951.11722981231
92458,19976.594314137754
91682,19950.979970027296
104659,19406.375926328874
99559,19951.105432546206
82608,19950.34608582007
98793,19951.089590319723
101083,19975.96779606185
86469,19950.983179230567
106304,19976.041292556394
100515,19975.99904492105
97006,19951.06611407204
87531,19950.889964128462
88873,19952.291600170982
91700,19406.625659591955
90471,19976.732379737605
88077,19950.8629881108
95546,21322.12594744083
77965,19947.29691785711
91548,19976.634635323997
101360,19951.466855970644
89845,19950.952495648035
95934,21322.084362641635
103745,19951.14140868822
85862,19951.27679192977
98424,19951.058171251327
81736,21322.276716314205
93391,21322.297490171735
76523,21325.963347471476
83573,19953.043199601118
103118,19951.122922634688
84399,21322.617811177424
84864,19950.57772554193
104282,19975.988385314322
95389,19406.894317857208
108097,19406.4891008805
94999,19950.710811109035
99345,19951.368815993097
92946,19952.197014989997
104048,19976.233200588704
76817,19950.640378283766
90448,19952.081690919757
107837,19951.150636487462
91182,19976.200321796106
102654,19976.167757857937
95298,19976.54212390214
93659,21321.88002017379
87866,19952.438700011364
99990,19951.223710780443
102469,19951.139981181077
107351,19951.407989339925
82490,19950.135223994268
80756,19407.982898057235
82365,21322.853528024043
92332,19406.577219039027
77456,19980.871251727003
81007,19951.20841888911
82391,19977.264906888868
84647,19951.338795665903
76296,19995.448976013526
100192,19950.873240331603
84547,19950.610917254096
88877,19950.91207014741
84254,19950.552495788812
87836,19950.69631300239
85970,19975.718998783126
94834,20777.15213316233
107159,19950.962442180527
106800,19951.10090486697
101989,19950.911162481796
95604,19951.941995725003
103637,19951.158728822513
104301,20056.732692563713
83799,19951.256353750097
107855,19951.337626400673
101506,19951.13578589409
86644,19950.979981885794
81902,21322.414440041783
90490,19950.86426442082
76314,19932.199386430417
95360,19951.942604296302
96272,19951.001351348365
103911,19951.35342090832
106553,19951.093817942405
106063,19951.2132325784
84179,19951.23697644307
106912,20056.751690241344
103819,19406.72869456263
94009,21322.302971810936
98285,19951.58622205762
81101,19950.614312890157
76806,19956.606616038713
79127,20777.810580421254
107416,19950.95966432135
93786,19952.132738752778
101542,19951.58251815733
101640,19951.211842772715
98800,19951.578965893998
91451,21322.36979784911
104033,19951.139239596854
105550,19976.380901664925
88203,19951.3149520402
77481,19954.346691741353
83704,19950.501003624944
94474,19976.568486904664
101924,19951.390461424526
93203,21322.31269670456
104628,21322.00037791038
93308,21321.88925043607
81984,21321.729076576783
93228,19976.615095809993
94247,19976.552544217935
85162,19950.687163182596
104670,19951.31640806614
80875,19954.162724423884
80850,21321.50867701434
79475,21322.594787948387
87229,19950.799987869308
79162,19947.56907761198
107652,19951.172217625794
89835,21321.812613192462
77430,19951.447501254133
97568,21321.876832210648
78947,19978.77917604421
106692,19951.10907160925
97127,19951.049445988567
80876,19977.59088801971
100152,19951.3504824613
88949,19951.895029922485
95804,19976.587135687034
106833,19950.99680072917
89283,19950.884526297687
78115,21321.397207790116
86941,19951.31597610727
104794,21321.88535925497
103892,19951.372941532372
90746,19950.966044097662
92996,19976.559737042175
88679,19951.50569728146
101007,19951.110101256985
97824,19951.34409463595
85138,19950.72919064085
87869,19951.001324747198
84266,19950.57482072546
88682,19950.84542950247
84543,19950.48734011127
88967,19951.086213554292
78831,19978.215520200483
80227,19952.45867989395
88995,19950.842500359122
95761,19406.831379436346
82060,19977.181324085654
78253,21322.527974259643
81193,21323.0441375
97309,19951.02828603724
93654,21322.25987790434
91399,21322.10240655043
107195,19951.839908521666
82137,19976.15896790792
108006,19951.338772388626
78534,19979.08781134702
75979,20264.22850046482
78847,19947.366985891353
94746,19951.129909042913
76591,19944.75399834004
97366,19951.35216056556
88756,19950.841254817642
105074,19976.316981154352
107641,21322.163866642062
103717,19951.374771843544
92559,19976.659960535297
85453,19950.75053564246
91736,19952.061909470995
100632,19951.12555369159
93314,21322.07543977612
82593,19950.36197441811
105791,19951.178934721076
104431,21322.073715790553
77967,19948.60848397035
91373,19976.635518661682
86095,19975.607745066234
90950,21322.07528939312
105410,19976.427843328504
86516,19950.735248191984
79221,21322.745443574677
86603,19976.832681943317
84058,19950.608059765265
101017,19951.13163303806
103065,19951.37380953522
102817,19951.167436171072
106443,21321.936928091905
96455,19951.06135776166
103514,19951.15008616588
88407,19951.069160712883
104658,19951.46131217478
83823,19951.246219574874
106801,20056.618536894515
100859,19951.37713450913
97156,19951.082261126867
99816,19951.068265047455
87726,19976.26471507336
88783,19950.869580332946
107654,19976.030982903696
102420,19951.10246208641
104147,19951.807448902735
76019,19811.695259442855
86158,19950.721626897222
82852,21321.67511175857
100871,19951.14654516841
92537,19950.65106167658
92028,19975.855055894892
78319,19973.71253195404
77111,19960.318722541593
81426,19977.420485266604
108336,19406.440136773275
106048,21321.925490900747
108482,19406.22117738034
91336,19976.634480432498
101242,19951.37925140304
108309,19951.52399917132
106397,19976.423010026603
82413,19975.255950694947
79355,19955.211718495702
92826,21321.848373481716
102020,19951.08374478821
93857,19406.952196091344
88875,19950.865945980007
81926,20777.057856321015
79236,20777.911312378616
101106,19951.45760927846
99069,19951.09585993893
90017,19950.847575207066
101706,19951.372072790706
89701,19950.583336910193
96760,19406.903478210654
103901,19951.377383753585
96780,21322.275403288033
78905,19949.07635741153
101894,19975.969344919435
94657,19976.259583453953
93703,19951.574019898555
98690,19951.048927387776
90597,19951.665735251885
80138,19977.839689841392
97044,19951.35857252492
84258,19950.65368757517
98543,19951.097747947104
99833,19951.52077806187
99848,19951.51318214415
89178,19975.73724834944
105598,19951.284556790666
95971,21322.059268675588
94875,21322.28955042557
96048,19951.037857320778
82606,19951.305679216934
104545,19951.079306708158
85571,19951.845349693664
103757,19951.37981097551
80192,20777.706309736495
100422,19951.121916336975
88065,19951.33284619102
83544,19950.531052197177
76851,21320.12693931739
90464,19950.844679098223
106501,19001.23521219368
85011,19950.65473701582
102308,19975.97917253249
82241,21322.906758938487
100655,19975.964582596665
86477,19950.868009574937
90830,19950.839941595616
83274,19951.700427746917
83251,19950.287396176936
82122,19953.53238542005
105600,19976.338401559493
87514,19950.80290910162
82184,20777.480912824372
84829,19950.712742804368
90704,21322.13220596908
86306,19950.729437152382
105655,19951.720131030834
98964,19951.40155077797
87189,19951.792939504412
80116,19408.19686459438
78366,19956.965471138355
103668,19951.115470242217
95799,19976.56178889887
97496,19951.45089395146
107112,18431.49586736234
79698,19409.07660663379
78946,21322.70639167367
82843,19950.348994822114
108537,19406.593859647088
93675,19952.140604582437
93629,19976.579330714456
103134,19951.380217470778
76458,21315.937370021667
79219,19978.20270278934
93401,19406.897110478196
87666,19975.743547928494
97697,19976.484031520864
77945,19944.428094085986
76173,20013.35861798954
94835,19951.882800731688
86700,19950.70075235602
105682,21321.96870213671
88546,19951.423776180083
100486,19951.11502881489
98187,19951.377100048267
81395,19950.663456854156
104408,19950.911762607433
79922,19952.59169513834
102955,21321.89761977251
85515,19951.396171242308
100490,19951.131368952018
91070,21321.892730196865
81321,19951.359339262544
90925,19976.59176381135
91291,19952.0866009636
83986,19952.14524203063
91729,19976.60132221018
95830,21322.238220071144
103720,19951.15435192856
97023,19951.21482460996
84892,21321.708142323074
86618,19951.289015926523
93094,21322.292664037945
102487,19951.127322090757
76952,21324.467431686262
90121,19950.614724017465
89687,21322.42702215412
82663,19951.244149052683
80253,19977.819866265025
96004,19951.15867260188
102267,19951.134186233747
77777,19958.475184173687
85135,19951.368930054407
103806,19951.199863908027
88031,19951.326220013536
84252,19950.53107818058
80246,19954.384747484804
83445,19950.488767096598
107528,19951.112323585767
95161,19951.965499020425
105132,19951.74975747781
107504,19976.183107899826
96720,19951.094814620643
86060,19950.371194801683
76370,19938.733451250788
102092,19951.16449585791
93523,19976.590008335374
87963,19950.8111777336
94183,21322.078037444873
77548,19959.657399943957
91116,19952.131894628852
100013,19951.136355774597
105525,19951.092608724244
104210,20601.861817222456
91137,21321.863050032465
101960,19951.387137291105
80662,21321.689898179142
84914,19975.628201596955
107857,19951.188203204805
94916,19976.568099096523
102858,19951.195294002806
88182,19950.824174943085
85339,19950.66887870864
98692,19951.59541930752
98460,20601.717542185354
101787,19951.193032366737
105924,19951.27983619977
81440,19977.483449593212
107043,19951.159320806757
98747,19951.057091185667
76065,20027.428114366438
103452,19951.378055978057
87162,19950.77354318881
85972,19976.45726274931
95159,19951.96440055355
81106,21322.309007775704
106324,19951.10104052931
86957,19950.76241007214
76900,19943.02696214959
99319,19976.02201114511
105884,19951.09623938948
82889,19976.559758924086
82253,21322.419613265854
80818,19950.530513990772
97074,19951.10823752345
103269,19951.847830878334
78298,19974.019518904417
87216,19950.783951074343
104853,19950.87917848302
96298,19951.631450895646
86803,19950.75834401612
91326,19976.633171927402
90948,19976.401408856345
102795,19951.38630834568
77163,19972.692222798978
93519,19406.938056434105
94980,19976.340523348288
106455,19976.429923795342
88860,19950.970171223715
76536,19974.508475769115
106556,19951.33488809995
103002,19951.243973711997
104193,19951.082948971776
98247,19951.346708651654
82529,19975.34418201408
90499,19950.856757153797
89400,19950.911856363975
94595,19951.644506850243
85870,19950.794993544303
88424,19950.910654746833
82715,19951.290063004686
76324,19949.014469563008
102259,19951.114694067233
99192,19951.84505446273
81437,20777.521659439924
97208,19951.350334516366
76420,19957.03078372005
107557,19951.268086690507
104202,19951.283659838897
83400,19953.126452065564
99664,19951.572998165455
87781,19951.010440229642
105706,21322.07981639447
86320,19950.724077826326
81907,19977.42224624216
84881,19950.62573084981
78575,19000.06755806666
101857,19951.385809749343
104378,19951.24776593937
80281,19977.627930358583
88208,19950.863184986953
85864,19950.676926769
86973,19950.772946807858
101072,19951.104589627346
102664,19950.922884518142
107949,19951.155326792068
88832,19950.88078251861
87046,19950.94897150231
98930,19951.40391064176
98721,19951.536445037436
103249,19951.18689734671
88230,19951.014167779467
103604,19950.92763105126
90645,19950.864255932178
94246,19951.024710641017
93604,19406.927319836504
99287,19951.360859555534
106684,19976.021451932604
89506,19951.13500906665
98726,19951.554776884845
77060,21319.719104577714
107323,19951.546185358533
100559,19951.084554095833
94511,19976.579815689773
81367,21321.64509363422
107185,19951.514534954786
87243,19950.741150954647
93241,19976.521608695748
90899,19952.062608953027
92791,19952.18812354336
97429,19951.060097284382
81883,19953.63837867498
82428,19950.149033659312
85224,19951.84771131641
90818,19952.31379247343
107186,19951.181586551924
104489,19406.18041122312
77026,19945.093458664087
103119,19951.15025188959
79360,19978.28615930006
97763,19951.041227466012
81434,19951.224481270474
102270,19975.982724457528
86171,19951.66368221867
102255,19951.155565250938
91018,21322.096612763173
93219,19975.874824915936
107667,19951.45060863237
89301,19975.87384159384
106869,19951.37378951826
101867,19951.58249527243
92922,19406.65048559348
80057,19954.040912362332
93951,20777.166490998774
89450,19950.927033114513
99681,20056.796004598873
85661,19951.31311345251
76072,21339.25777950246
81693,19953.226957710827
77375,19941.813622084417
77649,21323.268289093303
105904,19951.179238635108
81679,19977.466409187396
105555,19951.245579375834
78762,19978.71113729929
78590,19948.696620514107
92784,19976.2521484859
88497,19950.80430995213
108413,19951.199191741816
88994,19951.499925632084
103426,19951.12945388292
104394,19951.400796698752
88703,20777.225709053935
97376,19951.072644813397
97470,19976.30704628066
88681,19952.184555066004
76599,20781.58029735097
104274,19950.81764986476
89590,19950.87173091846
79749,19954.432433054684
107386,19976.033069237084
94829,19951.969916893715
105123,19951.119954916227
97602,21322.068080789326
93900,21322.304555295264
85986,19950.687633273494
78014,19957.53918648945
90073,19951.878243796364
91815,19976.581418850696
88067,19951.309708335277
79079,19954.984414342693
97590,19951.079877660417
84491,19950.541483318175
81997,19950.595906673978
90875,19950.97505173628
88805,19951.323193912165
84708,21321.7370007661
108010,19951.14533447299
96549,19951.34922620472
79023,19978.38519327804
80493,21323.128646186855
98860,19951.370804115817
99938,19951.12163012919
91154,21321.882676595567
102202,19951.167109345053
76479,19980.809167128707
102548,19951.23875012454
107979,19406.204390682407
80905,19954.11398550804
82630,19950.34321910213
81130,19408.041188328803
105382,19951.15025560635
101905,19951.219871763038
103353,19951.13262805211
88275,19950.851412448646
88052,19951.30646384221
85537,19951.015105370927
82742,19950.48517097855
105960,21322.056575298153
95151,19406.93448835872
102555,19951.14611052585
87742,19950.219582191297
107219,19951.307644834487
106170,19951.102013416312
103341,19951.132907229967
98947,19951.373425508616
90933,19406.65653092973
107651,19950.9629748265
107937,19951.02909085518
92742,19976.61153668546
91138,19976.595539990354
100134,19951.11693464164
83718,19950.503691232498
86977,19951.82393428416
102165,19951.14052998607
91372,19976.577953874334
95812,21322.057440576526
98911,19951.999211148763
86966,21321.76806785445
107280,19951.110729990407
89020,19951.704090400406
85167,19951.2755628678
100394,19951.37866350629
93450,19951.172313934458
86838,19950.693733533804
107563,19406.60621600644
99692,19951.528783038182
103946,19951.19332405457
89586,19950.892550949182
90733,19950.85077357126
91071,19951.447536258063
89142,19950.539999468583
79359,19978.151139874626
94435,19406.86267262672
86980,19975.652294154243
92661,19976.65869948823
84734,19951.25870848579
92829,19976.54390301751
78925,19951.40591093456
88863,19950.852759679583
100507,19951.14259278572
97469,19951.35848959435
106358,19951.138999920335
94446,20777.14999586754
100068,19951.06825752107
80005,21321.51392898473
106548,19951.009148201094
85323,19951.28405210872
92629,19952.03313593155
78057,19949.013656240546
99591,19951.590232196388
85307,19975.799415933092
92660,21322.31027129775
89525,19950.82441577084
90953,19952.09582789125
103312,19951.180941813007
107912,20752.11343144186
93292,19976.390817787662
81638,19977.51713447129
105433,19951.334419290797
94804,19976.57443430643
85666,19951.28662006452
87338,19950.773395344706
98818,19951.849515407997
91960,19976.637411219504
95612,21322.072675580974
93399,19976.24885814419
86492,19950.72428720706
106169,19951.175976759794
106699,19950.954764081886
102175,19406.796142683488
83555,19950.33537063728
80941,19408.329712997795
91366,19976.241589121644
98045,19951.599305187585
86988,19951.049075407635
89139,19951.711524208997
106277,19976.258680066516
76317,19937.306050818373
101300,19951.142336066965
93086,19951.61875677339
76936,19955.668641293614
80711,19951.749692477148
106659,19951.133465117542
78296,19949.057783265846
97527,19951.019110556612
104494,19951.74490046103
77982,21321.07981073243
86456,19950.71096865064
85161,19951.29395167689
100583,19951.145969826124
93063,19976.573825677995
85331,19407.415786977104
101731,19951.379114061143
97389,19976.566342584207
79902,19408.75339813419
89643,19950.57846447231
93175,19976.57500788091
98389,19951.063999620626
91334,19407.010320591216
98514,19950.94823705408
95382,19406.82475857037
77018,19943.705247109076
76437,19426.114165163523
98250,19951.59426098943
77104,19952.80008461549
103059,19950.936081776104
83308,19951.251072966134
95106,20777.137081751327
88684,19951.78583791026
100870,19951.454815136014
103498,19951.38021456772
105342,21322.129171148732
81398,19950.627688621986
91833,21321.846085091638
95311,19976.55648153874
77369,21325.81234367438
86011,19950.70677036913
84952,19950.777622580827
94056,19976.568326698405
104796,19976.34561679682
101571,19951.572069917613
77188,21319.621500376183
94304,19406.900794266923
106008,19951.08268372005
79849,19954.555860321692
106099,21321.808526957644
105086,19951.010745677053
85658,19950.67678693984
102040,19951.220376923317
84343,19975.54371625749
104882,19951.1247424118
88582,19950.845690973332
90328,19976.70062738873
90536,19950.9478606349
90805,19950.939588870504
106058,19951.846329218377
78871,21322.694023984666
95489,19951.912157843446
76637,19982.16931996078
87818,19950.72445170502
84478,19951.63827761246
108394,19951.231779428024
91676,21322.32920717052
104964,19951.146257985023
78506,19955.840397177188
92557,19976.583132494037
90715,19976.70451013427
101721,19951.344143099588
80715,19952.50275308117
81705,19951.99449463153
94219,19976.588463380976
85893,19951.293117184876
80550,19948.823522564206
86662,19951.442534127345
85271,19952.791232961805
107075,20752.36109931782
100992,19951.35208360862
97396,19951.063190988338
103943,19951.15473982298
78916,19978.495094430593
94516,21321.878798477304
105411,19951.092241266517
78377,21320.963722007895
103977,19951.373532907943
106716,19951.05752811017
88465,19951.51051266775
77421,19946.650836499506
88866,19950.86589991174
97787,21322.097424511685
85063,19976.776443808238
92555,19406.84453374908
83695,19950.480601494593
81797,19976.57842332677
104241,19951.546427082387
94730,19951.618305280612
105191,21321.795793576508
84112,19950.520498972783
90379,19951.00250036628
88992,19950.826797538914
77423,21320.375959620487
85126,19950.498076452128
78691,20777.14533160035
80320,21323.27984683975
96309,19951.043811233416
92577,19951.050630796464
78891,19951.207211996694
86056,19951.280849637977
82129,19975.347983005537
102436,19951.217716711115
101469,19950.90597310206
95885,21322.274149750097
92879,21322.272514234264
81484,21321.723935185804
95550,20776.99537780216
102726,19951.171706434154
95252,21322.073137912055
90695,19951.344569962035
95863,19976.36701449001
108338,19951.116880737292
105327,19951.18791727704
91616,19951.332419299975
83077,19950.416014139824
105582,19976.329160149933
84382,19950.450249448604
99666,19951.149954308185
84818,19951.54814261404
78498,21324.242414965836
78378,19956.967173752662
82799,19950.19606361881
81429,19950.209609676353
107572,19951.292340684515
91279,19951.675882735908
100475,19001.259481916255
86325,19950.743180924746
76825,21328.038838634948
107657,19951.21477715449
82346,19950.286702599733
86687,19950.747739345064
103471,19951.15222815738
78209,19978.677253755246
95328,19976.483115618048
100363,19951.38469076545
87672,19950.913954659303
98994,21321.8785285924
83549,19950.77139151922
96370,19951.203662544747
87842,19951.77420293088
86297,19950.4397696667
96716,21321.901196189014
97492,19951.36173562744
92786,19951.02623695944
78254,19407.589937412158
79291,19954.444629424423
96050,19951.37104279683
82240,19951.684216459133
107938,19951.159133127767
85258,19950.631489620086
92512,19951.36883967295
79919,19954.129335431342
101410,19950.90142432772
88700,19976.707491618323
91847,21322.165914721543
101835,19950.916072935895
99878,20776.976551145377
96318,19951.335198862813
96245,19951.202445252842
96194,19976.538924581706
97973,19951.044709134774
76985,19956.414514264157
100002,19951.374739102328
91364,19407.005199459953
106980,19951.13009344593
76285,19433.86652009723
101396,19951.137892168474
83368,19950.294172827405
92820,19976.24889421694
92264,19951.21440751837
84052,19950.452830954455
83928,19950.545746974392
105324,20752.252081745017
98502,19951.026166400654
94457,19001.240713505085
79073,19951.9899710652
92738,19951.71228289041
91008,19951.73228440106
76447,19966.26175335309
81627,19950.221180499622
97016,21321.867952049724
83182,19975.362137646895
95791,19952.068539515916
87449,19976.801571797507
90013,21322.1454245071
107223,19976.41275202925
96785,19951.090333926237
81473,21322.32782765895
85403,19951.285086928066
106473,19950.869964855738
81568,19977.440515553764
76748,19970.55271281758
77020,19982.24450319882
93210,21322.31717976847
103955,19950.950594216083
86509,19951.01090704877
78291,20778.18447334359
88895,19950.85275718475
98026,19975.938565615885
108410,19976.419839011764
88039,19950.974483227943
91193,21322.161964733514
88087,19950.87523884969
88708,19951.304051728835
98485,19951.099773032853
89847,19950.93828984502
81318,19977.586891593983
103971,19951.158583338383
85649,19950.676375378654
96137,19951.162968800334
81112,19977.568380334702
87825,19951.52873222915
103890,19951.554727623716
92845,21321.903305994765
95649,21322.060043773734
79000,19948.966910880772
91668,19950.94297025848
94544,19952.096760747998
107024,19976.37110955772
79725,20777.694952078396
107343,20752.355655913114
107612,19976.01499760206
76647,19934.603380950197
100922,19950.879797144295
88583,19951.06193069596
90425,19951.34759157879
86258,19950.616010140377
81973,21321.599767372052
85370,19950.96412922594
107854,19950.9670458459
78195,19947.89251530556
82124,21322.313809196676
79050,19408.81604463539
78880,21322.72345141747
88596,19951.28968798487
89033,19950.966503164873
78792,19952.90279491624
98664,19951.854103678514
78544,19948.23387275522
89184,19951.028148784375
83109,19975.33188626922
101759,19951.460097961015
87164,19952.297580002214
104156,19951.005406308883
107607,21321.957319100682
99705,19951.10387592924
79398,19978.06667874868
98401,19951.084133482615
91911,21322.319234039307
88175,19950.736380553266
77275,21320.67682913876
88946,19951.064633579354
98293,19951.103488805482
95991,19406.819458470956
82196,19407.498467947684
78514,19953.53287501128
102853,19951.38023959589
93984,19406.93274866028
104689,19951.734349039198
98534,19951.055335366626
98744,20056.80333120443
100456,19976.269202490712
83468,19950.601123772627
104432,19951.439952129986
86752,19951.35799126709
89762,19950.82495607495
82788,19951.3670008484
105604,19951.343712127964
105490,19951.116402322717
79447,19975.00077301254
107405,19976.23619867186
102782,19951.42215578484
82786,19950.327934125868
100557,19951.45540750674
77711,19980.195073176048
104935,19951.106474783126
90750,19950.960136719634
94396,21322.076965347398
99628,19951.533982921443
87360,19975.78151371008
103238,19001.299188689183
84883,19975.493924836526
91450,21322.329984236614
96221,19951.05178888819
82400,21322.81884586242
91940,19976.531496726475
101320,19951.574352617925
88653,19950.83134812725
79446,19952.998013047854
92672,19952.19966562241
85552,19951.304938052715
89858,19951.113321057383
96610,19975.987941272037
90447,19950.847850956587
90357,19950.936971820644
83266,19951.916456251733
106259,21321.834158695805
84489,21321.683866160627
87875,19950.84034706107
78430,19955.885519967254
77249,19946.569505356198
84094,19976.924771950602
102218,19951.232989205077
97151,19951.081737611137
102064,19951.413885668928
97655,19976.5034856553
97387,19951.34460638479
97118,19951.17794776126
101804,19951.573849269178
81888,19977.37441461596
77455,19958.584842578075
99638,19951.367257755213
76845,19946.594709686473
85493,19950.024814779415
99781,19951.034930482223
79322,19978.402928149066
96766,19951.889445838093
80513,21323.28919296313
83907,19951.69791435578
93217,19975.98541045728
77426,19945.821035685607
105044,19951.08794551042
86573,19950.429137644536
95251,19976.290349684798
86098,19950.986803087486
93674,19951.313468037286
104392,19951.119795482835
82340,19977.205776577797
85899,19952.734882992678
85579,19950.546667316823
86725,19950.783048718193
104810,19976.343196699105
94570,19406.553957495453
89607,19950.875204998483
108478,19951.19692028572
91464,19952.23267913813
77613,19952.368226572857
83067,19951.773381830728
104585,19951.181552942977
94473,21321.871043339168
98756,19951.092000442124
81199,21322.245862522952
83741,19951.26280337236
84972,19950.623503477367
87486,19951.022328860177
92290,19952.06839682652
97049,19951.00863099518
81960,21322.913740030835
85765,19976.84038430798
81319,19976.795488395328
84335,19950.80182594093
98897,19951.095577626777
83649,19950.526870355727
89567,19950.75469606399
101958,20776.98694809063
108211,19951.12756242182
88326,19950.846759272154
106424,19951.56489622389
90848,19951.357670412315
104944,19951.421761583028
81300,21321.69506028915
76804,21320.0628148183
93569,19406.69328267823
76839,19943.61466697872
92611,21322.098479399363
76006,20116.717702399426
86953,19950.890799204008
107767,19976.299288521815
87949,19950.83391913104
95782,21322.25620090702
94414,19976.569896369783
98483,19951.848683031807
95988,19951.180440342232
98640,19951.34887618551
102899,19951.126684626783
79367,21323.655891746384
88430,19976.467586768827
79428,19978.273801348743
76247,19997.163817927732
90955,19951.345620620017
100711,19950.886847524293
83720,19951.98632210564
93618,19976.573176249476
94754,19951.603992905428
78740,19409.99601337942
106522,19976.384789490305
90165,19950.93122099916
99615,19950.808480613225
88112,19951.33961994398
90759,21322.137367080104
91835,19950.712607445756
91563,21322.327710958998
92736,19951.717080132647
96939,19951.986758191953
100301,19950.928135526898
80143,21321.53418690491
108141,19951.12616529329
99743,19951.049083551978
98627,19951.612419274483
86233,19950.734409575136
104568,19976.533706633763
96489,19951.006714834337
79018,19949.064923634727
92173,19951.020393445735
81198,19950.445263934012
102450,19951.374802519236
105038,19951.091670913884
93284,19976.58109660589
85848,19975.753578321266
89587,19950.893933657833
91457,19407.00862822184
88804,19976.42248657751
97228,19951.186657783473
105841,19951.286958024943
107331,20752.24329120323
81008,20777.548304637432
81853,21322.26380788636
103283,19951.386573014483
79036,19949.843438002135
90376,20777.228619774945
97271,19950.845187550927
82967,19950.397178191284
83663,19950.372491929615
81640,19407.15945558159
99076,19951.41296953849
107790,19976.41303026747
96460,19951.121172934345
88286,20777.027125288627
86545,19950.996094406433
97634,21322.044840058952
94452,19951.15062871466
94409,19406.900551260343
104877,19951.127707740274
102952,21321.89421755092
91502,19950.96682034506
105695,19951.103262388035
78608,19948.732869226442
77384,21320.869014740576
82188,21321.672158636684
81054,21321.44642289712
92709,19976.60196028638
98260,19951.086842494406
78996,19952.743057641554
103868,19951.14987521051
81809,20777.567391194323
84251,19950.45481153413
103762,19951.11985217532
101479,19951.139051202703
90533,19950.93617563402
84636,19949.88835846427
103208,19950.892781059534
90274,19951.33597423362
87517,19950.953949214036
79671,19954.399052195928
81486,20057.172444563977
89338,19952.390310873427
76912,19943.19216153297
89675,19951.31100755594
101294,19975.968228430655
98316,19951.053038627517
82457,19951.226923617854
78558,19948.826463387955
107933,19951.235438584084
87555,21322.11358912141
80873,19406.975716244182
94717,19951.379246610748
78922,19951.09923831958
87376,19950.80388068605
79203,19954.80955471983
83801,19975.640681072397
80314,19977.746447377333
96011,19951.047201031484
106585,19951.187075936505
94122,19406.916030251134
101723,19951.373576412334
95561,19976.507991365248
82751,19950.776310909423
107424,21322.03859781616
108316,19976.42576783359
79229,19949.598300658625
104835,19951.15860885654
106289,18456.323985378567
89876,19976.656915875108
96917,19975.932394868876
85982,19951.619644894716
105023,19976.372826553867
76749,19965.336662483507
76453,21317.828834957327
98954,19951.055660561397
101783,21321.890345157793
96734,19976.153152051713
76884,20780.435763850917
84277,19950.559206028334
104756,19951.114200819862
89268,19950.97465899707
78955,19951.93144854997
99279,19951.605555359445
77361,19954.879258649285
97823,19951.880901042463
84313,19950.532941750404
80520,19953.633376413432
105472,19951.831827382597
77671,19948.937367281113
93098,21321.891558860127
86559,19951.522489038663
86582,19950.257064802747
79414,19949.707506107217
97179,19951.09642563622
94617,21322.087150690222
85780,19950.568310276885
90904,19976.65222648843
103178,19975.977459829537
105752,21321.81715566942
82636,19952.00117560712
81069,20777.583294630847
76784,19945.93565136577
105061,19952.009120681345
100732,19951.1216604187
106562,19406.473517021863
102833,19951.139510437493
79029,19974.568165503028
91944,19976.635733074683
99849,19951.061871865975
85213,19950.716498224407
92653,20777.155229603726
90824,19951.104035501863
102752,19951.379248225505
106732,19951.228174070107
77076,19947.913641331525
101825,19951.65551372057
78920,19955.826690416063
107404,19951.372679001397
80053,19949.653471188707
108062,19951.37005054996
88256,19951.30794399401
93809,21322.30631928725
97342,19976.328469721644
101308,19951.07859067076
94366,19976.584088916392
88228,19950.821288808555
91471,19952.069749359274
92294,19976.52187083692
92018,21322.072089168465
77448,19981.39692982742
91091,19975.810334161008
90892,19950.981935493568
93754,19951.670015043288
103644,19951.22900935541
101170,19951.112047642535
87238,19951.29743127185
103651,19951.473991747636
108015,20752.343181637287
96704,19951.063756188494
87938,19950.997577186634
82456,19950.714907460686
94735,21322.274663336375
79831,19977.90441099512
99435,19951.535047285743
77407,19980.799012649608
105163,18431.47862198859
90450,19952.091725895196
101144,19951.120913362964
85101,19950.58546750233
102152,19951.37319607227
96445,19976.55037014057
93062,21322.343159941873
100172,19975.966868724598
91519,19951.372848647192
77563,21323.600961106316
106245,19976.505092528896
78606,19978.947287686286
94171,19406.80070271101
82263,19949.55501500447
104528,19951.14238373037
90918,19951.7254062586
85512,19950.675674350357
88317,19950.828558733683
77807,19948.468769247775
96992,19975.999430201216
93802,21322.08612708803
108022,19976.42958504959
97029,19951.1994394437
92027,19951.742102108823
88331,19951.02331565296
81387,19950.09641541643
78465,19409.92410493574
104119,20776.966369131147
86438,19950.192587849535
78315,19977.36406896985
102212,19951.237050142878
83625,19951.568818906955
99983,19951.39182404984
93838,19976.579819201164
86485,19951.29705617304
99164,19951.533120487133
100640,19951.45366045692
91693,21322.34610132336
90195,19950.917724851166
85076,19950.618428149526
83090,19949.9175070307
84161,19950.68963997258
85985,19951.513144308257
84759,19950.78319594545
105838,19951.116175810992
94748,19951.367034264746
108188,19976.207408130955
94465,21321.85835903027
81856,19406.923769733974
102715,19951.155704179797
106448,19951.21528246122
103923,19951.134909128683
79482,21322.60100280525
86062,19950.64222158578
95217,19976.540782161075
95712,21322.107632707433
98498,19951.093841091908
79175,19978.16723079619
82244,19950.400557181896
91792,19976.64803121811
81626,19977.469115332
83185,19950.48492869418
83134,21321.65614849118
97667,19951.08545494625
90780,19951.65456010723
79383,21323.512687786908
78440,21322.863734264156
93657,19976.563928826916
98771,19951.551823940106
103569,19951.162527667257
84696,19952.87249877329
104235,20752.077621800003
89916,19950.930301624507
108238,19951.128687430693
97737,19951.980664737366
95184,21322.269241805334
77985,19951.106852107434
100680,19951.228861038075
105919,19951.814195878695
102177,19951.14785341233
99133,19951.069886514997
85097,19950.146619928295
102464,19951.10024588701
83036,19949.525473555943
82142,19977.331307438668
92118,19406.97284995365
79734,19977.66037842827
107861,19951.534220610527
98253,19951.523948575414
103183,19951.138567889207
98112,19951.101068259763
82339,19951.29380766414
84875,19950.922020704085
99774,19951.824838260763
101808,19950.869673214704
88731,19950.85486558718
84055,19950.486894413385
87777,19001.116401332332
93362,19976.518953105737
96195,19951.055181075073
87650,19950.799056051936
105329,19976.210607605117
84167,19950.56149822367
79667,20777.81378575263
85111,19951.270906230828
79561,19409.05932278467
81753,21322.892724717713
99584,19951.554480243372
107389,19951.143108255208
77634,19412.42954549481
97353,19976.334212523754
88362,19950.26432926567
78923,19954.567503809154
78687,20777.210680995955
79611,19408.90574946127
97264,19951.063674924186
104372,19951.116218973475
88340,19950.98061039077
81409,19950.131762848414
102716,19951.224967715334
100489,19951.11807765107
86616,19950.659150280393
96450,19951.063282307987
103898,19951.172892582574
78965,19947.826359752275
77910,19948.56624641337
85534,19950.555289627835
81814,19977.32555780044
88537,19951.315243169767
97930,19951.073167182825
98346,19951.353711097687
96397,19951.48460530275
106812,21321.943087362088
88599,19951.88976998945
102760,19951.1589306289
94884,21322.266622600575
77319,21323.566411287073
77255,19971.692948782587
79483,19951.13363504166
93869,19975.99615358815
78283,19957.13107109232
79491,19408.89877918193
79679,19952.706432293497
104817,19951.201640993644
81355,19977.615264391956
102513,19951.376010914002
102311,19951.10962714412
94639,19951.680876567512
92057,19952.07005630314
108057,19951.02577289807
78415,19951.296046577187
91755,19406.99199661425
94507,19951.032448087826
77368,19958.76428339709
88838,19951.738061890304
86482,19950.974427281293
103032,19951.13898732462
101482,19951.128384341122
95744,19976.53469683422
76424,19941.15498172942
98537,20056.79634753376
100039,19951.12495085615
76025,19840.70700270157
82426,19949.612964976062
88387,19950.754401381786
100785,19951.377424641487
84030,19950.521186232883
107046,19951.151543255524
80159,19948.65360011905
81743,21322.41437945951
85348,19950.632633930247
79901,21323.309720100566
108373,19951.301737025587
79436,19949.41912943796
83626,19950.47911140624
84211,19950.55611648931
107879,19951.117155088727
107245,19951.49153061621
102868,19951.374522079226
98034,19976.00701073835
101634,19951.37664925249
78902,21321.171376942988
104908,19951.524978064055
108265,19951.365677778245
89613,19951.61009310913
100852,19951.11670321672
101045,19951.35823236173
98194,19951.092538271765
87876,19950.817408979376
88436,19950.538439316653
103563,19951.569772083734
92679,20777.171305461998
97639,21321.881364695546
101310,19975.962946382646
107398,19951.73439881493
98740,19951.043029709854
103081,19951.554555812152
93701,19976.630091369003
88341,19950.74815415786
91276,19407.001104167033
78877,19977.188208908272
100579,19951.128783842247
76474,19950.479235485727
100963,19951.128151996643
98672,19951.02322889624
94737,19976.54858525792
106382,19001.233461493313
90771,19951.408354285853
82118,21321.625704370217
104839,21321.95464642905
88881,19950.75732383101
91400,20777.040049550462
89615,19950.863285452248
95916,21321.90499856382
99952,19951.13591545312
95605,19951.633398426322
108251,19951.33660243679
88507,19951.34249393057
97142,21322.24429957153
97129,19951.1324124981
106320,19976.203111010855
104569,19951.178014729147
86018,19951.048565028275
98054,19951.042003003324
85925,19951.287878381307
82859,19950.406570447838
107329,19951.131014847826
90943,19952.273939382638
83393,19949.572932523468
108091,19951.19128352239
81571,20777.51360949681
102704,19950.979288718103
89511,19950.910635677417
86361,19951.29636148275
86449,19950.924444233588
91048,21322.362485988342
88932,19950.857394297316
97096,19951.34897583651
92493,21321.891106890118
106005,19976.462176987716
92101,19976.632837301073
85618,19950.94115225666
92275,19406.881021724847
104354,19951.18874663413
100165,19951.111782197742
102137,19951.151553546224
92251,19976.604342728744
102299,19951.18511911881
93358,21322.09337665803
91807,19952.27039991867
108402,19951.280805221748
77155,21320.01548439254
79195,19955.40224295096
96974,19951.076523133113
105848,19951.101828588107
105425,19951.11811528129
103620,19951.383647459144
79238,21321.385804852158
82292,19977.296130398576
84451,19950.895942398598
93942,21321.87928936247
104577,19951.114286373762
105690,21322.07328013396
93421,19950.774947989496
94411,19406.858930925922
103746,19950.916212413587
104927,19406.713782062743
105798,19951.142132305857
88601,19975.713979938362
87898,19950.922535772006
87580,19950.832479716057
106294,21322.045409799335
83194,19950.43734290532
76073,19945.648606051345
98161,19951.09189126917
99152,19950.837310273313
78180,19947.753589174157
102662,19951.130379000802
98915,19951.53143067024
103302,19951.221909053857
107764,19976.296658057287
79227,19953.23824594362
96799,19951.611008439162
106081,19951.365017367058
107508,21321.98287733299
97995,19951.37144067091
97586,21322.08135292308
87104,19950.908576465823
92790,21322.127950504593
101900,19951.589419349617
107104,20776.869564580822
93384,19952.141843770034
100649,19951.201855386353
94525,21322.289791155454
103004,19951.79020175399
81477,19977.626428230622
94774,20776.988987247794
86403,19951.296880281676
95958,19951.11751385829
85977,19952.646181710566
106000,19976.607587972623
80189,21321.56038059803
105330,19951.141356840155
98119,19951.36475588215
108242,19951.29467280424
86122,19950.951655450965
90847,19976.639980940727
78649,19974.745797821117
78043,21324.671137843816
83454,19950.799421311247
98842,19951.348802212993
80378,21321.581254655244
100525,21321.775312298727
101979,19951.14199845008
93192,19952.151486121908
96062,21321.869726185825
96319,19951.062186848176
81121,21323.080644646932
96527,19951.360212581105
76762,19965.38684152714
89658,19951.70858082595
97136,19951.351166472803
91941,21322.08761964802
107113,19951.137758143625
86846,19950.440535483995
102674,19951.364638361647
85905,19950.80121939444
78034,19948.90744674236
96919,19951.069139487277
81474,21322.985165907885
92121,19406.97757528281
108308,19976.427981061668
105113,19976.37646127396
77939,19957.04108429432
76253,21329.521909673967
86272,19950.725393716442
103786,19951.386816951133
77663,19951.091404005772
90143,19951.351913568717
83487,19951.245107649047
99629,19951.09094924551
78016,21321.68094395535
97062,21321.866554116485
87499,19951.532900393093
104580,19951.10491477766
92086,19406.976596375618
81704,19951.745312824463
85458,19951.037902070544
94697,21322.271064619494
95730,21321.91815867353
95533,19976.27462308076
76852,19981.92209851674
83813,19952.693451122883
91465,19952.212136409988
98380,19951.278402878153
86923,19950.990775562906
81159,19953.917708146862
99462,19951.355560194403
86553,19950.66007788325
96547,19951.073558149357
77542,19944.36752471437
91704,21322.32310401746
103567,21322.04898776774
98508,19951.101182052233
94989,19950.79762009901
96305,19976.511346845575
103772,19951.44068100926
89923,19950.897024908216
84616,19951.312155582506
99970,19951.121937580778
100286,19950.879579142696
95785,19406.61636846756
77239,19946.772389182013
103828,19976.017223556533
86204,19950.863747857882
96855,19951.169989293365
90132,19950.89923904375
83949,19950.483414905008
97042,19951.07291417817
81439,19976.81653552893
78200,19957.19858592517
96583,19952.001807413693
77935,19947.883105889345
91759,19406.651497167484
104912,19951.44944468772
95613,19976.237483964913
105447,19951.089376034583
89828,19951.350253698158
97297,21322.110575303086
107599,19951.296339486347
103109,19950.905422524334
76094,18968.41565326403
104324,19406.504843435527
82877,19952.065880513503
88953,19951.020903686407
106644,19951.29537873269
100086,19951.1168122101
103949,19951.163454745554
87447,19951.321950176887
103384,19951.151047407275
108506,20777.104459810515
82045,19407.789624822497
86346,19950.77764770613
92643,21322.14337595823
106532,19950.93518391164
100209,19951.382504597055
78371,19978.527866672288
79815,20777.815477211778
99946,19951.080155993044
85965,19950.59533829989
79558,21322.432962745264
108318,19951.512287446345
100907,19951.116378006518
85301,19975.667102025076
86214,19950.936649800555
76307,19934.435264892778
89487,19951.310928962954
90272,21321.84711789744
92470,19406.97247240484
89056,19951.334293670687
108376,19951.156763462615
90393,19951.38115169761
90202,19950.872143367505
95164,19976.236326811362
80501,19408.479513054746
80614,21322.402631135712
86354,19951.828857491484
103851,19950.951956278128
91517,19951.694736035737
80179,19954.506612820587
97710,19951.591896211205
94083,19951.651822744585
83733,19950.56852005645
105032,20776.982319959767
91064,21321.85570680267
94799,19951.97200517195
105548,19951.379648737307
94248,19976.61597198735
91984,21322.335456519086
105390,19951.156472640825
84137,19950.398162714962
84643,19950.454761367342
94173,21322.279803646867
89789,19950.92681309103
99329,19951.091435536884
107125,19976.096690722912
81011,19949.77201757639
92062,19952.208582202118
76630,19953.805308375566
89022,19950.780359404256
91463,21322.331571446135
101563,19951.370217960157
104307,21322.139422957454
95572,19951.652166616113
91019,20777.183755866827
76966,19950.34234908342
76916,21327.572393042832
82319,19953.48389031899
93863,19976.58418532703
96798,19951.93640298891
87072,19407.25234596426
92771,20777.164773189634
105915,19951.101108948336
106830,19951.146449760483
88798,19951.537540935053
81750,19949.202144691928
90415,19950.913945308363
91110,19952.094583617578
82187,20056.910353482854
102386,19951.438855723813
103517,19950.909220937225
86270,19407.413013158905
83526,19951.274726813357
83728,19975.64790367704
76878,19936.014953213245
99712,19951.56429335459
92556,19406.935861431837
89879,19950.912280605935
85276,19950.570406501563
85272,19950.671970607746
82645,19950.35548316181
81445,19977.249915106127
97841,19976.488106075645
97088,21322.05611694272
87735,19950.819503855204
100748,19951.382634836955
94315,19952.09221064277
105218,19976.392485333847
79295,19951.16175416462
85482,19950.658102420937
105112,21321.854598760216
98458,19951.53776845858
98177,19951.51696533387
92392,19951.584095582355
106885,19975.98050232676
94239,19976.57708454188
98355,19951.069078349126
81111,19977.497806134186
101464,19951.56520392101
92070,19951.663271844765
98707,19951.845451200745
91095,19406.998222671195
84486,19950.796064106307
82898,19950.836552295947
108233,19951.147011163495
80001,19954.636742620718
83538,19950.782951424386
88563,19951.744699653907
98871,19951.066607336616
80645,21322.457765675943
82054,19951.286810225603
86397,20776.941547031238
97865,19951.602536943985
81700,20777.52474986281
100417,19951.14134886768
91017,19951.694814696475
95218,21322.058951080482
105519,19951.09713760496
98097,19951.354225107352
89232,19975.789210274557
104997,19976.00379507871
94952,19952.13244686049
87017,19950.787458625906
94876,19976.573036711852
87741,19951.03290845598
82776,19950.335875045235
106221,19951.217280259676
100602,19951.36572615262
105337,19951.124865266058
94476,21322.0696725187
82899,19951.437828615806
79145,19954.951073559918
90481,20777.21309100537
92396,19976.65562742009
94605,19952.09364689613
101668,19001.28582762972
79742,19949.843745669375
84465,19950.638077559837
86828,19950.88289000198
84944,19976.997781079222
93680,21322.309073644155
85778,19950.651780085926
82841,19950.396221173913
96597,19952.05363618646
106852,19406.46356925283
88003,19951.300624374602
90461,19950.92703444161
91184,19976.56440868957
88055,19951.28781499448
99180,19951.292794696532
87766,19950.865677039343
86691,19950.759794444475
107751,19976.439527932558
94882,19952.0960834799
78637,19955.326960407812
100601,19951.372177972065
106271,21321.796919033553
94355,21322.28132657644
103261,19001.29896319741
84449,19951.809290273748
79799,19954.754073364464
78481,19948.245484723175
76569,21318.663612249056
90516,19952.06956801038
91054,21322.146184483794
97435,19951.071104127488
91203,19976.63668015962
86130,19950.584885111133
93768,19951.99618156111
95494,21322.279635632734
94319,19976.597824531284
83638,19950.82400514258
82289,19953.4837770854
107990,19951.41308870365
76261,19925.37647453254
103466,19951.384042796035
91403,19407.00629757197
106025,19406.219219958788
79465,19954.09143669867
102871,19951.372960849745
108446,19951.151133142503
107305,19976.407479144884
80190,21323.223480572473
81649,19408.01317028122
104611,19951.324300625114
79821,19976.48566219049
106756,19951.210320314163
94209,21322.28272881003
81524,21321.62722399199
102947,19951.147465657414
87868,19950.835291251926
95933,20776.99822329512
86850,19950.64984627083
108381,19951.24557277576
88771,19950.937743734336
83105,19950.787462703272
93264,19952.175857157552
93240,21322.068204484356
94060,21322.106722639073
95003,19951.06244971353
105812,20752.25356257894
76675,19954.575898890453
91421,19976.20568503131
102047,19951.37156164176
76316,19429.48023982939
108385,19951.705596018488
80043,19977.923961540604
80122,19950.0231775183
76885,19943.004597003615
100765,19951.134876030108
90748,19950.904136588306
90799,19976.64675852348
98792,19951.36514546147
90085,19950.854967488573
96967,21321.861653759708
77008,21323.471417111323
100132,19951.11608695457
90720,19407.09370355383
105966,19951.079942689852
75981,19671.846192559595
83312,19407.728977975064
106478,19976.284839765594
107800,21321.80138405164
103769,19951.15543302583
91814,19951.689476378302
92683,21322.08208773586
93319,21322.29753389342
90670,19976.624450529493
105982,19951.115918835338
96565,19951.019754349443
89299,19407.140650085687
87406,19950.773856593984
93260,21322.34314041116
101201,19951.130027070616
85414,19951.287380842263
87273,21321.785956220636
77653,19973.367044323724
94848,21322.09923650337
81983,19950.701369148665
98927,21321.868170609105
105078,19406.207332525733
102825,19950.9837984495
91211,19976.2610806629
83862,19950.389235914106
76624,19934.982091646412
96502,19951.11170124728
93149,21322.107916541554
105761,19951.370565015357
81327,19950.287972056733
76688,19984.3051221351
99302,19951.097514312154
89052,19952.255141004815
106892,20776.89812061421
97157,21322.04733240163
87715,19951.755211953197
104669,19951.375236770786
108522,19951.141137958115
104725,21321.924523848815
86473,19950.762832085926
107402,21322.06930576359
99376,19951.554720524182
105473,19950.91970222192
101761,19951.148212824028
100229,19951.11057308227
104122,19951.10783327217
103433,19951.56057141006
95259,21322.079818341423
76691,19944.305996162155
81526,19950.74623642729
90817,19976.632609299722
106577,21321.953924624868
105900,19951.577561091955
86342,19951.550217286458
100902,19951.19933181909
84715,19950.825130135327
90605,19951.108067900896
80255,19948.80504321774
84484,19950.464470414056
82894,19949.399673666634
86148,19950.694911646126
100981,19951.166731094047
104559,21321.879518615056
96603,19951.13036563231
79461,19408.482554578568
83864,19950.67869225338
99364,19951.58851513564
98182,19951.06153290459
85145,19952.751736705428
102591,19951.14283777594
91416,21322.14866134647
89032,19950.89711097051
98530,19951.10834246703
98214,19951.095390792976
87931,19975.78941582894
90835,19976.683402107363
82398,21322.848551777373
104749,19950.980792865772
90735,19951.053648038087
105444,19951.125535773386
90324,19952.102247955347
102500,21321.923235158563
106702,19950.897039326923
90727,19950.91756645028
97427,19951.075330860196
99844,19951.345606935047
94541,21321.912135517752
84483,19951.283169146973
100773,19951.123988451
97910,19950.87874310137
97461,19951.201752269528
104846,19951.077812865882
83951,19407.581771581936
90276,19951.342827365497
85508,19951.286264302533
90153,19976.575950038983
89830,21322.121791015797
89708,19951.701215940815
98504,19951.847756318166
80397,19954.299691974444
76172,20014.332232614754
85446,19950.560568029192
96732,19975.929186271853
90781,19951.096812954675
86208,21321.774677121244
87814,19950.81294680187
90938,21322.123353616957
91231,21322.357793198735
80979,21321.62119960075
85098,19950.961982782213
82160,21322.89954673908
82809,19977.20856057914
86468,19951.002102377377
104758,19950.9644047363
79772,21323.45850664876
94343,19406.916307778185
91304,19952.240475015475
88751,19950.88570288005
108437,21322.29665536366
94059,21322.28577410816
101856,19951.101422762484
76319,19932.02250400742
77918,21324.73971869097
81976,21322.858686230597
108377,19976.366839156373
95984,21322.25900540478
102208,19951.37669234241
84420,19950.653462793172
103716,19951.23825739106
106428,19951.072148449286
94602,19976.512366902316
101119,19950.856011781536
77387,19978.145301684446
107227,19951.343412745933
86164,19950.46759102258
85096,19950.659849249336
108198,19951.153597534263
86401,19950.639224090373
86386,19950.719622110373
82726,19950.77693066797
91977,21322.3231326391
87805,19951.305080916667
92810,19952.033957060055
92387,19976.64693001512
76117,19462.10590952557
103862,19951.16181407777
86962,19951.281178863053
77023,19415.753158608226
102863,19951.15552034851
85375,19950.72392850678
84363,19951.29226888893
77485,19946.832157589368
99266,19951.210855696543
100253,19951.37162723197
79037,19974.916966228066
92228,19976.687752628495
84144,19951.27641316222
96577,19951.21485682005
81837,19950.205217258004
77791,19952.323253969163
80717,19975.96996491442
88865,19950.862294995048
103611,19951.375553638492
96150,19951.939537629285
98071,19976.27896571628
90964,19950.95762900316
108523,19951.55601298403
89431,21321.790247245997
107595,19976.373405179183
94778,21322.2907813534
91385,19976.604352128612
99288,19951.583732452793
82885,19407.720265959004
100437,19951.15334830127
88938,19407.149447719257
98801,19951.54537080392
107023,19950.913531163194
88675,19951.361628695457
90159,19951.032371329435
85804,19951.854343322942
80088,19954.086272718137
94929,19976.588754691882
100421,19951.37539652814
90603,19975.891914998752
101899,19951.13954587909
83201,19950.870318411653
96023,19951.346300788253
102019,19951.37369579466
106863,19951.183779614556
108263,21322.089118687854
100605,19951.379156208088
100998,19950.935013162747
105544,19951.3664010746
104343,19950.897686991102
89692,19950.433341244527
106309,19951.362803517623
86065,19950.708354101607
86436,19950.72739506101
103991,19951.15553982466
92712,20777.03769004969
89709,19406.709287536836
95415,21322.261048948032
84959,19951.01762368483
89069,19951.088850867698
85580,19951.2810835098
100728,19951.174683920693
80638,21323.104094609134
105713,19951.137344216324
98494,19951.360541885246
94819,21322.274623306246
83800,19949.929870382657
91085,19976.25852832455
102276,21321.890309494833
96111,21322.046312964445
90891,19951.418752878857
80010,19948.50753260423
99501,19951.120623608127
105431,19951.229969140946
82161,19976.46254281102
97426,19406.775008858305
100242,19951.125433687368
102470,19951.367031679583
94769,19951.960021162133
83472,19950.482476268513
81138,21322.4071758453
82719,19951.23093325945
97305,19951.07498197885
77744,21320.416021665424
83536,19950.46430590369
85355,19950.668581687733
84273,19950.605781603634
100061,19951.113611131117
78109,21321.058549142803
86119,19950.965595503214
100274,19951.120662897538
90390,19951.356725562553
93338,19952.142729219115
97460,19975.924438585596
87833,19950.839548617492
107064,21322.03406910723
80942,19949.910085707736
87473,19951.357639623693
105869,19951.162473465134
91776,19976.663540208814
85853,19951.31009761321
94909,20777.032249242842
82407,19950.44024445907
97633,19976.311795911202
80176,21322.309292807528
88572,19951.01951952689
97971,19406.876129074015
88633,19951.509102445543
76234,19999.3813271602
98579,19951.085612147348
90034,19976.65739775513
80857,21322.371057427175
85633,19950.843661920713
97760,21322.079023578954
88831,19950.60020620839
101303,19951.232042947842
104373,19975.97803240815
83512,19950.333006723908
102692,19951.160125777806
87092,19975.656427950107
104305,19976.38315650576
95344,19976.56477813397
76629,19967.725508528187
83699,19950.52600401942
99290,19406.594681302035
93528,21322.124675982646
107251,19951.09995721813
103980,19951.37777009184
94469,19976.605463452255
96448,19975.933443857466
93511,19406.93342486993
101249,19951.89015154882
90543,19976.63213975266
94928,19951.638812080986
102623,19951.147564078045
79505,19949.672174868014
90175,19951.11678350809
77417,19946.919126614015
80974,21323.033292240154
78874,19974.36973705878
103376,19951.10487045263
106490,19951.55265007831
103267,19951.110981335598
92434,21322.11519089783
94016,19952.165234339158
107217,19951.378871248155
100783,19951.108204836408
104306,19406.17725896261
107691,19951.958998287533
79101,19954.69729618364
79607,19949.66759291915
96910,21321.869922114853
104648,21322.01133064072
97752,19951.0436049095
91917,21321.85321415725
78307,21324.327705233984
77462,19945.933596692426
92958,19951.833017329765
92148,19952.236952548265
93317,21322.068947145206
77824,19979.8885768893
81043,19951.2278159504
77339,19945.80554961808
95942,19406.88278824313
106865,19951.291286827174
100781,19951.223479234093
82907,19950.288137864463
98541,19951.987809155627
99032,19951.082789453656
94935,19976.570188488728
88567,19951.315206171003
103765,19951.38618398671
82436,19950.32514510565
87940,19976.345642580385
83542,19951.688654126727
80229,21321.522840686433
99988,19951.375133158264
83379,19951.961520644272
100404,19951.221263307725
76340,19949.585520703884
104105,19951.078767931464
107460,20752.256620952397
83058,19950.274338485568
87987,19950.79977920234
105926,19950.941018847712
92263,21322.099937687603
76100,21301.116800704975
98059,20056.74913781742
97622,19951.377854130063
100124,19951.583624457835
85132,19950.67096528944
90849,19950.9323305479
89461,19951.71190595498
104144,19951.813057107425
76429,19961.924150834264
95660,21321.87750412943
93649,19406.913458845476
86295,19951.292332443758
91313,21321.87820577267
77778,19958.940442559804
76003,19755.175914887455
96131,19951.336280308158
80441,19977.672888245765
107065,20752.121841210777
87237,19950.67332593398
79135,19953.116324209535
79471,19407.789753874444
88444,19950.928706882794
80954,19975.062287918267
87030,19950.79525622969
82803,19950.76266460388
92307,19976.254723715734
103846,19951.14798790958
81505,21321.70475994691
96454,19951.071173112676
92723,19976.614570844653
85406,19950.699565493145
94692,19976.557755028305
96459,21321.855384660255
97045,19951.105682748257
88125,19951.050829863576
107173,19951.525837108537
86708,19950.767228060897
104799,19001.226688679606
99726,19976.321825684216
83300,19950.299582648124
87117,19950.708813175617
100398,19951.124453981167
82731,19950.72772895754
106322,19976.39074689029
83937,19950.517781455565
76509,19959.704779835753
85158,19950.653364969647
90411,19951.126335200894
79751,19407.438453029874
103864,20776.99232614446
85183,19975.56459513945
83429,19950.04427331702
104401,19950.874054672
102908,19951.15239537773
82107,21322.18688436652
83546,19951.249982031488
101326,19951.13318691677
83489,20777.009876629723
95464,21321.869325771233
95312,20777.152574617336
76958,19943.832898280634
87284,19950.771620379837
93565,19976.609071703977
91521,19407.016288387367
103751,19951.1696523685
102806,19001.261923311624
83404,19951.237257008743
78539,19978.51116745375
106376,19951.096555370204
84742,19950.99165636509
80991,19975.214421903183
99185,19951.064005152515
81160,19953.858246223743
101309,19950.90433179813
96620,21322.26546329903
85514,19950.756967752746
104504,18456.320976972955
90442,19407.07530517851
78824,19949.068488001503
93907,19951.15743580488
92574,21322.318639392714
87966,19975.70762878088
84013,19949.772397611057
76192,19898.542141823258
101039,19951.815374751477
93377,21322.085615391657
89911,19951.733179092174
82649,19949.518391496527
92244,19976.635269353723
79456,19954.208592377887
84577,19950.550619724185
101829,19951.13948789706
82454,19950.26788723608
90738,19951.336115201455
78614,21324.090309523563
105723,19951.33474040011
92281,19976.620567491955
83361,19949.531890462644
87484,19951.001066629546
94268,19952.089231676648
102791,19951.251141240107
80098,19952.701865047988
91058,19406.66434504356
94029,21322.30248753733
88543,19950.932636199937
81670,19977.372569758223
101579,19951.37846599866
78436,19974.126966655134
106875,19951.330857876135
87655,19951.526687612703
91929,21322.13586860812
91251,19951.36097427558
89471,19950.985015050348
97578,19951.042133414172
82672,19975.5234206111
78444,19978.84867406592
100808,19951.346109549093
88869,19950.860058392514
85357,19950.640622690342
89167,19951.303063609863
106862,19951.523556008207
91281,21322.136038063156
87788,19951.2945730268
95287,19976.46779925842
85680,19950.723831776962
94781,19976.55794542382
84268,19950.562915305363
91867,21322.325459164855
77714,21324.7534589913
103499,19951.38667198818
83996,19950.368784553197
84187,19950.908436253227
94237,19406.927137190884
86917,19951.317919809146
99891,19951.31941892934
100901,19951.1229564843
78556,21322.935030672346
98139,19951.59207197133
83447,19950.609238170207
80732,20777.610520274677
81168,19977.459586724435
101789,19951.171269910545
96183,21322.232456121452
104888,19951.715267027575
79944,19952.738750876146
84752,19950.834035125616
99274,21321.937416576122
101601,19951.563701614945
100509,19951.11929688769
83579,19951.67798759376
78657,19978.29806298491
97894,19951.57267552146
98305,19951.86463917594
81298,19406.929270966615
98132,21321.902662155004
83681,19950.482025475256
103875,19951.386840715088
96447,19952.009692165968
105060,21322.025751792244
79150,19955.691703492477
105628,19951.48342448922
84027,19950.527730397695
98984,19951.67490942942
103343,19951.13925979963
87304,19951.428230129757
92483,19976.596976197397
78555,21321.343278462118
78697,19956.35617222203
102830,19951.167961418065
105192,19976.347239302602
88749,19950.84985517605
97670,19976.533718358296
89034,19950.750185064277
101691,19951.360048038267
79307,21321.48186498633
92856,19406.615835612924
85540,19949.934075791403
86841,19951.33413579385
78144,19952.20348420959
106175,19951.211267901213
101199,19951.385437748446
106284,19951.05673577707
107920,19951.13735911213
85677,19976.927698940384
80672,21321.694263308706
87751,19950.83821186892
81660,19977.42997572486
104608,19406.678087599525
90356,19950.921295233573
96037,21321.885001063358
85376,19950.64307741422
94596,19951.032926940512
88457,21321.77227258759
92475,19951.08927946676
81195,20777.56533795426
92529,19976.62218693981
96471,19951.07117042928
107840,19951.11931019439
84210,19950.852129164592
103192,19951.37781480339
101468,21321.903966308735
105529,19976.40218044858
97367,19951.059896601568
86100,19950.583278044815
106778,20776.874014122703
81881,21321.66566190643
89597,19950.829208022136
95589,21322.258973832955
78552,19956.673990742038
105240,21321.924272442007
83448,19950.47801716318
83290,19950.410525284344
93867,19976.590086374377
104187,21322.06410412078
90760,19951.687550721905
89599,19950.881789427473
94415,19406.55064731234
105080,19951.129130807494
100371,21321.897977985765
80360,19408.576547200362
101046,19950.93922456514
76264,19961.34282572071
93041,19976.59952132587
104160,19976.389056080807
78058,21324.925661318448
93770,19406.86943362284
101223,19950.88631065098
101983,19951.105772860647
98730,19951.57451728165
89800,19951.323981018042
88196,19951.017412582187
97641,19951.030921030866
103870,19951.374851380875
84704,19950.466928851354
77526,21322.97978973716
77738,19979.948218537367
90078,19950.802202486953
94292,19976.577355995167
78838,19978.241963545348
81836,21322.3222633292
80276,21322.484034529818
108312,19950.960514906958
107467,19951.113945065215
79713,19408.940827437327
93468,19951.661164664798
97220,19976.508475249306
98297,19951.348024564388
91141,21322.373749888506
105107,19951.19712522247
89334,19975.863833170784
80077,19951.86912950157
85326,19951.282714250927
88677,19975.897053532834
86517,19950.669403404336
78770,19956.053259412314
82840,19951.622755441407
84256,19950.569279634736
92318,19976.624265780596
92119,20777.188087676448
94970,19976.3785177566
76714,19935.79125671214
89170,19950.877046210266
90548,19950.94540063328
92194,21322.317894916043
78522,19956.479513140875
83527,19951.270098766887
104239,19950.872849286523
98128,21322.1124710955
80712,19975.956153549872
80259,19407.31471505324
78469,21322.856423713376
101923,19951.08798001876
103655,19951.14711113184
101481,19001.29020190431
86550,19951.9938272447
90289,19950.929780148366
86255,19951.005290914032
80411,19000.921586167286
97263,19975.952135013322
91086,19951.108932847554
80675,19949.90513536517
77800,21321.156924133113
76613,19987.023128968347
87002,19951.353271959255
104952,19951.32848739437
94790,21322.275615281156
89888,19951.323177387756
106268,21321.95095100235
76926,19941.0108759804
90503,19950.64879637603
89083,19950.90280160723
92741,19951.042360637315
102911,19976.32155015889
84601,19949.92107751763
84846,19950.581577743724
87884,19951.782640655147
88305,21321.801431906835
85335,19950.910102496648
89396,19951.097057732775
101992,19001.274407224053
90693,19975.9403819818
83262,19950.80295114535
81620,19977.37617455462
88435,19951.750674032213
80013,21323.400646569604
79539,19953.930677052373
85226,19950.667206074402
93522,19952.177847388335
77175,19960.00982511794
104947,19951.127074535398
100869,19951.14271922709
91575,21322.35372623443
105880,21321.887102749748
106564,19951.46143899982
100585,19951.21339933197
107332,19951.14094678319
77295,19961.357772104046
90575,19951.72208173027
102261,19950.963657637716
108080,19951.185084897315
80364,19977.683507408492
92476,19976.58502816293
104078,19951.2906427208
79184,19978.5325096531
107575,19951.14617653948
79281,19950.160579528198
88560,19950.903279657225
84166,19951.291532792828
78054,19949.295739286506
97324,19951.11479862636
85558,19950.66904932125
95710,19976.544004977182
98600,19951.111776472968
89622,19951.096765672944
81838,19950.75424300436
90646,19951.357109939065
88110,19950.90345164017
104085,19951.023143103284
98242,20777.156371091907
106226,21321.90327789802
87500,19950.78583497523
104807,21321.79822591059
100160,19951.370562272026
105379,19976.394774072953
96754,19951.505135296175
84863,19951.848804829413
100130,19951.111490491396
93462,19951.342124586277
91640,19951.069526433956
95922,19976.584615918484
81137,19953.937941566008
78194,19946.38605745475
87308,19950.807522635627
106775,19951.137308699505
86629,19950.661606711874
87659,19951.799580844014
76404,19936.398422703136
87258,20777.052534399903
100560,19951.574849785196
78660,19978.91191859413
76485,19939.38931245353
99545,20776.98835171919
103074,19951.404083841815
77874,19979.8502938454
97514,19951.349018675424
103308,19951.104076101292
94753,21322.308332770466
80045,19977.935389789178
107089,21322.184001854992
101236,19951.090270902474
103264,19951.15580733944
94387,19975.903854218537
91926,19406.576006263942
99972,21321.89728169492
98651,19951.039542324666
94873,21322.0745794674
80722,19976.848208626616
95907,19951.380426903088
87746,19951.29489216303
90574,19950.973821939093
85387,19951.44549713752
84204,19950.51481326085
80453,19950.56246449633
95244,19406.9079740387
79952,19407.1677823679
105770,18456.324324967627
100419,19951.82179198481
84200,19950.411618492133
88059,19951.347818588823
85615,19950.73623942093
90795,19950.930904222176
97219,19951.060092882468
81380,20777.51199292626
78928,19949.333803014266
85613,19950.82264684988
90529,19950.93296404444
89825,19950.917556025175
107431,19951.36912566974
97707,19951.025428057445
76203,19946.48634975561
107808,19951.38316160721
106497,19951.13557831752
101925,19950.87044752314
95434,21322.25459685041
103718,19951.161304013498
103544,19950.915606835344
78735,19949.02204314065
101803,19951.091412011152
106491,21322.04754364447
85594,19950.67195304962
99930,19951.21483240906
100927,19950.958340478926
76097,19995.09307347848
89406,19951.317324551837
103773,19951.121332198516
107843,19951.112523117583
83507,19951.271217241698
89693,19407.05951367362
101441,19951.148577537784
91438,19951.105768319743
82189,19952.23127801692
94224,19952.082856124227
105046,19951.07481974053
105441,19951.13325832229
97014,19951.01478821627
89955,19950.91933590125
85532,19950.956234033503
99916,21321.895853757815
103336,19951.552375014595
102567,19951.377801577833
77309,19941.240859613506
95074,19951.918794556994
105279,19951.268612727705
77443,21320.791880715573
100797,19951.125616824982
97954,19951.055766646656
104854,19951.120567557802
77615,19946.51774063732
99982,19951.36087782736
91956,19406.85718507061
79467,21323.559316632483
80293,19975.003851087204
78335,19949.5167254458
96252,19951.43590306334
94301,21322.092712562673
97832,21321.87818570274
103557,19951.172914347568
86997,19950.792696986286
78106,19946.087089139426
107176,19951.142203956166
102079,19951.365298997058
87624,19951.512625491083
108178,19951.405272868244
82226,19949.743160253645
85709,19950.9290174502
78061,21322.950947672678
98092,19951.088293291978
77846,19947.927409065782
91751,19976.617319693974
89344,19976.712611982475
78458,19951.0149415181
90444,19951.10124836925
100411,19951.107087945395
76272,19420.690102544697
83891,19951.254737829135
87391,19952.562157176315
83460,19950.455403846023
98018,19976.321770857507
99334,19951.37229021869
97352,19951.67558942799
85704,19952.41932999991
80151,19407.29619521831
83044,19950.733182033557
98476,19951.045305110252
82495,19950.914840334735
100766,19951.153052976286
87429,19950.97635176487
80457,19952.332947819687
97923,19951.564251781354
84002,19949.666942773107
100461,19951.366811108546
101414,19951.36649807239
86834,19951.321117510674
79455,19978.290874283135
89913,19950.8403374781
88592,19950.568991351087
90339,19975.898658158385
94894,19976.575249639405
76725,19943.50475059505
95859,19951.858259036686
92694,19951.029900383342
85619,19950.677065609292
107634,19951.15247495494
101014,19951.10773409726
91174,21322.095246325538
79521,20776.921046371106
97334,19951.072395232477
80761,19949.320268753927
81867,19951.92525695454
96925,19951.351118543767
89478,21321.816742257117
104606,19951.209901201375
77120,21327.141834449838
94436,19976.52734163057
96562,19951.028676182705
100076,19951.36479397584
100900,19951.12843465277
87706,19950.816941667166
84868,19950.612899430736
77447,19946.699682227936
99633,20776.988422990424
107182,21322.180756468846
103805,19950.92344287178
79968,19951.306051053394
106861,19976.344332697183
81356,21322.434246681947
90962,19976.69167549496
102794,19951.139966851657
102702,19951.15342262735
101649,19951.377437058243
92766,19951.0527042052
95750,19406.865349579923
102296,19951.146461835586
106629,19951.341824880226
98746,20776.974794087968
95417,19951.922185920273
91178,19976.647478971212
103915,19975.98736079301
94148,21322.261723716532
92159,19407.0018846474
89562,19950.895459585267
84575,19975.492026078417
98654,19951.074483764274
96212,21322.255884101934
102653,19951.112054453435
88269,21321.77918838653
79684,19409.205453591516
83922,19950.520313524135
91288,21322.120890192626
97422,19951.352291849507
85223,19950.518561804547
101422,21321.906764137897
80295,19951.74008318524
88778,19951.537754201323
102400,19951.22653228164
106858,21321.929246667467
91510,21322.332134985452
79257,19952.012924763956
106694,21321.802803294846
86646,19951.59211316994
100380,19951.37743058011
79631,21323.403958925588
83337,19950.859463506706
92866,19406.616424076066
93764,19406.942082448168
100701,19951.22608814518
85085,19950.876825088944
102731,19951.54554045503
107928,19976.432788384285
95668,21321.914946829063
86229,19950.76527773819
102872,19001.299570571722
95063,19976.25575565325
86474,19951.35212916712
80950,21323.082653681806
84432,19950.414813991927
78964,19949.525668972143
86914,20777.043311301855
97272,19951.512261411845
99757,19951.216768477458
92235,19406.971233190325
87764,19950.933607887313
81233,19950.24585156655
91506,21321.83283757466
77920,19947.17519823585
104487,19951.85711702976
102823,19951.3890425381
96590,21321.894851070512
101069,19951.148724933155
82549,19950.357747057125
77585,21322.86573852063
98854,19951.89372822248
82501,19951.261654350194
101386,19951.177877934548
86959,19950.75497673863
105135,19951.727502687634
100304,19951.37102628315
76999,19983.03764869618
93936,19951.081547884573
96755,19951.016504616935
102115,19951.38838917249
81953,19975.243426271103
80238,19977.975338913282
84324,19950.574609197352
105850,19406.64187758005
86327,19950.72176314504
87989,19950.80561585838
93530,21322.094078292594
99610,19951.116804742913
102129,19951.37329114692
100985,19951.15340865011
76008,20113.726595567758
77703,19952.302713568784
94691,19406.554400309004
103293,19951.380665036122
84439,19950.6752769079
77444,19948.547620893838
85455,19976.870575999605
93989,21321.895940301823
85336,19950.650078197657
100517,21322.069715743946
108179,21322.174217391545
77395,19945.67964843312
98462,19951.52960599501
84943,19951.278063028712
78028,21323.188015045325
81596,21322.277989039354
95852,19952.089783825013
88816,19976.746499278423
94448,19951.94884657795
86470,19950.745111710927
102503,19951.127112587696
105474,19951.148980232254
88119,19950.757205488993
96141,19951.017286504233
85763,19950.687854083633
105011,19951.137229089654
99747,19975.93533951496
108392,19406.59075098041
90949,19406.63506075125
105446,19976.431954567826
95792,21322.25296814071
94956,21322.06510482561
102277,19951.116648845407
77366,19947.61501291154
91112,19407.01852741194
76355,19979.101468416004
79142,21322.45667967581
103859,19951.15320008647
82352,19950.76378897503
86826,19951.36245083344
86754,19950.659458426082
104363,19951.105483615094
93154,19976.599586113396
90930,21321.84053553552
107269,19951.1929124911
104109,19951.101320924452
100487,19951.82564706097
106527,19001.248719070012
96225,19951.622929135843
89925,21321.801319755843
76775,21328.946922068368
83082,19977.15557939198
105115,19951.728285153626
103481,19951.13695308972
105642,19951.17665201437
92703,19976.538086621622
90864,19951.326766171806
96072,19951.05831666438
98628,19951.099914660237
102378,19951.154393086905
85185,19950.96686066736
93707,19976.598979875667
98795,19951.66392678644
97577,19950.748284591537
79804,19408.886352876078
95541,19406.869431928775
78568,19979.1072687451
79608,19951.275773781603
103860,19951.385714740456
98449,19951.579575407744
91377,19952.08306434997
103436,19951.10801054139
102582,19951.57699609342
78381,19949.395243341063
90999,19950.96612313335
89764,19951.680770279927
99515,19951.09939018644
89133,19950.796136834237
81859,21322.879823402647
108005,19951.36728984003
103733,19951.162175074584
105155,19976.332313992065
100185,19951.143794409083
102347,19951.378657683053
107943,20777.086738235233
104445,19951.089125635415
90149,19951.88349363518
106593,19406.217988409626
94733,19951.194824728223
91481,21322.30784225825
100201,19951.124275743703
94149,21321.84133998956
101639,19951.159534652987
81577,19977.443229743898
80120,21323.24369569207
85995,19950.738272401988
85199,19976.24134856501
85909,19950.769930261915
78676,21322.841477498096
91948,19952.10332513874
88041,19951.309160557787
92848,21321.842362637686
87598,19950.723295957625
83613,19950.11695143224
85054,19950.75101692126
96903,19951.072729741052
78725,19947.63178253118
94869,20777.019060749186
89121,19950.770494368444
79858,21321.835032644725
89079,19950.93217363243
77639,21320.88768325843
84498,19950.81709938139
90431,19976.466593802765
80553,19975.03254762799
90257,19950.832083692072
91607,19952.229181777617
82794,19951.231223702347
79243,21321.5801784964
93687,19951.661139935357
91774,19951.82617301515
104622,19950.92137578702
94152,19951.033615012373
107441,19951.18164789539
96359,21321.857748644718
105873,19951.13080587355
82415,19950.723589943784
106807,21321.83314293081
82732,19950.124703466732
105350,19951.17521170623
107206,19951.085207923057
82693,19950.377288048774
101998,19951.372763958916
107032,19951.335610638012
88200,19951.064719863753
105801,19951.138619960024
86649,19950.738420167625
104334,19951.58704532864
101972,19950.957049272783
99530,19951.102672220724
96201,19951.196231904476
105972,19406.198993445018
100425,19951.175352115333
106763,21321.92367428473
90434,19950.894705228948
88690,19407.11920558434
88747,19950.855787827928
92158,19406.574088867932
104298,19976.351261034128
91527,19407.01189236254
91731,19976.576956041827
89575,19950.883446187578
107525,19951.15790603966
80805,20777.590874903475
87001,19951.325997292333
76256,21329.069688273397
106726,19951.33802754659
100912,19951.133236518406
78223,19952.19381418828
78232,19979.57447828373
79424,19950.29651735736
83551,19951.482918814283
98945,19950.790357572794
101673,19950.90528262969
108525,19951.09959571978
92543,19952.22411840634
92373,19406.948011146225
96994,19951.05597488352
80957,21323.106502917315
104185,19951.02282950425
107318,19951.470434063518
89348,19950.881989226575
108046,19951.478246213752
107385,19951.377756960803
104247,21322.05205235137
79675,21323.442300062852
95374,19406.898391661234
108422,19406.207299747708
76584,19972.562240115694
94645,19951.18644742989
87779,19950.74067143093
76043,19996.857748295733
101605,21321.901820299536
83501,19950.56747171308
95444,19951.922004025586
92724,21321.918128800637
101099,19951.151861015558
105469,19951.212832814326
78289,19957.058542762574
90064,19951.343094217107
93527,19975.89138129022
102951,19951.36403158703
95138,19406.887188642133
90436,19951.374143835306
86900,19951.771770413383
107779,19951.22992409205
98096,19950.777158513865
89305,19951.32567706334
81735,20777.4967881557
91537,19976.24126041159
79302,19407.201686803994
106769,19951.152493499307
105306,19951.147521814124
106670,19951.417418548794
80113,21321.519702645233
87168,19950.82856588167
90710,19950.897582092563
90995,20777.184575567444
96388,19976.298648090644
88029,19950.862928502556
92389,19976.23519662778
102649,19951.15936790502
97530,19951.07238491772
88501,19951.318843596167
80998,21322.37255319442
89624,19950.900617584317
83063,19976.582841255124
90128,19951.088300371768
104897,19951.11583804179
85490,19950.803845627946
99453,19951.498902078016
107743,19951.18993086794
105662,19976.11193032393
89186,19951.109356664536
93355,21322.27066658087
100497,21321.909380885772
104389,19951.32769251417
104476,19951.231141221506
94822,19406.547852743344
102639,19975.97731461348
86493,19950.69197430268
95602,19951.960919518402
86924,19950.77923485535
81852,19407.994608392775
102319,19951.3740597234
107863,19406.21102378394
82938,19952.01204067608
89666,19950.82982007351
92812,21321.85668795715
97393,19951.077296521504
92386,21322.33115453193
77152,19947.660121599067
107259,19976.369142694617
90094,19950.908862689448
103704,19951.455647396597
107194,19951.385515670354
86326,19950.766951164187
84993,19950.642688309592
83853,19950.529320879836
98484,19951.842011052468
91880,19407.012826417395
89715,19950.43083086583
101393,19951.182679960937
87375,19950.71376711442
81722,19407.998234792918
91249,19950.96358589093
103603,19951.384192001056
96576,19951.426042829047
77094,19971.313888226014
97706,19951.376455610894
76932,19939.957142613304
86648,19976.459572500593
95671,19951.6472453079
87831,19951.043385238696
82577,19950.405995211626
87475,19950.77977846823
99557,19951.066210421253
82882,19950.182213107102
97798,19951.584507701547
99009,19951.869409848525
98120,19975.955942197415
86637,19951.269765974295
91310,19406.94843260708
101677,19951.36159548945
105146,19951.12296625755
99727,19951.37292422326
84169,19949.650270333488
91121,20777.197016784008
87151,19950.757458571505
107732,19951.194057937122
77136,19956.068327440516
77148,19946.02163399636
104946,19406.419634174796
88249,19950.919034652394
105127,21321.809257183562
89504,21321.84543929195
81927,21322.278226666298
86452,19951.524608305623
78250,19948.990642413755
85921,19951.36295194631
81378,19975.483099898058
106286,19950.922785314917
82085,19977.18862226686
100957,19951.37107788462
98903,19951.090325770914
93994,19976.27808216613
95727,21322.2845870026
102483,19951.421018493475
85566,19951.631322456757
97406,19951.130458918797
76120,19911.233297665276
101642,19001.29009617047
86245,19950.619043385577
82830,19951.589392645677
85386,19950.639017134956
102072,19951.220175180675
81015,19952.21115962716
76016,20086.289580619086
103157,19951.474455200307
85980,19407.30934765434
107548,19976.33453653618
83411,19950.837048949914
99745,19951.12151349664
103338,19951.155989314342
100366,19951.128962558065
107718,21322.09549718168
91888,19406.993248525967
106559,20776.88423431082
102293,19951.149133709092
88007,19951.080543792403
100545,19951.824089317357
81498,19408.07939261828
81632,21321.700249239315
102626,19951.15160189926
91621,19976.636795062965
88591,19950.956429397604
87743,19950.764768443794
79289,21323.722395923156
79813,21323.374993139736
93561,21322.092409913144
99218,19951.04753890248
83575,19407.763878528673
86909,19950.984517682853
81952,19950.625089923713
82101,21321.696337900008
79912,19408.722765894723
106129,18431.488104709104
103614,19951.14507760119
108271,19951.126433997113
88813,19950.762214286686
105533,19951.814090008025
97693,19951.155435870507
106423,19951.13307022559
88858,19950.862167660365
79568,20777.057263305447
78667,19979.073110756664
106744,21322.04636430774
79183,19978.421286211393
92329,19406.970249268095
93551,19952.05364920253
84807,19950.854689466054
106251,19951.454553436135
86816,19950.779974204856
85547,19951.207945474514
101577,19951.136488151707
103281,19975.98022396041
101919,19951.22629333973
97281,19951.087156355683
85353,19952.372990336164
99143,19951.088717867264
89606,19951.353096345167
108144,19976.02114644713
94628,21321.893924048753
78418,19955.94468867121
90238,21322.137186132175
97412,19951.688793930774
95368,19976.553840284105
80945,19977.650977385954
101657,21321.910002354973
92454,19952.203966664234
79075,19947.13946989382
81257,19950.57411556399
99019,19951.348357511753
91946,19950.979933802966
100356,19951.11450051642
88464,19950.96322126898
82081,19975.962824861777
97199,19951.07182215641
99762,19951.365962571763
101497,19951.089662910585
83716,19950.533532604444
99067,20776.98804009714
107895,19951.144492822892
84198,19950.456616326057
106770,19951.557168871434
87767,19951.29246971063
102945,19951.574263668146
95956,19976.54433524484
81644,19952.57146123299
86278,19951.306296829505
79399,19407.15213720425
80474,19408.424938572007
94588,19976.566050301964
108471,19951.346278020308
93417,19951.157980788437
104702,21321.945640554164
84151,19950.682997077718
76589,19975.385020379537
104490,19951.083498638032
86365,19950.605261546174
90620,19950.865187342064
81071,21323.146750991873
92311,19950.99885531883
103019,19950.92726943505
100231,19951.13959831489
83298,19951.266286743965
97958,20776.988146174386
95436,19951.63879718457
85413,19951.314238928586
104619,19976.396708453423
84835,19949.81241487697
86314,21321.76736858299
91780,19976.67830534848
88338,19950.856472558622
98012,19951.14315579416
91161,19951.336284100733
108156,19951.13741530293
80607,19408.31071154407
105607,19951.73811308799
106586,19951.129692841787
93442,19950.80130351113
101779,19951.150937895534
86324,19950.73364998074
101056,19950.91069097798
89524,19950.88054573426
96619,19950.71718225559
102914,19951.12182919094
105085,19951.766241170935
88414,19950.878887696457
94174,19951.04041063952
77296,19943.31285107999
93567,19406.8662771523
90823,19951.090172396995
83440,19950.29001517742
91053,20777.204299549736
87349,19951.31791860761
93853,19976.25256347379
88334,19951.722093085365
97251,19976.514675464434
108429,19951.803413768488
90331,19951.3413370842
86234,19950.83498638813
102632,19951.098913243597
82553,19950.389755770906
105227,19951.293040076987
76476,19942.7391757392
99277,19951.056847250606
107214,19976.510105627243
101622,19951.138154948057
91446,20056.864693276926
102009,19406.560467509313
87852,19975.78635832932
93868,20777.176740484494
106100,21321.93505267603
84477,19951.26602222843
90371,19950.452735255458
101643,19951.395735971837
92270,21322.35187376684
91036,19952.268469684128
93120,19975.878860339344
96986,19951.135378469327
88712,19951.328702396815
107673,20776.975237782088
94689,19951.999740201976
91664,21322.32854857871
101139,19975.975136585992
100211,19951.349602674785
84843,19951.53316347044
99077,19951.302239938195
86601,19950.70605733985
82207,19977.31108654079
83457,19950.435545954188
78306,19953.757136965745
102397,19951.35207127374
103423,19951.232253500562
105818,19951.116065511793
97146,19975.957072191715
95680,19976.486996913223
102459,19950.914747800787
107092,19951.13659360363
92734,21322.11391945042
95647,21321.89341990052
77576,19949.694636429755
101530,21321.904464768293
87264,19950.690761400074
88978,19950.9861975566
86197,19950.701019293967
107810,19976.377459052506
81681,19952.226035057505
105951,19951.1718941448
103476,19951.16626155744
100268,19951.113094332057
92647,19976.59753535694
80498,19977.651419347607
90634,19951.72625492734
86670,19976.839880265125
108110,19951.140711498385
83881,19950.536699482138
77006,19939.900323275473
83528,19976.94778537547
86178,19950.260731105493
105430,19951.089934179396
84321,19950.71563398145
90491,19001.22406583429
86339,19951.008901147623
92286,19976.642705694587
101926,19951.46211380055
106776,21321.876850126817
82619,19976.608785165015
79817,19950.202893513462
79626,19949.807990430287
87043,19951.043791057786
106571,19951.15045917806
87059,19951.003690092424
97729,19951.186351006185
100298,19951.377904033103
98256,19406.62404423405
97907,19951.026576359433
95953,21322.23053800265
91657,19952.091829626865
101343,19951.247340183272
82111,21321.780201968613
108388,19976.19642250534
88818,19951.486979540907
77029,19961.813365805705
104074,19976.63102909943
86201,19950.608285469432
81545,19951.942004760578
87713,19951.302755910307
92371,21322.06791673073
77156,19942.58593548
76880,21323.60990851098
88282,19950.82166970415
96654,19952.052667330245
97866,19952.015507724198
90293,19950.82568923256
91292,19951.683589375367
77320,19944.421264975033
90383,19950.916247611254
100241,19406.765466720106
107973,19951.114383226017
79074,19954.821789956008
92862,19406.892576847637
96379,19951.46685552229
100683,21321.886103081757
76236,21316.06343324641
99113,19951.572066609697
100305,19951.078699144975
86570,19950.182644791857
93251,19975.862087205413
95890,19406.891398300933
104632,21322.179946247004
84213,19952.69275182949
107818,19951.738407773213
101521,19951.1415595436
83053,19950.517998338855
92890,21322.271515223274
107449,19951.076504540295
84022,19950.540269324574
90915,19407.023194451453
80324,21323.2789110726
81352,19951.28327041674
94642,19406.837726124748
76123,20017.80969563275
79202,21323.663101947022
104174,19951.87540901356
91030,21322.357185417804
107033,21321.91708702957
102759,19951.104687867086
102192,19951.15043726621
101885,19951.133838023172
97716,19951.207007018565
81631,19950.157953274826
81759,19952.961179187118
98702,19951.055562958827
105784,21322.18648325568
81817,19977.38293155073
86529,19950.362970072536
97857,19951.039060655
82820,19950.496383591842
79072,19951.215999953867
92301,21322.33222062593
80309,19977.655579698163
102835,19950.88175199175
93599,19406.816786938314
90253,19951.115266348184
92875,19951.946806629123
83698,19951.944212935345
104398,19976.47015669476
96860,21322.11045481036
105925,19406.74335520792
97861,19951.040886019862
80226,19954.50528330994
92699,19976.594204119796
85949,19975.964926273016
92215,19406.997042822266
84214,19407.021491761243
106157,19950.943380100292
87047,19951.069123622885
102413,20776.99205575185
97955,20776.97160107715
81441,19953.775821797783
101029,21321.904082398974
91634,21322.30007057561
84859,19975.960433320626
93328,21322.094211299653
97318,19951.219289130695
108048,19951.34591255505
97815,19951.023299036242
101921,19951.097343545363
96260,19950.707872444505
93491,19951.02255045992
95257,19976.242187639535
83326,21322.761559263574
82475,19951.239580687183
107393,19406.200315529964
94132,19406.921841301857
103233,19951.382340771135
88140,21321.752600669424
88395,19950.934556228145
95094,21321.914695511317
95939,21322.073995998424
108234,19951.175597448037
78788,21322.551577327158
93021,19976.540802498283
98301,19951.865332842535
104221,19951.077960628627
92384,21322.313277588
76288,19980.24131750138
99805,19951.358717795283
90900,19406.91708446518
77888,21320.83399953706
100126,19951.11746354756
82197,19408.05724352711
90987,19976.630460105178
105383,19976.38642789578
100476,20752.178769014707
104238,19951.080146234133
89211,19950.873402388806
97794,19951.00428442366
105692,21322.192944220824
98699,19976.25716895362
104212,19951.294343959922
107544,19951.145165987185
107748,19976.25348156944
103427,19951.139037401805
84063,19949.662911840678
98384,19951.109314575966
91209,19950.69479762436
101379,19951.090911474384
78090,21324.89129308853
88321,19951.334170405797
78786,19948.939166870077
90751,19950.930921279894
85706,19950.747424886096
100853,19951.125461862997
106131,19951.37531266532
89397,19950.89931371415
76263,19936.061734623534
108441,19976.434854697687
88221,19950.86378983457
92526,19951.365540780876
81169,21323.006273803287
99853,19951.11802820956
105516,19951.09394074636
85227,19950.929413018348
101567,19406.703759207703
84331,19951.269906496607
78187,21321.216161222295
94441,20777.166451472694
100067,19951.15865879544
84660,19951.269625427085
98951,19951.83461287418
93815,19951.628235874836
76848,19944.352225705057
83378,19407.62064901724
79966,19950.157865328685
98219,19951.581500636352
89076,19950.62931076509
86619,19951.82419332916
106225,19406.708028059744
76793,19967.906515053277
88351,19950.816168838606
107927,19951.434493986806
93374,19951.975672092853
84067,19950.547662415527
100355,19951.246006857644
82099,19976.797971396263
96457,19951.14104099575
103061,19951.23764076287
89169,19407.12108189616
97340,19951.06510221049
82912,19950.941442000716
82266,19977.112439131393
78561,19410.26327609612
100839,19951.07186818294
85302,19950.670968062925
99375,19406.816410671414
99881,19951.196287041166
88083,19001.020551516063
86412,19950.73672890402
84852,19950.57892832347
89087,19952.17037590752
77702,19412.255593138514
94308,21322.061391589443
100896,19951.086146528247
88225,19950.825971047776
89796,19950.815977545662
101985,19951.125529625107
77360,19955.004145416864
92220,21322.120713798893
83866,19950.854455809727
103140,19951.1067936753
78348,19973.913004025744
95353,21322.059314351438
81413,19950.155476391144
77106,21323.54178347108
103700,19951.372768400062
88524,19950.865105197885
87461,19951.296607525066
78565,21324.128386136348
82507,19950.340990649285
95578,19406.918270602586
91998,19951.684478667186
98342,19951.121793461356
96413,19406.825916782363
78273,19956.277335778752
105735,19406.646429841647
83640,19951.593279305504
100599,19951.1185463485
108024,19976.389059588084
85550,19951.59834008072
82875,19950.338908685768
93272,19951.09240354034
87870,19951.353792489655
83279,19950.41093632912
105742,19951.18538947051
96152,19951.66900935406
97215,19951.98414078336
76322,19982.81026887422
104938,19406.71741294657
81197,19976.68891376993
94638,19951.14306941172
78474,19955.796186151572
78282,19978.545240010266
83765,19950.52493620879
81798,19976.388737812038
84877,19951.301654830768
107924,19951.12859886641
107870,20776.870852575667
86640,19950.629392258412
90317,19975.81888711241
90787,19951.063263648084
102045,19951.094586006107
95893,21322.274376647998
104067,19950.998191800554
83702,19950.544400855964
88581,19951.561944013327
76140,20014.64751435719
87782,19951.31048184995
96924,19406.87559512579
81993,21322.979678538348
92440,21322.290404147683
97803,19951.07207063566
90468,19950.843698505545
77617,19959.425015712233
108325,19951.124950301597
78387,21322.603494208066
93953,21321.92550619643
87120,19950.83673134749
103344,19951.370303669657
86899,19976.67010533612
79585,21323.507226278176
86908,19950.741548381717
101362,19951.13993825156
89150,19951.3241048891
92083,19406.857781893163
81913,19953.474241068237
86370,19950.72675418577
78733,19978.753682647206
92552,19951.9574048005
89154,19950.91253257093
97775,19976.185602114616
94930,19952.094212597283
79476,19949.424928033324
76220,19954.495090864
98869,19951.578985622597
97474,19951.2060729171
99008,19951.04358328439
107702,21322.059548243746
102495,19951.226812901255
76423,19937.152660834
76460,19964.480753784577
83918,19950.83222285466
90937,19952.090733020803
98893,19951.05665371184
95015,19951.986856175256
94231,19976.56852425806
107866,19951.13671502812
91935,19951.07766541026
94141,21322.301165732224
84712,19950.590804056978
85125,19951.28191543872
102606,19951.144209897662
82305,19407.84073223618
83086,19949.83961342022
87329,19950.81902232432
100213,19951.164687203407
93661,19951.66939624746
95973,21321.86644699322
103243,19001.24823639523
77036,19941.139337018194
82262,19950.48852827114
103648,19001.295114054166
91920,21321.669447217446
85960,19975.64972420282
92632,19976.62223559085
97381,19950.926069225377
100466,19951.127845741452
77087,18997.66913409361
89734,19951.351886654127
83766,19950.516356366512
91812,21322.137448215824
93927,19952.160728266696
93439,19976.563670730047
98318,20776.968514337852
86863,19950.947732895806
95233,19951.642645405624
78974,19408.84149034601
89793,19950.959743852083
92799,19976.610323846682
91635,21322.089705659862
78414,18999.689195861887
90596,19951.033677905405
80519,19977.004178369287
89515,19950.633893323404
86481,19951.326119164598
92047,19976.59898734903
77635,19979.594892796053
98546,19951.042540827646
93556,19950.765089949236
76764,19418.68760312502
104600,19951.0765069421
107170,21321.8845358333
104809,19976.286477613477
104957,19406.75924807844
100565,19951.37243236138
82733,19950.351430834733
90487,19950.861035015234
104778,19951.101028450765
106916,19951.765991805463
85771,19950.675267413662
99896,21321.89515742405
94796,19951.155447134668
105856,21321.935223769422
85845,19951.85111923009
102590,19951.373907726258
95913,19951.935305809497
104395,19951.52173533747
96422,21321.866934781694
101279,19951.224505524064
98041,19950.771312546032
90702,21321.65066476901
104988,19951.04518324231
99996,19951.461273700912
103713,19950.995612798895
79170,19978.470723885865
80452,19408.4165807116
105657,19976.424166373155
94986,19406.904394571742
106339,19406.198557859338
98568,19951.39245150589
88304,19950.459306985424
87628,19951.36780091828
92003,19407.005997074215
97111,19976.315724040276
98892,20776.98473699792
97778,19951.516785249572
95960,21322.070722334116
80575,20777.64102863521
94709,21321.878640717034
103647,19001.29944577467
87784,19950.793466016006
77344,21326.067185453234
104068,19951.035051869527
94747,21322.075946871435
82797,19950.71696195953
77079,19944.362334927548
99217,19951.107400668898
84624,19950.599376598733
79999,19255.91176290321
107791,19406.205934195965
86274,19950.71964004726
92407,19406.962409769905
98109,19951.858043448
104428,21322.050766614866
76693,19984.109328566607
96321,19950.726504237784
107222,19951.140751099538
80693,19950.086832370805
87795,19951.020032614444
83814,19975.610165063863
85548,19950.322111426423
103252,20777.00945328738
104453,21322.047602816998
80578,21322.422713188687
103826,19950.89890919137
103199,19951.129137605083
97338,19951.36306850058
107287,18431.48906346274
77059,21327.33693847125
93965,19976.243118793842
89513,19950.88823846846
83064,19949.564424601038
103490,19951.4224893484
99116,19951.042161183228
99690,19951.580119673723
96405,19951.00894906065
96969,19951.015226428928
84317,19951.348571811533
86480,19951.33374535798
78305,19979.469900869124
96458,19952.023149037872
96847,19951.015514759496
87888,19950.543368511262
92753,21322.0969036225
84191,19950.675457709815
84830,19949.99104274951
100910,19951.006195529542
94969,21322.307823631494
89103,19950.88581178113
93092,19406.884383579058
106511,19951.414704249793
100549,19951.45562808187
90741,19951.134830161744
78118,19948.406884318567
94087,19976.5571905308
87584,19950.867128664257
107254,19951.08659028591
105985,19951.462169445833
88323,19951.033232891812
105221,20776.941257027833
101901,19951.367479820346
90944,21321.893488396378
98634,19951.107760575633
94057,20777.157702722016
77391,19943.430812004448
77284,21326.178401179488
95838,19976.574056008496
105720,19951.13594239236
97257,19951.75579443729
96339,19950.98838347914
81848,19953.21404127346
79581,21322.5866384087
97762,19951.350465433155
101710,19951.089572708657
104892,19951.084248340776
98689,19951.362398291036
102340,19951.12474807119
103335,19951.441332406594
80348,19976.85462614848
101717,19975.951300419016
84797,19950.935048262698
80101,19977.884752907758
83224,19952.274707753128
93736,19976.545372939898
78612,20057.5465714399
80009,19408.110451204626
90246,19951.081377459428
83348,19976.954636618222
102263,19951.143244057628
84153,19001.147192565462
90556,19951.35943203966
83726,19950.362060526342
86153,19950.71159064709
99219,19951.365809966363
79008,21321.404670752247
76574,19942.92250458528
93345,19406.86954064951
89271,19950.96953615786
84424,19950.928535225157
104788,20752.262357350723
96178,19975.9980786516
90344,19951.35961860191
105532,19951.836739537997
83994,19950.70321073027
91151,19952.23209241901
77889,21325.02901527872
76382,19428.468079909617
97738,19951.02887839177
86371,19951.28096570926
79800,21323.418836154044
79323,19951.929498202382
88652,19950.829739204284
94397,21321.875284304526
80125,19407.017673798317
103621,19951.139551597258
103073,19951.19439574171
104977,19951.83878062972
101232,19951.151514179368
92921,19406.945155546888
96524,19951.084721717198
108206,19951.128072317628
98011,19951.343295028168
82282,21322.896250171572
92162,19950.965182316675
91162,21322.074982628008
98222,19951.023432725488
106388,20752.27243432613
76194,19920.937462275113
93165,19951.011180099817
77080,19982.223098085324
88188,19951.2988905101
95987,19976.52106579498
82919,19953.28100560016
106334,19951.100303560776
92868,19952.03196471704
83314,19950.466764622524
83498,19950.576901470748
99081,19951.095711509708
101875,19951.13728852057
76353,21317.887225887196
97969,19951.864753555907
86292,19950.76042320368
76622,21325.506694051383
103480,19951.846787697457
85818,19950.28242431127
83971,19950.808828926718
97382,19976.516787213117
101439,19951.12721959318
96661,21321.867008292575
77795,19943.858375848653
105731,19951.361645817422
91696,19950.764029785918
93939,19951.39090211756
97415,19951.071115536706
103354,19951.373954194798
98909,19951.56932451122
78125,21320.85324311185
106866,19001.235856857948
98910,19950.799405198082
106208,19951.478095997332
89885,19951.41775979708
76580,19938.0190718995
95892,19406.87734740235
91957,19976.13581531277
99645,19951.107033459775
79562,19955.225084598333
82838,19950.248417613748
101076,19951.122822612073
81361,19953.099689177
108419,19951.1610087651
93085,19951.240077149952
104426,19951.121942694605
88313,19950.83097720489
104866,19951.179971111203
101788,19951.129361449897
103172,19951.151907726744
98374,19951.60413680573
107111,21321.926068467343
93480,19976.564732502655
94099,19951.809692859788
100358,19951.13796649595
82106,21322.349773913018
92783,21322.07157798838
95978,20776.971724240986
79394,19976.78210937895
81521,19951.71678437056
88260,19950.70135970472
98649,19951.060480554534
81422,19408.17449487725
86500,19950.727093959027
92997,19406.940431108953
107940,19951.190416092035
80225,19952.666697515506
94805,21322.09946486981
88709,19950.553513071645
106470,19951.135531248743
78835,19974.882086082493
90721,19950.916304008984
105429,21322.18989572476
107998,21321.958644440165
89287,19950.85274844511
77311,19943.17476261895
87200,19950.79568888552
95348,19406.755899033982
83148,19951.53050659075
100616,19951.56779820202
81487,19953.91778928432
85031,19950.617717679695
86761,19976.772840302012
108219,21321.940296514724
106290,20056.60821397085
81428,19950.34419606889
94572,19952.103354341696
99173,19951.105437517184
85760,19950.58045785429
89013,19951.779954752867
85726,21321.730767514953
98647,19951.54685866475
76300,19435.777366753264
76204,19920.88519021092
99199,19951.236750737447
81833,19949.36628532773
79245,19978.324901172677
83196,19950.299110825883
85013,19950.56909382359
99200,19951.363194089972
96238,19406.85380618302
96548,21321.869907581997
104251,19951.443873056658
91169,21321.839959624074
91530,20777.191821889013
103143,19951.019052993575
106804,19406.203612795645
108066,19951.55478514216
76048,21343.36368826637
75977,19468.816030649905
96347,19951.335132012104
90190,19951.5130497285
77081,21323.774219335162
83861,19950.5161488176
100546,19951.102344574643
78182,19951.4633154262
89589,19950.610930143444
85606,19950.581865917356
78359,19951.056595368893
97559,19951.096013662434
76721,19983.56104183114
88097,19952.28873370491
87435,19950.88907563931
80798,19950.522505969075
90537,19950.912478158512
100528,19951.079516971902
106401,20752.350249757397
81910,20777.466375641176
92691,19951.997564946003
100615,19951.207479560406
77234,21326.438064389902
78332,21324.217261731454
77572,19947.53277504357
90150,19950.917276926884
105917,19976.374853848272
76449,21317.756216698563
93412,19976.588075061758
86269,19950.967201548578
87995,19950.726714984743
100075,19950.865802725115
80021,19953.814897125147
90343,19976.24296791785
106349,19951.114489403917
87255,19950.931206501864
85507,19951.296080186803
76232,19922.320408351185
106308,19951.138781123725
92289,19406.98489413638
104499,19951.877223962016
81788,19407.77854362028
100405,19951.369807765484
106380,19951.15794837576
81018,20777.587703070152
83259,19950.442536106166
94489,21322.279241946893
92430,21322.31420519083
82401,19975.358159515483
79510,19955.211717211107
84456,19951.350674327237
98445,19951.43438067426
88466,19951.305009871645
94340,20777.144065147622
104411,19951.362855189764
85378,19950.94251725843
93363,19952.140969836048
108217,19976.36779234968
84003,19950.390259349686
78674,19948.94242368372
83754,19950.49699251635
107659,19976.44882868737
104134,19951.31083028862
80428,19407.04839823077
107034,19951.082651428267
105024,21322.061797979823
105501,19976.25938187648
100183,19951.36330119998
96262,19975.945928453762
102419,19951.153419688922
76520,19413.893055101646
87564,19950.209106137623
95034,19976.5419455959
102071,19951.875141483928
92236,19952.023793936485
108245,21321.909024000215
90472,19950.43368590693
91733,21321.864851358587
86418,19950.736576617353
91544,19406.645525650903
108294,19951.144395663694
103067,19951.37205251129
87683,19950.82193811083
99427,19951.084826502418
78592,21320.982707731175
79477,21323.47791829016
100575,19950.844431381924
103629,19951.778773071554
86341,19950.84466523526
87901,19950.719243616386
100467,19951.127559372522
77769,19947.05542130557
90466,19950.951381889197
105120,19976.44631174655
94434,19952.112854236162
90333,19951.33333359998
100483,19951.081544690438
91083,19407.018636268258
86536,19950.742698859292
108361,21321.910654428615
102652,19951.232075100612
84120,19950.54318636219
99541,19951.52655811895
80658,19408.302712738572
96028,19951.95291332614
82478,19975.284580711148
99296,19951.57429740972
92923,20752.19259710263
84564,19950.66378165069
83515,19950.78376492977
80070,21323.266169372604
104027,19951.458898517783
79391,19976.468480537835
108108,19406.43969175063
99156,19951.046915786377
94668,19951.35000382509
107534,18431.489536296067
88509,19950.856355128504
78713,21322.773211000607
95033,19951.938783843878
105878,19951.3402639587
84590,19950.499929112288
104297,19951.276526687907
93140,21322.08271103754
95943,21322.10657290058
87298,19950.877107171076
105774,19950.98627385894
98658,19950.7818893319
87070,19950.86339343081
99465,19951.10709003837
105845,19951.13705432496
85369,19952.82666290366
83600,19950.290182847257
93030,19951.669184741146
82159,21322.28538255957
88527,19950.838205513177
94866,19976.54022683379
81680,19953.25661211281
85293,19951.29149110698
83020,19951.318298937185
92112,19406.994493218568
97809,19951.04666684908
83970,19975.439244250523
86745,19951.27428574294
100652,19951.595959820002
78837,19951.27215551359
96354,19976.31502635781
90084,19951.35155982356
84838,19951.28561342023
90416,19951.38354187135
82908,19949.729499557994
81469,19977.485365474222
97939,19951.095219343853
84109,19950.65927358416
94042,21322.304137045154
78843,19949.134879293706
94386,19406.932082658353
79961,19978.01919931751
98556,19951.58126657394
78323,19977.282952071164
98349,19951.181831605212
104599,19951.120950870227
92804,19976.54199377058
81485,19408.109660139766
86984,19950.769245195574
84902,19951.397597263713
87230,19951.299735892884
101698,19951.16208890257
81187,19952.384415305358
91728,19407.007243586995
90136,19951.580850713668
96483,19951.065777546886
103424,21321.929381302525
85712,19951.28112239373
85509,19950.67418278854
79976,19952.227683812514
93406,21321.85450610588
84108,19949.892064160253
82598,19950.308863822465
88086,19950.739665224537
78975,19978.775935626414
78989,19953.107202816485
93597,20777.148365541874
76707,19954.2128289145
99370,19951.82714188863
90372,19950.94533722452
97227,19951.20888444505
93053,21321.90226306425
99724,19951.356246970197
101261,19976.012021816652
85273,19950.54462206063
105019,19951.383842783172
107234,19951.16629268269
80816,19977.69109509944
101175,19950.997320511437
105866,19951.855195207358
96858,19951.027399379083
96226,19950.988840873073
97454,19951.622895609788
94540,19976.57656597466
99937,19951.37055953281
96637,19950.921916493917
82607,19950.388660716326
107708,21322.055411220776
104404,21322.063118855378
80758,20057.15478766696
99346,19951.372841357712
100310,19951.36713062431
91670,19976.641433064833
91353,19976.979314206666
96061,19951.348289943977
88206,19950.867468582437
101814,19951.087597934875
82298,19975.259370073545
94958,19406.85020279784
80444,21322.456247591253
93957,19951.603728845013
100830,19951.371685236936
82523,19950.300807191754
96073,19951.034737959173
87933,21321.816188449724
100553,19951.14791927203
86623,19950.93517561358
87445,19950.72951126685
87890,19950.905073116235
103149,19951.16104940609
102862,19951.192953650425
77553,19957.966192990087
104728,19976.010587680084
77884,21323.259514039688
85105,19951.302454479817
76064,21340.57887049963
86071,19950.576980781516
97148,19951.621355852603
76161,19452.177702764013
82950,19949.540539110123
87334,19951.769338021444
104120,19951.12893144576
104591,19951.121444353415
106665,19406.68727584842
103766,19951.151273405932
104087,19951.067764864616
95947,21321.879558451543
87165,19950.845144049796
76294,21327.78853685828
108455,19976.369403762634
85399,19950.94236642431
84698,19950.84770973011
80713,19407.138776659205
85799,19950.678282193185
100254,19951.118362296198
80264,19974.894789315567
94211,19406.891146626116
98839,19951.5897570503
99631,19951.83330556105
81506,21321.69952923466
76167,19950.17710290158
91308,19951.70673111428
78803,19977.354181403483
92010,19950.930923879103
99424,19951.053380660367
82042,19977.137048743654
89760,19950.486883847025
78489,19952.286872757086
102712,20776.99611101388
90935,21322.344227102065
102912,19951.15171749284
99041,19951.05617767966
79903,19954.803324415352
96670,19951.006834347663
76729,21329.595741048626
91107,19976.663201827283
87286,19950.79985136032
102303,19951.15814298055
106623,21321.93679172499
86955,19975.831891139504
90173,19951.58982826633
99829,19951.04682156061
106155,19976.008401382194
95426,21322.307617800325
82218,19977.265379650573
97534,19001.194118878582
104186,21321.783532479134
94450,19976.281383113415
77720,19980.44207417072
83278,19950.453348741496
90401,19976.442260262877
95842,19406.87877298184
77025,19955.449511164596
88288,19976.737002914248
83552,19951.323649403574
91467,21322.33279564231
78417,19951.139906232067
81312,19953.494055401778
106656,19951.21081686478
93396,21321.84642451899
89063,19950.79129298968
94830,19976.498742142438
98183,19950.751957354223
101338,19951.139414677593
86784,19975.740486685223
99315,21321.885581080835
100058,19950.82653465077
89181,20776.99445006686
92271,19951.03170557311
97562,19951.350302490107
79601,19974.739493252928
95361,19406.557995773077
82021,19407.055761607
80766,19949.954467129603
107591,19951.192110179523
97689,19951.081312185324
77322,19977.861336415812
83942,19950.487985952277
80703,19954.164652297637
84304,19975.800699781965
92976,20777.192870948093
104652,19951.146913239754
81684,19953.68273282286
90189,19951.37257721017
92960,21321.908370666657
91335,19406.68060516171
105310,19406.711827286093
97940,19951.520704276136
79726,21321.373234804636
97677,19976.501625345427
76868,19965.101558529095
82008,21321.77670127379
96078,19951.378151397897
87835,19951.30471909017
79247,19257.670658721825
77781,19944.997033186104
83214,19950.48117653704
108215,19951.774819964205
93824,21322.107020009465
80787,20057.189317812088
91615,19976.6330197744
80389,19954.31620040539
103596,19951.362564206192
105821,20752.3573152932
82476,19950.116431242688
95265,19976.236399860038
98399,19951.84429807592
76238,21316.85809638074
99100,19950.78791596641
104714,19001.225373526282
90919,19950.99392420238
83623,19951.374941140195
104865,19975.98112699057
82002,19976.364041976827
78910,19954.94845950934
95502,21322.10026248965
103857,19951.155477640317
97624,19976.480006476588
85720,19950.656910914837
96531,19951.066164234264
83085,19950.43546731903
107580,20752.348345376056
100283,19951.123610455375
82635,19950.29011954333
83319,19950.41716329715
82752,19951.752073015326
89036,21321.839230639016
83309,19950.45404358486
91103,19952.06423548408
78064,21321.16835386318
93250,21322.32122293305
104512,19951.66702307534
79857,19950.01765298276
105526,19951.31659600579
95901,21322.098169400797
88558,19950.77081888616
106352,19951.29355546362
77802,19979.424016832378
87315,19950.684496929065
78742,21322.81377654513
102737,19951.167585094605
102515,19951.132786207258
89811,19950.41101537774
83376,19977.109412463815
81478,21322.323306219063
90640,20777.243772382895
77782,19972.9200210348
95954,19406.848661813874
102593,19951.150818210237
103795,19951.554392082333
90806,21321.642907256406
89657,19407.11604626728
86003,19950.72051523238
95380,19406.84200760245
105152,19976.58993632237
89783,21321.819349782916
94941,19976.539365424673
97059,19951.062326827137
94104,20777.18291298606
108398,19951.17586946429
84930,19950.586777484106
107156,19951.709111753367
95687,19976.534269342752
97033,19951.056610698128
103036,19951.16859241007
85849,19950.712797763255
103638,19951.12478568865
76938,19956.898088933816
86884,19407.2463500193
88711,19951.7587932
105179,21322.18737030325
103858,19951.360536555047
105362,19976.50617603366
77038,19414.840927222114
98935,19951.59076319987
83763,19951.789126824253
106254,21321.936382831227
96326,19951.493974510002
91225,21322.158751168212
90336,19951.699023724206
99070,19951.099020893183
88213,19951.310658420214
80925,21323.126124505605
99202,19951.371768509256
98190,19950.78083564567
93632,19975.881250546303
103377,19951.343319504602
106788,19951.303379926012
104266,20752.371410101925
97957,19951.210724341236
79055,21321.35466927613
99963,21321.901137397726
104883,19976.42455238517
77565,21320.25768144063
104641,19950.9069664032
92456,20777.1705871423
90989,21321.874974706374
96336,19951.056125815707
75990,19763.07782788569
81685,19977.421627269843
93610,19976.58994432627
92156,19952.170130540893
98823,19951.540408125176
92141,19976.670318747925
87756,19975.792674875862
87211,19975.82706717217
93983,19976.598181771
87098,19950.79623435065
88453,21322.12082962425
78408,19974.115825570883
82661,19950.570660275913
105658,19951.089377325425
82377,19950.68663137642
86738,19976.350463845072
90498,19950.928936335386
96128,19406.86894000847
81136,19408.215650216564
96840,19976.33678564238
104970,21322.051798885033
102228,19951.38538358012
77466,19950.655736940345
77981,19949.13851035292
94406,21321.927439075356
107110,19951.136629371118
106442,19951.461264423124
90593,19951.026876864275
85731,19950.32993326546
91243,19407.023656492973
88327,19951.05970825835
101596,19951.134477857715
91216,19976.62917416236
82093,21322.966179151088
106882,19951.19131084889
89713,19975.798779182118
93144,19951.48240090431
88299,19952.220295657928
78242,19979.316172439463
93200,19976.594959111637
97874,19951.19545153384
93836,19952.137193291568
77774,21321.078050903812
94322,19951.680035558657
98230,19951.583862807787
96006,19976.45596243058
85959,21321.75132133675
88398,19976.46026932518
99305,19950.799009645056
86936,19951.304838554934
107147,19406.582029704197
89432,19951.51941082178
104475,19951.182992117938
93164,19951.14611879227
77276,19946.5402255062
107454,19951.223432552775
89979,21322.1244448515
105360,19951.121097839376
88586,19950.824233618783
84105,19950.87498968737
104625,19976.189818409497
78707,21322.631486370963
98962,19951.040347051632
105679,19950.887621418788
107418,19976.364778539726
93072,19952.05367375283
78519,19948.55282379955
98281,20776.997065283722
99872,19951.089081416263
99188,19951.032074275467
102719,19406.728024923017
107129,19951.11989770065
86785,19951.045776951472
80533,21321.392809467598
78168,19979.52977677833
96300,21321.868194709252
85605,19950.91066069288
77676,19977.885997335066
86360,19950.788225497385
95177,21322.124521856244
77263,19946.780913035658
83488,19950.563936718525
106949,19951.378054080385
86400,19950.96009678123
103763,19951.170355711496
98495,19951.572394291506
94363,19951.64148975265
101940,19951.13781216495
81366,19977.28436603341
99546,21321.92527638983
80651,20057.268225462445
101196,19951.360035508325
102050,19976.036924418677
99804,19976.157992792585
87153,19975.672833814373
81225,19407.834068075714
76181,19925.086025445187
98469,19951.228000285908
93979,19976.548659941567
87480,19952.50355942976
76369,19934.072273733735
88375,19950.85018805512
79983,19976.868860338887
87393,19950.812413278913
88732,19950.85049890086
85383,19950.031336226828
101126,19951.08788692913
95928,19976.49254382536
103011,19951.217219659095
80083,21323.338927650384
96118,19951.54647095128
85674,19950.69366327996
82917,19951.34274108195
91143,19406.586812674843
101645,19951.153210312576
92817,19406.626521686012
97402,19951.03960604795
83885,19952.018134194077
101758,19951.14845920539
98594,19951.522222206822
102018,19951.130685262127
77568,19947.068047334164
92202,19952.169895710384
83954,19950.877065038705
92567,19406.953175406445
99006,19951.601323124807
90732,19950.961172497293
81955,19407.722647631876
82585,19950.38972298903
106285,19951.137996024932
93620,19406.883890239187
90725,19951.104441935942
92088,19951.074722263314
107174,19951.172780257915
90304,19951.098006052976
104127,20752.0940031624
98880,19951.50949913831
83303,19950.267152962133
94770,21322.275421220595
89074,19951.505733760227
107549,19951.723322604397
99624,19951.82509768071
105181,19951.10818824179
88189,19951.032715265974
76455,19949.61375604727
101020,19951.148836661494
76745,19945.488975244894
89568,19951.695454574652
83478,19950.447696266205
85747,19951.27164587845
106272,19951.154115669837
82872,19951.25666830735
107532,19951.368859234284
90049,19951.345771056804
81364,19975.201903884725
98040,19951.08753287877
102958,19951.373424803907
79260,19954.671578200156
92243,19952.10645771043
88478,19951.329936644455
86621,19951.59576941083
104072,21321.94200737168
90813,19950.99150956167
107620,19951.367681078686
85958,19950.57039833641
91758,21322.348268252954
92388,21322.335030688668
95940,19976.531540188073
95423,21322.263497857566
78205,19979.349943130484
92781,21321.83338395874
76964,19972.237070324918
91309,21322.086944918497
87312,19950.823406228024
99960,19951.132327505304
105615,19951.374040398954
81777,19950.506121533377
90088,19950.90111201633
101916,19951.148884709783
102032,19951.362750468557
78757,19955.38678872397
85089,19950.625139950676
107536,19951.34133444425
79554,19975.0123824823
100053,19951.58052250277
102087,19951.36903129896
79180,21321.472069250987
78292,19409.793971242154
87547,19951.577200237687
96714,19975.917831212166
101388,21321.893761003434
98889,19950.927592170603
90037,19951.33648402542
95831,20777.164175398797
101678,19951.13038205214
77780,19955.3508810086
104014,19951.377391647784
105304,19950.89095454751
77837,19947.791296597035
88541,19950.805770816023
89143,19951.774195222504
90294,20777.25075250045
94097,21321.88903176013
99108,19951.28767367202
107044,19976.294304830375
108467,19951.711675499035
88739,19951.607102124668
102441,19951.659407705298
86183,19950.73471690462
106346,20056.740584828145
84130,19407.529299050828
107757,19976.005695362976
84412,19950.47314245294
96522,19952.0625735943
79372,19951.917277114524
106945,19951.18573923981
88312,19950.817056657812
97814,19951.37051403158
94724,21322.32619516478
79892,19408.740217170696
94500,19951.427667541888
102161,19951.142244406583
85073,19950.903703271117
103316,19951.159547583786
81537,19408.0316003666
79187,21322.653541945034
93646,21322.0789595125
84942,19950.63344976355
105305,19951.84616477987
102440,19951.14168041821
99694,19951.59073430867
97189,19951.095740014833
89680,19951.342595165457
104471,19951.171188036737
98066,19950.755759586882
104541,19950.835423470075
90039,19950.91656178414
99640,19976.02340840403
85034,19952.062624251157
105699,19950.971576208496
103097,20752.181269503777
79154,21323.62740102291
79730,19954.324112317438
93954,19976.546093536817
106821,19951.167576574106
108129,19951.18661614484
81433,21321.60218364806
106810,19951.059453452894
89340,19975.737542398158
92137,19952.200102872775
89457,19950.779830046235
91797,21322.08305541178
92334,19951.678634324016
99141,19951.550501359085
104901,19976.013800149925
98189,19951.05003603244
95071,19976.269150956672
85149,19951.27133001959
83164,19950.46479385555
79589,19952.765758894733
96533,21322.11637840932
79514,19951.880945016826
97024,19952.005804220244
84010,19949.638615023767
77716,19980.483637465106
99999,19951.064890623373
91937,19952.07859302312
83222,19951.26489398691
83874,19950.502321926306
85379,19950.014328548878
80923,19977.678035254205
87263,19951.369590321887
77648,19973.022915784113
90784,19952.067059698817
76092,20032.78245434758
85877,19950.654156654236
108297,19951.147056602706
81020,21323.036050888495
80092,21323.24628611708
94008,19976.5626278717
101425,19950.888571992782
81218,21323.019918678783
102599,19951.45267486281
79959,19951.82739758297
88223,19951.07891410708
97792,19951.191243524874
98438,19951.036779383267
107986,19976.431152118057
83947,19950.391068972458
105867,19951.182617579292
107403,19951.22636714768
88885,19950.8795737856
98450,21321.884932091347
83554,19950.70336139864
92398,21322.104806847816
97238,19951.01186112731
79115,21321.453360970016
92394,19406.826013771533
86813,19407.237494955032
106364,19951.106583114
93974,21322.2773633186
96921,19950.74240454482
76493,19926.08767511114
76358,19962.596055089878
89895,19951.31934409595
91354,19407.034878452898
105589,19951.290740082422
96412,19952.052391157395
98970,19951.103841887885
103020,19975.99828238323
87261,19950.86055398921
76112,20038.887333550065
96166,19976.467143816197
90696,19950.956334870116
94089,21322.066092512578
78422,19978.823937142388
106298,19951.243413415214
105489,21322.010553606568
108304,21322.056430489534
102353,19951.095936187907
76411,21315.679037504127
84847,19950.605402835376
91646,19976.175503089908
76141,19948.002593109064
90730,19950.47891743337
100429,19951.13316846498
85989,19950.359168539188
105539,19950.853593728723
79951,21321.609969025336
96676,19951.057102060007
100762,19951.056599526968
92509,21321.870209209657
79582,19978.160671532776
108529,19951.269554714665
86542,19950.715838942822
80669,19952.10685448552
99953,19951.130615253365
93023,19951.00073207497
102223,19951.223156919074
102167,19951.09045632872
84525,19976.486620842097
76654,19970.559681059112
96998,19951.467435871058
94337,19406.802776864817
105106,19951.129823491574
77494,19980.746996579026
91245,20777.19877524017
98303,20601.955048470696
96838,19952.03727788351
82064,20057.117636900282
101129,19951.078668262155
78108,19979.35537379234
95497,19406.886365237584
81175,19976.101194642746
89631,19952.382962811844
93976,19406.91926427026
86199,19951.02214453683
106842,19951.147405651183
78263,19975.84912102038
89187,19951.307573617087
104396,19951.52676645513
87198,19950.81440265255
78994,19974.451951600993
82655,19949.776563296684
76432,19937.461796703854
95404,21322.07999514245
83767,19950.518293851062
87719,19950.77416893581
105980,19950.926639198227
99851,20056.80122538992
80432,19950.17408205221
80344,21321.598912952497
83694,19952.79526938466
96247,19951.928595457655
86395,19951.591607577713
103276,19975.993126873036
80262,19408.330549959683
88698,19950.924523580637
101575,19951.133699111946
101293,19951.114863357325
76732,19418.226144044165
108287,19951.511233084297
100140,19951.134375951948
85239,19950.654420338797
85252,19950.652522898967
77174,19941.87189696813
86250,19951.591998385695
101740,21321.910066174456
108134,19951.10243221738
82406,21322.379699514426
88667,19951.32854909165
96978,19951.065138433336
78635,19978.287500918355
96572,19951.042017904772
87841,19950.830549324568
77951,19979.182403878072
77253,19940.673478093086
99102,19951.113658908464
105959,19951.496777472363
91687,21322.30466409409
83483,19950.402958517338
80361,19953.6534934946
94647,19951.07924173362
100857,19951.086003564073
82465,19950.570988744104
100672,19951.11055553862
88369,19950.863387537604
89345,19951.06289023444
89610,19950.466335879606
108452,19406.7238282414
77913,21325.140586975333
94990,21321.89872334979
78501,19949.304322086846
78393,19945.735341758675
101975,19950.912033560053
93585,19951.984633297103
80079,21321.550122667762
92292,19952.233333664106
88595,19950.84595430921
107865,20777.104259972402
106687,19951.18449075026
101741,19951.451761594864
93999,19976.545372963395
107722,19951.345513405744
80167,21323.224565914785
81844,19407.933176537223
77048,19945.280767515353
107873,21321.827506427446
84939,19950.61013676756
106486,20776.893080284914
84683,19976.306740722106
83721,21322.704809350224
95371,19976.473749459758
77370,19958.79558371462
81285,19952.32022985712
92306,19951.13609924474
107739,21321.883381188753
89483,19950.88163036571
78832,19978.661463233424
95190,19951.65366048
100747,19951.206943000947
106957,19951.164190668347
101143,19951.104206446777
92745,21322.309074626908
96890,19950.992662854216
76809,19969.29415073023
101202,19951.139119512063
98845,20056.7939472986
106599,19951.105805071446
102195,19951.109192258198
92630,19951.997760956798
94558,19406.912844686653
93959,21322.300029014594
77993,21324.60715374131
105814,19976.443300344705
90144,19951.03365690225
102474,19951.571885556164
93582,21321.88194647679
95183,21322.256030787088
102451,19950.917895474424
90109,19950.853937639116
78889,19949.267250130477
94338,21321.875879285177
88104,19951.306751697215
99955,19976.326867522122
91274,19976.541748207175
82254,21322.8887368618
94279,19406.910913382428
84677,19950.601720260438
86814,19001.200406085634
107316,19976.39764074917
108497,19976.343941856194
97403,19951.196104282655
104859,21321.86195258027
76106,20041.474609125555
77307,19961.482436891358
105083,19951.33442090274
101644,19951.14407580072
75980,20245.075678911227
80678,21322.42139795767
96987,19951.06192089708
84261,19950.564808201972
103391,19951.159782901555
84290,19950.498029334976
103179,19975.998232647522
92887,20777.02124926685
88486,19950.842960530375
95325,19976.549664019298
108122,19951.176091618727
85364,19950.74901005399
80688,19977.738873936534
84356,19952.921719357244
82717,19951.60106095553
95166,21322.280038637688
81154,19975.154947481362
105294,19976.35618382839
101409,19951.88468198017
90808,19951.33576961744
91000,21322.344747853163
107931,20601.859734009002
80058,21321.46854598984
90511,19950.994936136904
92525,21322.3397553866
90057,19951.05038606033
80266,19407.082913786813
84467,19950.616550866693
90576,19951.37354220493
82575,19951.21219985312
91601,19976.98206908256
80196,19952.584458519726
83418,19950.750073403593
97121,19951.99421477304
102024,19951.56520341961
85225,19950.64632071675
107001,21322.171607512606
82592,19951.25105082768
96681,21321.874442561435
87462,19950.95687596902
96787,21322.23376498912
98868,19950.792078080653
86472,19952.58300585987
91250,20776.967040452975
84328,19950.560158242573
101840,19951.37456907306
78225,19948.476613160015
81026,19976.601284448414
82325,19977.28617214181
106596,19951.279845586
99810,19951.589479484748
88054,19951.321053361648
80041,19408.843226490964
102577,19951.144523448413
95870,19406.86832570833
76937,21319.00211096578
108359,19951.21417076202
102482,19951.153741508435
105228,19976.382179709442
94110,19976.417996835204
91022,21322.163710908473
84243,19949.843891179942
88868,19950.868043903833
86994,19951.30758528091
103924,19951.38621409486
102415,19406.741039961733
89954,19951.002518793888
98212,19951.024042587334
101117,19951.132668017402
103865,19951.159079418245
81944,19407.789973767336
87371,19951.7766656286
103778,19951.103615853666
84310,19952.85673779194
78146,19954.447551145506
83910,19951.98046315831
96498,19406.910747712587
103937,19951.561706254975
97439,19951.96680708055
85156,19950.636221263623
93197,19976.20907141656
98573,19976.307484938985
96816,21321.878662510284
94610,19951.343939747214
102536,19950.910596438727
81021,19950.19704142375
105037,19951.37310769373
82891,19950.870691806504
83601,19950.51923330469
93413,19406.900182219735
84517,19951.339886268048
98296,19951.04297587012
83442,19950.471411102484
83641,19951.869709774695
106454,19951.834651980877
88540,19950.93373653682
101350,19951.89451466306
86741,19952.61341299343
79411,21323.563567018875
81400,19952.317571491185
92460,19975.91653254763
76076,19970.027577257173
85593,19951.833732169183
99476,19951.357274660324
99991,19951.359361892606
80184,19952.331951519627
91365,21322.12523408825
87967,19950.80874160623
97960,19951.04004629109
106216,19406.266346280903
94470,21321.904384577498
105054,21321.931485987585
76801,21319.253404485826
84376,19950.89647116955
95818,21322.060582122118
101354,19951.34505448245
81184,19976.090758617764
95386,21322.26297451274
94813,20777.15452011142
100188,19951.143145401493
97816,21321.88106024586
101948,19951.09050506638
108229,19976.39461510514
77604,21320.65445476041
103052,19951.15801304662
83998,19950.875420368127
103163,19951.37326581667
78407,19951.985742724748
106267,19976.031356888943
84808,19952.52928253631
102176,19951.14069292336
103807,19951.154951109344
102936,19951.3775572591
77803,19411.481825174087
91153,19976.373755444703
96806,19951.929264618124
107797,19951.36321662166
92654,19406.93586485977
82110,19977.398129392728
92570,19952.01698678197
84350,19950.563773454236
82022,21322.948787169298
101036,19951.366519688476
93012,19256.246465615208
104053,19975.973761289224
79339,19951.750964526444
79767,19952.71230693916
97252,21321.886753996223
95098,19952.065157602043
99791,19951.826713631915
95121,19976.546196986772
100598,19951.119983693454
88806,19951.3159337767
93433,19976.565398597057
85064,19952.55848610062
103820,19976.04982253997
86190,19407.372796241987
96438,21321.899201909167
106282,19951.10327713894
93667,19406.90933243351
93191,21321.843475403963
103899,19951.37951996518
93568,21322.330381285232
104546,19976.40854167274
80852,19977.65817179072
91782,19976.25354171331
100867,19976.3148948811
96727,19951.06008337963
88787,19951.50452337369
80175,19975.029015153403
106215,21321.791618242423
82884,19950.393468006052
99701,19951.12276112919
96972,19951.066926446652
102844,19951.374446766687
85912,19950.583373972346
105580,19951.51585042284
92949,19951.033309904764
95794,21322.27557306099
81410,19977.29674878039
103413,21321.910576439917
94880,21322.282723869168
87634,19950.40630247994
94036,19951.63999470398
82130,19976.298752703984
97256,19951.080963252825
103817,19951.161947495173
104456,19951.51179795544
78003,19947.993160433518
104097,19976.26232196369
98797,19951.040914874553
107315,19951.450053167766
106755,19951.236409583093
81147,19951.627455305992
105271,19951.113403611445
89017,19950.85569324589
90194,21322.35653431848
106608,19951.13177916458
106146,19951.794721056787
105471,19950.858335631412
104538,19951.085729415034
78198,21322.96572735112
104720,19951.275107291516
94900,21321.888899096328
94045,21322.285868477724
100816,19951.15382001852
85400,19950.502498813086
96876,19952.03447716287
93515,21322.288849731558
94077,19952.124992947527
87247,19951.57838109411
105067,19951.84697450994
95538,19952.107114001778
79301,19952.833505717263
89679,19950.927015422178
90677,19951.71484528642
100348,19951.14225671158
82373,21322.24417388694
104030,19951.179343048832
91200,19952.239760336684
108132,19951.145928823073
96587,19951.05862295799
92498,19976.554886762187
103409,19951.37260267988
91232,21322.070866128674
80016,19952.62668486731
98705,19951.353539851378
94058,19976.42077709168
107248,19976.320455374935
85165,19950.47151845608
87202,19976.790394138603
84291,19950.55015588105
96682,19951.51254963665
76451,21326.22872226573
91004,21321.83394406707
87541,19951.759466875803
84735,19950.65136983168
86029,19950.698198783048
87675,19950.81142286336
79434,21322.57601414496
104691,19406.701857097996
95401,19976.217119896824
103975,19951.161116878448
106441,19951.347060736734
105335,19951.475263162014
86453,19950.586832169818
84490,19977.028646668434
96908,21321.860601497316
87472,19950.817813940837
99908,19951.161521493355
84898,19950.27618258666
87539,19951.0093002538
100666,19951.367648677882
82231,19977.319546098905
92648,19976.617134534023
84694,19975.647223730917
81594,19950.49378814107
82685,19975.56139614921
76620,19971.781651481044
76943,19982.766666241725
80231,19953.83256716887
94782,19976.36791805643
83815,19951.23321937236
101713,19951.137429737886
86358,19950.728933836035
98701,20776.9968639516
106421,19976.266755092664
97920,21321.87317346074
108072,19976.368345764935
91315,19407.031703154447
98550,20056.8001247987
99263,19951.045967352413
95373,19975.994369174314
80445,19948.46432557673
76982,20780.00352684948
85544,19950.648046112437
101977,19951.359120648405
80279,21322.385521410626
102808,19001.248212833467
107325,19951.339100171997
79988,19952.48527509065
83473,19950.599810846084
80074,19949.88033268125
87094,19950.814566248897
80523,19977.628417331787
84129,19951.484637649653
100159,19951.373893251053
94256,19952.081504648882
79199,21321.415608138843
106674,19951.369589280537
76299,19919.38507299447
82217,21322.87428477312
87294,19951.03073610118
87361,19950.356110547687
105782,18456.325786429126
99109,19951.37196248146
97733,19951.980234064507
80963,19953.175534540103
105129,19976.00242747416
103322,19951.54517049932
90068,19951.35441863848
93845,19406.90935642819
104956,19951.587800325746
103473,19951.111678434423
78167,19952.186229774397
80718,19977.710489898374
85621,19951.511630397457
88490,19950.82094020772
105456,19951.38352649712
98490,19951.04925245186
86488,19950.629060776973
107303,21322.057432396716
106463,19951.13497285566
100403,19951.11578774597
86991,19951.361701356014
95381,21322.273497167225
85219,19950.642886265374
104635,19951.46030888657
99004,19951.3704484029
80747,21322.388703157
97854,19406.85201271497
102646,19951.108459903215
93364,19952.04848777305
101209,19951.107129182845
89140,19951.31725700249
96244,19951.3488033474
93727,19951.040853526072
82138,21322.782711658972
97759,19951.36476127108
86015,19951.29160986759
81090,21322.387451615647
106085,19975.966426528208
101600,19951.144048533424
94831,19951.484461003925
96566,19950.883951523236
82361,19977.262402743054
80479,19951.297623149054
82068,19406.804098750097
104750,19951.08776526041
93539,19406.90137986033
98127,19951.35285764344
96971,21321.872662787253
94105,19406.922127418806
95326,19406.832216346294
107438,19951.186896608953
100536,19951.109607467642
92659,19975.967844975843
94809,19976.583468557506
84186,19950.562316423242
85631,19950.68632588762
86381,19951.03229764946
78721,19978.722878143497
91773,19976.569096531217
90453,19951.67058507233
107225,19976.29919651489
89949,19975.81532750225
104531,19951.116135904544
76979,19945.294408462865
104743,19950.875282159315
87731,19950.852223106638
79915,19950.01232279192
105072,21322.0738230081
99332,19951.350748748893
88800,19950.864828672766
89522,19950.38546438663
105361,19975.997943915845
96528,21321.88135474758
101546,19951.116387394854
78680,19951.960569418265
87029,19950.992904271763
80591,21323.209784038467
79887,20777.100854970817
76107,21309.46174573106
78272,19947.99595614435
88116,19950.81201275593
99644,19951.381393753334
87595,19951.59297824403
79324,19977.91231620321
76408,19992.516234712504
79173,19978.315434656088
95084,19976.551840295167
95455,21322.057555172523
83809,19951.539198323542
107320,19951.162903303684
78828,21321.31986642096
76284,19921.374950292222
105622,19406.192455542983
99344,19951.096393234595
79395,19951.18991524935
86906,19950.98211856888
107576,19951.154083360427
99418,19951.122090696823
89050,19950.8998329581
83758,19950.076262684404
76289,21326.54462677606
95798,19976.556462607023
76119,20016.124664750325
87583,20777.03852077596
93110,19406.941614027168
92911,19976.529747451867
99758,19951.110144385977
91697,21322.327606304207
85260,19951.872743625896
108475,19951.20266444408
84184,19950.444299530118
95737,19976.53875993874
105286,19406.594678857215
105354,19951.13457818579
101587,19951.376696641917
99526,19951.528569101065
82328,19950.415242508298
91052,19951.11635864833
81332,19953.935045438593
84562,19951.302745634537
86175,19950.825220744675
94828,19951.674753964227
76792,21328.703838949634
80436,19950.021339644536
88143,19950.83226160261
102644,19951.15008440918
79459,19952.047851126074
82225,19977.08640132514
83772,19950.844153185455
82109,19407.959295561996
102803,19951.565730774717
91947,21322.34948447313
88498,19950.79965364232
104204,19951.131703442945
103303,19951.374590044856
95989,19976.550554791072
90917,21322.365350018306
104994,21322.0021072013
91408,21321.84593269622
79084,19954.73215293524
94840,19976.373071676095
103127,19951.24889276963
93504,19406.924429182836
88642,19950.835879743474
95535,19952.090888763785
82775,19950.38755605788
96490,19951.011512727026
77545,19980.824142090125
104939,19951.122082500064
97679,19950.81938541567
95462,21321.852369982484
82601,19950.207527683746
91541,19976.617838309307
82997,19951.34065087452
86757,19950.637271993866
86498,19951.26936809275
78468,19978.788675625627
98262,19951.601794232734
108488,19951.805545984247
84813,19950.619875543864
84965,19950.58939387786
78478,19955.677331051396
98819,19951.583520709373
101543,19951.37607600203
82061,21322.876062560015
101359,19951.362324914382
107203,19951.180203087762
98811,19951.863581818263
102982,19951.379541643146
89603,19976.75160051189
95083,19406.947675370368
102426,19951.79257215826
88264,19950.83846710568
87119,19950.839608062506
86554,19951.28528560945
103454,19951.161551601184
99382,20777.001567735068
84255,19950.546608649576
101580,19951.162377777055
82690,19951.704920117925
103650,19951.150502127894
92587,19952.092409615034
92831,19406.81494625448
104410,19951.259250288284
89264,19950.88746807268
82865,19951.25024341948
76984,21326.706994168588
94265,21322.063906730265
76786,19937.174513506856
86379,19950.717004676597
89735,19975.795422488336
97066,19951.357413929658
77007,19945.45152337024
89137,19950.91840945339
78243,19979.197298684594
76669,19967.094287541004
89281,19952.360785861318
105621,19951.344191468397
84020,19950.141671258967
90142,19952.098000339174
79677,19978.057238773905
101025,19951.217372507814
101821,19951.221914206417
77424,19976.596054116435
80188,19408.640718828992
94655,19976.569956508927
85282,19950.038966310094
78763,19975.880027635732
85774,19951.30875936586
79278,19947.837290711275
84460,19950.624638867423
81489,21322.401987505615
90788,19976.715297216142
90191,19950.906969108797
106772,19976.40327273944
108112,19951.464617814494
84380,21321.673929940243
93636,21321.906579489558
103749,19951.539571954745
93435,19975.870146541714
81394,19950.0869405516
82146,19953.53477510666
98362,19951.093517491863
88250,19976.45136354006
107041,19406.545657644012
103478,19406.732368552886
89273,19001.15398163284
93583,19406.956660339758
92107,21322.071322319345
79557,19949.3940227733
77861,19945.568926445645
84591,19951.90019119152
102756,19001.23816869362
91798,19406.665205499507
100309,19951.136801950193
94987,19951.533464635257
89991,19951.08363901056
81523,19951.749945438856
82815,19975.639223859896
84366,19950.48008738667
105609,19951.129692452665
89695,19950.896179627034
86242,19951.024186173217
82477,19950.338761548275
83774,19949.96369123633
103676,19975.999238363424
85371,19950.726902630355
77386,21320.694658445842
93572,19951.049594121287
77535,19412.413310429805
97174,19976.22258483537
78330,19953.75929065443
94032,19975.88495959994
97537,21322.218858486973
93975,19951.02870361026
80657,19953.7639986711
85971,19950.717147438147
77536,19411.000500170747
81757,21321.578832632233
81232,21322.983735306105
88606,19950.868147149824
107709,19951.05139289726
79596,19978.036069185502
85671,19951.29140482717
93617,21321.847833883076
104211,20776.95122950979
98843,19951.12786959635
76153,21352.000116934818
105258,19951.23544601655
94812,21322.082085202983
82892,19977.144614267832
87816,19950.812580986578
90058,19950.890589069684
95471,19951.166644029545
90419,19975.82139495328
88777,19950.873008115286
101559,19951.22049841226
86808,19976.81089299454
93637,19406.930072251336
81562,19408.06231128478
76442,19962.46983413235
79967,19954.670418494512
88683,19950.873807276916
78139,19948.66535332696
86530,19950.71721913653
77000,19963.98909890209
101915,19951.13756295303
90706,19975.8142505989
77396,19951.520868022548
83475,19976.639228115022
104217,19951.35552100332
101461,20777.09222598503
82676,21321.6355856385
104438,19975.99809127508
94757,19976.37225198365
84916,19950.90291972034
85934,19976.907665841954
93051,19976.192959522836
85136,19950.655526102913
86448,19950.70019551648
102828,19951.378960703296
101564,19951.174138386952
85740,19952.52201664773
107725,19951.14038562498
77165,19950.800710097534
107859,19951.106166370708
83065,19949.4399497048
83470,19951.377225714128
82147,19977.267177037545
103691,19951.004712822516
84024,19950.537057996135
99630,19951.110592342728
105243,19951.360405063337
103804,19951.5529577852
80130,19408.497381542784
97317,19976.045034318453
78532,21324.161098454766
98989,19951.05511216
87716,19950.921718801124
103640,19951.098492987363
100541,19951.370691609693
101428,19951.13650676207
100899,19951.105272448323
91739,21322.089931776798
94502,21322.132783996152
93919,19406.944368706638
79707,21323.488593280603
91516,19407.0292553546
93156,19976.58690416055
93340,19976.616134969663
86892,19950.809287483953
80420,19977.485352272895
91660,19952.1196255236
104006,18456.3576888845
79833,21323.428660593756
101663,19951.11002336153
102471,19951.222140069007
105380,19001.22407869089
107076,19951.110124255145
97009,21321.885137140252
78577,19410.24980656798
100281,19975.95946987668
81075,19953.940741888382
105712,21322.072343923694
90807,19951.099937534123
84240,19950.883744133054
96951,19951.3639890707
77270,19946.36980735604
81760,19950.26702843616
92040,19952.24039789822
89339,19952.150444766146
95256,19976.54778190741
84788,19952.81961155171
83686,19001.030546614962
98633,19951.093878708714
76608,19958.076951080875
98918,19951.124736367434
100264,19001.279089643067
93998,21321.894492541443
90051,19950.907604661374
100506,19976.019495014465
95747,19950.76204579557
91393,19976.54594050228
101051,19951.14799562438
107844,19951.34324381984
105479,20777.04786203645
102468,19951.14699909426
106785,19976.020661195183
91577,19976.570803846043
80832,19950.474659906904
88616,19951.67566416687
78897,21323.679603629196
83228,19950.810296195403
90389,19950.916606095667
90154,19951.072719103762
107664,20752.347346101535
84602,19949.883951244643
103155,19951.111257646193
94290,19406.930069372225
84292,19975.542258208312
82455,19951.343014911545
84453,19950.14924888084
89161,19951.31871494416
104207,19951.134964481047
85660,19950.792937379163
80032,19951.286516331944
75996,21441.973231228552
83712,20777.397332438886
89784,21321.836671556168
101364,19951.107432751316
79099,19978.272839713773
101423,19951.377962409544
89977,19951.01993187023
87688,19950.708472037346
87401,19951.829722566403
90723,19951.030361229343
85875,19950.703377597623
106387,19951.435089068334
76002,19832.74501664622
99436,19951.521167883646
107239,19951.29265630717
80251,19951.348646915358
85127,19952.862105518787
90351,20776.989261687017
95526,21322.261446818924
79335,21322.536782086194
104754,19951.10135810582
91081,19976.664124736577
82005,19950.61113950895
89414,19951.55138695828
102366,19951.13798695026
107017,19001.235676576063
88810,21321.822592890767
86694,19950.138170533624
79641,19974.50665877122
104863,19951.307679080684
100526,19951.381294359522
80318,19408.566285858637
100931,19951.38650947364
102375,19951.805931004626
78617,19978.719289305314
103552,19951.17483769754
108268,19951.228427210783
77842,19947.551249653712
88774,19950.833060163408
82323,19975.348778770753
94125,19976.589092462447
98661,19951.04106254579
100997,19951.37658599442
76933,19946.467056615944
76957,19957.143972105296
84347,19950.58072162827
102000,19951.10139048133
84626,19407.530439393882
82214,21321.898114504424
105909,21322.199050830466
107442,19950.951832950217
102342,19951.140851237487
104461,19951.288782259515
80095,19954.737403644493
83558,19951.265541978755
104376,21321.929041610965
105494,19950.95188818873
81702,19953.035626253448
108056,20056.676905004708
84131,19950.92684425909
94242,19951.899333567886
102987,19951.111507951016
99643,19951.579132537463
78954,21321.397253840467
85511,19951.64054391349
85380,19950.682391626528
77232,19982.023966998215
86585,19950.483581275323
99729,19951.293456486736
94946,19976.569203085044
97768,19951.20117443661
83855,19950.946536479474
92397,19976.532780162226
90311,19951.707001965224
99324,19951.094986204167
81167,19977.286826459276
80030,21323.284583688674
103679,19001.291798901115
80164,19408.355853247835
103198,19951.11328764143
87658,20776.942152020663
102090,19950.925727087782
92710,19975.873075929452
88551,19950.831043339072
91001,19952.268065169512
100653,19951.36879314552
106050,19951.417612101897
92084,19406.615258866223
77402,19412.89117304538
101296,20776.99025309162
107242,20776.979194729007
95646,19976.47842345379
99126,19951.101301305727
90982,19407.027297100656
94896,21322.25354860744
93011,20776.977604605632
84607,19950.67505565755
83352,19950.375743775923
86097,19951.025668918308
99312,19951.087404601596
77584,19959.451423356477
97372,19951.450952922118
107179,19951.362842910396
105835,19951.33142137756
92924,19951.01866844852
90798,19950.924009699644
77487,19950.883649053885
87523,19950.697719636337
104328,21321.967188761424
91404,20777.15715322659
105702,19951.367591709066
86051,19950.94578829399
98136,19975.98281141572
91149,19407.01013633863
84015,19950.54778000638
78227,19978.768229316724
91810,21322.365486694303
92345,19406.64490343902
102647,19951.47110481187
106549,19406.204317580385
97007,19951.983004226244
86887,19951.30749830813
103983,19951.763754577038
89554,19951.00285683542
88066,19950.82177798353
98778,20776.987890789274
91459,19952.236598039446
79659,19954.343054294503
83978,19949.628987461037
88036,19951.32693350553
80483,19952.472303127735
101770,19951.12038029884
98220,19951.604495064945
84427,19950.850166319728
94491,20777.14164843748
83782,19950.503182293356
101945,21321.90481820034
96613,19951.13283429912
80126,21322.627347657348
83381,19950.52106706834
100263,19951.130619396838
94953,19976.509176368665
84413,19976.502215412784
94816,21322.278152885523
78578,19978.78683279576
89766,19951.31897556305
78560,19956.465341018793
106444,19976.109806147506
100883,19951.129350208506
102769,19951.154936119052
106426,19951.849993525357
92404,19952.20465407846
84800,19950.109192134587
90714,19976.307051913926
96274,19952.034466384728
88259,19975.923257509512
90683,19951.03784312777
78878,19949.587171701885
78675,19978.212474530697
102189,19951.38199843962
97959,19951.102187949557
78324,19951.127652180206
100397,19951.134035693947
89808,19951.00610339736
102920,19951.1644628657
77724,19944.974981168067
97183,19951.360543876555
102360,19951.156156005865
81748,19408.0210339624
100225,19951.12161941745
101411,19951.368481346937
93887,19406.936659435854
94437,19951.02123314242
102317,19951.145416270647
100939,19951.139374709575
102016,19951.1499217491
88651,19950.822512817722
99340,19951.07928915583
107078,19951.426535307306
100937,19951.15783827618
86922,19950.983481558127
77864,21324.94548916905
105180,19951.070283958572
85599,19975.579656580514
94556,19951.65342165357
88368,19951.56665432629
81005,21322.432254806175
79083,21321.28158084222
95200,19976.556455314338
94374,21322.295445954034
94160,19976.58326283263
104549,19976.02557610417
85933,19976.86601491343
104848,20752.261085169426
104424,19951.74642264208
78183,19975.203091319254
99280,19951.82661135344
97928,19976.039729451037
93122,19976.244078101216
107991,19951.142742141645
92468,21322.307903427798
97451,19951.071582129855
94463,19975.9995643801
77629,19947.204053294805
86008,19950.696747675775
106210,19976.39728768754
106181,21321.99725396695
87485,19950.9906492963
107645,19406.557720028693
100084,21321.889749834987
88201,19950.81184678075
86236,19951.29006288423
97090,19976.512954618676
83909,19950.525494134945
77686,19959.060811685657
85505,19951.600023652612
92046,19952.052141293523
76681,19941.65924793148
102648,19951.179257543055
104998,19951.87238452471
86349,19950.91774220848
77229,19948.051263685167
93379,21321.860713038834
84973,19950.85719053164
80681,20777.1315284748
97876,21321.869442901458
89330,19950.883750518144
106836,19951.608293649213
96449,21321.874900500068
88765,19951.349534337827
85710,19950.584710419324
104002,21322.076188585685
99224,19951.08662046131
96767,19406.858030849202
91035,19952.25973893626
91531,19976.667312429687
95857,21322.258190231376
81338,19950.21177831338
97921,19951.364380501465
94040,19952.12146719305
88240,19950.827757289277
104643,19951.12055660507
84702,19950.594808554277
79809,19977.93126656942
82171,19977.293927280425
102481,19951.386164834792
99514,19951.11474769573
76656,19970.852679352425
86176,19950.72211788243
85784,19950.683792995358
91529,21322.351288080637
96184,19951.04907974622
94982,21321.85875754409
89887,19952.10707691212
91306,19950.97672123919
94801,19406.80740758157
84873,19950.62436578471
105262,19951.449614778518
78755,19978.34161599667
105378,19976.263988464252
107314,20752.267051948977
88401,19950.887921208447
104523,19951.21343371313
95968,19976.48768016317
106940,19951.122432012162
85854,19950.705679233797
100090,19951.120121486285
94299,19952.100736634413
95815,21322.107053933865
83336,19950.64822587413
93357,19951.01264248651
83671,19950.712744795128
95352,19951.073522743223
81447,19975.222240299303
82530,19950.353777985343
84072,19949.969272060425
79590,19978.230300205054
81072,19977.343660874598
100894,19951.65158668466
94501,21322.293387466445
98410,20777.00545572698
77356,19959.489317166066
89008,19950.353083488753
79270,21322.742237120085
102768,19951.152821668868
104671,19951.129052966247
91482,21322.30855513712
93496,21322.291409803787
89699,19950.462477589055
93711,19406.931298999327
92768,19952.013070626137
102118,19951.378340580948
99410,19951.056180101736
101552,19951.098510256663
105876,19950.92539862291
106386,19976.44712208438
94563,19406.916239669496
95860,19951.03837820796
83636,19950.353885312237
98837,19951.029853457596
78724,19974.56845074951
92579,21322.07631091004
82223,19953.140212119695
84289,19950.595577150405
77579,19954.3082883757
83896,19950.3782913606
87389,19950.727719567523
88139,19950.45354326667
106790,21322.070316818408
82260,21321.701428113585
101627,19951.148534925815
81876,21322.29216210276
91029,19951.69268156946
84583,19950.556456936025
108158,19406.693732440184
108203,19951.340517288547
98582,19950.804341339266
107003,21322.181558714947
107777,21322.115099160485
90308,19950.592280374465
76799,19945.54498964166
101387,19951.586395153234
79964,19951.21407708055
91606,19407.01765786542
103952,19951.37702239155
88622,19950.481550255477
94559,21322.112166587485
76143,19927.339792493865
94903,19976.557827858203
104486,19951.21162561935
87551,19950.80800983032
78063,19958.019314607
102556,19951.10208866761
100052,19951.384740427253
107074,19951.843516677585
92069,19950.997897292833
107850,21322.022536729564
104540,19951.33180484973
96846,19406.856126164646
92391,21322.311459088363
84659,19950.73149430174
84117,19951.267650241512
79120,19947.840807176843
91389,19976.633385111596
84349,19950.61064667208
90954,19952.30086867731
92695,19975.88088588953
107811,19951.112576577703
81971,21322.201057777365
83450,21321.63881082692
75976,21127.23456093029
102965,19951.373648331723
90287,19951.69776063912
77605,19959.689264280194
91214,19407.029753557712
108303,19951.34925596809
94860,19976.602020137587
79366,19976.516045307966
106091,19951.132173053604
76439,19979.501921953895
87417,19952.592440518914
93478,19976.550195852527
107216,19951.71979585477
103764,19951.37462692454
86879,19975.809703412917
103625,19951.253042512893
76402,19921.828380247705
80311,19950.05596708722
80391,19977.8500176967
100880,19951.44376976769
83171,21321.644072251078
88078,19950.815771533362
84318,20777.34648697388
93526,21321.89069475384
94190,19976.167797072234
97052,19951.176065914417
86101,19950.270708025862
87543,19976.8078803695
85029,19951.30468628511
83740,19951.23408760327
100089,19951.060855511103
98227,19951.103560542473
98248,19951.34564410722
107138,19951.758232012522
86854,19950.764770943704
102785,19951.0953318422
87839,21321.791800994113
93906,21321.89756403514
84661,19952.792955127024
87432,20777.265315118762
85654,19951.3676280804
90678,19951.368996735273
95299,19951.829978133326
95236,20777.175813763894
107608,21322.023280692276
87004,19950.834948328353
100566,19951.138165435263
80665,19949.261271930227
88010,19950.74905246129
102663,19951.574426791805
85485,19950.900467263134
101269,19951.37750641405
104674,21322.074827619716
89263,19951.314538087576
95420,19976.530913756334
102691,19951.077694399915
86663,19950.708829848678
106138,19406.216144010814
91571,21322.328178502474
93819,19951.156340048237
78571,19951.529566908648
94985,20777.145473804387
93301,19976.58260149916
106718,20056.68712251777
86771,19951.286812398044
87704,19950.697996981635
79666,19976.318738409427
107584,20056.760841453673
84895,19950.876572979898
108408,19951.15265724191
98171,19951.591191123553
83310,19950.407886310946
86673,19951.508731448263
82853,19950.764463202868
105650,21321.863920273503
98670,21321.90981949692
85066,19950.510144866723
83794,19950.6828204858
80583,19977.401125911678
88130,19975.86399311146
98999,19951.10076713193
101330,19951.136567831407
94984,21321.875992371835
97990,19976.319012557084
86985,19952.31944024522
105865,19976.380902238
108519,20752.123220246114
85264,19950.68755533535
99920,19951.38120926495
79757,19951.90230424747
102991,19951.166739517306
82734,19951.224855709774
93798,19952.13884087349
78739,19948.982694611783
94102,19951.98131299305
107720,19976.04887319248
104818,19976.396824162057
105035,19951.12056893491
78882,19408.879887419855
106768,19950.957221500143
104488,19951.287264965897
83401,19951.707740854014
96513,21321.87689126607
103742,19951.124018228125
85746,19950.712474508204
89503,19950.836481533843
86162,19950.721631686098
90081,19951.074614658162
87809,19951.083753911462
105903,19951.081774229035
91476,21321.841729071333
77323,19948.494938900338
79344,21321.515141895597
86967,19950.98288816366
87631,19951.299726947087
91478,21322.082542740245
87477,19951.31956917363
97456,19952.023590331548
91210,19951.755226448422
88841,19976.75948379599
86262,19950.991037083546
98038,20601.95530053985
108461,19951.138671117358
95645,19406.885377210412
91233,21321.87400646568
81480,21322.936760643235
82671,19951.223647786028
105275,19951.130849350746
77852,19947.778332554353
90565,21322.136915853218
89172,19950.856065219912
102384,19951.38032958957
88944,19950.893784336797
80531,19950.121136330214
101795,19951.127379616853
90744,19001.105760835144
78179,21321.160608361726
94388,21321.87267146826
92546,21321.854584392564
84282,19951.869095730217
87078,19951.297979458017
93190,19952.14888532941
92014,19975.8441736373
104501,19976.458092846926
79523,19978.048231934754
81096,19977.494753157156
78193,20778.43170593054
94720,19952.114288627796
97242,19951.06470746748
103784,19406.72071183244
100186,19975.958387994397
91494,19976.558985946864
98765,19951.03013639612
97370,19951.899759149772
76295,21316.213174322264
105840,19951.457113541954
100641,19951.07876953057
97160,19952.034109929933
96440,19951.626678641813
84853,19950.5699646046
105223,19951.11074177213
105879,19951.12949109114
80347,21322.463921194456
84534,19950.81716741718
85045,19950.648126271557
99348,19951.826980821872
105487,19976.379529558188
101906,19950.864166341107
84905,19950.516082568807
105810,19950.932970403825
76346,19963.88034604532
104163,19951.108694783758
91997,19952.157635708358
94182,19976.56783422539
98583,19951.57747948019
78048,21320.757001438124
91650,19950.957231205663
99045,19951.825363495813
90167,19951.024854068448
81936,19950.60989341119
97322,19951.02295736227
79506,19978.022407781053
101689,19951.14463631974
99677,19951.054988967724
104364,19950.88060340517
104493,19951.47187628117
85811,19950.694487022236
76088,20026.278794014725
107014,19951.14905492308
85517,19950.682998496886
100065,19951.125341949424
100700,19951.083250098152
100178,19975.96051215803
86072,19407.36288989436
89071,19950.799517896587
76027,19908.11939264823
84394,19950.218878116004
97989,19951.541951240495
77527,19946.052211383038
89342,19950.86622536451
94118,19951.958004127744
94468,21322.280074383696
76061,19884.152703317526
85744,19950.584692938075
105185,19951.160549648495
79043,19977.075934269644
103948,19951.156794613307
98325,19951.03051417771
77056,19950.774657474187
85262,19950.525710225742
94885,21322.098931433797
92436,21322.159548999858
105339,19951.094909054533
85288,19950.548869896396
92944,19951.18791665728
83145,19977.132492663928
87905,19950.808165209477
89188,19951.06252474859
90245,19976.284622803825
80370,19977.717296824256
92165,19952.236323919566
91638,20777.197940407816
103657,21321.91710342358
81016,19975.72063272539
103792,19951.373804906794
94815,19951.036006222606
78957,19949.637615106614
83141,19950.46606698894
107365,18431.492810709387
95563,19951.566178626596
76918,21320.035754894354
87215,19951.770047504015
108328,19951.105226869986
108027,19951.82135366085
79325,21323.627606031223
89545,19950.997407879382
103967,19951.19058819493
77530,19960.0600289697
95330,21321.910252874863
78671,19978.652593397095
102103,19951.34931571688
80024,19949.92743562377
89481,19951.323087487246
89138,19951.04156131001
98762,19951.04160599313
86166,19951.528569582923
91396,19975.865703698393
94749,19951.690834227902
95788,19976.195425001275
99730,19951.37238202596
102801,19951.37641560579
87208,19406.748692060133
83098,19950.32088374974
96015,21322.116814882138
107970,19976.37918441878
77471,21323.402251782885
85822,19950.595839188303
100518,19975.978727148482
97282,21322.252258416636
107193,19950.931101112914
104825,19951.034614839853
82687,21322.825131178
83026,19950.401945899983
77470,19946.840508322548
79254,19949.291131168284
108020,19951.13566529106
99103,19951.076379280636
78665,19978.78117438631
86932,19950.765936735716
79269,19409.12746709785
92024,19952.104471281677
95652,19952.069246198924
96170,19950.72819755648
83586,19950.84492187296
100804,19406.567715799934
100758,21321.91468118539
107628,19951.45046177393
108337,19951.147456557203
83175,19951.258356064183
90838,19950.914117995417
102741,19951.79173825883
81263,19406.9544882418
97071,19951.059635571597
95004,19406.604377652657
107019,21321.878195340756
95503,20777.14762603988
86249,19950.719359222505
106921,19951.247778821602
89972,19976.698980413945
77660,19980.226393284804
77328,21325.874185940014
98264,19951.102399606123
86800,19951.322979542147
76661,19957.215122474274
81734,21322.8701463681
84741,19950.882041651956
89926,21322.417865534535
79502,19948.320812019443
96963,19951.58129151631
97855,19951.90987072046
86877,19951.063624529328
96814,19952.021417927597
94648,19976.593952050676
103104,19951.15709939826
77999,21320.74245727057
77500,19951.01471055036
108189,18431.489050955908
107124,19951.281082552985
105320,21322.00041032758
84589,19950.500400383215
100502,19951.15143060714
84272,19952.640660123132
90146,19950.822865774036
89016,19950.834886332712
92360,21321.859666958728
97341,19951.861749843658
99635,19951.356511956954
93758,20777.16905421769
104345,19951.461989059182
104346,18431.486497417336
103219,19951.476137293826
94240,19406.798672022815
100510,19951.47267419029
97788,19951.277073616162
87877,19407.21997082814
83993,19975.423275675825
95268,19406.924458119094
90857,19950.94753734242
89897,19952.140012108925
103642,19951.370074946128
79712,19409.009127749418
84733,19950.84732946105
103510,19951.14132980902
82151,19977.28092679213
89275,19950.592804099928
97022,19406.867940782144
89964,19950.830094367466
103169,19951.374810567828
98586,19951.58519008797
78199,19948.073254227904
78507,19953.042055692073
88856,19950.937409255996
79309,19977.043936932365
85685,19951.44258214437
76527,19943.993834332712
81636,21321.624078250134
86638,19950.757415859272
106517,19951.294727390905
102023,19951.37966806749
91620,21322.13943106352
101886,19950.97383522073
84887,19950.6564729546
84751,19950.467860412402
92613,19952.003087408353
91825,21322.345272174185
101895,19406.744911918737
90560,19951.67791656976
105545,19001.256576378568
78700,19978.592579327586
82886,19951.719306442978
105649,19951.10748047896
77577,19945.038992376663
98003,19951.859707147083
80537,21321.660616785477
87387,19950.991902248374
97626,19951.01607600315
92948,19951.71378935584
104000,19951.112925640584
78385,19978.989740623256
103301,19975.9988278188
100102,19951.10478699136
91401,19951.073671503353
105726,19951.09598313044
108002,21321.804238756828
96055,19975.907093329108
86533,19951.642115870767
84966,19950.897666923112
82750,19950.19998141067
84780,19950.945380369725
99760,19951.064347471372
96353,19952.047467255587
90252,19976.72550253766
92114,19406.965165893806
85641,19951.80637613863
78846,19978.667120418744
97479,21322.266294032186
100657,19951.120335412103
92553,19976.607245042524
87684,19950.69046876419
76579,19987.493044666433
104441,19951.126199901097
102915,19951.37066741133
98255,19951.09330374371
84716,19950.583320534803
85426,19950.822748820312
76829,19951.760325233983
77899,19980.116139190744
93875,21321.89843217367
94170,19952.130030704877
96206,19951.066582996355
82777,19950.777083897603
99399,19951.556957720113
76017,20122.48919839725
78785,19974.363750830784
104195,19951.11693799477
100767,19951.122394596125
93500,19406.6258947096
103248,19950.950106611977
101828,19951.13790481585
93209,19976.589924665463
96665,19951.004508753296
94208,19976.557771834283
81789,19953.70030696445
92578,20777.173581602186
84750,19951.278567865607
107543,19976.41451080213
83294,19951.277907394957
82408,19950.607287687453
104836,21322.181799510498
87366,19950.684808391845
100488,19951.08214636499
87296,19951.29913098791
99820,19951.098817505463
103856,19950.954800409458
80536,19977.667910197928
95407,21322.071737901246
78024,19953.52337969366
88166,19951.087487794597
79046,19949.59011212668
100829,19951.121267261635
99250,20601.729920319405
107164,19951.130952834916
83857,19975.931230421294
90031,21321.851519332413
97531,19951.924137869904
78237,19973.996992617977
77205,21319.824417966884
84796,19951.570760486902
79769,19408.902620098583
79899,19974.837389371045
81570,21322.38717444914
96209,19950.997395869806
108012,19976.070298783437
83784,19950.68766249721
95293,21322.267594584166
107894,19951.091666671364
90118,19950.599193060305
81548,21321.54547166352
91246,21321.820982480473
106066,19951.7267011141
76349,21337.141714900754
84792,19950.626910505376
94792,19406.89297820183
98772,19951.362666579334
81023,19953.21188022607
92760,19976.5034504358
81049,21322.361359826435
103697,19951.36918627063
82248,21322.819851143042
85475,19951.346769066244
80927,21323.0405606172
93520,19951.977076040956
103034,19975.997581522115
88006,19951.31501982638
80697,20777.590971507434
89565,19951.599322082955
106983,19951.148379882674
76042,21292.85053419074
95214,19951.65882803292
77712,19973.884231624936
102226,19951.141833540627
106128,19976.394747664046
94347,21322.13130201094
84176,19950.526502245513
92633,19406.98776293988
89147,19951.715400434903
76200,18991.73264249695
91972,19951.786330585706
95624,19976.12212465388
88237,19950.848791742716
90626,19951.566202865983
79402,21322.677756190064
92751,19951.015998057617
93494,19952.00511153941
77785,19954.371724136072
108502,19951.164395525888
76356,19930.35068681115
90256,19950.94305319204
76286,19932.51752607607
98835,19951.404342703263
78799,21322.681506987286
99864,19951.531359028144
89317,19950.91259545149
81235,19977.608185655372
82980,19950.357107002088
79032,19974.296789122607
94549,20777.14920131941
86872,19950.781174368887
101730,19951.444539257955
82684,19950.37046840023
99516,20776.96977192085
80017,19949.948791302235
99863,19951.372644682528
92792,21322.307132233076
100593,19951.124024132456
86135,19950.56723272174
78870,19948.605490169903
107586,19951.113326097122
83757,19950.554195877165
92765,19976.60068624375
84890,19950.59054482472
108290,21321.890841078333
82893,19950.611523061303
89660,19950.831115750116
105543,19951.10053575402
106368,19950.95954499174
81799,21321.69308971136
102757,19951.131182029985
87520,19950.470413674255
85172,19975.66200058868
76593,19977.843430475466
99431,19951.34091046261
104403,19976.448398220833
102932,19951.641293871166
81998,19949.732439038475
81391,19950.425673503454
108151,19951.04836236135
100164,19951.13157638525
77950,19980.01668460052
100416,19951.830696216668
108237,21321.874646804088
93464,20777.157605742672
83899,19950.1736953435
107184,19951.342457186976
78001,19411.135710216204
98816,19951.08823083511
98737,19951.8430167316
105432,19951.457060363202
99160,19951.612926743026
99195,19951.08385438242
90337,19975.968197612285
85546,19951.268783129482
107128,19951.80825939657
93327,19952.14661906809
81501,21322.35656370884
78485,19976.130602076366
98491,19951.583024806736
91265,19976.661408086024
97185,21321.874758714872
95708,19406.79007509504
92269,21321.885851662762
90122,19950.952308219956
84219,19950.545656237126
95920,19951.196976932133
82679,19951.208099644056
105174,21321.998502919112
90879,19951.658029786624
77507,21321.099830868567
88757,19950.869651615103
101256,19950.94245402048
83426,19950.89077142833
76075,20037.47972171173
76871,19976.812052322435
77695,19980.45475713684
103555,19001.311119158672
94893,19976.5611774866
95836,19951.559882130612
92061,19951.0905365751
79710,19974.70954388887
93899,19950.78979005236
83299,19949.663969928046
95620,19952.06584039594
104279,19951.277465872055
83705,19951.294461372792
95472,21322.0905269644
106260,19951.34647926028
76886,19942.73223874162
97248,19951.066635552677
80660,19977.573321834345
101333,19951.14375619114
89360,19950.78049705753
85450,19950.67545473656
88836,19951.32208912173
77416,19951.575192691675
79577,19978.102702665605
98503,19951.06505592111
76778,19944.47925127109
93681,19406.626560359666
98418,19951.043737059248
98615,19951.35376576033
91857,21322.337895343877
85059,19950.01056831264
84064,19975.684524256514
83511,19950.448313891407
87961,19950.73140769016
89756,19951.330084128156
106904,19951.338770824546
78218,21324.268091282873
91503,19951.342408348664
77126,19941.413298865253
97801,19951.074808188987
87474,19951.027023271894
77057,19947.543780872806
79478,19409.139336441996
90041,20056.846983316038
83374,19407.650795698355
102094,19951.140847107326
103780,19951.850584256925
105079,19951.16900599644
80462,21321.599541100735
101705,19951.234854836785
105756,21321.87566882192
88993,19951.435102496856
89593,19951.429555302013
86338,19951.35883872519
77853,21324.8781888897
92077,21322.339166635895
102494,19951.09822521264
92534,21321.888988973475
78971,19955.881594523362
84687,19950.750232436396
88376,19950.845951451513
105707,19951.336086143714
80939,21322.35086674864
82258,20777.50248276663
104917,19406.565444970925
95086,19976.543040471857
79275,20777.89468840434
104721,19951.2557275471
107939,19951.237043495545
106703,19001.237604125417
107820,19951.18884466366
79947,19952.712081445414
89961,19976.691132679596
106451,19951.31815725431
98821,19951.18955535687
77748,19412.224061938876
104802,19951.719311493343
81481,21322.446823789982
93544,19406.616462347163
89611,19951.007476174433
79850,21322.544019238223
81466,19408.150878794135
90668,19950.515119244403
89743,19976.664267799126
106672,20056.67838182731
76030,19915.1172041399
97231,19951.01610133249
93484,21322.294512865763
81393,19950.55758028775
94369,19406.920268834507
93507,21322.29448156357
100752,19951.11884619962
95565,19976.546834061748
98749,20776.987964773805
99634,19951.418340955715
86127,19950.67506947579
101842,19951.24914669007
108481,19951.15283552646
82863,19950.634078006206
90043,19950.90791845562
76857,21323.941433916323
83241,19950.52750063071
103197,19001.287577728486
95458,19951.17120722733
76515,19939.42340763469
84987,19951.27074677826
80199,20777.7126387043
77835,21322.931226143995
80809,19976.58437252108
77245,21323.41027314154
104828,19976.184924072913
107338,19951.13364662568
78811,19955.144695248277
76708,19958.438603570765
88559,19951.30663455558
99380,19951.05954110743
89411,19950.874155026
94532,21322.27287555411
88046,19951.009654822934
99155,19406.600192488626
80986,21321.422092154146
96122,19951.939910959747
78618,19951.10844010917
98205,19951.091893557437
98995,19951.607596904574
102432,19951.130090611423
78709,19949.721821722134
93586,21322.07411746387
98147,19951.08836496192
95468,21322.288088317204
95425,19976.53942255489
89106,19951.344723709124
85764,21321.733353082498
87674,19950.816575601126
106365,21321.942195720534
106263,19951.133303603936
97423,21321.871346250395
86855,19976.784152211312
101637,19975.97205514984
100129,19951.204874170333
89346,19950.640835260165
80037,19974.678969829554
87439,19950.799612335566
76329,19988.47741063574
101234,19406.757702006616
93715,19952.11964845477
96728,19951.49146038089
88023,19952.249551279026
100289,19951.382015483705
93685,19975.93735044489
97301,19951.853758664176
100588,19951.142181820658
78240,19974.09686140033
91194,19951.750454080375
78088,21320.699930161678
103811,19001.311447871678
79852,19952.49942337062
77718,19975.410908427024
99968,19951.059757990963
82937,19950.76679714826
106774,19951.381152730217
85107,19950.61785812199
77329,19955.28123576629
106498,21321.906559449617
80946,19977.64992037265
89630,19976.71036713628
105995,20752.272209122417
79926,21323.398568594173
93982,19406.907131296077
95152,19951.999363965027
102460,21321.91010776482
86797,19951.00526132234
98696,19951.85655219712
87491,19976.859027730534
93185,19406.94315502436
90910,20056.87327348569
102510,19951.15464016545
99707,19950.97382519786
106468,19951.361734506274
97505,21322.047036503187
85240,19950.701983095718
89795,19407.13537208332
78677,19409.741100285235
94311,19406.91153511988
79406,21322.59731286334
85528,19951.011884372376
95656,19406.5461897492
102783,19951.37330218055
76191,20008.401680704537
96193,19951.073708820782
108352,21321.830722078594
94226,21322.093129746925
94472,21321.885484970415
78628,19947.095916864193
96861,19951.184165879404
89698,19976.678736200614
89021,19975.896946605208
98919,19951.378392828523
107511,19951.741859604652
104317,19951.14156925088
105587,20777.004061954038
89244,19950.901333149388
108221,19951.82581117928
104558,19951.329968121143
99691,19951.52610882653
81153,19951.743901900547
83019,19950.421193353042
84699,19950.591858749565
92354,19952.0971359164
77258,19959.971751397272
81991,19950.23434980286
99191,19976.018210993396
80072,21323.14567937623
97195,19951.911455490936
83104,19951.213609620216
104712,19976.285319579347
100443,19951.10550392371
93443,21322.294261149378
85543,19950.72010034642
82977,19951.25931469279
92597,21322.310074863813
89182,19952.14541689871
89737,19951.31282339802
103093,19951.389985691152
103417,19951.413843637947
78550,20057.473562320432
93081,19976.62892120409
80992,20057.07869978982
83725,19950.493618973956
90755,19951.048418193688
89727,19951.015478840665
82723,19950.370797471576
85046,19950.524511205822
105507,21321.944206141816
102497,19976.303557916188
86897,19950.657215808547
81522,19977.121555234346
106201,19951.552624359963
87615,19950.795952276232
84646,19950.60485875719
104296,21322.13054322814
84433,19950.414733309855
101470,19976.01626838122
76641,19412.572935205666
88265,19950.756786017762
101728,19951.23943144561
83541,19975.43227199683
93807,21322.306309090432
83873,19950.503433101057
76785,19967.28931552464
83629,19975.614387747828
87576,19951.061313226382
93395,21321.86863928532
95537,19406.886408070735
89598,19950.883837743397
78074,21324.447602201835
102980,19951.371955181825
104929,19976.256704086336
97395,19951.344125799707
106751,21321.923075784576
101628,19951.454293786956
103613,19951.380823152016
103641,19951.16127436705
95834,19406.787658908368
101797,19951.14481665409
80042,21323.324405001087
81608,19977.363193529105
86535,19951.28302151001
98235,19951.846576436295
94784,21321.85761952189
79342,21321.35601054688
97906,19951.375440510074
84622,19950.862522148836
85948,19950.789910365846
88274,19951.037062940602
92480,19406.98124565539
86378,19951.321681322344
107558,19951.058923231813
88531,19975.772060823794
103681,19951.372234573395
103559,19951.119101882192
102821,19951.37400998573
77372,21323.53385691438
108078,19951.148540191618
96014,19001.22450696999
91072,19976.253929123413
78981,19407.780707967602
85860,19950.706974252906
91538,21322.317501226687
100904,19951.36128084675
83903,19975.61223363042
89075,19951.440947394938
87210,19950.685385600587
95405,19406.783342544706
101957,19951.14829763946
91384,19952.07421322076
91816,21322.083357567048
93271,20777.185542252286
106951,19951.1777968284
77457,19975.179945351436
99216,19951.098805507972
106683,19951.104712614335
79593,19974.751272031015
92575,19406.88221340047
106332,19976.405647006624
99751,19951.560419074085
97844,19951.231015293353
90776,19407.058239966016
107788,19951.751109540823
97552,19951.074628109727
85396,19950.33165137829
90072,19950.576055267997
104380,19951.081052672533
108171,19951.33593069425
82534,19951.2380680621
77917,19951.420799609852
76212,19933.366994400625
77975,19979.11797344114
96718,19951.909193569525
101250,19951.116213712918
102875,19951.724875147276
97385,19951.066552469296
93943,19976.5801675331
76389,19935.29892550911
104653,19951.257750175562
85000,19950.799676080638
100844,19951.07702271575
94384,19952.014103820056
91625,19976.634866936554
92124,21322.32130903343
100983,19951.135687180817
97669,21322.238199294577
76674,19981.507478875537
104012,19951.202819664806
100742,19951.37161140096
97937,19951.58251348442
99509,19951.66118944525
99834,19976.316837141843
104037,20776.984079899325
96369,19951.353026799192
86125,19950.71235403623
102999,19951.15427836992
85473,19950.654224387505
90508,19950.457758107896
105281,19976.40032382107
90368,19951.34396566893
84029,19950.117785027436
88603,19950.83522321502
102423,19951.23290598708
105253,19976.454086680304
76230,20788.153965810732
100316,21321.902628376887
102553,19951.16442992378
76308,19998.27620506061
101348,19951.14839466414
105689,21321.920972375523
78347,19978.99082960709
88127,19951.075249669535
97320,19951.35182607521
98421,21321.90940952434
87422,19950.800303145723
90886,19950.533565602374
82580,19950.310907966475
106420,19951.21226373328
80218,19408.067900640985
77197,19413.690240734006
81116,19407.83834761917
103847,19951.37480516715
76611,21325.43301614713
80677,19976.174878361868
91546,19951.124834213257
83706,19950.50017643387
83288,19950.409449208277
83664,19950.491486455143
81103,19953.53868439205
104136,19951.1665450874
79754,21322.540461878903
80794,21323.07928958513
90027,19951.37791757091
99186,19951.119156987173
79957,19408.162781714007
83420,19950.829843060168
106971,19951.121770303194
88929,19950.880858262764
79354,19954.338723022447
104624,19951.262527383864
103631,19951.148440667075
106329,19951.132536568068
94466,19406.91535004007
79495,19974.809459434433
92262,19975.88103049179
103626,19951.23082359703
102620,19951.135732705454
103026,19951.16717811823
95440,19952.064266236328
90675,19950.88296857389
92169,19976.616173704537
85598,19950.69874708942
93980,20777.15893703651
89884,19950.87795375318
100361,19951.376935257893
95314,19976.313424510725
102984,19951.376609795367
97290,19952.033386466035
88702,19950.388583754204
79250,21321.39545901348
101218,19951.127747000446
85994,19951.012608746812
91181,19406.636399787098
105974,19951.1701177593
92222,19976.63162857345
91691,19407.03100911393
103472,19950.953309672816
90116,19950.943246652037
94185,19951.141995013495
95705,21322.06009095229
92442,19976.628595716807
83759,19950.529450759263
106311,19951.70394861208
108531,20776.879894685128
88487,19950.851011181298
88956,19950.950772511602
80477,19408.570331582072
95422,19951.624017616472
77410,19948.620268368588
91873,19952.074788799317
95274,21322.068970385575
90023,19950.85146280852
77204,19409.511803782993
76504,19952.197426683713
105902,19951.128793449116
81820,20777.472303263803
89405,19975.778537654467
92206,19951.120452035462
79328,19409.208800388733
94971,19976.558369623814
91185,19952.134936621078
103332,19951.159902759802
105983,21321.874173954515
81775,21322.188406169007
81946,21322.868241744618
97846,19951.520190064057
103884,19951.384974463075
105182,19950.902095726247
76148,19950.044689318718
99255,19951.82470959333
87785,19951.017948665423
78903,19974.209066538475
94578,19406.917022300586
107853,19951.092720067052
76717,19946.86674534422
99052,21321.893683463903
82390,21321.74147377469
83676,19950.50767960167
87748,19951.09169401984
95443,21322.280699852225
94430,19951.627742881436
83886,19950.877074616645
78492,19948.314532093253
97540,19951.349503334124
103167,19951.45953683886
82621,19950.722652421464
88729,19950.873873168446
97779,19951.083230395954
87179,19950.66347349248
83693,19950.49364406335
83068,19951.30231602111
87978,19950.85056747473
77547,19946.380402574698
104135,19951.088974825103
91838,19406.98098450338
81044,19950.598090707408
82100,21321.71707065176
79196,19975.244125769008
103420,19951.140939901437
84430,19950.845409487967
95116,19952.073263576378
88758,19950.830074160473
102600,19951.46459991178
97943,19951.51562854027
82923,19950.420233720575
84173,19977.00140357646
91455,19952.05195284237
104107,20776.93864270443
84031,19949.988772849112
103307,19951.12900071694
103516,21321.91400399469
94534,19976.57203104667
89498,21321.840570390872
78100,19979.44573591585
86728,19950.75465218791
89787,19952.339167375016
99604,19951.09253503081
87920,19951.296820839187
95679,21322.27275045871
106342,19951.136939014814
105013,19951.11641963037
94526,21321.858422832953
79217,19950.163462287263
105206,21322.02933669789
80930,20776.882201391374
101748,19951.38366509869
108486,19951.375420782824
93949,21322.12597038451
99658,19951.833466473083
97561,19951.359744223046
101617,19950.964765401153
81330,21323.00963370219
101771,19951.098725626827
97270,19951.053892081974
101595,19951.37559409601
98215,19951.26391307008
84007,19950.531313022035
92680,21322.07973671457
78992,19949.731285255995
107596,21321.838487314646
77206,19409.2881855869
82743,21321.619371105433
83701,21322.645535595475
99165,19951.139186020555
94432,21322.087717792554
86548,19951.81024903481
76397,19427.577057150727
100070,19950.859766599908
103513,19951.17435997534
80091,19976.409996440896
76782,19950.85654534533
100886,19951.1495228531
103951,19951.16024955051
87351,19951.947588418967
85974,19976.875354027125
79314,19978.358612604487
102475,19951.151600878704
101614,19975.978346679454
99033,19951.093929161456
97666,19951.084286439127
99253,19951.35596076948
91658,19407.00204511947
82007,19977.32721517941
76687,21330.0279197325
83921,19950.79535031735
92186,19976.606823755923
85865,19950.934173977803
78521,19949.088359939138
77902,21320.659433774388
101697,19951.376148721927
98102,19951.57960938919
88037,19407.005248452322
87226,19950.16552234542
107492,19951.096638122694
100723,19951.116941562937
78581,19978.31343939614
104777,19950.826083803102
95606,19976.19112670299
101145,19951.113023115
98544,20056.79209701988
96417,21322.10206148222
102714,19951.379508987317
85830,19975.737423795206
80541,21323.120792848877
88142,19951.037112741276
95553,21322.263938852815
107711,19951.155888489913
82572,19949.84250809626
77820,19957.464242998587
94456,20777.142629883383
90433,19950.83604159251
78161,19956.532588996743
98322,19976.526073094843
101884,19951.14316220414
98723,19951.077867756667
100828,19951.132476471874
100612,19951.375713063422
78754,19949.081665912756
95053,21321.886230233307
87293,19950.910724865287
83679,19951.260654637474
102810,19951.103478842968
103021,19951.728245183913
90497,19950.957313182364
106798,19406.210166767472
96234,19951.335020068138
97962,19951.206659426247
81585,19975.13593198581
101255,19951.12983945293
95824,19951.60295786119
97053,19951.18951486511
106657,19951.474646131726
107453,19951.298211005087
77979,19947.83577412137
93717,19976.359601338016
100424,20777.111598774285
105579,19951.427753174015
85608,19976.91717216419
107878,19406.61760425746
83229,19951.277402641863
95478,19952.05991970292
104405,19976.39002938646
86681,19950.73922979247
81901,19951.58443586826
77806,20778.43594171208
102650,19951.172527853178
80845,19951.230922147097
77445,19948.586740458115
79206,21321.384379056693
105219,19951.449421142792
82665,19950.737472462602
79532,19955.126189573282
98125,19950.76709693545
77147,19973.054832133035
84836,19950.758450571597
105376,19951.368825263748
77343,21320.70154988082
108114,19976.022300149398
94994,19406.8054032131
88610,19950.76854390989
99609,19951.082824103825
107243,20752.250497390913
98829,19951.861987255663
85362,19950.93862237131
87409,19950.771791959014
95322,21322.26774292491
86185,19950.708001788018
81792,19953.32905985468
84113,19950.524201060594
86139,19407.33215795835
84719,19951.281721358973
85120,21321.74489594443
101693,19951.124712848923
77413,19948.772108643825
77179,19978.593399170564
91580,21321.89429555624
84116,19950.556607180013
93025,19951.690538858238
105224,19950.88595399178
102854,19951.165530032053
76237,19996.809837596647
105595,19951.750313029985
80155,21323.24184322797
92056,21322.08541358422
103229,19951.36126945651
98783,19951.09351938625
106357,19001.231764264372
92305,21321.898658189824
96312,19976.08507427068
86890,19950.20363920192
93354,19976.23723348371
86898,19407.238118632908
76058,19882.11331595485
90555,19950.93577402296
107136,19951.180096976674
107052,21321.96916438268
76384,21316.78776503466
101670,19951.388798892465
102438,19001.305837585154
81063,19977.47889143513
88254,19950.818300347837
87041,19975.67876169481
84909,19000.90854983411
79053,19951.96168024375
88187,19975.767282869794
85814,19950.84378872369
106396,19951.105313938842
90460,19951.35585029576
79261,19977.97644031034
105167,19951.17087490993
84047,19976.9927541654
96771,19951.06985702993
91074,20777.025580731206
92357,21322.313155196618
99588,19951.12087181363
78138,19953.097722934708
94328,19951.04567669802
92019,19975.832775980438
77557,19412.50870082814
83024,19951.222745564763
94888,19951.130354469773
94193,21322.090459082767
97909,19951.589774337615
79111,21323.908573249573
97936,19406.62679878373
95276,21322.3010952226
107815,19951.190297711582
92806,21322.096208241757
91317,19407.01517543782
89507,19951.38318511629
97462,19951.102121702395
93693,20777.162228947836
81331,21322.3752691375
77260,21326.72048897388
105287,19951.571913623553
86064,19950.65295369686
94906,21322.093875594826
94965,19976.248572785877
105863,19951.083707686663
96962,19951.065216742172
82573,19951.187913408914
83271,19949.689741793794
94624,19975.855828195694
105014,19951.481184645676
99965,19951.371438697966
98009,19951.375010908745
108442,19951.141607681962
78211,21322.967993071932
87609,19950.863217370686
95639,19976.231986138147
83389,19950.458945048063
84086,19951.259368595034
105956,19951.182517735437
108384,19951.14855789539
99053,19951.105042633655
85503,19975.915689222755
100879,19950.877960649763
102238,19951.368744788415
107311,21321.9439487048
90740,19950.91318335548
96463,19952.045417944955
96521,19952.049827292027
100020,19951.082470026202
86048,19950.74414111882
90310,19951.373973953163
95810,19406.580278525642
106809,19951.094210601044
90420,19951.103266407143
77189,19982.171970051993
103940,19951.426458286165
99054,19951.590463942433
86669,19951.296813144058
108226,19951.18274347156
107731,19951.153983036143
102410,19950.92469300163
107012,19951.027301946116
85117,19950.606042829513
89298,19950.798752967214
80880,19975.370170529804
86954,19950.797952233614
100029,19951.399385950648
98943,19951.107631052895
81089,19953.178154854213
89148,19950.889467836907
98024,21321.888751344286
84621,19951.264314876145
98748,19951.83860196386
106824,19951.293057719937
106049,19951.100228275875
108266,19951.36295529695
98763,19951.034652125363
100238,19951.068951683825
107279,19951.11356514272
78188,19957.563093665405
90443,19950.9731724399
95384,19951.599624762857
98928,19951.581152032588
83992,19950.400096399557
94914,19406.90258687209
92340,19950.960968206244
77677,19948.443805208604
90840,19951.36361874567
106434,21321.834342443763
83736,19951.284326696103
90022,19951.012379236396
87633,19950.809839355683
101312,19951.4537321966
92614,21322.30910752444
79410,19974.604403053872
83220,19950.304252555605
96064,19951.357475328154
96470,19951.013383324233
77247,19972.2408612988
102732,19951.26833875567
92569,19976.41990540334
103467,19951.17509018406
102976,19950.96965302578
87220,19950.837687393356
82183,19975.430628029793
88173,19951.753877935033
94227,19951.68704052739
83048,19951.602307927253
85320,19951.006641491655
90217,19951.156033643707
97112,19976.507999099897
78246,19945.26416148085
82000,19977.410315764584
79672,19949.556040092415
93499,19406.88624830528
103355,19951.162232933864
93334,21322.110006185078
77302,19951.40792750176
87100,21321.82594600554
92568,19952.19268251985
102148,19951.136679588737
81098,19977.532658631237
77544,19958.580626536135
92644,21322.310127010733
95996,21322.258016061238
79138,20777.873457291367
97082,19951.932124122628
85843,19950.355075194486
103831,19951.155734380038
78047,19957.788713718885
99184,19951.37143168477
83023,19950.796137638026
100629,19951.086314048658
106087,19951.17558776194
87161,19950.897458122217
97572,21321.8605737852
86106,19951.59522703252
90163,19950.978541125394
95623,21322.288244202282
104349,19951.33791483322
84422,19001.00283371045
107061,19951.112931295098
78175,21323.12089406173
87468,19950.838447350074
87136,19950.787653675976
84238,19950.56758039917
85432,19950.659629849582
85363,19950.789267748896
105017,19951.36159370776
80633,19954.187587258755
82273,21322.86625758157
76668,19952.730849273958
100970,19951.158257944837
104985,19951.089512231873
76457,19424.89592831843
102241,21321.906639108372
90884,19975.813096243306
79706,21322.48461690951
92608,19952.141577587612
86284,19950.719251123308
103990,19951.207058284825
106152,19951.181213605636
97553,19951.583620942096
106477,19950.933126605512
78423,19976.732459697887
82766,19951.243093237255
77477,21325.735015828912
97680,21321.880929158033
96346,19951.461248266743
104141,19951.11153573049
80807,19954.02620989449
100442,19951.127186423597
107029,19406.545986469642
90213,19950.91457069329
88434,19951.328687543177
96441,19951.354414978614
80102,19977.5623654148
105520,21321.957755458327
78279,21321.369857531517
95023,19950.769389722573
76739,19985.479646952735
76776,21324.59849857992
89754,21322.361017734464
92585,19951.165109137535
83197,19950.26385589578
99947,19951.376680690817
108399,19951.155163503623
99140,19951.105593852863
91454,19950.65302362609
104130,19950.901931290668
108320,19951.33623310858
93440,21322.274597622472
105567,19951.33295881597
89460,19975.75342071304
79662,21323.474987569254
88491,19951.313514069214
77034,19944.713329836046
90404,21321.868242570577
76014,20064.58774165881
104971,19951.09327309222
92516,19406.971571852377
86856,19950.643260755587
90648,19951.56407190004
97201,21321.86691972381
79186,19953.04181211961
98204,19951.290129526984
82568,19950.59405699993
97595,19951.157688449104
101703,19951.130879815315
84202,19975.521885803042
97310,19950.740037957657
105498,19951.360207179423
78896,19956.033776204433
106029,20776.974206425588
90047,19951.08037384641
83277,19952.30241820406
103503,19951.3601922591
104327,19951.28768828598
78026,19979.814544434743
80909,21321.668517265367
85733,19949.967681731603
103986,19951.359105346113
103236,19951.150152728238
94181,19951.069974672697
78518,19975.787204999247
88239,19950.84783395243
94503,21322.302965903767
76074,19902.887318276265
94424,21321.853630817273
97663,21322.067173965548
82357,21321.66306349002
92631,19952.151493859386
95482,21322.126212135154
90697,19950.975248029015
78798,21321.129661583676
103348,19951.36916861953
83659,19950.518361905208
91108,19407.021950026225
77916,19948.14540898476
106086,19950.924082801826
81928,19951.743306788925
108406,19951.37510620648
89731,19976.66709947161
106178,18431.482125311053
107719,19976.433832555984
90633,19951.381850446203
100003,19951.08653422415
98978,19951.106145253903
88009,19951.039580368863
96631,21322.046852476105
93628,19406.91237659118
87288,19950.78957280712
82057,19953.528721814688
82925,19977.090163467812
100038,19951.437986211513
78420,19978.570498078803
96271,19951.1089161785
97966,19951.136832256932
96110,19951.34137433375
80393,19975.003155748356
78706,19949.811943174416
107484,19951.223441988426
103084,19951.173686177528
99792,19951.062798052288
93476,21322.327914950136
88975,19975.86861863197
83981,19951.25541056176
79492,19950.310249854567
76802,19967.242471821304
83781,19950.376112379166
95719,21322.258794226786
106177,19951.78130627873
80626,21323.091891920172
76158,19948.166003638427
91434,19976.61498801548
80463,21323.100326116542
86263,19950.78385525411
107666,19951.11791685922
94262,19976.575824390075
103501,19951.15752847662
89996,19951.667807790764
87306,19950.496417716022
82265,19950.60224264027
106825,19976.193678722364
98851,19406.619188579025
80547,21323.128726651634
100440,19951.123638681875
103194,19951.162181519052
90394,21322.383422333914
86111,19950.128415611744
88528,19951.08128261639
86857,19950.7588244585
78099,19949.22742450488
92331,19976.53820816255
96016,19951.356836967847
91750,19976.64636879468
92459,19976.627337146467
107321,19951.212753974734
87091,19951.299496392556
97925,19951.02191572748
81737,20777.507753444104
99093,19951.355528580232
99531,19951.14159296174
84423,19950.561210044663
76406,19991.582122547214
107350,19951.23592807814
76326,21338.853376203835
84338,21322.666345033267
76577,21318.74033347297
95385,19406.59395134396
90391,19976.696866540253
107624,19406.507364618683
99241,19951.09172481042
80248,19977.808936290265
85295,19950.95438177211
96343,19951.05456627082
80926,19407.071802176742
94027,21322.257277407298
79544,21321.386396378264
84425,19975.528655276157
105264,19951.136338896446
82643,19949.7125678381
93474,19976.181633171036
107072,19951.208602949293
83519,19951.977571346157
85962,19951.310412243765
96932,19406.884322312246
100759,19001.29362904136
107022,19951.095096518166
77012,19415.823566482493
100651,19975.97890374525
89430,19952.372644295298
88981,19951.31994892932
95740,21322.05740484256
101954,19951.23148889168
103408,19951.104092657053
81304,19408.10489477025
108421,20777.09491472618
93532,19951.67923466235
101576,19951.38103928261
79931,19977.957943410012
108176,19951.056292942732
84455,19950.69724171971
106797,19951.24737441535
76513,19954.43506222359
89674,19950.97401668543
77722,19411.66639462338
84754,19951.273464400892
106492,19951.143400743716
99242,19951.50151505073
107569,19951.190959644253
94320,19406.85424616332
82637,19950.237682250903
96550,19951.491697042857
105480,20056.656889809656
100624,19951.138264534013
89114,19951.727602294603
100866,19406.765536460603
81896,21321.605427559727
102689,19951.44544841942
97911,20056.8009262766
97099,19951.023734750957
92071,20777.182607577564
95849,21322.28287986863
102903,19951.16172749637
103725,19951.444779838297
101176,19951.143549829234
103887,19951.140861494096
80921,21323.069586034417
92266,19976.573932038955
106467,19975.976944751346
92139,21322.071484758228
106826,21322.11116841528
88193,19950.848158476634
106211,19951.183741246226
88612,19951.328446667954
89179,19950.88836412666
80004,19952.59439450267
98225,19975.93410311487
99856,19951.573406977444
87150,21322.52412990769
94786,21322.108243674713
98471,20776.980696450893
103319,19951.362850906877
89393,19950.986079983424
85789,19952.033978198622
97761,21322.067040724596
101800,19951.140699575677
91588,19952.105130298994
76096,19889.424557931343
77378,21323.075753962563
105010,21321.936764440554
93587,21322.093400705944
90171,19975.800785309995
90438,19950.923110846656
91148,19976.596252986124
91323,21321.84925751823
98577,19951.361799789975
77741,19973.181434496917
87789,19951.907115779853
94742,21322.274513402215
78295,19947.781843770143
104797,19951.121054036063
77425,19943.782181262366
96208,19951.372110571632
100731,19951.12792940726
93163,21322.332127442056
85915,19950.8284359421
89993,19976.37495474535
99626,19951.821528127715
78228,21320.94341140678
78779,19949.389020984603
78654,19977.235751517394
82947,19950.854155685724
99479,19950.794378793453
90585,19976.616675646455
79933,21322.373996705206
79287,21322.527820236264
92899,19952.00962595347
93755,21321.849974908415
92117,19952.214446882426
102417,19951.1369823993
106587,19951.235374931824
108201,21322.17320016745
88442,19950.767033275653
82673,19975.384501009506
104223,19406.181399612844
86036,19950.650427151963
93425,21322.29549732826
96693,21321.85486653639
82050,19953.5275354411
99460,19951.058059446917
81829,21322.874962416383
83925,19950.524838780315
94041,19951.65557651093
82035,19975.467665969136
107368,19950.9481769308
105591,19976.211850286476
107782,19951.09584822015
96340,19951.888557918097
97566,19975.940789214204
91719,19406.637057424236
79210,19951.2349169076
89898,19950.918562495885
106642,19976.03680558051
93485,19406.926622611572
98774,19951.36401925307
90967,21321.847382988082
89550,19975.924630105277
99247,19951.414530473347
99897,19951.100527820246
91394,19951.719496498543
88135,19950.902030364276
84111,19951.28128079059
91479,19952.065469931025
82622,19950.33678026664
104106,19951.82125145964
77050,19963.50669147627
105631,19951.011579334114
86427,19950.629363316548
93552,21321.91478708289
81830,21322.88353655592
82034,19977.280138785878
105857,19951.11649583153
91623,19406.940345181683
87886,19951.051315076966
78123,19948.44073422619
101951,19975.981558103347
97543,19951.0845877799
79462,21323.66890729635
90234,19951.695078044897
81860,19977.402421100986
87045,19950.943229607914
107162,19951.414147233798
90414,19951.660340513874
78353,19957.039419617933
90940,20777.205819364943
104123,19951.570924215048
88330,19950.810491423126
84769,19950.695999618732
108396,21321.88181083607
89556,19951.33375475334
91348,21321.823068179106
107687,19951.204610459554
90777,19407.05069107176
104801,21321.809642337506
82951,19950.39282811046
106440,19951.29516533962
83562,19950.780000087478
95283,19951.505235802626
84042,19950.365160730442
97883,19951.527694130604
101997,19950.96129572681
82566,19950.306239064437
87497,19950.988869439767
79697,19408.80733423611
85723,19952.673002596206
103511,19951.162196518966
101075,19951.37146081526
108424,19950.897252210656
102011,19951.38749860753
90054,19950.934240548086
105933,19951.17015225177
83807,19952.649174033566
77338,21326.091766163947
96060,19950.98755484465
103133,19951.37994811225
76548,20782.11515690968
79177,19954.437085234378
88937,19407.114116632947
105216,19951.095996308355
80415,19407.02928724472
89404,19950.80915343476
99503,19951.36604436548
102640,19951.15201336819
108003,20752.27108658035
78038,19947.520675592386
96267,21322.101198516208
106361,21322.120077045838
90046,19950.823557574968
81034,19951.320077078293
77832,21320.56950756654
76482,19965.427388259963
103687,19951.379102646908
104148,21321.790511087394
96008,19951.06118224065
77464,21325.7247283435
83612,19977.06835368744
88727,19951.332373874036
92881,19976.36191361461
78787,21321.518195100773
92593,19976.591228117908
93216,19406.890466206
108447,19951.122889313694
91746,19976.6380426449
78670,19948.836830592918
93142,21322.31807411486
103515,19951.16410493281
101254,19951.349318748722
103532,19951.146112587394
95650,21322.067519916774
100251,19951.354130665604
82597,19950.208344890194
83045,19950.41726001167
95764,19406.889928034845
83685,19950.65413664157
108088,19951.126571890258
99800,19951.076530263796
104273,19950.822944200223
86860,19950.331682196327
103756,19951.125676841497
90038,19950.91221134846
81692,19952.14935381165
76875,19942.484573373113
82474,19950.320022193613
84165,19976.407012062933
92416,19406.963464232987
76486,19932.650535136356
83332,19950.822038298018
86362,19950.725748981167
99000,19951.85820874911
79474,19949.918048440275
81625,19977.40207322339
84416,19950.563653440986
107026,21322.177976700637
78888,19951.49169125172
91402,19951.06500105198
104996,19951.418823236687
108161,19951.138348621484
95547,19976.350812252975
81861,19950.19658676016
77574,21323.525322190097
88480,19950.9012942943
78311,19953.68763523343
79130,21322.710083718048
86087,19407.407192303926
96083,19976.033152010205
102730,19951.143830133027
93459,21322.296214057256
103121,19001.248599748953
106519,19951.132619717508
90685,19975.80963078693
95357,19951.15320578081
104263,19951.112103985884
92978,21322.063491880366
85290,19950.788568710683
90632,19951.713346277073
105283,19951.41356368084
77070,19945.930255736763
97304,19951.211974779275
97350,19951.645678414974
88499,19950.736781907348
88773,19951.32230803304
97413,19951.34004246933
97795,21322.047461052352
102571,19951.159960795943
100395,19975.961164501383
83692,19951.289927515354
88058,19407.161283449124
88108,19951.55663488459
89818,19950.90223674231
84732,19951.23668042924
79794,19408.289804846656
103320,19950.91587314677
91794,20056.75570383423
83061,19950.82309057855
88593,19951.032969919946
100252,19975.987423192695
87177,19950.790506981208
108018,19951.341312398865
102667,19951.451760716183
77541,19972.787941474515
78985,21322.714014021338
96495,19951.147415227064
91698,19976.635569237893
80282,19951.80057350377
92825,19976.609893007393
92684,21322.099302510196
93840,19952.143133011174
85266,19950.61112527593
96656,19976.339038148486
87600,19951.44338233139
106994,19951.316707259295
101405,19951.23806661052
86756,19950.92466344427
91439,19976.161911209914
85088,19950.520476592283
93892,19406.856559591917
108240,19951.381782211472
91934,19976.59782645495
79263,19953.03899396091
99012,19951.575261865135
99507,19951.532415784503
104775,20752.147558974975
76783,19943.14314655358
98630,19950.782159214235
105799,19951.161731806034
79687,19408.945855587626
102242,19951.379061318294
104987,19976.01826173353
76197,19910.23935632807
79819,19978.118135144647
105059,19950.89622368163
103748,19951.145417882144
104789,19951.103273162586
107740,19951.721078822877
94310,21322.26756901075
95974,19951.9086693611
78991,19978.538463808356
85346,19950.34397773287
104905,19951.210248533665
84858,19950.526238825278
95021,21322.073719095213
79234,21321.63417138517
93929,19951.965457623064
93964,19976.6003735256
102327,19951.446215710384
93930,21321.908493379848
94220,19976.60213952735
97355,19951.472618417734
101356,19951.37882645655
80132,19954.66247784317
96537,19951.071039770984
95767,19951.10426503272
102780,19951.36882904236
98549,19951.034344812033
91031,19976.671336276824
91922,19951.710113384026
92327,19976.599571991803
101273,19951.15197169095
83564,19975.599197749056
93121,19976.528729909565
91848,21321.887449899386
99112,19951.537346548328
79484,19978.033952990267
83792,19950.568400472053
88337,19952.455802941648
98896,19950.776718608064
82576,19951.735305153015
85186,19950.881294721774
103570,19951.164448513482
94806,19976.283903791045
107394,19951.141908923106
106891,19950.992987881473
77508,21320.74966362552
78851,19978.831351923265
81113,19953.92692414943
85437,19950.927010589607
82280,19950.6785248915
85886,19407.33521207898
79625,21322.516145373585
95239,21321.915736057254
82313,21322.372345781314
90789,19952.055326225316
92484,19976.627837916418
88349,19950.772056144386
87936,19950.801430105163
96057,19951.046374973146
102286,19951.12506240702
97187,19951.06285513748
85499,19950.948469018196
104015,21321.77672657553
99732,19951.13018072575
87915,19950.837360534162
81687,19950.165452070843
86009,19952.70274899521
97444,19951.03642658807
102004,19951.450604247224
104458,19951.12271596055
98519,19950.786939274705
82785,19952.06634691899
103479,19951.85434356562
100675,19951.139344863164
102764,19951.1301617434
84770,19950.6436368191
106124,19975.958199124638
103447,19951.15441797783
101681,19951.141334216434
97714,19406.83538770156
101446,19951.46182333756
108526,19406.232707437815
92403,19976.25979075309
76218,20006.542894384373
81456,19407.981499672795
81297,21321.612676649474
90637,19407.088410854612
90327,19950.910729801697
95775,19406.539713242837
89328,19950.95710352921
76281,19915.44180675564
105285,19976.39355893745
97967,21321.900258611142
103677,19951.136866801964
89371,19951.7674827763
93864,19951.642671066937
103191,19950.894505206154
84138,19950.906168256606
88931,19951.382486252554
83174,20776.987615429938
96700,19951.06607024657
90557,19950.927960348952
106224,19951.221830978087
76032,20067.870418351027
93904,19975.938260077517
83233,19950.405556486887
97166,19951.088124288082
107008,19951.1340846069
98411,19951.26177738832
76898,19943.02033649556
77335,19959.464258184213
103661,19951.375158517978
89251,19952.374830597662
107278,19951.14129293958
76306,21336.034766810386
95821,21322.283093506187
93738,19952.131030004213
102085,19951.135218555406
87697,19951.313861668
95925,19976.530449069312
86432,21322.105637508466
77843,19948.215017894934
91784,20777.022001982175
101658,19951.45208689474
77139,19955.85910562423
82509,19950.28039242041
92105,21322.105402275356
89714,19951.34129878843
104701,20752.242367461913
96529,19951.07120300851
86466,19950.974127863
91745,19976.52082017848
89336,19950.981949900885
77392,19946.99850637338
107821,19976.339672974478
96431,19001.191838118433
96177,19951.35514354146
103091,19001.248457619015
91003,20777.200017560797
95781,21321.868833586672
96216,21321.872590257062
78178,20777.1880377805
108259,19951.1935047036
81909,19407.86668672659
87054,19951.012089466167
95949,20777.00329414176
84912,19951.26547596193
106750,19951.10743815451
105535,19951.0966996438
104790,19951.116289515125
82394,21321.71585697261
85536,19950.638618804634
88663,19950.852571229792
95114,21321.89595469015
87720,19950.431446029226
105355,19951.5015215508
82633,19975.53372792846
77178,19946.281575543428
82650,19950.569770434482
88354,19952.379896417064
91594,19976.42997382959
106838,19951.719268398287
92201,19952.16856644435
86903,19950.849804752594
91790,21321.885423245323
89435,21322.124669193243
106192,21321.91259903996
100291,19975.971241591502
80263,19977.761020032256
105259,19951.10970066778
90581,19951.076199718267
82168,19950.361739768905
78900,19951.945892735846
92927,19951.657875968976
86035,19950.174174829346
82812,19950.561854208063
90960,19406.641631268194
80564,21322.529393878904
88136,19950.846452839447
81598,19407.946463512144
84515,19951.597401274157
76559,19988.028523262477
85602,19951.277045243507
87221,19950.869857632297
103271,21321.908778954334
94627,19951.61561133747
79016,19949.799023225965
89875,19951.366736199354
89037,19951.316686079605
100203,19951.09714044648
86521,19950.737739042615
100287,19951.07433523238
100028,21321.891139917934
99993,19951.12899638437
89572,19951.364510630563
89439,21321.84355472215
105686,19950.906706204973
92939,20777.1486037436
94055,21321.889044614698
80380,19977.789498035272
99967,19951.201741427813
95543,19976.464857385145
97455,21321.866965790403
77160,19944.85790532311
105212,21321.93422138887
100236,19951.383612132286
107291,19951.11581032613
104571,21321.859861572062
107474,21321.808059841434
93115,19976.61062227831
92068,19951.35665146683
101225,19951.360432899284
87087,19976.283409070205
98133,20776.980297764403
108494,19976.367261580373
93501,19976.611546919466
99785,21321.884105219273
99377,19951.105679890905
104791,20777.112110377908
95521,21322.066796844763
98752,19951.504123618513
100191,19951.128900010426
86298,19950.920555356675
85617,19950.673759652414
101651,19951.361283804443
93014,19976.515701609896
89934,19950.89327416069
85334,19951.26810467454
97879,19951.45603619392
79690,21321.492025450516
108126,20752.240404374454
77117,19962.991248401693
99027,19951.5390994745
102822,19951.15614003534
80603,19976.53392977067
98014,19951.02342562656
77131,19963.049451227882
93449,19976.601551263106
96996,21322.07438170111
86682,19950.667247840705
88766,19950.84362466781
89860,19950.799685151593
103646,19951.11418355324
97690,19951.093508159243
101168,19951.114971130904
106415,19950.91985298675
83711,19953.087682947255
87996,19950.90100323514
79855,19977.786372950104
105266,19256.047853870205
92717,21321.90328540505
88833,19950.889603938434
100290,19951.203168087657
79845,19974.837276685124
102781,19951.381319336528
80780,21323.090667581975
95643,19406.87745105859
90478,19950.823168942356
78919,19955.17931717971
87599,19952.443515782343
83576,19950.47699198449
97582,21321.899199004012
98560,19951.400652912023
94839,19951.074285133473
79584,21321.580214609116
95009,19406.94154421977
86194,19950.604492562215
81291,19950.261238770698
108264,19951.11540045151
91618,21322.090109743283
103987,19951.158394278198
98687,19951.08055400156
89683,19950.907772094743
80178,19976.19849541238
85041,19950.59601909813
85795,19976.880348894803
92667,19952.158347642468
88648,19975.8263278992
81003,19977.626815099524
89530,19951.339081922793
89343,19952.35290010892
84383,19951.868847453312
95447,19976.53460034232
103195,21321.91632534185
87916,19950.716412316364
79701,19950.1209314761
78939,21323.861702981078
90700,19950.913650230697
92770,19952.028482225895
108076,21321.959488043016
76716,19953.466913369684
94223,19406.9056664955
97551,21322.07612408433
92126,21322.31588026294
92616,21322.288758133283
101680,19951.810905310256
91237,19976.706698465205
105108,19951.12624457842
96867,19975.90995998782
89088,19951.315127614886
92402,21321.866429522594
94049,19976.41420559612
86720,19950.771581464196
100554,19951.355975032893
102551,19951.380019968383
88297,19975.744228586875
85365,19950.63927667899
82994,19950.405472843875
79914,19949.67315485567
108258,19976.204493060475
76068,19882.787360906805
82252,19975.248559917665
85769,21321.76692613409
90927,21322.380086099096
106917,19951.10781629405
97051,19951.02538928465
89757,19950.836870063482
90517,19950.615341562985
100679,19950.838090596477
102698,19951.370538382493
76935,19410.340847024378
94802,21322.274440379286
106017,21322.13134015662
105400,19951.125088946796
107120,19951.074245729946
102046,19951.378241986182
90067,19975.821680454927
82781,19950.39892963362
95277,21322.10665627585
95689,19976.552872138112
105027,21322.17644945866
85236,19407.40210137159
97380,21322.059158137385
100285,19951.82965384604
98812,19951.197549568504
96265,19951.648888268297
101336,19951.125301777887
107335,20056.65784781597
96385,19951.34783369583
78322,21321.311632130306
91805,19952.07310493105
106808,19951.24694508493
91272,21322.076947534348
97409,19951.05518578507
84801,19950.85383852289
84783,19950.622652411967
78594,21322.510354657312
84618,19950.652294386728
95162,19976.18811613994
87803,19951.292998122502
92565,19976.277034151248
107155,19951.703729504145
93075,21322.300839837095
102973,19951.14093443444
89247,19950.44982243602
79555,19978.168087756516
90326,19951.37398002139
107169,19951.30119339681
79268,19978.32200622894
99954,19951.106904822802
80374,19953.79133025795
101695,19951.111460718817
91260,21322.13463365116
78376,21321.242492293666
105554,19951.119308582347
106897,19950.939489396304
88890,19976.755036269566
85043,19950.69461941685
90014,19951.384467677715
99924,19951.376031482276
102210,19951.365347325536
102041,19951.151828393955
78082,19979.904580721402
106653,19951.111225692723
85042,19949.930033282883
90502,19951.085432325126
87396,19975.855247891024
92489,19976.547687879316
76383,19963.200565069503
82522,19950.29308569065
89906,19950.934710180263
103260,19951.138509765184
78162,19949.473995541903
102594,19950.931880121916
103841,19951.125701820194
78789,19952.75417825218
106717,19951.207261312466
88775,19976.045708450823
88109,19975.85506737563
87997,19950.87559271111
88027,21321.78599823367
93890,19406.92938717193
94101,21321.867780903045
102675,19950.910575394926
101475,19951.150114327458
80558,19951.48616822924
87171,19950.154117718375
88266,19951.73302830654
101850,19951.459517161828
99649,19951.419669175157
105512,19951.1256452026
102290,21321.89181057616
80390,19977.826259953647
90266,19950.852962842902
84938,19975.677513800005
93151,19952.06389831962
95267,19952.082863251744
92188,19951.682994244144
80014,21322.51892689259
103390,19951.161874417438
77627,21320.792029995937
104741,19951.084677599807
107297,19951.143672463437
93101,21322.065831898737
94142,19406.860987532233
93814,21322.301575572375
92300,19976.663582890782
89616,19001.182396246186
102876,19951.139677762716
106731,21322.05824269205
97653,19951.356181168892
86484,19950.76509010633
97041,21321.862922125703
88263,19951.054961615642
79035,19978.06812804696
85171,19951.368839436902
99949,19951.120351515983
97528,19951.02066603037
89333,19950.813835114877
108420,19976.386955051992
103545,21321.90720836181
87578,19951.3534632947
89794,19950.881870123216
78220,21322.766781545015
86074,19950.62595885622
82330,19977.24399989768
77108,19939.233341264495
90682,19976.674541933648
105643,19951.867913131948
104819,19951.797790456756
98722,19951.031518690907
82464,20777.441003907665
80687,21322.33682447392
101340,19951.177177800346
86763,19951.29650940576
103549,19950.90407761362
85520,19950.903696663812
95658,19406.922199729423
98745,20056.80330322733
102751,19951.04536982742
86044,19951.293938119125
87791,19950.32499883921
85907,19950.597082086708
82976,19951.274753378028
87738,19950.867745196272
96035,19976.480057162946
88577,19975.790566149462
87932,19951.001927203302
100197,19976.328392879044
87983,19952.231935708824
83455,19950.849792275287
100627,19951.119407313072
108491,19951.37089967775
103896,19951.173516955692
100166,19951.83239933958
84224,19950.916479892698
82279,20777.453253772397
102695,19951.196928779358
91730,19976.149406079185
91520,19950.977729756683
93441,19406.913494535424
104061,19976.204513977264
85328,19950.9655572941
78431,19949.77819798702
89987,19406.701147142903
89785,19951.30759268098
87524,19950.33597297244
105313,21322.047265628407
97204,19952.037193700355
81190,21321.617471977257
106185,21322.22468979651
90483,19950.93667973651
85436,19950.646060179857
89422,19951.071904068544
94943,19976.369564691904
84834,19950.11758870827
104864,19950.843076607372
104593,19951.363392775496
97614,19951.01345269152
105794,19951.103814725222
87647,19950.839129000004
79445,21321.340678419416
86179,21321.712307738246
80653,21321.62482480183
86987,19950.760083297137
94399,19976.391183968914
85016,19950.608871596232
97822,19951.079205599348
78119,19948.486853824015
100744,19951.12976846904
105979,19951.12690279693
99994,19951.123966479834
100774,21321.89650861699
92935,19406.948105625335
98288,19951.5385729382
76583,19944.926683787144
83919,19950.43493362952
81696,19977.432262723472
82491,19951.22511861552
105912,19951.17004965679
81324,19977.450635179786
76616,19955.049008520822
77437,21320.43513704037
87372,19951.3489501084
92668,19976.630124188545
89936,19950.89459240122
103228,19951.150574564053
97587,19951.265796085103
101465,19951.366629817214
83831,19950.519464465295
106127,21321.79579780723
81306,21323.02043479568
90977,19976.63173311825
104439,21321.86744284795
93212,19976.508902584606
102209,19951.144997997842
100072,19975.95660285137
82518,19950.370334734478
103988,19951.108585249694
89788,19950.86881530353
81061,19408.010252604214
102430,19951.141445433113
97938,19951.03578720263
82243,21322.820107409538
98210,21322.074972774924
108342,19951.376175475205
83764,19950.469172694655
106233,19951.087080445563
99659,19951.112170802688
99142,19951.106819976503
98655,19951.11256529219
108449,19951.280548595685
104515,19951.080270234568
97931,19951.578214642974
100995,19951.12385085508
96070,19406.88333186244
76333,19992.859019076914
106307,18431.4842350243
92092,20777.177762957526
78883,19949.51570486415
94921,19976.57694361378
78172,19957.44866875809
96430,21322.25911202285
82844,19975.475991990887
82378,19952.162660319096
105297,19951.277054952607
95050,21322.073936763398
93124,19976.583435535635
80112,21321.48261061617
86478,19976.79726593656
83917,19951.213567320556
100721,19951.152686171936
94123,19951.89821280315
100693,19951.581791497945
106688,19951.185881273334
102131,19951.145100640195
99935,19975.948496687306
102108,19951.141823177677
82729,19951.954391397576
77495,21320.15460638317
98827,19951.11544473917
97526,19951.37066048909
104954,19951.154872098847
78155,21320.781784077444
79469,19948.42852358053
98055,19951.534412401605
102443,19951.561535746056
91468,19976.654377876905
96944,19951.08331472478
90974,19976.657884232758
97294,19951.018869570293
98347,19951.047555618137
96505,19951.066301842722
100542,19951.130240717655
79348,19978.275117309408
95285,21322.05671099671
103440,19951.279057992873
91432,21322.348350297136
84815,19950.610865110164
88959,19976.733166665774
96017,19951.531888618112
105760,19951.250167468857
102874,19951.140759583293
103528,19951.142467896698
87558,19951.41611678972
95691,21322.069228933164
106122,19976.42123348776
92479,19951.638884906446
106673,19951.13388450363
108143,21321.959627313692
88298,19950.826601921715
102149,19406.74286091793
87765,19407.178547170617
90258,19951.70998757024
96940,19951.345084035594
108032,19951.15307807146
77733,21320.500413872847
90186,19950.90369639816
94702,19976.247066753418
95120,21322.283962469504
91144,19951.2867003009
103053,19950.98472304389
99408,19950.904096004404
79533,19409.110023981746
99369,19975.958626962034
105062,21321.9230393222
102029,19951.375351361366
96368,21321.88885674072
101066,19951.342705085623
100088,19950.825838297184
84869,19951.304387592896
100736,19951.13088806682
85981,19976.913972624305
98872,20776.975087135757
84037,19950.485409278943
89217,19950.65587958014
89775,19951.402878729397
88379,19952.26683663935
80011,21323.336425060497
80836,20777.64344977365
105215,18431.48014255242
93719,21322.328472679957
107968,19976.37389268864
98967,21321.893486469147
85591,19951.534380601828
80478,19977.626858340056
92882,20777.156358262062
89721,19951.35370847808
101878,19951.13297470144
102301,19951.371449283684
101408,19951.085442756917
81446,19976.091414841445
100045,19951.42005773224
82986,21321.614607453674
78772,19952.06403120635
78208,19978.989635778846
81689,19950.47037631269
96791,19976.466646471457
79141,19947.04364827842
84271,19951.28722685082
94879,19975.938612602506
107759,19951.20882912956
83675,19950.48800422849
88258,19950.863776991166
96976,19951.34673348361
92824,19976.235700328532
98414,19951.07613890263
85028,19951.319447764337
97506,19951.14155721776
92767,19951.79922766245
100210,19951.13572729695
84470,19950.7369473115
90627,19951.068115430695
98768,19951.497477037476
105263,19951.204680185274
81662,21322.95316938748
93787,19976.230730647116
82688,19950.226839657105
88923,19950.773248333073
97463,19951.0223703929
93008,19951.068549418582
86807,19950.6476999831
79997,19977.89810262103
106742,21321.917417086555
94777,19951.624783404783
86594,19951.037776731544
82991,19951.23908771555
102203,19951.179294872833
103539,19406.745534273025
96264,19976.530547563372
77721,19947.423988393388
107801,19951.33975738271
99511,19951.291872919504
92801,21321.866915428454
82658,19950.23714601876
91732,19976.54257746313
76557,19985.685024744205
91314,21322.35955560178
82198,19406.91663101201
100607,19951.38232136782
80984,19977.07828355959
77901,19947.67680236108
95736,19976.54349776771
86809,19952.529379126805
78288,19978.883918697164
101339,19951.13420841557
87249,19950.802335687717
82143,19953.54442315822
83850,19951.276624918086
106952,19976.370580356517
106504,19976.446413739795
87341,19951.024385234832
94165,21322.13614148841
79986,19408.762216609284
97235,19951.342046065398
84860,19950.801149936495
94913,19976.551786457916
82439,19950.294075360805
83066,19950.48466159818
76993,19962.057015038907
88803,19951.898484496116
77506,19951.59589634661
76456,19987.97155870365
84599,19950.43479632266
76680,19950.74536721313
78685,21322.800744879172
80310,19408.53676345271
107412,21321.934980926584
89792,19950.897663791027
87421,19950.799722255648
88821,19950.85393553503
101930,19951.146698087086
105822,19976.25596549855
97642,19951.609294131707
107339,19951.142218926925
76550,19950.005462835274
88272,19951.338726085956
85777,19950.671823757864
104995,19951.15868937247
82640,19949.47604178812
80887,19977.30020922742
105022,19001.250022199416
79920,19951.693656167135
96724,19951.16089479522
87654,19951.001592140838
80242,21321.590998497337
103464,19951.153760750643
99537,19951.221855956202
92524,19952.173235786777
83634,19950.492172062503
77597,19950.917193011126
87830,19951.352397775383
87700,19951.066877281293
86513,19950.728834137182
92891,19406.932861365443
79513,19952.395644904846
101087,19951.144762229545
85729,19950.574121123496
107672,21322.167302856902
77549,21325.494983019693
94307,21321.863371670264
84500,19950.60121956019
98867,19951.096665608467
103039,19951.155554831825
91192,19952.058092454005
82205,19407.925284351488
100369,19976.0320242448
107529,19951.091793343574
106073,19951.170998314272
87934,19950.717966995187
99978,19951.36796943223
97512,21322.240041964218
78085,21322.81560273153
83329,19950.01506798346
106679,19406.66883981455
102680,19001.275880074903
100260,21321.899379895574
98100,19951.54382861042
79452,21323.617548890754
94814,21322.273905370166
83431,19950.363186768493
102298,19951.08663138591
86411,19950.713331775678
105783,18431.490665093475
79588,20777.087565512986
77976,19949.090681841782
103387,19951.373511195216
93070,19952.18204567679
108393,21321.807355213758
105094,19951.28328369683
101152,19950.92046901852
87464,19975.715093840045
92410,19407.00390432008
102395,19951.13839984991
98531,19951.59220271228
89945,19950.889652844548
102454,19951.37989446637
104729,19976.255349387466
89493,19950.890942914724
92058,21322.320161231783
93884,19951.04780851602
87594,19950.386817305385
100891,19951.133337290175
81535,21321.639208497905
80847,21321.644130640445
90120,21321.805398700446
76004,20118.834451669692
76670,19973.559274666342
82018,19407.914683810428
90007,19976.73223008736
76604,19943.38191830692
88324,19001.038220445975
84260,19950.85407532468
104662,19951.45031258188
80740,19951.311926216596
94973,19976.565530729244
89099,19951.415885908344
89528,19976.31266081461
87947,19951.40262587736
76967,21319.953704102925
94126,19976.579429458623
92187,19407.040641857813
104140,19951.086943004546
80573,19952.36819370675
99372,20056.800559960884
79790,21322.429790831135
94392,19406.93701881823
103573,20777.10577965558
96538,19976.08006954786
96774,19951.88783684247
83631,19950.498782617527
89532,19951.728155954555
83991,19950.927543209167
95769,19976.552030502455
83263,19951.228017798072
87065,19950.775404424054
107642,19976.185902963873
85968,19950.580757679814
77321,19946.67872273234
79237,21322.474672784283
98975,19406.850618704324
95590,19976.264201266567
104906,19951.320607979203
103289,19951.16510549933
82134,19951.312117270703
108432,19976.027178347776
79361,19949.442817047126
79283,19948.470385457123
108270,19951.11604663616
100333,19975.937179244833
89059,19976.164211138184
96852,19950.849770033165
89651,19951.114166176132
82856,19950.48172170981
103072,19951.457586588844
108315,19951.360405054496
95664,19976.53416874923
87882,19951.082428213267
81682,21321.714443538844
102981,19951.12979168356
104776,19951.12121471492
97621,19951.37494488199
100451,19951.425619731297
94393,21322.300786497763
87416,19951.335147873626
105999,19950.919068060135
91075,19406.998584858215
104390,21321.99923226154
78471,21324.331433196126
91077,19976.55129312657
81733,19952.108941056485
81475,19977.452863182
89546,19976.667870513127
81968,19977.285989664833
82201,20777.47991119677
100703,19951.425767152254
108173,19951.120489299723
99283,19951.112131691694
88618,19950.844035226994
77172,19981.349471574697
105813,19951.161455494068
85410,19950.53218015055
77665,19946.633387751062
106427,19406.20840047924
100684,19975.957818925897
77682,19957.77434985148
106196,19951.105711985012
88627,19951.54831572034
108029,19951.34036458762
80142,19952.62902296812
101534,19406.768763737247
106737,19951.367375934617
84776,19949.81615489983
100686,19951.140084756928
100393,19951.36742440916
95593,19976.547291132174
106482,21322.129308987453
82594,19951.65720575897
95052,19976.563772982074
77581,21323.313944443096
105894,19976.407281482327
98981,19951.5801391846
103791,19001.302356024662
89035,19951.078454339244
78988,19978.691882149906
102284,19976.148694753047
78961,21321.114296285774
100824,19951.428006097984
80563,19977.642345388103
106006,19976.618021882885
98874,19950.783750034843
92004,19407.007858158435
76541,19959.14430524366
76087,19914.18202087542
96383,19951.018175931906
89403,19950.874238214325
85502,19950.97499609845
78453,19409.659872651442
105672,19951.185860389414
94086,19951.910276036066
103223,19976.421411934614
106894,19951.190501604742
104079,21321.904956482747
76659,19986.70455853928
78970,19948.72025710716
94467,19406.940273835706
106317,19951.185121439263
90990,20776.99347946528
85168,19975.720709689638
85329,19951.315411465806
90573,19950.994858491023
87552,19950.707440964787
106650,19951.14779773487
97658,19976.347579582736
103443,19951.166510934087
108293,19951.1153264901
106230,19406.570538964697
90762,19950.85935720794
90385,19975.81034423965
92892,21321.891814485843
87166,19951.61675770208
88217,19951.071983272283
107357,19976.38329773707
104588,19951.339373949995
106711,19976.384145531647
82117,21322.841163915582
76811,19984.073117615728
96629,21321.877174880297
82497,19951.20217230276
105204,19951.11537398002
92020,19976.61374318192
103534,19951.496521332112
87801,19951.026350995693
76388,21316.60989493452
101512,19950.856679274406
88523,19950.859232319282
82847,19951.370010786577
96295,21322.26877161574
104555,19951.20384749043
82459,19949.302767610432
88896,19950.866036874973
98912,20776.981067369237
87904,19950.81929706195
97899,19951.09460983412
84404,19950.58770703966
83628,19951.4130598816
98240,19951.02360161604
77405,19960.779785466475
95241,21322.237677899564
86588,19950.980269974127
100568,19951.066224902344
103330,19951.151144375
88168,19950.934827455032
99695,19951.100066320723
105415,19951.6673124195
108291,19976.36428423781
82483,19977.2934801408
76215,19938.90846675537
95883,19951.13412521829
93944,19406.624994349226
80545,19949.986547206114
87133,19950.81475462644
107929,19951.340772535346
103594,19951.147188861272
98090,19951.01305127917
85950,19950.22392209801
97817,19406.83761121204
80349,19948.853359563436
92065,19976.392491892955
81419,19408.122428328574
103547,19951.152486430376
82647,19951.250682037422
103287,19951.114149840476
92620,21322.084768218596
97818,19951.340368646805
94762,19975.921625318504
86986,19951.270681931815
80244,19976.339913585056
81808,21321.76703865834
101955,19951.380817381003
100277,19976.316952965157
97433,19951.03769892317
101701,19951.14253046798
88891,19951.882986798602
97998,19950.890882306197
84676,19950.483381038728
85102,19950.635703078042
95997,19976.535338530324
108269,19951.232083246137
101745,19951.138441320487
94167,19951.657038001485
100965,19951.139384962018
96695,19951.032308942784
84077,19950.716833620056
95666,21322.11244850416
93525,19951.681190140578
86442,19950.64205958083
98856,19951.82425078066
102762,19951.36668929758
91868,19952.17172608647
85895,19976.14014937763
83837,19951.286340108396
97933,19951.858031562868
77159,21326.6502494627
86267,19950.95398787601
102669,19951.570311481984
99058,19951.868640667526
83648,19950.580083988705
90586,20777.22155309612
96303,21321.854822603298
91599,21322.0941336458
104830,19950.929227921493
103867,19951.38683692385
103352,19951.09717556294
85911,21321.796176523298
86215,19975.59810127463
100026,19951.10957318192
87347,19950.70050944087
95363,19951.12830869158
105922,21322.10059673619
100582,19951.13310835999
90707,19951.03028601458
89442,19951.41479742625
107455,19976.372585697114
79441,19409.22671473865
99119,19951.374199482107
84855,19976.956622594298
95694,21322.065101118325
98802,19951.58662608281
93759,19951.95989835402
100855,19951.122839827498
93601,19976.5944468927
103425,19951.16011449633
79810,19954.86949604332
106082,19406.202323088386
96555,19001.258014857933
76273,19919.687227490434
81265,19976.157978271418
76722,19967.46005859401
87080,19950.65482385105
85477,19950.948486431316
100688,19951.1266600876
101612,19951.117621580284
107135,19951.13904947942
82754,19950.510578379857
77167,19972.047462987604
95627,19406.88635682305
77685,19980.035890562645
81835,19977.39681754689
108459,19951.3458144182
99976,19951.467560047124
77873,19979.70516395902
91574,19406.94036771297
98487,20776.97896818131
101067,19950.87514388835
86888,19951.04236840522
79051,19978.10968879078
105704,19951.172730440667
93009,19952.12417173664
79182,21323.705174423805
77226,19946.111910926724
83439,19950.735454766378
106093,19951.36614816473
85243,19951.54190842126
77181,19972.63845463147
85451,19951.275270281134
76412,19950.319010617877
87990,19950.836113035108
82077,19953.043082876542
86289,20777.297816898685
81566,19953.308706711217
82864,19950.449501115167
99130,19951.06658031799
96176,21321.858912282758
102269,19951.146232545016
91841,19951.348455006264
76041,21338.411336186266
104840,19951.17069954867
106253,19951.294062144974
98245,19951.861871111192
77039,19952.898851015987
100730,19951.086434916975
87739,19950.67144842731
107559,19951.190500847384
103282,19951.38468424022
76646,19969.978790695444
80252,19407.172860428003
103895,19975.993979825005
92491,21322.28685686004
89765,19951.364110700586
106652,19976.073598754312
88005,19950.702264493633
99470,21321.88226330809
77069,19945.098754547587
77955,19979.52057022633
90809,19950.627672910614
91610,19976.635901982223
102774,19951.424437709626
78231,19948.13378483982
101171,19975.96962928754
94420,19951.151502941524
91378,19976.662078007324
82771,19950.36752373991
99918,19951.07276940848
103574,19951.774068857107
86799,19950.781012295993
94318,19976.24291323159
76950,19983.51207831847
101720,19951.178945454976
106698,21321.946407682357
103488,19951.165058913586
99153,19951.37344731064
104945,19951.216040975687
82708,19952.878925118723
80674,20777.652316901138
84122,19950.533124297646
100375,19951.10605678442
89456,19950.936094710687
82974,19951.237280768917
104716,19951.483913516193
88124,19951.299518401618
101244,19951.11814282333
82069,20776.974439912643
98606,19951.219268895333
94412,21322.29633277043
106030,19951.318360054902
89877,19950.430812019735
83349,19952.034747855767
84253,19976.262109734715
79774,19977.954468179003
87259,19950.77679328422
81587,19949.38476237987
94407,21322.24864633316
105889,20776.96279357449
90829,19951.05613810716
90286,19950.93705320003
90162,19950.936581545477
86022,20777.29676468548
108101,19951.539774288245
76814,19979.64872352482
106162,19976.386047970736
106605,21322.009907748805
99590,19951.59906065599
102676,19951.169939209092
107658,19951.188305810454
82396,19406.941995722256
108051,21321.820539454813
92955,19952.13788364951
83520,19950.467754549947
80338,19949.908264722002
89312,19950.36646630767
80751,19953.694067983528
90622,19950.60621589599
79431,19978.069097429452
82870,19950.38101747648
106446,19951.405898697343
96223,19951.05276263717
100491,19950.83070768712
90125,21322.39278239955
107869,19406.509628306954
78278,19952.39385328831
104244,19951.10957690456
93810,21322.065849938735
90911,19952.088954044073
81869,21321.6612235584
100472,19951.382647381495
101927,21321.91893394658
99713,19951.157001992688
108184,19951.286381540198
99764,19951.05821384858
101286,21322.06263891247
106534,19950.91258125159
77461,19946.433291130696
108272,19976.07378456726
106010,21321.935418121302
89193,19951.074145894687
87761,19950.772379149676
88154,19976.76844095951
97789,19976.430848198615
98271,19951.06875636539
84160,21321.419126712728
80752,19950.536216101867
106107,19976.21989042741
87260,19976.252350450846
76549,19939.804133997637
106619,19951.094206074726
93849,19406.940355810977
96045,19951.72699544675
98306,19951.529061176687
91896,19952.062846148256
94048,20777.163615445348
104918,19951.08538684813
97720,19951.06280842406
97482,19951.03026308853
94156,21322.27558586685
96469,19951.334990706957
96918,19976.519791595096
97241,19951.018336054363
78150,19947.75379708825
77808,19957.610573704762
103265,19975.989537958834
99485,19951.52510114567
77860,19947.207787379317
83834,19951.83650523394
82565,19950.150522936143
104344,21321.954236820075
88984,19950.853937042546
92161,19976.543236372218
102199,19951.466296582024
103723,19951.15834326014
94677,21321.881592221536
104806,19950.917447821703
87148,19951.30872298611
78411,19976.702646305006
97856,19950.909407147625
80535,21321.558062943837
90156,19951.7214015016
82176,19977.334897559966
76790,19945.15488144897
91762,21321.879375530203
78650,21321.328895742274
82763,19951.21848263895
82678,19950.35336467259
100137,19951.960609424965
78365,19956.89703740787
88768,19950.815467935972
80346,19977.76124950281
106682,21321.86934884903
97171,19951.603104751804
81701,19950.65577343581
84073,19950.604885922232
79549,19949.887729305246
100269,19951.214796144926
78466,19955.883136269214
80489,19950.375523421168
100009,19951.132061369783
78769,19951.075120945992
96821,21322.26006988372
107253,19951.137637493994
76045,19961.962606770856
85567,19951.030412651297
104651,19976.130995295873
94428,19976.48676359028
90549,19951.356808054497
100940,19951.138376881496
105608,19951.459821347664
105280,19951.108138728054
92200,19976.24037281953
91082,19976.623624347227
77298,19951.45711379613
99432,19951.355527874555
80426,19950.163927866273
100817,19951.371980810276
98552,19951.828891640835
102428,19951.121135051857
100978,19951.147633099677
96371,21322.048534794405
84334,19949.778956716575
90196,19950.895105012547
102540,19951.151558089103
96914,19951.024199341435
100895,19951.138153933396
105296,19976.44974993184
101888,19950.857638161295
104077,19951.109080784718
94267,21322.283338611865
96803,19951.89287345471
88905,19950.963990291137
106132,19950.917450508456
104388,20776.93887513019
92704,19976.541734364586
86345,19407.277523563716
98326,21322.09538477146
98572,19976.5345610043
98754,19951.844905310816
77794,19947.121915993193
101082,19951.12730435275
98455,19951.60031767063
95796,20777.139896759352
98861,19951.591047176396
87570,19950.84064256202
91904,20777.000385692998
84147,19950.854917546563
79470,21323.590708952852
100012,19950.88029087991
78698,19409.815704415963
84929,19407.30757015263
97808,19976.456577115583
85299,19950.777810578882
91297,21322.161387105596
100772,19951.116553348384
88500,19950.85301959218
86077,19976.87049087234
91891,19976.616402678545
81059,19977.52412781091
91023,19952.243263945977
94693,21321.869055166033
83779,19951.227781962145
102323,19951.09614659625
86078,19950.613383353324
85595,19950.80124866721
78582,21321.27068716177
82311,21322.339343676562
107228,19951.468668195495
90613,19951.11128951573
102643,20776.997479210964
87044,19951.503082183197
94680,19976.573705526866
86222,19952.009373029574
92844,19976.598879011755
107625,19951.096801719144
98155,19951.02251059971
95145,19406.807145259612
79545,19976.52528258596
86312,19950.748370747468
106466,19951.022150641224
102721,19951.09305988629
82720,19949.37053433679
89908,19950.95218941113
86593,19950.720364955578
86930,19950.122768906323
80460,19408.4013899081
85235,19950.784239800898
103331,19951.173927648317
96526,21322.25318310284
93359,19951.156078885866
104761,19951.16736435769
76684,19986.07223385918
76697,19942.254729353583
92488,19406.91586615586
107148,19951.697605630485
100685,19951.20022824762
79407,19951.964204076554
90983,21322.084423769018
80435,19408.2569604059
106658,21321.938381170523
76894,19963.114254115666
77367,19946.41499513733
80301,21323.314169881756
81032,19952.044487384846
107900,19951.824899221894
83046,19950.42199935738
102331,19951.219246062923
94376,19950.722505514605
83559,19950.500258691325
103509,19951.16559122671
76553,19956.276224347508
85897,19950.67796450894
91644,20777.17647046089
101598,19951.459617003122
89707,21322.092377032728
106964,19976.395998391406
86117,19975.73560142566
100179,19951.368008631343
98605,19951.603706891114
99719,19951.113121912636
96764,19951.507360872194
97262,19951.0209163737
79645,21321.39984631101
85785,19950.67786806414
103444,19001.231237283024
105639,19951.341171713884
106379,19951.47798072719
94283,21321.86915323122
80195,19975.168559643953
84709,19951.272814627442
106270,21321.875400482364
106321,19951.83822575181
102975,19951.137964911584
77231,19961.93762942774
82488,19950.116312963823
100406,19951.37848480603
79606,19950.23480668827
81036,19950.530437741756
95806,21322.273045191738
97217,19951.373615048535
93696,19976.577950951934
84438,19975.49544351128
108083,19951.34581114093
94109,21322.301164997523
81873,19953.242710236354
83535,19950.50272518218
108253,19951.120153495227
103572,19950.91538311347
97782,19951.4876885786
85759,19951.528132942156
101313,19951.07448867078
98905,19951.855829173237
96344,21322.249969000623
79144,19978.236591300316
93593,19951.67167561485
99886,19951.110367337602
96085,19950.99936333642
91717,21322.093074028286
100170,19951.379937027305
101760,19951.138239469095
104762,21321.9572844901
94364,19951.1686694321
81819,21321.67337226845
88720,19950.62105199785
76810,19983.06585271224
91505,19952.24817383617
91740,19952.229376899893
107115,21322.136542042586
79860,19977.949428039727
103392,19001.293993104962
107926,19950.932410027977
98206,19951.362334633108
91551,21322.138662410714
100331,19951.669104462915
76115,19946.33864083691
82255,20777.439614447034
104007,19951.111813669802
77667,19947.690064076505
97247,21322.060365611924
104182,19951.892109976015
84802,19950.645634818706
82517,19949.304757515547
79978,21323.353634358
104400,21322.015979590982
98809,19976.275282130835
96889,19951.35624344593
106291,21322.122440512052
99347,19951.07435352659
101462,19951.118521912445
92841,21322.30645158616
78210,21321.262337801072
90440,19951.367503225614
84119,19951.34444583556
96872,19976.50979305676
99411,19951.05486020263
88399,19951.301976600127
93645,19976.562648980263
106472,19951.144741430446
93223,20777.168257289137
100761,19951.1209403041
84396,19950.44814278425
81694,19951.293505751066
91499,21322.36590860981
86428,19950.950090349135
95718,21321.8662400409
102532,19951.214942972314
101976,19951.13131515668
101696,19951.14603031652
98887,19951.09789565308
88660,19951.092139709115
88640,19950.851519632215
84379,19950.59100416442
84581,19950.967773351364
102278,19951.15562499864
87590,19950.7956854787
105244,19951.523691222876
85140,19950.737094351964
100212,19951.21848284225
82463,19950.614161936388
89649,19975.79165024209
105119,19951.290543153656
101138,19951.12451937597
97613,19951.185369587423
106323,19406.53402252094
102910,19975.980599429764
106664,19951.365527902555
78285,21320.914604923117
90102,19951.364106999892
96386,19951.061224962188
90800,19950.936617618896
98566,19951.587366036325
101815,19951.155986129183
101798,19951.373090461533
97728,19951.45066499525
99174,19951.12501885798
94250,20777.16046007918
88827,19950.859883878384
105493,19950.91786357541
77991,21322.986456580813
106003,19951.132472648726
102938,19951.380758742347
80815,21321.46033833682
102775,19951.380023183898
106108,19951.167303481845
86213,19950.71125476207
97119,19951.361063987402
90341,19951.70030409039
81713,21322.876511644776
99887,19951.10151349733
80067,21322.529598180383
104710,21322.075647116435
99374,19951.110921112584
102685,19951.375460030526
88454,19950.758623610527
88121,19952.23350160618
104607,20056.679074438835
108321,19951.361566928535
100788,19951.131472547066
79504,19952.74160754985
108273,19951.37317276643
94291,21322.298064694452
92974,19976.590272437887
98506,19950.78152364793
92238,21322.289682480714
101214,19951.091076386794
92872,21322.06601928552
92412,19406.831712188847
99487,19951.978797749547
95246,21322.262579162576
83843,19950.51305464203
77705,19979.727260780684
82903,19951.27176761481
99335,19951.619510788434
83112,19950.421020314054
82946,19950.388442185777
105777,19951.283966697152
87013,19950.67282802129
96752,19951.03512318382
106136,19951.181711619207
79867,21321.63897852882
84377,19950.577450102304
100807,19951.13938711871
77327,21320.988931431923
90531,19951.645488177997
80907,19975.031958899355
84019,19951.290403929954
90542,19976.712407042687
77431,19972.19193075034
100648,19951.365672619515
86836,19950.65934165774
85657,19950.656943686903
104881,19951.283900863586
87108,19950.94496205905
103909,21322.053260567034
101363,19951.375791337457
83894,19950.530236653147
87239,19976.80404606996
99880,19951.065608692777
101105,19951.114574575964
103682,19951.372986245588
84580,19952.859626501115
103278,19406.749422871944
81972,19950.224723969706
96088,19951.003417940577
89815,19950.92163605259
83189,19950.4339697093
93790,21321.88366695067
86893,19950.655777529722
85632,19950.506923293113
84891,19950.585007642698
81765,21322.956001659863
104808,19975.992002080995
78274,19951.021495087884
104323,19406.20300895475
104215,19951.7320814494
83258,19950.79748037927
85415,19950.676374015296
76352,19965.59012383111
105843,19951.466901814478
79923,19950.31401521295
86788,19952.346572904527
106140,19951.099815604393
107298,19951.33488128628
80097,19954.064780267043
84584,19950.801678445223
97123,19976.46675195309
82024,21322.35445779644
80482,19977.801405689166
85092,19950.682492682536
107615,19951.318745138287
83158,19950.5655444677
98377,19951.09426158653
101038,19951.147026500916
86398,19950.73882736526
93257,19976.528983679807
76372,19950.518310826857
91976,21322.339901209427
89914,21322.398140196863
102249,19951.21356614235
92223,19976.62769115898
96162,19951.0553618626
78476,21324.19349174217
84032,19951.35124444963
87790,19951.40448793092
99047,19951.085536875078
85743,19951.27678881878
100359,19951.370082599286
105381,21321.933342101052
87011,20777.229455480752
106016,19951.478634339244
104246,19951.201036967534
98535,19951.029858347956
101636,19951.093530454626
86057,19950.847201647684
103082,19951.108448300994
98076,19950.776492408375
83514,19975.506714999807
103770,19951.15344310748
81344,19952.31433241259
95622,21321.904532729855
103797,19951.15570436946
93056,21322.300517683634
78395,19949.759390368974
89628,19950.828579294717
103060,19951.14132317309
76440,19990.00309351574
91172,19952.128243228526
92399,19952.197045517354
93498,21322.303979333286
88211,19950.780527082392
101974,19951.128549081448
92110,19976.535011337008
108282,19951.122789297824
91046,19976.1934722985
87325,19951.022056903348
91442,19406.88282703217
105058,19951.15913455532
83755,19950.463317590114
84596,19951.32655246389
86642,19950.753211021976
104884,21321.883357642724
99464,19951.363264377804
76380,19935.038803711024
84398,19950.56143744425
86695,19950.96718629791
84967,19952.510607670665
91413,21322.104300902465
104536,19976.249521005848
103653,20776.989894381473
82660,19950.354879507453
96278,19951.826293551232
104281,19951.22941263282
96493,19951.349712898234
84816,19952.078964408658
96248,19950.996402219138
84910,21321.72344430901
76150,19988.876322545322
84168,19950.526723121395
91284,19976.645248527293
95359,19406.611540109396
99809,19951.521109073998
97478,19951.070265252554
90354,19950.89007483472
76268,19964.461470226357
99017,19951.034992938043
92966,19951.664995126233
98031,19951.530338938133
102949,19951.377429921893
96793,19976.437045489238
88706,19950.874692302736
100609,19951.129436012205
89116,19950.861170966655
85861,19950.592033739278
81217,21321.669095255143
93134,21322.08096065419
93383,21322.062219509018
108417,19951.150810263072
84549,20776.9573459651
97741,19951.494679819385
82038,19953.626571079134
104696,19951.124801198315
102985,19951.220058253202
76015,20130.135494662394
89233,19950.763495550895
107693,19951.110023966885
79543,19977.725810205004
88941,19976.41825799723
107133,19951.146106214186
84262,19950.399235398916
80022,19950.163518188125
92947,19976.604772070088
106355,21322.047786279272
84561,19950.046170712438
98987,19951.57683801577
106383,19951.378393984
81784,19407.793512558852
100364,19951.360552110047
107310,19951.8369279686
95690,21322.27706329272
76393,19981.663497854228
99698,19976.165741009776
92142,21322.337636645167
83931,19952.95493951412
89216,19951.44226684472
78447,19948.12897512754
88380,19951.32709303205
106609,19951.2263467329
87906,19951.039065115347
107946,19951.119223874728
98084,19951.54186749971
86920,19951.31425622655
96738,19951.35061651209
90639,19951.347697202324
85170,19951.69533590101
78613,19952.00804398523
105247,19406.733397729786
90641,19950.72226242976
103803,19951.147754087757
101871,19951.098396300706
84737,19950.635596066506
88357,19976.72493127818
76060,20043.828374360044
96081,19951.063009781592
95771,19406.87273133783
90465,19975.809662396234
105795,19951.5008700842
99716,19951.25952516784
86627,19950.702620815246
76452,19978.771068494414
106972,21321.94473235358
85032,19950.65757648906
92339,21322.0675277177
92906,19952.053972090314
107476,20601.85945068946
98693,19951.07920363116
100745,19951.128494459936
93962,21322.083397988234
87071,19951.351984685818
78456,19948.71315690057
98616,19950.795880118294
89502,19951.10274243087
84812,19951.262314280062
99278,19951.09707054131
106760,19951.725399213927
93843,19976.526318400538
89686,19951.078509501553
89459,19950.912043404307
86882,19951.631448071912
89055,19950.871397325856
103280,19951.15164185887
82388,19950.553653045354
84322,19951.628544775616
99763,19951.06735243664
89240,19950.773912675922
89369,19950.38678690876
97845,19951.34082801694
98505,19951.851653198344
83594,19950.50713627077
76879,19953.189864915897
107542,19951.124847768428
80047,19951.745224915667
103396,19951.573377408495
91511,21321.86198215474
103680,19951.146761385953
90952,21322.344484796802
80329,19954.333483771592
95213,19951.030709327897
93454,19976.272099635924
98790,20056.80437444186
90991,19952.15094290002
103576,19951.153247889335
95054,19951.608925593904
91254,21321.89338142377
78354,19956.669694846278
82354,19975.195348154513
88849,19950.85583943893
89577,19950.873117793715
92417,20777.17950582001
87390,19976.505041326705
90610,19951.34001523867
76083,21336.033020298866
81716,19950.64313063356
91781,19952.089580104028
90138,19951.396015922415
82651,19950.170572564442
97872,19951.083210253848
84809,21322.13832656061
107232,19976.005412599214
82070,19407.599279589333
98299,19951.411225219
108152,19951.146855860134
81894,19407.72401458336
92170,19952.037173081706
76815,19945.033956831994
85318,19951.311737667223
101609,19951.376461661614
85681,19950.672361501438
90628,19950.840541891605
81278,19950.62901488536
85022,19950.6411114612
106237,19976.186657911792
99060,19951.372812807207
97068,21321.904426177094
81590,19951.766675048297
87125,19950.813373344175
86034,19950.702303296053
92154,19976.57638089067
94085,20777.156833086377
84555,19951.359680715326
96138,19951.91789592021
87289,19951.0364612262
96099,19951.49542670661
92408,19976.028128168018
79885,19952.748779113568
77403,21323.1707910044
78502,21322.970674910088
101012,19951.13630430696
87470,19951.34863756093
85394,19951.30373173644
90467,19951.15315791156
101768,19951.23651207658
82421,19950.75008451678
85707,19951.29978066562
90630,19951.390136279508
83619,19950.392272951143
102793,19951.185203653993
78299,19948.497026533045
108074,19951.251751620617
80894,19954.154610561258
107622,19951.36440511198
89930,19951.09522979563
105194,19951.39046688515
87228,21321.80045021666
87821,19952.518597310718
79921,19952.315924316525
85109,19950.98351293162
104039,19951.100745687094
103523,19951.2384776586
84724,19950.6235346864
101351,19951.3847964492
76444,19978.621402013338
108202,19951.170431012346
92774,19976.65820691541
97279,21322.06948193488
94079,19406.823345947814
101938,19951.120102206496
105071,19951.740206003193
91761,21322.137006001136
79296,21323.64824522731
100769,19951.13101559856
88597,19950.851161652292
85935,19950.710103539725
100302,19951.365912503796
89081,19952.207407391412
86282,19950.26707324096
107202,19001.23476369774
101999,19951.087664203213
77135,19952.79500767488
99417,19951.51621881415
90406,19976.687432681407
94752,19951.313472218535
83342,19976.99031341128
98973,19951.597400448954
79768,19951.70243590419
77192,19947.584192256385
80500,19407.943058214692
76835,19957.210025460477
86983,19950.772085772704
97069,19951.930656946526
97193,19951.068833779555
105073,19951.235140532735
108405,19951.141986685874
90739,19951.351684909965
100079,19951.91880382687
97513,19951.587999585856
108004,19951.721562917483
100330,19951.120130289903
88508,19952.190606974968
81325,21322.381031463243
105920,21321.999949442143
81530,19950.42629333369
86776,19950.733545170067
80384,19974.977083445436
105020,19951.37413148477
104228,19951.323088684818
103926,19951.10748543652
92044,21322.320649122987
107049,19976.132812409945
107408,19951.29489299494
97280,21322.220266847486
84121,19951.63431562023
107517,19951.257936010763
81847,19406.855963053087
93671,20777.156220190984
81276,20777.053988415504
105034,19951.08381498364
82559,19951.224579907248
97468,19951.9136138823
101227,19951.105261033976
84614,19950.776124010717
76259,19999.140098434793
81329,21321.594792917043
91999,19952.067023447915
83557,19950.49514275367
82819,19950.32966814966
83735,19950.51924123654
103607,19951.18128200871
93256,19976.576369341474
89255,19950.88266814284
102147,19951.136122044485
86853,19951.297513654365
76266,19949.003445113405
85025,19950.74973883145
79566,21321.54251510025
95663,21322.06982824977
96600,19951.003106710745
99798,19950.81198874987
96922,19951.211623744017
76888,19984.133275626114
78701,19956.22964179789
108246,19951.08655451338
102309,19951.141044550128
89158,19951.05452943446
95309,19976.552353752704
90997,20056.787114746916
88930,19951.084913698374
86235,19976.870811110326
86159,19950.829414767315
101049,19951.58554296193
81773,19953.644532738475
81389,21322.330633008885
88802,19950.843061458996
85702,19950.640205836284
98780,19951.60084308969
84786,19951.583668686657
85683,19951.301997745653
77857,19957.00484723411
88429,19951.084082433634
102069,19951.147387925703
104862,19975.999249657987
108204,19951.11886940133
105476,19951.12399124196
91778,19976.590280372166
100851,20777.098400029492
82960,19950.85085660099
84799,19951.28959178744
86912,19950.76641249491
101533,19951.110466624046
90657,19950.564214808368
88912,19950.874332083204
86715,19950.925338416524
87508,19951.328298835982
87984,19950.79843627325
94852,19951.067113129888
94905,21321.87213699267
76632,21324.107003041434
84100,19949.947251632966
95802,19951.611071678715
93740,21322.1366005849
98565,19951.348655440153
104153,19976.002777561458
82480,19950.133658984876
100660,19951.669540424642
76089,21337.698660313155
104329,19951.121538741947
76434,20783.49282986968
84061,19950.87141500232
92097,19406.63413557193
96236,19951.346865332256
78908,19974.15801679409
104602,19951.012069691642
102750,19951.379714781728
103394,19951.647291317506
88113,19950.906824040227
95654,19951.862244206546
86372,19950.753861913105
103110,19951.560680167626
88378,19952.192621053808
97704,19975.922228869218
90821,21321.83178796988
84901,19952.923028034613
93956,20777.17089372229
96320,19951.949090375863
81148,21321.698962808943
96461,19951.51343895351
84615,19950.584622289156
108104,19951.194936563177
78039,19978.88006727573
91425,19952.076590478962
77044,19947.26692469916
83049,19950.79323142741
99803,19976.254841810194
77693,19954.079583834777
95508,21322.08565365429
101593,19951.14317217159
101499,19951.11858883022
88319,19952.415736669707
107344,19976.396195916477
88590,19950.84708951555
102740,19951.105214638937
85931,19951.52921870951
77210,19954.77399066027
104732,19975.99097799534
101802,19951.089969431316
106071,19951.13435534532
107867,19951.340346071018
103449,19951.126870911543
79433,19952.1549547315
94897,19976.60234139337
79851,19408.771454500282
103779,19950.947103708397
84206,19950.695823573715
101707,19951.367298322275
90924,19976.656653924718
92910,19976.589584928417
95774,21322.274741491412
78551,19410.39382352399
97038,19976.500899276234
107852,19950.96772761944
87639,19950.486713902563
89958,20777.249421300363
77096,19944.33286481753
80491,19976.963450021438
97835,19951.090459154784
88697,19950.86839996668
78196,19957.4842293416
100662,19001.287475659665
93739,19976.60912556982
101433,19951.23135336621
79620,19948.376911490464
98914,19951.20112587707
86750,19950.779035861047
99223,19976.314713802447
100046,19951.104629897465
77452,19960.490947039412
104703,19975.99933775476
98198,19975.953770432432
104049,19951.368057932686
102264,19951.165359776922
104967,19951.72313116733
82009,19952.19508875946
79345,19949.826888644126
76063,19965.311388751274
92506,21321.858263953203
105509,19950.888664611386
87958,19950.829635933915
104150,19951.202182689834
76395,19954.97285726021
92933,19951.354841009324
105564,21321.90673637985
101877,19951.378001489767
97863,19951.147186343314
98886,19976.529107505063
108166,19976.42756202266
84870,19950.710145387617
105095,19951.123518120872
91461,19406.980430735708
89581,19950.811306156218
79917,19950.333733147814
86396,19950.94263732409
77190,19956.922750819216
81287,19950.006981254664
103138,19951.160083175753
87123,19950.75866756346
103793,19951.15342221041
93077,19406.885506666284
107545,19976.398082161068
99055,19951.50879061022
101183,19951.12346521141
100713,19951.115592077484
94948,21322.0870882729
104333,19951.25010662876
99987,19951.117867334575
85251,19951.321942363826
78966,19950.03710328617
106038,19106.79989645542
80139,21323.30271034038
86167,19950.91464136796
99261,19951.51775913724
92352,19951.0495345379
106505,19976.269219580317
100845,19951.148084638407
99620,19951.201992438742
99159,19951.288183929602
106476,21322.17260805603
98980,20056.818932666167
93289,19406.9382014148
108209,21321.882274333613
83126,19949.623564269907
100563,19951.11417558444
105255,19950.983406530253
94179,19406.927934112795
90552,19407.019106504627
91267,19951.671238261883
96812,19951.34833723479
88257,19951.101523390756
88718,19951.034383180016
83854,19951.286027401413
94902,19976.55442954913
92523,19950.74302413607
89821,19976.41405722589
95400,19951.942175013766
84369,19950.829631099532
104199,19950.83015860617
82116,21322.357811990005
100708,21321.905291153143
82790,21321.629559207457
81821,19950.264785491145
88277,19951.044204611186
81500,19408.16665801013
86835,21322.110426922052
79378,19954.758940818214
91295,21321.89511694624
91973,19976.623663040657
104856,19976.331382563516
77543,19950.81682972179
108162,19406.19554831424
91217,19976.661821274265
87896,19950.885843744567
98107,19951.04223909201
100169,19951.377763585428
90709,19950.93256904164
80086,21321.594811511553
81299,21321.68019901812
96112,19951.38746696238
103775,19975.98762888465
95669,19976.578552409865
78443,21320.818003878023
83136,19950.752209728187
103945,19950.95680226894
93010,21322.31904947149
91906,21322.321469423383
85113,19950.56940661979
79454,19952.865147438606
95079,19951.940663769798
77330,21326.15157537028
83798,19950.66544604043
90237,19950.87213437122
90782,19950.92045442164
93557,21322.077034766768
80716,21321.47111996628
103222,19951.153542895816
88529,19950.36589957481
79327,19409.252562783993
103525,19951.23586526234
77294,19946.0858105185
86934,19950.873156748134
83687,19950.398849481833
101179,19951.14682430269
86285,19976.808773848054
108225,19951.751443093064
79458,19952.8025679369
79962,19951.970916333605
77878,19951.487543389878
79980,21322.514501145575
78111,19952.15121353634
96878,19951.62358236371
91368,21321.845583699294
85298,19950.13535172012
85082,19976.931297250903
91369,21322.08442067595
96485,19952.03851800149
77644,19972.95561192172
87187,19951.31078384368
108438,19951.19086057205
83884,19950.86057883485
79694,20777.741393532102
83581,19950.83758598683
89661,19951.375997388463
91756,19950.979472198116
94344,19975.89771137418
104700,19976.454031493326
82382,19952.594262689065
107594,19976.4482909774
78751,19953.189956876333
80127,19948.752097676177
99586,19951.1303689522
79871,19407.4617080476
107372,19951.134100416246
108028,19951.321113597536
85904,19950.93207038206
102788,19951.166243825035
99942,19951.587876515583
107103,19951.074362836902
84087,19950.373225954478
97292,19951.078677776524
104542,19976.023259252
94429,21322.256349742725
86335,19951.29637467829
82367,19407.48766669084
86457,19951.284529013596
107346,19951.166933855442
77766,21323.184868926062
94768,21322.30122304597
84426,19950.892425652044
104173,19951.137824425627
80165,21321.61268708402
80521,21322.398530563456
95028,21322.270507299614
77278,21320.935328909763
104940,19951.746718370334
76864,19978.18452459289
87845,19950.81083578433
86391,19951.28469141077
85488,19950.75358605929
87274,19951.351274362965
102371,19951.146752979854
77811,19976.156464636013
80166,19954.469763065666
85693,19976.449000004828
86192,19950.80013259178
104128,19951.453257090176
76805,19935.108817323893
76360,19931.655753219162
100706,19951.131816445133
101318,19951.378606695816
99579,20056.805993045542
77331,19951.014457671565
107340,19951.336930282578
90662,19976.67772377421
83565,19950.318547487655
89664,19976.720428164386
78421,21322.57687750004
85006,19950.643709601693
93876,21321.86874158562
97786,19951.19403083592
96174,19952.056004599697
87729,19950.812689317507
83280,19950.47986403205
102207,19951.45171115641
100949,19951.174213369562
105703,19951.287280534605
100936,19951.109240151767
80419,21323.25938241912
85990,19950.12379793923
107505,19951.277705708384
81337,19407.79566948559
93683,21322.285658518413
94646,19951.95861610408
93987,20777.15339842743
80512,19407.242804735793
76113,21330.658097842792
106835,19951.127151567696
100428,19951.38073388851
105624,21322.05467139494
89652,19950.896639467403
95108,19951.893168601524
99206,19951.279097149898
76036,19857.297498482425
86230,19950.725736617413
84454,19950.91003678307
79349,19950.003377781133
85609,19950.687934882484
77345,19947.6457163665
78726,19409.99819502221
94445,21322.119618571352
107695,19951.02935798668
106991,21322.00320487572
79308,19974.855274934016
86486,19950.927945340914
80429,21322.539167739524
87107,19951.004259207115
80582,19408.374912102034
90386,19406.707104261
98363,19951.410197007077
76705,19953.590556962867
104824,19951.090688923156
104154,19951.146249850066
91270,19406.61035109398
83116,19950.460760708233
105710,19950.983304481095
95042,19976.536029013256
88001,19975.85481812896
85212,19950.8821780623
91875,19976.632799317525
108248,19951.147500825402
106378,19951.40738458648
89950,19951.145249025147
108165,19951.398524469816
83958,20777.004718070897
101582,19951.080385241294
106377,19951.164527187353
104057,19951.36480392104
92245,19952.203988281395
91187,21322.12773198417
88022,19951.33301606307
92561,21321.850009188856
96757,19951.312438624616
104597,21322.209184293308
101485,19951.171595675933
88381,19950.83524124172
103776,19951.16148888436
91215,21321.897616076232
103022,19951.375748516537
101933,19951.218550875652
93174,19976.6381691553
105945,19951.231245120114
78879,19951.187534122128
82065,19407.4703558547
99235,19951.844779396255
81250,21322.982408231903
98942,19951.59508876777
82966,19950.836884473985
81141,19977.546654713606
101325,19406.75570268828
82470,19949.645247458724
79063,19955.709435933215
95324,21322.267295691123
86407,19950.704580767837
94026,19951.806207919206
106390,19406.209806853076
105069,19976.60794258881
88045,19950.85996759894
85356,19950.681426593295
80298,19954.449110393158
78479,19948.2116664054
98197,19951.615549549162
76490,21318.626012274777
77678,19959.082918299875
87021,19950.80353715286
107215,21321.938669064122
81404,19976.01469107661
84641,19950.620746077097
96328,19951.633178690863
83845,19950.879624420068
102745,19950.93462975988
105081,19951.183505469628
92135,21321.85280000047
105888,19976.396365812412
103985,19951.34890448175
92091,19976.269685177307
88090,19951.525890720677
106712,19976.24818664081
83446,19951.23628109693
84263,19950.541943903005
87277,19950.80240325452
90625,19950.919926989387
79466,19409.083411317217
77287,19946.644013517373
91628,19976.627029984837
89171,19950.900643846944
78750,19955.88064489985
77085,19953.70839888285
80877,21322.37084526591
76526,21319.219278705605
81085,19953.900828038837
107918,19976.253214382796
89072,19950.88487620991
103832,19951.15770155944
90495,19951.35542892666
100430,19951.137231336197
94346,19951.168013319122
94350,19976.5800810943
85431,19975.696166854796
105851,19951.283793559323
106969,19976.038800179253
95370,19976.532268642277
94611,19976.550454231965
79129,19952.91560874071
76596,21330.20335644452
93211,19952.11561370881
102753,19951.36609589205
98370,19951.347818298822
90773,19975.827641245844
98298,19950.967899627496
98150,19951.077767323313
101220,19951.35970387077
80802,21321.691887860907
91398,19976.623999500363
86010,19950.7619182031
81267,21322.453845115015
79745,19977.911243194485
105864,21321.805782959487
99245,19951.37941880586
77308,19978.168765979015
85341,19950.239721852315
78845,19948.662453108842
78542,19948.4087289048
95408,19951.20548850668
99562,19951.097238794846
82748,21322.22084810521
79419,21321.481207697594
107846,19951.335548519663
90929,19976.65712726266
77964,19947.99548733367
95902,19951.38567051311
105576,19951.366879256417
94067,21322.07926975955
82322,19950.471299358385
94533,19975.94668866235
102326,19951.567614638996
97048,19951.010573663727
84908,19950.619976847527
81143,20777.57732770782
90090,19950.991219596577
93029,19406.954356875518
85943,19951.275041782763
95392,20777.128083742242
107057,19951.025180179655
89067,19950.847869292604
85202,19976.96288152895
81457,19952.289192307722
77074,19947.54335922152
94378,19976.573903409288
78921,19948.747606159897
80414,21322.43505922714
78653,19407.876362386178
87185,19976.766675802945
103928,19975.99079196181
77930,19948.99853765147
93057,19952.006788583953
81986,21322.346606123618
87505,19951.119088318825
104258,19951.124931954277
100795,19976.026316252664
82702,19951.684410230293
98156,19406.596300504832
81155,21323.050657158525
82204,19975.44698260168
79859,21321.328508805196
79501,19955.09945525671
78998,19949.104196256885
93846,19951.068006208017
83490,19951.240232681343
81890,21322.95077435921
78672,21320.98688991938
79310,19409.232834721613
81889,21321.769394358656
84975,19950.903660290875
104001,19951.211106457096
90374,19951.418779526735
76586,19967.102300897397
80099,19408.832343013437
78984,19951.445654636085
76198,19919.05941411816
106595,20776.897970132544
78327,19978.66372135871
88954,19950.878413534752
94710,19406.921302245075
82380,19950.801204455463
95780,19976.556004943523
80440,21323.26449928817
103715,20777.094732003457
94371,21322.277879823694
105793,21321.818627470144
104941,19976.001397678538
77499,19972.60705961328
79776,20777.729635917098
102456,19975.9984795403
87034,19950.643195286088
98570,19951.591280439832
86294,19950.750550182387
86579,19951.314590011774
78767,19952.335783431612
101407,19951.11514134437
90427,19951.343014316823
86604,19950.76377464787
104481,19951.110018813342
102055,19950.934251195496
76565,21318.87682972234
101769,19406.75537778843
86849,19950.14251997664
89128,19950.887974977308
77119,19944.371605052063
94623,21322.288941023384
94988,19976.56411574422
107071,19951.10001512005
106724,19976.262727343925
79938,19978.00028126138
98217,19951.278945531
96660,19951.218792975462
82817,19951.473555276465
89810,19950.91190551206
108212,19951.152273099364
82851,19951.35170315431
106739,19951.448398734374
98224,19951.587911728602
79457,21321.512272155782
87381,19950.77666009943
89127,19950.78982254263
79388,19955.299030546536
100705,19951.088111968962
106385,19951.342716649368
76142,21311.863367469883
79007,19949.992252193766
95972,19976.57676412346
100737,19951.113508840535
81958,21322.91147043037
100805,19951.118846522968
81226,19950.025751977377
94857,19406.882882633705
103193,19951.157039603524
80622,19951.811556648656
92116,19951.662668853074
108228,19951.11860799364
84744,19950.76821463558
90654,19951.001879275285
90551,21322.10935329812
78428,21324.16152970945
80781,19953.539851850455
87118,19950.89486476699
90187,19950.93947358253
76110,19937.390496485474
81102,19951.301527878506
89957,19951.33974302642
103585,19951.20383820698
95786,21321.86997192852
90883,19950.877356873127
94705,21322.314436415632
98890,20776.97934486943
91766,19976.63512561139
95207,19951.104724278524
77002,19955.32009213635
98428,19951.538703672908
85456,21321.718838036963
102472,19951.37993711986
83021,19950.564388932125
94063,19406.581330075114
94665,19952.06890597184
81432,19951.512798173768
79825,19954.16264576958
95008,19951.95070833726
104634,21322.19067422102
89960,19950.892944811185
99162,19951.352449195703
99269,19951.102396843806
102221,19951.569298885977
88075,19951.05805351606
86981,19950.774917913986
97144,19951.171928110078
95073,21322.280876751272
107794,19951.147801128445
82837,19950.375143476762
76265,19994.231275153925
102416,19951.151404476157
106292,19951.422648709653
94162,19976.583192005543
85715,19975.629568315984
108484,19406.69715670751
103120,19976.24966386512
98178,19951.081604535706
92208,19951.64079398007
82800,19950.396547431163
86660,21321.769309321822
94811,20777.15446033647
95020,19976.532301053303
103339,19951.12707535941
76719,19940.892493191237
106391,19951.140268720847
95855,19976.586493482704
107989,19951.56178916875
82154,19951.326278511766
77767,19973.8508854832
102776,19951.371479561538
79642,21321.559312611993
77306,19945.557981850583
98007,19951.544278252946
105538,19951.386090351338
84076,19951.99624829265
77749,19948.324184280726
95734,19406.88055066893
80602,19977.756167605137
100988,19951.135913646325
83690,19950.455561620332
84882,19951.26406539203
101699,19950.910488407328
86025,19950.946557924693
104331,21322.05329730594
93789,19975.990885780975
100427,19951.573146602368
89980,19951.65821538079
92989,19976.52878159346
96820,19951.01799464077
76354,19427.508487600233
93143,19976.64869539567
95045,19951.0757830976
78135,19947.635332486014
85841,19950.90943715867
105453,19951.52170967905
86843,19950.75566655651
76450,19991.27604667491
94878,21322.309894991795
85792,19951.518929592155
92518,19406.951640302163
91382,19951.7123249211
91966,19952.230830469525
95486,19976.48794694506
108090,19951.302973776215
83588,19950.41667141362
101240,19976.30555885852
79797,21321.604475569435
101978,19951.575878818545
77559,19947.733091172635
84171,19950.39338619557
84012,19950.555524744246
78716,19952.976059142835
100485,19950.949496542507
98908,19951.050582911936
93238,21322.299666441613
95809,19951.87619332977
107070,19951.42579221183
102546,19950.919829360322
104507,19951.423348046894
92943,19976.648082646294
90241,19950.87748121584
79542,19951.932470829444
82510,19950.16911584611
93255,19976.86815815519
96559,19951.355559052954
108483,19951.23103599428
82288,19952.222307763917
104480,19951.0897943745
92328,19976.658295145648
95793,21322.260317991033
105673,19950.948492876094
95841,21321.859875824433
98338,19951.40579671639
103579,19951.137042371727
76861,19953.299780129524
84414,19950.418657909002
102508,19950.880548496483
83622,19950.49868031204
98822,19951.103153751836
86291,19950.69649880987
84831,19950.501826428223
82626,19950.24763540639
105508,19951.08288529059
77130,19960.78304006218
94652,21322.291680504484
83243,19950.31499893137
80908,21323.143322226133
106139,19950.903751252758
91617,19976.623245973256
83524,19976.53452578762
94486,21322.09271465775
106044,19951.17141907996
87195,19950.50657900032
77450,19980.684072441174
99239,20056.792330341366
104813,19951.384277929814
108254,19951.15234739355
105150,19951.081910950375
88390,19950.852559173345
97902,19951.58889363904
101186,19951.367270828032
79116,21321.219334054873
77214,19961.505513546137
79298,19409.225299385
91370,21321.869961355475
84827,19950.606127910352
107282,19951.110023193974
97678,19951.069200837974
93570,19976.254634529287
77654,19946.983348100803
77227,21323.77283541368
106789,20777.12569707711
78869,21321.184165300176
76531,19942.33338043764
83469,19950.46228585443
92278,21322.307790283885
105949,18431.486555475454
89026,20777.048713892895
102066,19951.155174292817
96352,19951.146139457433
77819,21325.15848109573
79655,21323.51609424762
84059,21321.65395783031
96541,19976.079789615836
89319,19950.80790510229
107795,19951.120973011988
96961,19951.636770596906
78158,19979.260436160148
77428,19981.281109632037
101125,19951.129473432815
95105,19976.529575669832
80306,19950.094231343388
88903,19950.78068131118
80574,19977.632909471653
76321,19934.17399067148
88786,19950.961072978465
95682,20777.146901317792
103135,19951.38381455135
84241,19950.87755160377
77809,19947.608595378533
92926,21322.319457140537
105895,19951.242206397066
86247,19950.70397044216
103470,19951.161112743444
98865,19951.412178101094
107363,19951.798550702268
76516,19988.06097550648
96506,19951.34651216596
106306,19951.077422749666
89093,19950.884474527018
108123,19951.126713939815
83510,19949.664952363157
86792,19950.761477786516
99984,19951.22925034265
76508,19954.590284725753
86580,19975.835703547345
88428,19951.414880095264
103922,19951.167938688628
96703,19951.90891273881
107626,19951.445881086816
90100,19950.90948820814
101987,19951.094138400167
88615,19950.85147807437
100138,19951.135115515823
83743,19949.884209901298
82321,20777.436173388338
88594,19950.495686619724
93842,21322.288014309743
89350,21321.815940706747
87643,19951.065516732295
105892,19951.349581254217
105711,19951.108112362366
95657,19406.891307487203
96330,19951.35629801842
96906,19951.35050388696
82247,19952.15210714857
97125,19951.01993156273
101306,19951.242748308086
96708,19951.364392323852
77250,19946.271784839577
95451,21321.8767674594
99405,19951.28337674732
94758,19976.56023689869
101101,19951.132146652475
77643,19957.613203510486
90209,21321.80974287034
90312,19950.96244448834
93955,19976.52958505352
76334,19993.770546046166
85190,19950.653505001417
97992,19950.772848835135
92748,21322.1289509754
79843,21322.406727436843
88769,19950.916801702228
97453,19951.362054484423
82550,19950.130286717893
90775,19951.339704708982
88190,19951.44045285194
100712,19951.455796464114
77237,19960.12408058876
78997,20777.17981860262
105656,19951.289696009608
93368,19976.60051507681
93469,19406.91912573875
98426,19951.08740979917
96832,19951.07401009672
85322,19950.661094572577
97139,21321.870275789108
78678,19948.90529024218
97821,19951.460786195494
95410,19976.474246069647
107358,21322.010232665856
96750,19951.045038844117
102529,19951.21849822683
76433,19989.990427837485
101626,19951.377750125448
77790,19947.638949736636
82932,19950.393003087407
89517,19950.80391664309
82905,19950.4415660169
88552,19951.74892605226
103006,19951.363400499722
88811,19951.322254303013
101734,19001.296437692465
99230,20776.992803072197
106537,19951.291676314977
107114,19951.138340809353
98513,19951.839333714317
92795,21322.101481219048
98563,19951.580125974862
78599,19977.895937317844
78911,19951.951148156182
84652,19950.587326143806
91014,19976.650564889835
90901,20776.999854763544
82041,19408.066583862368
79218,21323.680295760732
107371,21322.068315701268
94767,19406.89369407444
91910,21322.13626786245
103462,19951.142336384648
77125,19955.09052975778
95567,21322.099178484586
95039,19976.5149254534
85065,19950.63488957727
78252,19956.815666763952
89580,19950.93319164095
96742,19951.0738845038
79876,21323.39774174149
94674,19976.569089731332
107822,19406.21788634619
92586,19951.027494721602
78107,19952.171208791588
91241,21321.84708072275
79077,19977.407547130562
86212,19951.798364015278
107527,19951.310107334495
88056,19950.81746735558
108480,19951.37578527528
77620,19944.635337646658
97188,21322.228116882125
94979,19976.566629928224
105541,20752.342347780108
105852,19976.264334166808
99182,19951.683720860416
91355,21321.911105376916
88516,19951.03722298959
76101,19948.540904477388
87097,19950.67250095638
96299,19951.052050769704
100944,19406.578316893632
83995,19950.51316418379
100407,19951.11157007102
88255,19950.842043395147
93935,19976.570976755516
95442,21322.066718860333
93571,19406.93099150883
78642,19955.67786171857
94545,21322.064686826572
97746,19950.76673313988
96419,21322.114513755765
102851,21321.902460543737
102356,19951.155857836766
94962,19952.087165438475
89175,19951.07851993337
104139,19951.094809151717
103395,19951.165868044383
97017,19951.07455865319
101358,19001.26648143392
107417,19951.223582476625
97977,19951.533421769334
86765,19950.82670634984
95743,19951.644716476978
97804,19976.516011988286
87010,19950.839965720486
86791,19950.7309859969
97486,21322.04783546411
81124,19951.652096444894
105391,21321.94267118959
90275,19975.795514724192
104855,19951.109372331535
82804,19951.257009836983
94810,19951.350366877956
79517,19952.95946737643
101826,21321.89262309619
89848,19951.371773485396
90432,19975.822435640694
83070,19950.419736766402
78270,19973.87056981968
99275,19976.00704139881
92424,19976.643358738653
103334,19951.167619757845
79160,19951.869966741466
98830,19951.862521164367
87956,19951.018284131565
84523,19951.3496911835
78157,19948.27501540738
79460,19978.16214436889
81918,19950.258109155217
98433,19951.630503284683
104582,19951.0927878918
80046,21321.595666400604
82135,21321.659213587962
89685,19951.13889149775
100990,19951.166214320274
85624,19976.525380285304
88293,19950.77195443345
82215,19950.294697271238
91261,21322.35751024944
78018,19948.51447749829
78266,19410.320928499852
101074,19951.11813268594
97075,19951.37058360976
81806,19950.245932186546
80743,19977.678837645093
95234,19976.545334041515
100410,19951.469490994048
106840,19951.10564501338
89637,19950.804202089894
85382,19975.558191260872
83832,19977.025068751864
108331,19951.221851542996
82026,19107.567995291625
108448,19951.156539887692
90028,19951.67818929824
107663,21322.215548165583
107477,19406.216383160452
93709,19950.707069711156
91327,19951.742168817862
98548,19951.57319887558
79064,19977.189329161578
100670,19950.85564206826
96494,21321.861845707026
89974,19950.806962874638
96107,19951.596077247115
78151,19953.306738662624
79304,19409.227583041684
92842,19976.651178152086
87813,19950.784562430716
88762,19950.89602786263
90399,19407.067626218264
78756,19978.722666622194
94019,19952.019974992407
82073,19255.928890572017
91846,19976.62471149171
97414,19952.02694960895
92758,19976.538295312585
101342,19951.22472279047
105987,21321.94539187171
81349,19408.122458274167
103712,19951.381760793658
83627,19950.79037323354
95247,19975.90260174904
92833,19976.190202964044
104587,19951.130847350087
93265,19951.683259039844
90518,19976.632396128876
104256,21321.779748474535
80882,19952.284197564655
108148,21321.873805521478
81385,19975.242751184513
87860,19950.784390693963
107638,19976.033453921915
103947,19951.16142010831
91049,19976.70011106593
97916,19951.395974726755
95433,19406.89096668906
95871,19951.679154046193
85779,19975.63828462065
103360,19951.394414607184
80203,21322.492879804107
88511,19950.85391540267
101672,19951.140264715814
82992,19950.368665371392
103889,19951.17935679173
103630,19950.991786978473
103366,19951.2509177298
97200,19001.19921630471
104563,19951.20866588092
85824,19950.72801325877
91924,19951.668156879998
96499,19951.884051781493
99026,19951.11311325277
81965,19953.615425843058
91604,21322.31875457845
77552,21323.263753592095
93750,21322.289007115367
78941,19955.888420341456
102717,19951.227377062572
100534,19951.35893427671
99036,19951.40614316213
101961,19950.896805577468
76940,19944.895911785192
106310,19951.25471584159
81520,21321.722843582807
91800,19951.67252115037
95707,19976.535574880738
96395,19976.47969693488
90505,19952.07037440983
95284,20777.14928140339
98094,19951.85658573286
97884,19951.077836928827
98933,19951.225008267596
77664,19412.313755954732
93941,19951.989236206806
87812,19950.868917549273
81266,19952.331480626268
103825,19951.168572686103
99494,19951.0926831195
91256,19951.680364196935
91703,19976.5808998677
99971,19951.093626054182
76631,19970.046281730527
103612,19951.221629014573
98611,19951.08070856388
94591,19952.10534882562
80518,19408.50133797655
94000,21322.106776500303
85010,19951.560628445644
87369,19950.69708710588
86714,19975.65889703189
79985,19974.87408756125
88051,19950.895383751817
97065,19951.05357321058
91307,19406.990089329254
98365,21321.888357836717
76522,19975.75525666494
96638,19951.102014271764
79703,19949.558722128757
83107,19950.458880315167
79104,19974.972048722844
93563,19952.15503779782
82599,19950.336972382338
83486,19951.967503998163
92895,19406.626126153034
108343,21321.841355703265
101774,19950.921512491062
82612,19950.788035238686
86861,19950.66197334737
101902,19951.370799884247
82973,19950.712536310486
89872,19950.395521316135
105616,19976.179518183522
84876,19950.632757430354
105133,19951.127543290164
98877,19951.59732881313
98515,19951.84952177944
98327,20056.718389251382
106633,19406.209556491893
82505,19975.634703731943
105007,19951.127151249093
97269,19951.065794554575
78140,19946.779918196193
82318,19977.257079062085
92993,19976.5875767516
97743,19951.14655252931
87763,19950.44369024808
104942,19975.994614287618
92045,19406.64586093928
97767,19951.90403717707
108348,19976.35496972103
89665,19951.343459467567
96862,19950.855085939394
78597,19978.91532895784
107574,21771.22497882929
94460,19976.54576230116
86944,19975.65096763698
104505,21322.138892054307
94837,21322.270172919598
84576,19950.186007453176
82427,19950.11216188525
80054,21323.172529056686
103504,19951.25780059605
101400,19951.808271738737
95904,19952.056037259004
99877,19951.07837154959
87554,21321.78145355991
81180,19952.262822931254
101239,19951.139655137133
94258,19951.961455075718
82942,19950.421744259125
101204,19951.07875740138
98516,19951.836506156666
86925,19950.728884453176
104724,19951.072112937152
84627,19950.623573062392
90133,19950.914057630725
100320,19951.37059619779
88358,19951.062498003033
94280,19406.90128215291
95334,19406.8918368245
95899,19952.025560299327
87270,19950.845257360805
80723,19953.305953350384
80469,19948.59875468298
80280,19407.344193452096
79493,19974.54242277825
92221,19951.08475666594
88547,19950.852817342213
97994,19001.244437462585
100047,19951.381969695005
96172,19950.776999978953
88933,19950.89134655857
107059,19951.364990306334
104280,21321.821932857718
94714,19951.94300345625
88671,19952.470102622457
102414,19951.13874388008
78051,19979.91873108744
89512,19950.927855942497
98524,20601.724520896634
88047,19950.822740686544
84441,19950.847707782566
78156,21321.205476991592
78648,19974.27503097815
78364,19949.648494532667
86764,19950.772263786814
78495,19955.48684631323
94609,21321.891552462475
83449,19950.469243597072
102392,19951.371479461122
102455,19951.165695779422
83713,19950.525519301667
97475,21321.86260651306
93371,19976.565799361262
94199,21322.118057787568
85023,19950.61026798873
95338,19406.872237798085
90965,21321.91170115426
77195,19414.777635448096
81875,19950.088034399836
104416,21321.93865731265
87203,19951.307155186612
91239,21322.306726139723
78127,19949.453955635796
98386,19951.586122528377
96497,19951.014220136232
83232,19975.47254569591
107692,21322.124642284853
100734,19951.056271219735
78271,21324.420306624957
100136,19951.130435130224
86004,19951.358886136528
77776,21323.027386924146
84950,19950.130183065932
84323,19950.54447670094
87033,19976.805691342513
94088,21321.868336923628
100594,19951.371308108934
103071,19951.14862257838
89791,19950.646850142068
97852,19950.963180956463
105601,19976.250597936858
82003,19977.15514775237
84872,19951.560084890025
82701,19407.716886326787
92469,19952.191656058578
92873,19951.377741898617
82114,21322.367818547053
101316,19951.139126299608
85697,19950.71057338149
100885,19951.128674179272
95305,19976.534349995036
93741,19951.13486296264
76178,19931.63017338803
84999,19950.715999559176
104143,19951.100968207415
105483,19976.238175546674
86136,19950.693118772568
99292,20776.98016314412
95024,19951.36462158277
107831,20056.682749800282
95035,19952.11519781946
86842,19951.565488992645
79511,21321.535983371075
99852,19951.062498836498
92478,20776.998603194854
93704,19976.366794997764
101664,19951.13432702013
76931,21320.057099506364
81674,19975.977866989528
102597,19950.99229028139
100630,19951.123172893458
76978,21327.512894327938
102490,19951.180937369336
100842,19975.948573188303
102990,19951.18167669464
105412,19951.128008375294
78744,21322.54146621374
76082,19480.895393517738
82773,21321.625255726147
107285,19951.14184679825
85211,19951.27780816755
101093,19950.861577199445
96626,19406.84310665659
103089,19950.904792305504
98149,19951.13909741039
89290,19950.55387038559
104295,19406.364706860866
106958,21321.927100233166
102661,20777.097088751816
84082,19950.57634768927
88521,21322.460373574548
78312,19979.366913372094
85481,19950.658507389664
88961,19975.759466517087
96432,19952.06370313221
77539,19972.450197016376
88374,19951.299036521214
102919,19951.131037593717
94335,19976.194271751552
85305,19950.154096370625
96360,19951.602991364198
85471,19950.311870963076
104566,19950.894675828687
102100,19951.15871621324
80170,21321.492435833545
103347,19951.36533232633
87487,21321.896963792653
84090,19950.85803895889
100034,19951.36922210339
86825,19951.295415993547
80018,21323.373081260303
102611,19951.160864517315
102665,19951.37859000969
92920,19976.593049039806
89381,19950.98698527411
105151,19951.179912375796
84039,19951.272757163315
102217,19951.12939261138
102388,19951.162443458248
98820,19976.17595452581
100665,19951.580319242425
90384,21322.40563427304
92859,19951.072063579606
106356,19951.051339193615
104723,19951.328129085974
93244,21322.320946712596
77449,19409.30834968373
107911,20776.872478815996
81721,19953.635806372877
85237,19950.16460246552
87601,19950.854189696303
98578,19951.58563348906
80704,19977.685225213205
89078,19950.856433410863
92042,19950.684448565702
100450,19951.23710213469
95304,19406.86622131047
76023,20823.680971285266
90609,19951.04091960878
95170,21321.875275358365
96870,19951.06167319657
107247,19951.786218687605
100484,19951.125711924924
77659,19980.375581893888
79832,21322.627483795473
91419,19976.669737451008
80371,19977.728581072493
83386,19951.237237200738
103919,19951.144710671713
95201,19976.475942627385
84155,19950.87177697595
90743,19951.06858598773
104381,19951.35348254648
89097,19950.417824546046
102033,19951.181645470057
91725,19952.04035691762
92999,19976.203728850636
95835,19976.53934107061
102206,19951.151169964953
101763,19951.14524668192
81377,19977.28435575017
105683,19951.148368669277
91033,21322.110297209692
103314,19951.162069646674
105070,19950.828979458365
86950,19001.092494885877
79171,19954.602875385837
81227,19951.620871542724
80197,19408.193480602895
92037,21322.317197534227
84688,19950.601166491047
101952,19951.132479053605
88604,19951.089308090002
104058,21322.037514953856
106274,19951.125493680138
84985,19950.62443786483
99085,19951.048342440674
80801,19977.615919938347
80233,19949.930843731316
81000,19977.717905428497
89057,19951.093617510152
98382,19951.354467074183
106493,19951.78156593569
95057,19976.564297077046
84556,19950.453572114457
103037,19951.148335505302
92174,21322.086096461826
90920,19976.325139868124
93409,21322.109555435753
87113,19952.576394394055
104981,19951.725783316007
104556,19951.08533903473
92782,19976.569092074962
90546,19950.59342173567
105506,21321.869363365488
84787,19950.61296971566
100399,19951.12177169361
105911,19951.094741675017
101920,19951.176620504677
89224,19951.065095508482
106787,19951.251630049122
83083,19950.250058294147
102399,19951.127950813006
77196,19981.806378475507
104889,19951.10190385262
79598,19949.925727134185
100540,19951.12352423216
107792,21322.186896598258
85758,19950.69200230028
79333,20777.859916612444
99351,19951.57279311256
86706,19951.7717925772
89547,19950.95495829446
88092,19951.352868513542
90348,19950.924423895718
96125,21321.870141678963
86921,19975.82037734356
76903,21328.193972036537
95539,19951.03002259056
89841,20776.9716419045
102771,19951.21738796081
87174,19951.43005529582
81975,19977.474402516345
95289,19406.599401786312
77318,21323.452614301917
76955,19983.37953168018
80996,19954.11426743325
87707,19950.817425035
84519,19950.524938312567
96833,19951.49213698616
97584,19951.03136953546
104697,19406.681206859495
85510,19950.68820453465
79758,21322.561571702976
99502,19951.09367124441
80725,19977.697526877633
104108,19951.118161517865
107802,19406.659905394958
84871,19950.658518556163
85817,19950.62253914491
95473,19951.08332961629
85629,19952.429356518835
99641,19951.062593310366
82356,19975.357681835514
96335,21321.886204217764
103623,19951.56247443058
84233,19975.527780792654
93708,19406.613886257528
97947,19951.422804595735
84368,19975.737795967703
92108,19951.022969919028
86099,19950.96004131761
95173,19951.965923935055
78389,19955.705895882853
106219,19951.06314994655
88823,19951.08032915715
95608,19951.760212498757
95876,19951.95428690949
86433,19950.75097882037
95515,21322.239410259244
97503,19951.103417438382
89163,19951.318181148366
106479,21321.88375065521
83722,19951.348617911688
80644,21322.33496158576
86002,19952.69791172429
86783,21321.751510012375
91928,19952.201949231523
102142,19951.583103692905
106024,19951.42223544328
76022,19836.014408510408
95221,19950.8953220346
105051,21322.026555183416
99939,19951.360428853164
103202,19975.979088800734
104770,19951.434004767012
88396,19950.822148978874
93666,21322.29205467721
100763,19950.911715635528
96842,21321.87439934287
78807,19956.164550866833
85559,19950.669880568646
84384,19952.958004638873
95619,21322.260168210472
104008,21322.18605544964
98379,19001.20204867399
90476,19951.696965302614
88845,19950.842268690205
80296,19974.79857088627
88294,19951.301184704636
86733,19950.935253086715
101515,19950.946198264584
107440,19950.87851524184
81834,19953.645289938067
94764,21321.9149462062
94968,19976.549548326824
88218,19407.21205737862
87863,19950.792753480884
104019,19951.20296788707
103369,19951.150967254744
106979,19951.13456602862
89717,19950.5424888246
94504,19976.56937879019
85722,19950.638277365302
85311,19951.39767152466
103162,19975.98415371161
79834,21321.598878844114
102283,19951.08654188591
102686,19001.304306726008
85834,19950.69664595932
83633,19950.44857576195
101178,19950.881681259365
102859,19951.78928020137
97691,19951.35907423544
99575,19951.209158387483
81921,19950.50386300625
88114,19950.832152131105
100101,19951.070235982654
101736,19951.379537229837
92763,19976.20722394375
93514,21321.88209602496
86322,19950.963945714026
84924,19951.284030190178
85898,19000.96158582665
93419,21322.312924930182
88784,19950.833264965095
95012,19976.597905227878
81858,19951.290529308015
101610,20776.994587384877
99190,19951.266624786098
87530,19950.774300760382
86979,19951.303825979303
77670,19947.35483317583
81123,19950.539173018667
81724,19975.178876320573
77870,19947.16752062108
84193,19951.277454837407
105928,19406.702139638164
97607,19406.84789141127
96063,21321.912987617095
77962,19410.034754717057
81560,19953.728445366403
100204,19951.159338748468
89185,19951.096298270062
91744,19406.64054701117
91470,21321.861864310806
78412,19945.673803391383
96222,21322.076415613217
95148,19406.91256534517
106039,19951.04714901706
79352,19409.038937239602
96602,19950.99970747053
102798,19951.15932831137
107301,21322.20757657644
96147,19976.52256242915
87382,19952.264317172925
79907,19949.7067523389
102924,19951.143931946153
78012,19979.50865765149
78333,21320.90711134008
105989,21321.926852727218
90607,19951.366453914576
86110,19950.708538757328
81540,19951.291551931437
77937,19979.740351218137
84630,19951.306762788696
80988,21323.070765131688
92519,19976.601407222097
95795,19975.90489269153
86837,19950.667227145317
82642,19951.241183534734
86017,19950.736075063858
84772,21322.136307891542
103962,19951.169072973535
106264,19951.365933210618
84934,19952.592201294246
91598,19952.083355088314
104102,19951.0808200446
81261,19950.34556289273
78425,19952.177674360184
96508,19951.340319752875
98668,19951.377021307937
93948,21322.133288758603
82909,19950.404556870886
91514,19951.693480999118
100969,19951.115228071787
102102,19951.127408521515
103465,19951.371306074703
95072,19951.556546474327
87535,21322.50909690169
107564,19951.139307624224
103297,19951.13977236732
106528,19951.11031459477
83748,19950.88788007604
98195,19951.03472152427
102113,19951.38378371136
94277,19975.87861473878
93160,19976.26698995545
92063,19976.635248412138
81037,19949.22644842504
92602,21322.358388524146
93096,19951.348743179584
97243,19951.07963011603
78019,19408.252849938388
107604,19951.256724426556
101438,19951.372323019892
86439,19950.824299636155
82300,21321.666142826372
105142,19951.227949846736
84429,19950.702102953375
98958,19951.09115964021
92197,21322.067526264524
82096,21321.639357516724
81536,21322.362754036094
101623,19951.45569442076
85596,19407.147950085782
90600,19976.55435160036
80089,21323.346170680015
87224,19951.009079446067
87685,19951.066981711007
90958,21322.36362166483
81004,19977.559661474428
91667,19406.984826920645
77877,21322.90349816574
90956,19406.64739487677
87744,19976.743875228472
96817,19951.595839311245
97163,19976.328750591892
102517,19951.36883773371
83356,19950.311283546023
89415,19951.081696432822
100153,19950.879523986787
96024,19951.83905063209
92043,20777.026404523716
100495,19951.09664852891
79653,19978.104408219664
88149,19951.079893304366
98022,19951.58125886625
84983,19951.671315040294
98394,19951.539754769477
78062,19947.5786517093
83656,19951.264893660787
93963,21322.33245838059
81988,21321.741518317915
95992,19951.915108400382
82620,19950.33806097942
82149,19950.608852862173
106199,19950.937222092332
107884,21321.819651438233
106607,21321.929640933402
84212,19950.49784863925
88234,19975.84199462359
96712,19951.614292970724
101058,19951.373459546598
81149,21322.383713483432
92670,21322.075621915898
101383,19951.124825411327
82563,19950.366881716647
100600,19951.3772154662
90826,19950.92937392254
102364,19951.135800601973
80759,21322.43923440152
79628,21321.56947482269
86113,19950.85775953743
96607,19951.065684428166
96462,19951.069247819258
88668,19407.12629634251
85575,19951.574392939103
97718,19951.20889378603
107322,19951.756137183118
79948,21323.404827854018
84361,19951.35267058123
77092,19952.79490738051
82359,19951.32441871203
87495,19950.881514518092
102966,19951.57528328899
104309,19951.127088303678
106312,19976.40126912512
85152,19950.662747772752
80835,19948.574980067915
99488,19951.113223383407
101023,19951.370257355633
82295,19951.714991014618
94330,19952.107596865648
96446,19952.01029325835
99608,19951.68415164273
108305,19951.168810051953
106512,19951.25514242456
104003,19951.072965966
103550,19951.364532743013
86253,19950.655631045982
88355,19950.84478014939
101629,19951.811826981742
101460,19951.118617002743
87820,19951.003566668387
83140,19951.258314229486
89804,19975.786816877502
101738,19951.376799823287
101121,19951.12381236196
81810,21321.71520606374
102106,19950.907518883512
80437,19948.780547465543
101463,19951.385609544624
97919,19951.027066884413
107407,20752.359105682815
76258,21327.82768017862
100626,19951.4648019299
92755,21322.096361384214
102655,19951.23540176222
89223,19976.711613250667
95180,21321.91541145494
96372,19951.063790012053
84089,19950.565205357536
82203,21321.77574207392
98785,19951.040050261287
95930,19406.870799780823
92151,19406.90877702538
105149,19951.35920292114
104517,19951.13241564811
85727,19950.670858154972
104769,19951.126361964063
106796,19951.10552015371
79021,21320.26301218045
86121,19950.70854522489
103139,19951.151623243844
87918,19975.725875406686
80634,19954.30142294996
103033,19951.10810310892
80019,19977.762753920717
108035,19951.137075512725
77891,19948.304653082705
95749,21322.08276428374
86617,19950.07343982405
77709,19946.67548403735
77952,19948.002866822215
97083,19951.3512835214
78040,19950.891123210073
96041,21321.914952991378
101843,19951.15723884987
103016,19951.165751416745
86049,19950.720980901326
98228,19950.88481123806
90554,19950.668338999065
103311,19951.14635173109
80418,21321.50740179062
81866,21322.919657948638
101259,19951.14651906823
92909,21322.08387183629
79034,19951.931755794576
77129,19942.498705603426
99018,19406.81638330504
107391,19951.45668137791
108170,19976.193492159542
80664,19954.180242022143
94438,19951.712237899334
100436,19975.979247347004
107031,19951.150581337857
103954,19951.3694463602
78892,19947.599866684686
88505,19951.07403774572
103329,19406.692590154475
88345,19950.864325988023
105950,19406.465642437925
98331,19951.53377990377
77666,19948.519973379396
95383,20777.144634338198
108535,19976.202468623702
78705,19949.867676302663
79597,19949.880198785188
97585,19951.911172011547
93832,19976.61018102729
97348,19951.035478851165
87291,19951.300296585952
96291,19976.528685968846
84851,19950.880241405313
105338,21322.218914864967
84514,19950.19924204512
105830,19951.48937713505
78819,19947.512440338465
79728,21323.500944337135
105993,19951.104328909787
104822,19951.52452529447
101141,19951.207152210078
82728,19950.45943454706
83273,19950.844917508788
107233,19951.288834085703
81943,19977.447534834435
105637,19951.292874010374
81203,19952.32589940314
95127,19952.088630295788
79994,19954.644148756313
96025,19951.94319414066
97390,21322.114069931453
107522,19951.22604112598
99674,19951.133518935254
83001,19951.69558880827
94573,19976.56537322996
91983,21322.110340165993
89935,19951.686139022153
83115,19950.44271625203
108439,19951.23502902769
82297,19950.349061530054
96542,19951.400632259716
78269,21324.566245781545
104124,18431.474900792346
90435,19976.33250546144
97520,19951.598265505618
85468,19950.770797235717
83566,19950.051456374287
106890,20752.266842413625
98124,19951.040220060775
85866,19950.82438981115
104379,21322.170204126953
99616,19951.12321022174
77346,19946.93286889591
83668,19949.56654775372
94488,21322.098156303433
87494,19950.674575864257
84099,19950.60235171528
78345,19948.318878151065
95626,19406.821037211437
91044,19976.633818234026
91343,21321.845090955834
99823,19951.122012424545
97197,21322.069973333717
76399,21325.3173683955
95484,21321.915118677698
89728,21322.12240672584
93866,19976.552381190624
94053,21322.102924102568
103190,19951.176415697755
76312,19940.139494526393
79453,21323.516700564014
99956,19951.835839827876
96811,19406.901883173
100537,19951.387120735304
98142,19951.1132106996
106900,19976.300749393966
89474,19950.821600317748
76696,19945.931746808248
87479,19950.82432931468
84806,19950.59730931732
85385,19951.362185161386
93372,21322.139913284078
92860,19976.611948315895
105267,21322.124564253583
86951,19950.664867244384
79622,19948.266297577902
95103,19976.560094676748
87138,19950.75499753817
91912,20777.17993294108
78932,19949.160931042865
106494,19951.039404470685
91645,19952.225631638496
76102,19901.778742658655
79636,19978.041306325875
99416,19951.51712065775
95715,19976.398311018693
81323,21323.03063555797
96273,19951.34417080702
95585,21322.241084968824
91885,21322.07084100812
80762,21322.45564567712
79167,19946.953893838843
87173,19950.757122306724
92719,19976.593328191535
87482,19950.46663748937
95215,19976.555252984715
104054,19951.837312088497
103066,19951.15081772076
102449,19951.21909626105
93985,21322.303095334777
99869,20056.740396033583
88347,19951.029579137023
77208,19948.67958916314
79376,20777.895584039215
98451,19951.343592360496
88983,19951.312827512877
106464,19951.175732234467
89146,19951.338299696934
105833,19951.12787921339
79242,19409.285134372945
107738,19951.18862942553
77626,19946.976905745913
77415,18999.48063538681
82458,19950.302505012296
80995,19954.03848137311
98434,19951.095714156327
106938,19951.261974065117
102349,19951.146897164712
85791,19950.951980331345
103622,19976.407467734083
108149,19951.11821401263
86450,19951.357463210767
107252,19951.162679055262
76034,19522.589998010277
82259,19953.474777537846
76581,21319.622782880637
95499,21321.910852129542
76648,19421.541184495036
75992,21245.895515532393
81407,19001.041652655556
105954,19951.21168492247
97001,19951.076458704265
96179,19951.055979826902
77616,19973.188486317646
108142,19951.30555491335
89107,19950.840967574055
108236,19951.468543754097
92520,19406.95551599791
93186,19976.582566467652
96171,21321.856649660374
78460,19946.207380227843
85417,19950.70426080187
100064,19951.11672825165
92393,19976.249102855538
83360,19952.23575089376
103935,19951.155846306392
106977,19951.286416091592
107965,19976.02150633719
91921,19406.98226254174
105002,19951.36017860682
93968,19951.67009148117
83088,19950.31527104789
92707,19951.98856254337
89001,19951.06216722077
95856,19976.538169243333
88962,19951.814068692187
99828,19951.13878093341
87980,19951.00141696914
103861,19951.44947959909
90588,21322.085093712278
91508,19952.062576242777
86131,19950.051264288737
97249,19951.06016698692
88232,19951.10888176192
78451,19956.70827511188
79773,19000.906292067873
82873,19950.21620539369
104116,21322.037369473503
83673,19951.678727344246
77622,19980.370342724495
94936,19406.898531143303
93795,20776.984649111837
96084,19001.191285166013
105406,19951.05170014799
102280,19976.435371477182
83867,19951.246011506322
83621,19950.63060347531
98536,19951.098519723946
101889,19951.151900257035
84479,21321.66255394668
77956,19949.204849731184
99484,19951.039539390313
82140,19950.520456479444
79005,19978.588307525122
77513,21322.95354476087
92211,19976.62804805407
85245,19951.337158054823
92239,21321.853470685823
97205,19951.06897213176
84822,19950.6009220773
104413,19406.18689314446
98704,19951.853658722885
76724,19984.595545936434
101457,19951.21531728009
85487,19950.72344547527
107392,19951.143564321115
90712,19951.03812832106
105823,19950.89645749441
100345,19951.5882720701
104219,19951.269856324678
90297,19950.873036048622
77122,19982.35317321853
104805,19951.19026164122
94490,21322.27895095148
99948,19951.378224814547
103562,19951.46453731893
93378,19951.147670865892
92288,19406.639420174124
78059,19945.878322580753
96096,19976.518077180874
95732,19406.867290378545
87817,19950.72127003882
101084,19951.384170277466
90506,19001.118744922405
95676,19951.07111356993
90249,19952.12758894438
95932,21322.259681203774
103254,19951.15576444581
99286,19951.086250146065
84918,19950.864061054064
97397,21321.869691980464
88837,19975.857036994785
99212,19951.82708094182
86421,19950.726704508994
78337,21321.209393736786
76020,20783.6491419174
88038,19951.393447561793
91409,19950.96949779612
95205,19951.09829800623
108031,19951.160884818542
105386,19975.987304788083
100613,19951.451947852842
95685,19976.53349897883
78731,19978.06747111527
87310,19951.322296541326
101113,21321.891032967233
89077,19950.871342521616
96672,19951.50993396298
86775,19950.637999877286
79262,21323.57071777121
104469,19951.129981967264
98351,21321.886585962595
80728,19976.451739382548
97386,19951.213353249583
97417,19406.825225176533
93911,19952.09077434786
99842,19951.060198553696
97191,19951.36994823633
103152,19951.146900855452
100093,19951.516345387437
104319,19951.33271697439
78419,19951.021742128123
106929,19951.130954862187
107427,19406.205324002298
93578,19951.36683347392
103404,19951.143076121643
77844,19979.695097450218
98068,19951.135899750687
95709,19951.74710810387
87946,19951.31028268745
76391,21334.873697297735
87096,19950.812397076315
77186,19956.786940723952
90698,19950.91143475623
93367,21321.881200751704
83133,19950.42226269174
97840,19951.359624411645
87605,19975.747502956256
78472,21321.223810634085
100925,19951.107551040495
99596,19951.567424465036
86081,19950.56302538741
105725,19406.188957150047
94362,19976.557428337866
88579,19950.841185518297
86705,19950.742946794424
80813,19950.4960392783
78885,19947.419256095094
95548,19976.362366536185
82342,19977.28304573265
77011,19944.839822781763
83904,19950.49942957555
105485,19951.0211066252
107922,19406.225432932155
90200,19950.90929969804
104534,19951.160453820383
88664,19950.850990526193
100499,19950.83638977729
101035,19951.24226083067
90482,19951.353313461834
108068,19951.109803057145
81709,21321.666888166837
97618,19951.0427175042
101931,19951.37826896456
100284,19951.085101888835
101027,19951.233193642045
96674,19975.9292099271
84856,19951.262235961884
105326,21321.968377150126
102491,19951.145215860543
97616,21321.8804865558
100667,19951.124193840667
108197,19951.156380794873
94844,21322.116396540223
104934,20776.948842353435
94116,21322.300729710634
76214,20003.150052100784
90916,19407.037648898524
106013,19951.338260718847
103429,19951.426509512527
93335,20777.165129713354
99260,19951.53219132664
97043,19951.602196347678
77925,19958.294225066977
86716,19951.017524091385
82230,19950.514272806733
77567,19412.643235996162
108496,21322.12036016076
104871,19976.41604232107
77957,19977.11957199433
96401,19975.99110028688
88284,19951.052601081854
86845,19950.645818653906
101349,19951.118591433413
77015,19941.10401018574
94471,19406.901301097147
108380,19951.268556482948
92533,19952.201830319606
77756,19947.39981652135
76035,21287.44848051575
75973,19462.074329058483
94675,19406.811558158617
79435,19952.71881941659
106542,21322.0589451337
96546,19951.013981201064
95946,21321.888618240468
93188,19976.60798648289
78117,19948.290924866167
102180,19950.901066713937
81825,19977.23538091519
90050,19950.90615360722
79638,19950.391213867126
87579,21321.792655573703
108103,19951.14597106986
76578,19987.518075959488
79112,19949.800607153855
95959,21321.899366177542
78244,19408.131214039866
77851,21324.877911891246
87052,19951.337038765778
88538,19950.950029251297
79011,21323.652813466702
96381,19951.607122083933
105358,19951.282697794384
92876,21321.86305344727
87699,19950.680340684197
90203,19951.373085177624
77001,19944.917072769007
97974,19951.08224761634
89985,19950.925354324787
97810,19951.360195582514
107459,19951.112222102674
104861,19976.011614081803
82516,19950.3316857904
83497,19950.47139119328
80194,19954.070653627663
85730,19950.657265615322
77914,19951.271132344136
88779,19951.32901108548
88366,19951.03202410852
104300,20776.94745620736
84300,19950.566924850264
79422,19949.710292261683
94910,21322.077301454025
108386,19951.814587777084
92708,19951.67833806553
90802,19407.063456573298
104397,19976.420839262526
98039,19951.863428544162
107887,19976.372291432075
105290,19951.205055517345
102575,19951.871710337327
105040,19950.903863758223
98430,19951.226041868493
80499,21322.371616742144
101694,19951.16020957867
76386,19982.77498845639
98181,19951.36896184756
85340,19950.94419743337
90766,19951.364840990143
93472,19976.498195319335
79927,20057.29081153239
80854,19977.603590737494
100180,19951.37631050829
84437,19950.518104079354
83358,19950.24316385573
93108,19976.598689065915
104330,19406.54998648412
103518,19951.104769460242
89006,19951.306854415798
101611,19951.243504140024
92226,21321.869407615333
84798,19975.540539820824
92840,19950.895417867523
106054,20056.558134488267
78261,19979.55979804445
76071,20030.446533508966
92246,19951.350020568647
92296,20777.169428935373
89469,19951.069246084735
98079,19951.594569822413
81294,19950.418954003722
96301,19950.984868491374
83888,19950.541341269778
87403,19950.287767999696
92192,19976.644390048936
107592,21322.00059917203
77496,19947.0070310375
97447,21322.25918742481
103131,19951.375639937152
104590,19976.624936897457
97597,19951.084775070125
82167,19953.481957287328
91027,21322.361743430003
78607,21324.2122896459
99587,19951.101046354106
93937,21321.92299325158
100307,19951.127333550292
107613,19976.337738998835
99773,20776.98076656053
90044,19951.68360375507
85578,19407.397751609817
77103,19948.595902201694
91386,19976.64320719288
98955,19951.110796925794
95927,19976.55753831762
103188,19951.156298337493
77389,19981.581341790086
81822,19975.226795458682
90768,21322.366827469992
77594,19946.648282099577
107085,20776.98049298445
87692,19975.8677254768
77813,19948.2103644682
81414,19975.269894807978
102900,19975.978572592154
83150,19975.61973997309
92414,21322.14133060637
105321,19975.966842436974
92658,21321.87685141818
87160,19950.802310323168
107827,19951.33656973538
105790,19951.453632121105
87463,19950.838388219578
91532,21322.158332457802
77459,21320.576331722343
81593,19975.231606626017
103719,19951.156836460206
102291,19951.14560494032
77211,21320.26714277107
92956,20056.85930795112
86578,19951.01995397122
85882,21321.759554351982
82082,19977.23889189983
91811,21322.3254713634
82036,21321.673138858157
76773,19942.942928165277
99406,19975.957035461717
102289,19951.37367770966
94402,19976.593345452187
98621,19951.052058103207
96476,21321.861571970385
93410,19975.868107586135
84989,19952.53526255837
85123,19951.290393080184
88492,19951.311341003577
95128,21321.87548574973
93047,21321.874939645153
84587,19951.270976510532
94856,21322.274516259662
92247,21322.099799051757
101052,19951.38131186903
82940,19950.39036156763
97756,19951.589817135915
98444,19976.20409584583
77869,19944.01516149257
96694,19976.483040025232
107101,18431.49142685653
88276,19950.830959438594
84648,19951.31321374082
88011,19950.82494009832
97951,19951.572006540842
77288,21318.37036426031
104937,19950.895753530094
81621,19407.787257655466
82049,21322.90475316219
98553,19951.083636527335
105056,21321.968183612134
80914,19952.490105643086
82440,19951.225245789276
94927,21322.269175843467
84303,19950.556116562082
85533,19950.640184978427
97576,19951.036272501642
82216,19977.289016694267
84279,19950.666569283185
80976,19977.520954771695
106097,21322.0696036515
83074,19975.56730216472
87581,19975.730559933483
97210,21321.905515975042
90785,19951.089638684687
99434,19976.01798676978
89600,19951.38158163907
103809,19951.176028186437
92260,19951.02904071416
89667,19950.89109016642
99310,19950.796579912654
90375,21322.116040285036
89468,19951.696188136924
94940,19951.357196409685
97747,19951.1254167918
97570,19975.940170139143
105994,19951.431643274915
93145,19951.076719265002
94100,21321.85183601217
103226,19951.377854577342
100167,19951.359076033707
98138,19951.07380172569
101043,19951.210296915164
82078,19952.169158116387
104748,18431.47592150354
103881,19951.453781932716
86774,19951.364144788433
89857,19950.817920185516
97150,19976.51367252496
107683,19951.461407978735
83708,19977.106690547298
78775,19946.520431518315
104200,21321.94209471308
107581,20776.87550583113
99756,19951.110185083257
90210,19951.345769798496
78027,19955.023045781898
97012,21322.04709830493
104010,19951.104442552823
100639,19951.12625672522
93792,19951.26493439966
85574,19950.95494281693
105066,19976.4262024516
97307,21321.87441366196
77243,19414.48921777069
100661,19951.12705951761
80825,19977.687014613788
85856,19975.763931268586
85793,19950.94012711274
107091,19951.298392672667
85836,19952.760860970473
83887,19950.48344166844
84721,19951.911756371523
77636,19948.568593165688
76905,19963.32363232497
104895,19976.29133638795
86377,19951.27829910772
83076,19407.66490356836
90124,19950.827956502766
105661,19951.076152333782
91631,19950.986405002666
79760,19954.99066462729
100714,19950.902728769383
99231,19951.378019523356
82805,19952.858032340093
80714,21321.62750241989
93820,21322.088335044475
85373,19950.77775098427
95562,21322.278742019047
91723,19976.668692372492
91501,19952.07219249592
91222,19406.66199327398
97984,19951.622162827043
95047,19951.988598432305
101181,19950.875928271966
88389,19951.025402800202
86999,19951.383757470478
85255,19951.375699733922
79093,19976.06223416722
82409,20777.463952334667
103128,21321.903001732964
107027,19951.396423381568
108081,21321.88333667672
85698,19951.651996220444
84249,19951.956100245116
101719,19950.86457008236
88643,19951.740289639198
80972,19976.413256916472
106047,19951.30270957543
86779,19950.946693677182
78587,19955.60765544942
90179,19950.716258076434
90972,19976.540949237544
78609,21321.213938780867
98324,19951.044395329143
76446,19979.293899389322
86829,19951.840835694686
87796,19950.8153723093
83650,19950.50124993424
81411,19977.396484061384
81963,19977.363710678597
96782,21321.885739091653
89718,19950.643546314463
95518,19976.547889185975
107293,19950.8723640497
99739,19951.0948692983
103956,19951.364015014406
85946,19951.293026356554
88532,19951.47008997343
85713,19950.807460020576
78184,19979.319404994425
100234,19001.257166087937
107715,19951.375050609335
106150,19976.412738611798
77266,19945.545887383098
91067,20777.185307588097
80869,19977.552421313452
81462,19950.597917837036
83382,19975.39725585427
92915,19976.54311096483
81139,19949.13684999199
96523,19951.064929534452
107090,20601.863927222388
108117,19951.19352159841
91742,19951.71535479239
98340,19951.549001073294
88371,19951.32725121271
101031,19950.929242558734
108430,21321.954444706054
77740,21324.975114886325
87861,19950.837810048793
84746,19975.57773452768
81252,21323.03354284749
81933,19976.659628187743
92153,19976.60135338669
95485,19951.05556143275
97686,19976.490820668554
107452,19951.334466783548
95477,21322.260850505107
95752,21322.093135422125
99499,19951.084953033715
81223,19408.14420067563
83589,19951.351129019054
81497,19953.719069872695
95884,19951.625655966083
87806,19950.783638514455
92330,19406.922635594583
84558,19950.58269645693
82990,19950.25829925932
90851,19950.852163550302
96997,21322.10228305115
90278,19951.09690289168
82417,19950.6224850403
100247,19951.07718740248
82239,21322.826277348693
76975,19982.954262340572
102948,19951.37577522372
96929,19975.940793743568
107088,18431.49393599836
94670,19406.576397052788
89862,19950.831406909467
94506,19406.89448883211
97696,19951.02816336829
82696,19951.663609080246
103767,19951.38211858847
105307,19951.09531381049
106510,21322.187613889535
88316,19951.311008008197
94321,19406.91209516417
96595,19951.360773915112
83223,19949.609000641827
85551,19950.673475493197
96007,19951.34372330928
90296,19951.02180390766
97407,19975.953780492546
93071,19951.002519584006
97275,19951.073324940095
86827,19950.141819800992
99759,19951.05704839172
106689,19951.74265715235
103062,19951.13690998316
99657,19951.521285533065
93428,21321.891323982294
88504,19951.071243809183
87359,19950.989177937627
81906,19977.175027035413
107446,19951.108357774618
78926,19978.73113863653
97871,19951.071801964685
94202,19976.475366948755
101216,19951.348256216254
89614,19951.449660199185
82929,19951.966526521217
78710,19948.57792522115
104966,19951.750485811277
88410,19950.441954050362
94382,19976.550768669353
106319,21322.186543385335
91212,19976.634413922697
103584,19951.159396148414
107593,19951.114602780734
100069,19951.213857276587
97293,21321.860930571067
97085,19951.107106271684
78830,19948.575229903807
80409,19408.022516419755
81079,21323.064585290656
90437,19950.95155361905
104169,21322.016194827254
83432,19951.286401057157
86630,19951.295314502473
100678,19951.118786973468
92564,19952.005401812294
86007,19975.65771199029
84102,19950.097079035244
85324,19952.829145365544
92796,19950.717836102715
78277,19957.08051314316
91813,19976.627481059037
107896,19951.371425648464
80598,19408.495355313
93630,19976.576872901765
98016,19951.371512369977
79518,21323.562308870267
104016,19951.0806265341
90069,19951.8191320369
108485,19950.95006465572
105556,21321.958021186285
107276,21321.83481232858
86409,19950.84092020611
98131,19951.370321639148
95165,19976.51063525276
92954,19976.60281340473
108363,19951.15800755117
107775,19951.15077341654
98806,19950.78180320168
82105,19407.90451875457
95777,19951.11340138561
78794,21321.125505075164
77994,21324.73106413116
90061,19951.355489973856
98353,19975.999531846515
86777,21321.73853901168
107107,19951.258343566267
99207,19951.362346211175
92441,19406.96330722972
81253,19951.652159965983
82071,21322.24161221766
86304,19950.653490333123
78529,19949.291052064003
100606,19001.27848645502
108524,21321.958123000943
87772,19951.608211834337
83062,19950.820087077307
106197,19951.288901510256
105773,21321.93142906938
79317,19949.547935807164
103930,19951.179424994105
77486,21320.86664800685
76154,19975.517359741654
89324,19950.950565581254
98354,19951.531073744485
108349,19951.09275063874
108146,19951.02510616479
77826,20778.69778788252
91078,19976.384623420046
78136,19979.396763659082
107463,19951.744612919472
100749,19951.131050022756
77223,19961.656206192976
92513,19406.983609079394
99409,19951.072602105516
94380,19976.577971388935
84791,19950.606418508232
86042,19950.98909121743
79939,21321.64358204149
83953,19951.71575193424
103754,21321.902273951582
86091,19950.71653012444
83114,19950.372448487647
80956,19950.018189352446
96276,19951.045485216793
89799,19951.393796527376
87919,19950.815284716224
84054,19952.934619854663
102856,19951.181329905325
105645,19951.101688764455
81207,19977.488812694944
79629,21321.44544254604
97211,19951.081812896216
86631,19950.63607504475
93438,21322.29688347302
96983,21321.92169601733
93914,21322.282280276904
98470,20776.96873252925
76650,19939.507363167795
96428,19952.0681551312
84958,19952.391712802488
81064,19950.036655183543
82469,21321.617836436573
102139,19951.373977185147
97800,19951.125078056957
98474,19951.022813241994
107944,19951.14882512132
97401,19951.123385666106
108476,19951.20578433823
103189,19950.942576894686
82987,19950.387549319097
80903,19952.54462154778
90854,19951.346346480736
95644,19976.55445167207
98728,19951.22163749866
94370,20056.838542262103
84537,19950.58176265502
89358,19950.881626537146
76221,19908.352431899886
84935,19951.278891184942
107676,19951.150689672104
103154,19951.150474407546
82600,19952.912344367494
104290,21321.794259372044
79972,19977.91328289849
89202,19951.10053261143
97253,19951.07280104224
97358,19951.020289777458
106932,19950.87126467948
101140,19975.967159515218
100650,19951.123822986152
99817,19951.59181284704
80953,21321.549527967563
93851,20777.155068985998
89574,19950.78816440384
91092,19406.658342706454
78214,21322.887526908486
80283,19977.7552851612
93158,19951.353721217547
78562,19979.13356999217
108498,21321.89507372248
100223,19951.241345833532
76976,19939.78014003196
81119,19977.55009144194
97369,19951.915907893454
95721,19951.6152615011
82271,19977.256428032983
102837,19951.15923901232
94761,21321.872578290473
89200,21321.846113142914
102690,19951.134698055426
101274,19951.14248643968
107682,20752.103125315745
108276,19951.088992021847
99011,19951.593339162388
94484,19975.9148914031
106033,19976.42166299245
89123,19976.680306576283
88740,19950.83827070135
90951,21322.080099626437
103812,19950.931707811695
100056,19951.58919672957
100691,19951.231331660594
88394,19951.488905246482
97620,19951.043835389235
107955,19950.96087262139
98144,20776.980411892273
106325,21322.05867288413
92867,21322.343813305364
85204,19950.684518445116
87062,19950.886124211713
81539,19977.38089157659
92009,19952.214593202167
108224,19951.29585043521
101686,21321.89664065719
98557,19951.15301416394
101594,19951.574348685255
100647,19951.146063081214
102401,19951.16206058432
86093,19950.73775479474
85837,19950.97043899351
86260,19951.996289571453
79830,19954.846772824923
100041,19951.13709787942
92230,21322.08202118062
94661,19976.571149135525
79450,19955.04332788485
101374,19951.137724032378
76983,19964.518296773123
99673,19951.40350545563
81336,19977.446320074167
100376,19951.381980636077
92756,19952.031396833954
87725,19951.299032251623
84541,19952.946811988586
82284,19952.20969902989
89479,19950.814891552767
93259,21322.126584912447
105648,19951.157113805417
99099,19951.06240826001
104543,19976.42232549207
108474,21321.822547305816
76907,19950.570940465055
93652,19951.659779534606
100967,19951.412378819285
94331,19406.55112479984
106381,19951.14277973239
83170,19950.453691813836
102953,19951.187319988094
103590,19951.380282362003
77316,19946.39434901374
84682,19952.884090741907
84524,19951.332912827977
76747,19946.08857039854
99049,19951.10044683136
105881,19951.15729385547
90833,19950.996932760954
108079,19951.28463486742
107295,19951.309657222042
77121,19946.838224554118
78927,21321.449944406715
103048,19951.414451692643
86216,19951.29609803875
88448,19950.905818920943
86219,19951.297773909107
87181,19950.359226200824
98755,20056.783508217846
76443,19928.478879996812
101149,19951.12386646349
104315,19951.760475256757
108345,19951.06117589311
100156,19951.111792583706
107263,19951.15533445111
83935,19950.425718407452
90584,19950.916208431117
105733,19406.483028670013
88332,19950.841956738142
81979,21321.583788002274
91864,19952.250564127007
106847,19950.916774921756
95136,19951.062765329018
96991,19951.074948519774
105905,19951.10328113682
102080,19951.104381328892
98072,19950.891717160346
103711,19951.350021148268
92213,19406.965028382885
106898,19951.367840835774
85333,19407.38663399873
84559,19950.714242201466
95428,19952.065155376815
101003,19951.37863304631
87773,19950.779912377155
100739,19951.428032291
99885,19951.380103754836
106647,19951.142506874414
98019,19951.074614737106
92212,19407.005952613148
100786,21321.906043200754
85518,19976.935147407654
89849,19950.892170485324
76149,19887.113152901653
97490,19951.08502827163
87476,19950.689965166453
83248,19950.54277046043
99352,19951.35336485207
90736,19951.327855286672
77596,19978.000495403056
77209,19948.138954368256
82308,19950.339892359265
78207,20776.963124844642
104041,19951.11136240412
81125,21321.514797170064
81691,19953.729002715125
94459,19951.134470980604
79977,19949.900772685374
96530,19951.07601394083
78367,19410.31452250923
108100,19951.827111445768
104510,19951.091695078187
81891,19950.326117835604
97087,19951.18468045691
88161,19950.842501546384
101097,19951.384349018073
81742,20777.549847793878
78409,19945.789526401095
107496,20777.043414059834
99326,19951.098409077178
78535,19949.20984676226
106164,19951.504046531605
79719,21323.45636458509
90418,19975.809947389822
85844,19950.69125559919
86639,19950.743641287543
83745,19950.36851186535
77300,21323.615449244866
87702,19950.783481808772
82586,19950.36517421289
83769,19950.37891410683
81708,21322.914557920354
90224,19951.083215485975
100063,19951.079399067792
79249,19974.769280849592
78719,21322.766919920294
97287,19951.06941797748
84267,19951.668358730552
84056,19950.41390526421
101164,19951.371204654726
85826,19950.97056116894
93793,21322.305189973442
90945,19952.274422040984
98991,19951.34899595307
79647,19949.511323623934
96794,19951.348852111038
83984,19950.8866179776
96688,19951.018318669605
79838,19977.76723815335
105671,19951.127091400416
87438,19951.008733552186
85859,19951.28212751846
91639,19951.138705115973
81134,21321.676806044583
99992,19951.35052056901
91262,19976.42152492584
81417,21321.68642581074
90783,19952.079862842354
88898,19951.922564150806
76241,19922.431677145607
76491,19423.687433584244
83132,19951.284505109987
97757,19951.215840367804
91753,19976.639807452633
82333,20777.51866441603
88295,19950.758819262865
98314,19951.100446724813
86172,19950.73804949574
78331,21321.170966549762
81996,19953.555369248446
83315,19950.362236071596
92376,19406.97222029613
103058,19951.376139161686
102215,21321.903067408683
104225,19951.82328786273
76910,19982.97979962394
88657,19950.865671289008
104943,19951.17977153894
86434,19950.979274327165
79432,19974.821555131
103103,19951.38925198733
91456,21322.357116114712
89465,19951.076612245466
107774,19406.454921298428
80938,19954.006124091342
94883,19951.178496359444
94135,21322.280963872014
78747,19949.924340458303
76240,19947.671921128283
95820,21322.101651717043
79092,19409.459836257112
84393,19950.578745266805
94391,21321.92214443887
77183,21323.244956382503
105612,19951.163988752996
89046,19951.616596316573
90878,21322.116578154724
77058,19978.763713409604
84468,19950.456449831243
76713,19965.245814738748
85568,19950.6734410009
82191,19407.94844919629
84825,19952.54950424452
79009,19955.65021848803
93908,20777.17135156794
91135,21322.350971618274
94603,21322.069199874575
105887,19951.75019855618
103196,19951.37746295977
87544,19951.00749306564
99605,19951.116042882306
101660,19951.37905864282
100671,19951.13475010533
97839,19952.02384221284
77742,19954.45871256571
106144,19951.118566286455
79681,19954.836776964283
98764,19951.060141843387
98200,19951.104111893732
82652,19949.695548978667
83599,19950.782161951367
97776,19951.68949028088
83403,19951.955362410095
77472,19980.89279961885
79535,19951.935846462275
82632,19951.264512181635
98612,19951.378628359213
76103,20024.812531350504
94824,21322.286293221037
87424,19407.29051778038
79193,19978.260611833404
80853,19975.126012374123
87885,19950.82246975262
80891,19952.85424370309
77149,19981.877465809826
91012,19951.089716171493
99259,19951.04917708266
81555,21322.96784259251
93917,21322.30417891576
88089,19975.910005878697
100704,21321.893166737063
77798,21320.937334863374
87342,19951.428995130023
96013,19951.352125346024
93380,19406.931565015246
84040,19950.548169644404
88600,19951.082958544364
76133,19911.91108138733
94842,19976.51684629313
98184,19950.780139113318
88767,19952.186109037557
98741,19951.838606231653
81739,19949.464282743476
91321,19976.669724911557
108030,19951.73506741926
77680,21320.835646806387
78189,19957.272891828707
82302,21322.85989287214
78968,21321.11330275488
101390,19951.552231106318
95491,19976.488723416176
101687,19951.12995965239
76371,19416.794521458814
100151,19951.365470929875
92147,19406.992958301456
103385,19951.363966350593
86960,19951.538486531106
89563,21322.12329667039
98013,19951.025023146052
103747,19951.11992487305
107681,19951.512123133125
82686,19949.331424687127
79913,19977.65063625318
96545,19951.630922253302
98278,19951.09414225326
88916,19951.415438015618
104733,19406.192794186405
103529,19951.379416919935
100642,19951.13677546483
97860,19951.343346363657
88870,19951.073747673665
97563,19976.519353480286
97081,21321.86023359968
89544,19950.883743669143
96332,21321.8617629539
97064,19951.125351249106
81916,21322.906370428398
82148,21322.35145315951
102447,19951.08651849774
103111,19951.159033610158
85058,19950.68908151119
76422,21316.856681089434
94546,19951.27405585727
96769,19951.340635684504
95364,19976.53846223128
101118,21321.90196532586
107644,19951.10816680669
104650,19406.172848537954
97300,19951.07064248569
104069,19950.821029246345
84700,19950.612273306335
97122,19951.359658486006
89878,19952.108759798255
82579,19951.312104332013
107967,19950.934669786733
82494,19950.29189020748
104872,19406.209149593706
76339,19955.396103124007
90676,19950.921493095368
83780,19950.56493691452
94444,19951.053436767754
83532,19950.30616043756
103380,19951.11254174326
90941,21322.351493250117
99845,19976.063538932314
98053,19951.36878493417
77863,19411.89434893717
81107,21322.299797429372
81176,21322.99248703744
93196,21322.309001622623
102895,19951.132063544606
107093,19951.452453869144
106566,21322.317040634836
88893,19975.843533146486
81939,21322.991371030177
98833,19951.1040603604
102812,19950.917320377543
95766,19976.53990501673
83556,19950.561630201002
96725,19951.055451390654
104649,19951.07296897073
98466,19951.538713179623
77661,19950.791836538738
99882,19951.541704505813
82646,19951.381307341017
94874,21321.874127414605
92800,19950.6607018385
80265,21322.47280010682
80587,21323.11365073438
92298,19976.629110732927
99023,19951.84410647447
88098,19950.814290833416
100928,19951.37624799375
106437,19951.17253699946
83122,19950.385830390565
86614,19950.76668008546
105454,19951.18151930172
89282,19950.906850944768
103136,19001.293169110253
104899,19951.75227348498
92041,19951.704161090885
80795,19950.022414920615
103043,19951.3735969425
90842,21322.105504812822
103070,19976.29621272452
91523,19951.70157654238
76427,21325.636327576594
86188,19951.325665779605
105618,19951.86301782363
82931,19950.388202888847
76137,19873.580991537056
88017,19951.027750432477
82713,19950.564454470197
76155,19453.49158890171
101057,19951.117616131378
94699,21321.921599522135
106794,19951.45243358986
97000,19976.50900373873
90986,19952.22816143553
92785,21321.886590009988
79156,19949.129676244647
107616,19951.384829713697
84264,19950.595510939187
93932,19976.58118913653
102956,19951.145598092404
79715,19978.007021793605
82329,19977.311113158936
86636,19951.783771042792
94479,19952.070931368384
84998,19950.61310593031
83835,19975.796924011724
106823,19951.119892142342
80760,19951.82493873653
83060,19950.825900627602
85872,19975.59853893299
76227,19934.457570197737
103460,19951.147861197645
96989,21321.881048890533
107858,19951.340089421563
80447,19976.52694236657
108267,19951.15381432674
86584,20777.253548416582
96426,19951.350820226653
86696,19952.560021563164
88252,19950.818721952663
91515,21322.38465091609
98357,19951.348991057544
92439,19952.1926332514
92341,19951.844164864247
84739,21321.68560925941
76906,19963.125901919364
100027,19951.13115315304
102225,19951.382663027234
88476,19951.433550818954
81778,19953.614174954768
103266,19951.369932589987
87660,19950.82457322944
89634,19951.043436688247
93577,21321.872598447244
92450,19976.605600961862
99404,19951.288578762724
107936,19951.15253198413
86174,19950.557368553185
98273,19951.354058322602
99007,19951.84955672805
81615,19950.659422849916
91236,19951.70433874443
96984,19951.36413897583
92538,21322.31224131039
87039,19950.8559297213
84235,19950.6087867393
77010,19950.6266276733
106727,19951.113229166094
102933,19951.111637601833
80821,19950.356648490015
81969,19407.94001207153
93088,21322.296978121714
107004,20776.957270905707
79330,21322.61503206141
80388,19952.937379932893
97494,19951.09549285967
107144,19951.45568152583
93860,19406.642609613387
94845,21321.851075973518
79152,19950.107705203824
95032,19976.57280327818
108333,19951.15313417741
76925,19416.314215974166
93278,19976.657953984155
98608,19951.096782475874
87236,19950.8020529315
79320,20777.862135247422
83893,19950.50277861657
80973,19949.1316732337
97659,19951.06763191204
102063,19951.211075863794
96324,19951.06413892505
101184,19951.135750113688
97392,21322.095592141395
94094,20056.7885798146
95219,19406.859448418792
85048,19952.53355129735
94887,19951.645368608268
88002,19950.886593666593
99157,21322.04778347637
102746,19975.998725224894
89164,19950.878694160267
101079,21322.068864826222
94124,19976.567276503505
100161,19951.149199351126
84658,19951.317794814386
105603,19951.13882410646
90963,20777.177843128942
85012,19951.31412289424
108298,19951.107427282343
104080,19951.089981718356
91850,21322.15600413159
102713,19951.127241410704
83295,19950.422101066335
107847,19976.41387725346
105847,19951.156885606164
87143,19951.535581871798
106090,20752.084177339984
88925,19950.892341495513
106297,19951.185457036347
96596,21321.860710419
99233,19951.089402685393
103321,19951.148807633966
82479,19951.220966159883
102734,19951.37629186229
107461,21322.120295730823
103237,19951.359648522972
85581,19951.00175416639
99196,19951.075181834523
79178,19950.007891024412
84339,19950.874402721463
92764,19406.945121507822
85498,19976.51864286321
100622,19406.558497329494
106518,21321.945617476325
82821,19950.54975761496
97628,19951.401828593298
90763,19950.95227940487
91567,21322.345289268844
107462,19951.10517735313
95833,19951.35903194466
102479,19951.148578005952
97555,19951.18046959559
80881,19408.245852021213
84016,19952.655814334565
94051,21321.844752646124
76277,20787.1709462037
88676,19950.87527648671
102566,19951.145593091365
88564,19951.510301661216
95048,19952.0628571744
82166,19406.943704853584
86227,21322.504411383623
83738,19950.46775871031
103684,19951.17202044438
79893,20777.753857164098
100634,19975.95869365915
96392,19952.01219329053
96311,19951.074576283976
85015,19976.876056172965
83050,19950.78705555118
81925,19977.361507349116
106187,19950.865354844776
83863,20776.95673288003
82048,19953.252047628786
100962,19951.377630911975
91587,19976.113412335537
104915,20776.8797612303
98779,19951.434879578617
96698,19975.91817651533
84701,19975.550614263124
92986,21322.10112937677
77112,21326.338460915944
90774,19950.937198347485
88520,19950.83658087033
88281,19951.536680310124
91388,21321.85666122696
76441,19990.95684834983
98643,19951.83773315559
97850,19951.12196588948
98344,19951.02896887196
99441,19951.828152027785
80230,19954.491326791485
106370,19950.863388951224
88901,19950.838831080564
76590,19943.71627238576
94998,19950.762885431803
77283,19961.65847905084
104065,21322.231258902146
107919,19976.545604609295
103743,19950.920946345883
100503,19950.835052162045
81273,19950.34495726011
81878,19950.47228830543
79224,21323.624087534612
90254,19951.115672815442
82712,19950.409356228003
98113,19951.045294808075
104562,19951.278383230583
103014,19951.22309964007
107299,19951.77180752258
99799,19951.061009242178
87952,19976.389927487413
101836,19951.131872301463
104896,21322.22384473805
107665,19406.226992745556
96182,21322.102238633783
84731,19951.711652692826
85565,19951.296929513337
83237,19950.390056210632
80785,21323.13547012779
81935,19408.039301616736
90932,21321.90692974951
99204,20776.98542041737
78802,19978.880431785885
105421,19976.444938674827
81831,19407.033698255796
100016,19951.403486763273
76262,20000.16666219423
85286,19951.845861560018
78629,19977.180210226255
79451,19977.774334355992
91132,19952.103918118184
88726,19951.04346362679
89928,19951.111416302494
84672,19951.268295436723
102127,19951.216869949498
78630,19948.81857708279
105874,19950.85949286301
81491,19977.378645775007
108085,19951.19550050285
99711,19951.079318267217
95713,19951.9266476214
79499,19974.54021114063
88373,19950.790673201354
106412,19406.37611390033
86000,19950.61628677464
77849,20778.51390812935
102224,19951.36210325526
90591,19950.902438979396
78511,19948.55712734622
83611,19951.239891872665
95316,19951.091993891405
85207,19950.49554627094
86755,21321.75581331311
91361,21322.10539374464
88107,19950.722439367186
99468,19951.352542546305
101776,19951.217540863967
97132,19951.014169734088
106405,19951.042871045414
83804,19950.50453235071
104093,21322.037600817814
81897,19951.753801662748
97522,21321.8834176724
78569,21322.77429246125
96486,19952.074624751323
99636,19951.051319318678
80770,21321.62452407521
91534,21322.10720933041
80461,21322.38724064756
102345,19951.56055088161
95431,21322.28086071858
76350,19931.22711877635
76330,20784.546647457555
101604,19951.132554816468
99303,19951.535627146444
106266,21321.84173918678
84697,19950.70782263997
86296,19950.622629297246
90658,19975.927208892812
102954,19951.14067653803
106174,19406.679555486742
81510,19408.13217280751
89222,19951.31035860177
104391,19406.610002646576
76573,19417.918326849813
78060,19978.753970796304
85030,19950.722175915416
105478,19976.385100677413
83477,21321.615571973172
101134,19951.43848705704
103096,19951.13465093987
99391,19951.12096859821
94614,19975.939701980216
100110,19951.110100189213
81782,21322.395890011954
90292,19950.9326269931
86357,19950.93553648766
76157,19892.10796285572
80325,21321.623582478427
88991,19951.082083045374
83117,19951.666129922203
90513,19951.662882634857
82037,19975.31966011725
90066,19951.340451278404
92814,21322.331987672398
93991,19952.151588400076
100121,19951.365162846156
104495,19951.11536356828
105953,21321.860021992823
108089,19951.028441376315
84778,19951.28844038692
100753,19951.380629471772
107832,21322.102498979057
92190,19976.6051973844
82029,19976.29639018251
97914,19951.545383849345
105776,19951.21370239247
95402,19951.17942627462
99097,19951.57389899922
105043,19975.958920079494
106998,19951.222963635722
99567,19951.572083681844
85421,19950.644595762587
99161,19406.608092027705
89951,19950.415968003857
81358,21322.95924570937
100373,19951.13482291674
80291,19977.90188806313
88545,19950.835888669106
92994,19976.614068547944
90248,19951.41891410203
78625,21321.3059331566
81990,19953.6648918764
103075,19951.167830826533
98639,19950.794994955777
103368,19951.170034881736
95427,19976.092901112934
84503,19950.926414614823
82446,19950.692802978345
97175,19950.93052576699
101777,19951.15165294225
76086,19888.13038303369
106347,19951.085994277782
76445,21317.500382644375
97649,21321.87235360243
99273,19406.843536597135
98864,19951.357604983485
98037,20056.815163098225
107264,19951.38546082247
100104,19951.14330783881
81842,20057.049051118855
81839,19975.44972499744
100608,19951.358126614377
106588,19951.003470962703
107466,19976.38593347196
86092,19975.67390773542
92204,19976.392877705974
107905,19951.82336785329
76821,19943.371961710334
81022,19950.027789333115
105727,21321.830891601458
80544,21321.643899763978
93388,20056.846345964605
93775,19976.580575799846
93733,19951.367571824194
108177,19951.59149874106
79746,19954.310272958162
89285,19951.32140988636
100243,19951.099995256536
107171,19951.304127481268
93444,19976.56991507426
107421,20776.86408719193
94071,21322.28101810102
92195,21322.32783595809
76108,19896.538438316602
100603,19950.90657046551
95800,19951.145057960508
90708,19951.024655473157
102701,19951.149670119044
97732,19951.073599768974
102574,19975.980056704
92237,21322.336023682707
94192,19951.679944756892
88219,19950.824363158354
88910,19950.86928695765
100811,19951.372885290137
103288,19975.983408941673
100370,19951.375280793494
102544,19951.796626377716
107473,19951.0472549446
106926,21321.920731284303
92514,19976.60824850639
78557,19974.06098523307
99091,19951.601346440584
96487,19975.94252805256
86252,19950.73025946463
84763,19950.875732596935
82531,19951.274465194074
79012,19977.26951026031
97078,19951.980552857436
96824,19951.01569483682
79970,21321.509684000644
98057,19951.599651144687
105947,19951.102073252096
82539,19407.814337765325
105816,19951.456542283628
93800,21322.259660657153
87079,19950.752535058084
87453,19950.992731880862
92855,19976.529220048433
95805,19952.023611947887
76398,19962.389473925043
90724,19951.044636338254
102196,19975.981625352917
97661,19976.088655554242
105475,19951.32608454011
81241,19950.406567088296
91106,21322.08302734748
89543,19976.7442764349
94403,19976.578501101452
80666,19977.645365163207
99769,19951.211611235434
102351,19951.12449849459
102941,19951.176743715332
82783,19950.883008814104
78504,19956.624204567517
94715,19951.213946777203
92180,21322.07095998218
103904,19951.161887927676
102921,19951.146570484176
99685,19951.3807265037
93048,19951.892264785547
82988,19977.21946446986
93279,19976.629223963384
80084,21322.30335244326
101966,19951.373569737698
94667,19976.575557154552
76298,19929.219943893695
87379,19975.84683896222
94212,19976.313697454203
81333,20777.508967749294
85998,19951.361288270153
90198,20752.198367282923
87823,21321.77629736242
103530,19951.358968013228
106243,19976.033707048962
81208,19950.57020026318
105153,19951.12630523939
104103,21321.878708617074
89555,19951.432259569792
106042,19951.111186921986
78170,19953.86201916983
107675,19951.261164690033
106705,19951.342720616314
89953,19950.872426510326
101934,19951.135314466355
104727,19976.465216369692
87327,19951.299868139966
103247,19951.23076058544
84673,19950.882051112025
107520,19951.962232707683
76626,19420.604159089293
98638,19951.355142261466
102060,19951.102376159208
83635,19953.125013205332
94566,19952.008175519455
79207,21322.62756026974
98700,19951.38812519799
86563,19950.79008816359
86891,19951.297990738614
85278,19949.88713091247
91817,21322.326840419344
99473,19951.132039224245
102489,19951.13139818097
89191,19951.309216972626
101746,19951.362236302553
84538,19950.887837789523
78072,19948.369806568073
99832,19951.37964576925
103475,19951.57510752344
101016,19951.133487653893
100280,19951.159748730963
96067,19975.89121124221
104086,21321.9362218577
77248,19950.135712777377
104269,21322.03720573974
89495,19950.8917926136
81340,19408.255049157135
80277,19952.33911656138
76683,21319.520116642252
94847,19406.887022003168
99029,19951.58454872927
85874,19951.28161540759
78105,19952.180448567804
94978,19406.91090863821
101666,19951.342116266973
100757,19951.10826695562
86704,19950.303273942616
91205,21321.85410876388
95762,19950.80514561507
93641,21321.885937582298
87073,19951.619504227467
102433,20752.19113200632
104382,19976.386385155387
108060,19976.099662319608
107387,21322.069277300943
85027,19950.90811548289
86014,19951.297196724434
102602,19951.151668944
107255,19951.37579224451
84269,19950.554298321375
85885,19975.581488817705
92843,20777.14016822068
107862,19976.180358166075
98781,19951.8520367139
106119,19951.36851104739
101872,19951.370973544916
87865,19951.51986896466
84803,19950.595073050874
88438,21321.763446911806
80105,21323.248914667787
80595,21322.34499441557
76539,19931.274895802664
107236,19951.13592960813
84946,19950.619440667742
93772,21322.064113584278
87793,19951.936738685483
104843,19950.98888812039
92234,19976.334046935983
89467,19951.086182309304
100145,19951.117704110464
93382,19976.643592900917
101891,19951.21806732115
81354,21321.661116040937
99309,19951.556000545075
81431,19952.21894968272
102073,20776.997177617297
88468,19951.3296114285
101873,19951.376731961132
88120,19950.834656692798
105714,19951.119036002405
106015,19975.989576935324
86707,19950.79780178549
93107,19952.125335734156
89230,19950.92543323456
100875,19950.906092084395
82920,19950.383685258712
98114,19951.568281757896
87262,19950.987848034743
104436,19951.365499274583
85404,19949.892746434944
96189,19951.07673130259
93408,19951.67068291223
92789,19976.670689340775
77768,21320.742188830198
99414,19951.58189788026
82807,19952.077725378454
88996,19951.330096858765
90305,19950.51963329311
77030,19971.3495279207
86129,19950.631751702993
83660,19951.277210249173
78602,21322.687864184973
83672,19950.28055762744
105105,19951.592002728663
78704,21324.033717858474
80789,19954.22096060787
96633,19976.526037454536
86132,21321.71115392256
81619,21321.712204467774
104645,19951.477920064706
103853,19950.993924629613
96259,19951.33872987143
104677,20752.258519776584
76418,19955.061042327932
103593,19951.219742787536
84886,19950.615175767205
80773,19950.28945403069
94688,21321.869597964862
103823,19951.125394101182
98757,19951.54262422129
78516,19946.91942187813
80596,19950.29920584142
102855,19951.449096241704
95957,19976.48771968921
86440,19975.638619888927
95030,19976.577875115716
101874,19951.44934322086
84585,19950.618134831653
76257,19436.39843259668
76971,19982.898441637633
94070,21321.852252110486
106041,19951.797829745035
87346,19951.0068172425
80993,21323.118856291894
105309,19951.218620484808
92622,19976.60123558029
94582,19976.589525833795
83334,19950.46458230662
98922,19951.088433506124
77691,19947.421784626702
95469,19406.875022941796
90587,19950.881720349735
107411,19951.25873976225
97489,19951.1371599172
105719,19951.365099121453
89534,19951.74391913852
80741,19949.027292949246
105737,19406.209083257283
99043,20056.803157928476
80254,19407.051771666134
83172,19951.27990741808
101830,19951.135526426577
80506,19977.726927307474
105763,19951.146426172385
92507,19976.59755653846
101742,19951.13211782356
106547,19951.771110410715
98619,19951.547972353135
83503,19950.48953670442
80565,19974.902767662417
83013,19951.228032420597
85721,19950.698480235424
87556,19950.802906060002
84442,19949.739203051176
79634,19978.093780060626
97497,19950.75662840045
84325,19950.57693232724
81399,19950.14057432889
96361,19951.050320928985
101973,19951.12573351677
78352,19949.00846992809
96564,19951.342467531675
94669,21322.290523937707
76655,19970.675117320647
76084,19910.901598998542
93215,19976.346342306835
105802,19951.115532224438
89981,19950.846211390544
84315,19950.587514239163
83297,19951.254712997088
93291,19976.589646689976
92128,21322.297261678792
101550,19951.123666609627
79384,19408.943769728252
103643,19976.003181043972
88482,19950.857827735304
79950,21322.486512520638
79519,21322.649396184133
80376,19977.57956058587
83366,19407.722019871897
92250,19976.652812851444
87368,19950.97811934108
77347,19973.239294360974
107935,19951.17048803229
95765,21321.879880664823
91877,19952.228299307204
97574,19951.088160722553
95192,19975.97319380433
80288,21322.258139166763
96795,19975.989578684737
80851,19953.668376521106
93753,21322.28879274969
99782,19951.19368377805
83153,19950.615250084615
78634,19946.313685694175
99463,20777.013834928155
81675,19953.14580657712
83093,19950.33556949157
82993,19950.38989558689
86972,19951.299985201615
100455,19951.128985420495
92692,19976.56769724095
79761,21323.433619850883
90624,19950.92863843435
93517,19406.962195989894
99893,19951.573187039998
85441,19950.675211597485
91552,21321.85026726782
81031,19975.332317675588
82232,19950.33137713766
80062,19954.000920613245
104764,19951.198424957096
83572,19949.935786982358
100100,19951.225213612495
96649,19976.5099315096
99860,19951.090862730984
81915,21322.88080900513
96284,19976.43856596081
89243,19950.621462966847
95051,19406.88253408698
101507,19951.1369958653
108257,19951.479913737472
90558,19952.07459857187
96913,19951.474371647484
76621,19942.79847400322
99801,21321.88476190402
95155,19950.818212181108
96739,19951.36092815015
90592,19975.891238307056
83307,19975.789822968858
101154,19951.120328489098
88229,19950.94690095581
106301,20776.978098274438
82193,19408.010845502933
101153,19951.377442806475
107721,19951.160126930947
104792,19951.001481623392
92322,19976.603828736643
99316,19951.288801872426
86404,19950.959710612802
79624,19954.95278696337
87122,19951.0183075701
96046,19951.182876531857
83384,19950.43414329138
79657,21321.289359763996
86605,19950.739661316024
91883,19976.242033544062
100473,20776.99503345393
96611,19951.404408100458
89102,19950.84351905417
103838,19951.377416360476
78454,20778.244976611277
89761,19975.8062648335
106275,19951.13285713535
77831,21325.099808028273
82876,19951.45865832245
96899,19951.595664446468
99945,19951.133369278923
83505,19951.29105655579
96841,19951.0000727299
94189,19952.109460682223
85020,19975.692676544826
101456,19951.350890497244
94155,19951.997880000697
77575,21320.483822007864
97904,19951.866339722623
102523,19950.874697615298
107541,19951.451716192994
87223,19950.68482850898
94975,19976.460184044925
104630,19951.116155127376
102538,19951.185989166443
90345,19950.906849368424
90170,19950.852372916896
79448,19978.307542562827
100139,19951.120435754634
97457,19951.22588225992
76291,19999.295504697646
83987,19950.82302943796
106283,21322.186749220666
101864,19951.142159647945
95757,19406.869446358654
107668,19951.23762639692
96696,20056.810677966776
83094,19975.603843500765
89521,20776.97941720785
98998,19951.08620872726
97028,19951.065114582267
95291,21321.902023221308
94443,21322.061274191292
102182,19951.569728831655
81794,19951.231218413122
105003,21322.13602927114
83041,19950.43957730647
107213,19951.237083548443
104467,19951.121929914298
93950,19976.267926726523
103790,19950.987194500663
89125,19950.872356429616
80748,21323.141043221935
84795,19950.776607108593
91105,21322.090412781705
86086,19950.798070226796
88522,19950.787790366307
84472,19950.589455706307
99289,19951.581548514947
88050,19951.2962916984
98087,19951.399035652696
95839,19976.284715305534
76057,20084.8955733354
89619,19951.083282844607
86471,19950.757555263226
97685,19951.027829046525
79824,21321.45410714451
91710,21321.83037082786
104474,21321.820074738604
104157,19951.88627293688
95117,19976.148428915447
96337,19950.989475535083
107562,19951.0980478987
107286,19951.210822887384
101251,19951.135860883336
97688,19950.761937083473
86405,19950.609672078044
97631,19951.09715693867
92981,19976.63493795964
79580,19950.33193478532
91562,19951.664997220294
87048,19951.293409815127
96103,19951.961708744235
101854,19951.14334058384
82126,19407.05278242916
105443,20752.281623325805
77293,19955.71925834141
108262,19951.297396411057
107157,19976.169994866505
99717,19976.259019264995
93208,21322.27483729533
81353,19977.42594680519
81790,21321.73320425973
82153,19950.274271296108
97223,19976.512532576136
82088,21322.84396967122
102996,19976.009249860446
100023,19951.10434300689
84333,19950.64284931517
102506,19951.09400101943
95753,19976.54963355886
77116,19938.985351088504
84459,19950.727776019274
91453,21321.819673774036
76524,19975.67354993436
83249,19951.2403324988
102313,19950.92599152668
90456,19951.320661489426
94635,19976.545489901575
101187,19951.143069198333
100776,19406.766602270338
84563,19950.14682422414
107706,19976.37206847427
78776,19956.218985665942
77019,19963.738482425586
76122,19962.61888990173
79042,19949.087681987432
101851,19951.3473629939
84657,19950.83759358893
76067,19940.21481645106
83598,19950.428706456096
96003,19950.815846168305
77817,19952.289190005165
76887,19417.194668019503
85766,19950.67211941814
105836,20752.360965733573
92443,19407.034373381946
98875,19951.614898727697
94808,21321.893173615823
99490,19951.084739657865
77469,19412.57240542466
105148,19951.118051586625
91649,19976.24479913801
107040,21322.120522373985
96074,19952.06384263341
100656,19951.136217163556
90366,19950.95050893886
93981,19975.96289193675
80858,19952.350877005112
90070,19950.68892900691
86606,19950.8421907295
104521,19975.97332980141
83071,19950.76148266416
101956,19951.140871919757
83846,21321.713765674314
100982,19951.382244315693
102610,19951.115939417465
97828,19951.218415440755
99450,19951.05215524599
87521,19950.69334389032
96065,19951.957158692017
88306,19951.71913201335
96325,19951.34938194328
95801,19976.545782310055
104248,19951.36162951807
98652,19951.36482934741
103877,19951.16085989144
107470,21321.937475688395
96801,19951.460994842615
99595,19951.850572698993
86094,19950.792552396368
80874,19975.99078762859
94606,19976.548637299915
96127,19951.611731099063
100687,19950.93581837088
81118,21322.431213906304
84405,19950.589480857547
83257,21321.299055137075
81541,19976.79673698627
77940,19978.67573931861
101270,19951.371940201196
85349,19950.734981223115
92315,19406.961412271634
108360,19951.127478599523
77607,19959.344738613727
95640,19976.190771373964
98143,19951.28011947657
102200,19951.163357334823
83375,19950.766449634048
102178,19950.902378936327
97500,19952.019593531222
85782,19951.289564214403
96049,19950.995258767536
102744,19951.373930150578
102560,19951.46323068138
79010,19949.31150876251
85644,19950.57641332542
76595,19968.01285972881
82219,19407.899070629413
76899,19964.809599427444
85663,19951.403931241777
92737,19951.15802292591
106758,19951.245749230882
94625,21322.0699549089
96472,21322.09984247495
104250,19951.338137711842
86303,19952.68051405434
107881,21322.186713209114
101517,19951.209976188886
89988,20777.24320519256
92689,21322.083282672826
99002,19951.11166073991
90734,19950.94636186556
91013,19952.29633054354
102056,19951.373166128786
106641,19976.021274012728
100391,19951.572047156744
77305,19941.363646745795
85197,19977.03712764166
81122,19407.264231008612
91088,21322.10389946208
107377,21321.81319479333
86495,19950.71482674806
78661,21321.173270390038
77687,19410.3612718886
98480,19951.197654516636
101537,19951.10193458694
78032,19948.102823327816
92374,19976.604799669414
82010,20777.462091476675
84496,19950.591226528682
98337,19951.05227482998
99520,19951.096921456072
98452,19951.485112978142
79828,21323.38511892486
77151,19981.807365296845
84095,19951.245099645577
83491,19950.388907650253
102170,19951.141388796404
88063,19950.838789529782
90214,19951.68508333842
91980,21322.070641608294
96573,19951.409875494766
105573,19951.782767890214
86880,19975.809262596085
100420,19951.133681889234
86053,19950.847002951585
84481,19950.936934231046
86088,19950.568161787578
83553,21321.676378474967
101328,21321.906118804236
105352,19950.840429075826
100532,21321.900759745255
98052,19951.036717289047
83818,19950.56202811202
99576,19951.060747815878
91026,19976.56726352931
92445,21322.331771552817
106934,19950.92529313555
78791,19951.732752829128
93664,19976.263316137876
76923,19944.368405606023
81335,19977.486067145015
105969,21321.955980954215
92701,21322.298174239648
98070,19001.212856427108
100423,19951.207426055225
92335,19952.094008568194
92370,21322.131059634667
100177,19951.101416380905
100125,19975.942351365167
82358,19951.329938823124
85557,19949.97565214745
102609,19951.107641392195
77612,19951.025026991945
81173,19977.62537235646
93689,19951.318170167426
89219,19951.037853816586
94659,19951.114790190135
82424,19950.15273327078
92367,19951.361546138687
95828,19406.854059041987
87894,19950.353981756296
88621,19975.75532425252
104992,19951.089510510443
98567,19951.028449311
106250,19951.103601649687
102235,19951.23727570366
94841,19952.07478078297
105496,18431.481570255488
90019,19976.30013172043
95575,21322.2442874301
98437,19951.212539200507
90907,20777.169382186283
83289,19950.413409375193
77938,19947.995781279926
98791,19951.36945054252
104254,19951.222212975135
104311,19976.4205393193
96753,19951.360384530806
77998,21322.720118811998
101102,19001.295266366837
102836,19951.109572149788
85330,19950.78603971621
108511,19951.118326366643
89527,19951.10514898293
87734,19951.05278389799
87110,19950.72955011677
80936,19975.113713820865
80100,19977.84611121096
86546,19950.719961887895
104949,19951.388978887175
83654,19950.644142177374
96736,19950.80255093354
91898,19950.99230079314
90221,19976.71933076436
96356,19976.536585972222
78901,19949.319183920732
91469,20777.16862406874
106591,21321.96061573339
77763,19954.200588381984
89604,19950.80864074474
90001,19950.87451331031
89947,19951.005886852716
108218,19951.082432117422
82927,19950.676642594644
107140,18431.48783583628
95013,19952.11865010983
104979,19950.97038815377
90521,19951.066753750252
108465,19951.36172085761
106606,19951.10512100717
82999,19950.4121892847
93784,19406.922024971656
82680,19950.363504102468
100796,19951.37694110799
96230,21322.253736811617
89110,19950.839410388257
88152,19951.00539399251
101403,19950.911895755602
77566,19957.881600446435
86366,21322.114921614277
80356,19954.360656173794
83500,19952.81301882424
76673,19941.523720069374
100256,19951.369479910973
101335,19951.377877639847
83416,19975.931501751573
104983,19951.119502575755
107300,19951.55577564813
87350,19950.891773266856
107106,19951.722096291833
90550,19951.061103579475
80002,21322.521428893564
90827,19976.31013643728
97480,19951.933919420175
88160,19950.828346348266
88467,19950.744425240453
98500,19976.09906557961
86587,19976.827250717415
76737,19969.492494377522
79089,19949.617368874115
93153,19951.989353082266
80315,19952.37324794421
76731,19965.99856559368
94243,19976.578766235736
82571,19950.696847557476
86896,19950.71464374213
88404,19976.70541782731
108530,19951.292430393314
100573,19951.3705078728
102888,19951.169580680104
76011,21350.421817445134
79586,21321.47348989684
85620,19950.538605230566
93470,19406.934029172568
98335,19951.513377764244
87826,19950.80047819274
94743,19976.55175524416
81247,19975.348424602533
91376,21322.35186753835
83451,19977.128960656373
83176,19950.438556642985
78867,19409.79140673757
96786,19951.069031577612
81019,19950.71227441924
97316,19951.22078732268
80560,21321.60103764959
88535,19951.016438974777
94281,19952.102015049193
94309,19951.6685602375
93404,21322.2971146258
85218,19951.26364078502
82697,19950.45098594684
94919,21322.288809627542
80829,19977.501927036163
84671,21322.140064793486
108043,21321.998564717578
105111,19951.311761180263
76997,19940.602572298656
83545,19975.67017953935
82274,21322.292581569487
100513,19950.92457963705
93471,19952.16435445216
91627,19952.070196462766
78780,21324.021555883315
90005,19951.383733256815
104234,19951.120197857694
100798,19951.372688124826
101322,19951.128520282993
81807,19951.291060766504
84469,19950.809213908673
94701,19976.554063199892
96119,19951.065069745662
104478,19951.11675266823
100116,19950.914694129762
85151,19950.72720324573
106970,19951.087108420055
106570,19976.331778875385
101472,19951.37185603608
98101,19951.569579239927
76225,19930.017095921477
82833,19949.4938124495
81055,19950.49640930896
100048,19951.214311012598
90519,21322.380927334238
76484,19973.47972559375
101898,19951.147116944427
81741,19953.38822357274
90441,19950.853813104775
108314,20776.877105376676
97881,19951.02280517755
79306,21323.54915221193
107116,19951.124260469398
98899,19976.25924898866
99975,19951.077491185108
84378,19950.90381785129
101661,19951.372625049094
100239,19951.125973155275
80035,19977.858630163344
85033,19950.616245660873
76723,19979.127880227203
107773,19951.11215660551
105937,18431.481013810913
78321,19974.205717314326
82047,21321.268392712
95113,19976.54550678069
84907,19950.607060980066
107479,19951.297215770443
99770,19976.028873293613
86815,19951.04091903733
101558,19951.150785584807
102258,19951.380316848645
95963,20777.13704205395
91995,19951.6525612445
82913,19407.706206466988
101968,19951.147245187523
105332,19406.611572918475
108213,19951.16399417968
83825,19950.463078401608
77438,21320.544701637937
95768,21322.082873033753
83195,19952.081948239742
104287,18431.480426714326
103213,19951.42391993157
92744,19975.89047493746
81351,19953.49542209193
91555,19951.241816964033
84546,19950.607240027453
81270,19975.15475321674
98294,21321.880157929696
94278,20777.00041183731
103537,19951.44982902395
104284,21321.901902442016
76635,19944.264834513455
76676,19969.91732082631
98118,19951.094664730932
79440,19954.60040539616
78969,21323.872535857194
76500,18993.731963689024
106027,19976.157435946727
84604,19975.52571009516
97498,19951.0772666661
92641,21322.362952229323
98216,20601.7204978698
102453,19951.136398173152
96270,19950.92434156382
78777,21322.50338023034
93169,19406.9363010816
87621,19952.278211040626
76876,19983.625876306007
83561,19950.58872097973
84296,19951.297361483717
92355,19952.191269892966
90302,19952.101784233844
91387,19406.56984432165
89854,19951.73539247944
106305,19951.261840640316
98703,19951.054652446106
97929,19951.577980317386
105575,19951.17143565063
79052,19949.367941174787
82362,19976.717894371355
85625,19952.034668693934
90792,19951.101292635223
98488,19951.089500638893
106795,19951.13328879769
91666,19952.23369575029
101528,19950.903369286436
94739,19950.706208787415
80961,19408.17205493974
91988,19406.999705778515
80335,19977.78171387133
77505,20778.935006349777
93280,19406.688326188374
91630,19975.828416229542
85422,19950.669472788475
104986,19951.167328297946
92176,21322.10163678438
89861,19950.489683135016
84435,19951.94782993971
100381,19951.458494509912
85651,19950.67131330053
96525,19951.082207188403
91383,19976.65754171823
99177,19951.09331999945
85842,19950.80136936113
79658,19978.030466939093
84332,19951.708562289754
101621,19001.241649980737
94509,19951.628002026955
87175,19951.311418532034
89394,19950.89617723377
91163,19952.079428863464
107771,19951.36196674092
99551,19951.046644301194
87537,19951.30613623595
76726,19983.170392246797
106637,21322.304520786438
85583,19950.679037355167
84617,19976.494262594497
86419,19951.079475986513
80036,19953.721147605636
83956,19951.980234762465
106663,19976.203492093602
98368,19951.03952348691
80217,19408.49134822511
98528,19951.041698035962
92746,19976.61426545189
78042,19948.19917361338
87314,19952.538792388328
78148,19949.667043242756
101574,19951.153516192095
84789,19950.613609737822
81056,19977.626087493634
91483,19976.623393543494
97869,21321.882736637523
89084,19952.15419630186
90398,19976.715869903153
91038,21321.85763484728
80326,19953.960708797138
88665,19950.300827219395
99793,19951.526863411218
107218,19951.138505253697
97438,19951.223764646304
82375,19952.15308268283
103211,19951.194202701263
83430,19951.24761431534
83717,19949.627445448405
95607,19976.53232803462
99653,19951.10592811894
77072,19946.221569622736
95300,19406.75777869986
86090,19950.806330934895
90553,19952.097802658027
90690,19950.9475094203
93608,20777.174324685704
96059,19951.05739641866
105488,19951.079146012868
102403,19951.155729531125
105357,19976.259844036736
81201,19408.21849812117
100092,19951.37779554499
105800,19951.09613420519
103658,19950.943870270654
82416,19949.59297517491
93007,19976.58894840914
103850,20777.003696404594
97328,19951.342625495603
99167,19951.088000593365
92788,19952.15634642345
90228,19951.351996145742
105015,19976.457794828133
77838,19946.989559361835
88672,19951.066741169998
86881,19950.249520264842
90515,19950.907749120637
92777,19976.63484064423
103455,19951.143098672488
97286,19976.552152116354
104633,19951.843720466448
83548,19951.417017744425
80980,19408.29290863434
87954,19951.066072080248
89975,19950.829487429353
83762,19951.280951223715
90615,19950.838497826557
76755,19944.527298892193
103371,20752.177363774135
102703,19951.15007485153
83856,19950.43778607461
105099,19001.223061527995
79080,19949.214615136974
83898,19949.6488969454
88241,19975.832074180667
89549,19951.08517037622
79740,19949.906444359116
81937,21322.919509337058
99084,19951.074578039425
106967,19951.453151293776
80358,19953.97531292965
97694,21321.8796763724
87454,19950.772757075596
101943,19951.383657307568
105586,19951.091501328436
105651,19951.36994361987
84667,19950.022993338098
99050,20776.968047179485
81245,21322.325939498583
78547,19952.016887550824
82473,21322.32048164686
85978,19951.058952901247
88385,19950.959999999228
95452,19951.158308457892
98159,19951.06581477027
107952,19951.12855756591
107265,19951.220513377102
99744,19976.30506291148
107450,19951.370864087294
108280,19951.17649756493
85684,19950.95258806753
90660,19950.921708805457
107627,19976.374852022385
93896,21322.06305047278
105931,19976.38452452268
107160,19951.144783478634
94644,21321.866720098744
100057,19951.361079699167
85053,19950.599183686983
77037,21323.94742873517
81281,19975.12008538872
101247,19951.17171543031
92031,21322.338336791094
83306,19950.440135206885
82079,19951.61076715794
85936,19950.742698577298
90480,19950.501051352483
92696,19976.604156137222
105467,19951.21184473906
89682,19950.394840535446
76305,21337.250241799662
79665,21321.490782811507
82839,19951.402993736207
93076,19406.92909912693
104369,19951.24976545707
107999,19950.95452557812
83787,19951.291299735192
92554,21322.329414201413
99110,19951.568377838415
82707,19950.24017991383
80261,19977.76493524467
102365,19951.1558960822
82760,19950.820262811834
81142,19953.96617303573
88411,19950.876995480423
97734,20776.972815576428
81604,21322.99009207694
84705,19951.016410187698
104661,19951.22472052226
87897,19951.42725846903
84651,19975.51777852519
82294,21322.854251481298
100689,19951.06835396853
105236,19976.244132829554
77656,19979.902062627938
94054,21322.283754744378
96367,21322.105807377127
99913,19951.931482585383
77083,21319.808290433968
104849,21321.941620626105
98172,19255.905621578335
98043,19975.998042154446
90979,19976.649923427598
93136,21322.110258068784
88750,19975.749341355375
88471,19950.870912921153
93720,21322.0891030652
76649,19931.823128564378
99291,19951.043614870083
89267,19951.024684862346
108244,19951.02743427738
95194,21322.264528826614
103998,21321.966881256507
103782,19951.155778441007
101502,19951.149947557307
85961,19950.909242544443
99073,19951.143100546287
106535,19951.29358832475
96594,19001.195128434618
76156,21352.754766160866
85484,19001.107747145674
79139,19948.783553834306
96730,19951.187567025216
101796,19406.74779302182
78809,19978.730847397706
101193,19950.951462162517
96275,19950.863555686155
98321,19951.57438807179
77928,19944.491870572176
78328,19951.471330435983
103527,19951.157088788157
89266,19950.87971932062
99074,19951.098227515704
97952,19951.282053767354
88220,21321.770710902583
90223,21322.141767784902
76506,19971.449946417833
104498,19951.380220695875
84634,19950.73494548297
106803,19951.522081967556
80608,19408.05502486872
78715,19948.624582436358
89962,19951.395822782357
88958,19950.896999235327
98941,19951.83598836777
80707,19950.120502657923
105934,19951.096656321297
106190,19951.29131940242
107803,19951.210755437532
87945,19951.092616470614
96859,19951.11615337421
84495,19950.693274080513
79965,21323.281312069055
89496,19950.489613817084
101195,19951.6642197763
97209,19951.01402803799
101751,19951.415902205088
101541,19951.14731007818
96051,21321.872375811166
85075,19950.510344314804
77118,21324.06981752856
80487,19950.09063464808
106184,19951.106738662802
96374,19951.17954148135
91702,19406.909427721188
77517,19950.96172233008
98188,19951.54022891099
91641,21321.866303190844
94607,21322.28906186936
86769,19950.749696624844
80484,19977.877145292598
86964,19951.456262396325
103086,19951.20790831907
84257,19950.590459044797
91852,19950.991222176846
87431,19951.293766976345
80439,21323.15058471757
90405,19951.11928188734
97647,19951.075671726067
108071,19951.265668475895
101911,19951.87668952697
82293,19950.51962969975
93627,19951.136157736964
92080,19952.21276516
88291,19950.845593776587
97591,19951.217050365376
94632,19406.84070782022
79572,20777.911082082683
100727,19951.365569495443
77760,21320.368219014024
80267,21322.36925492773
106167,21322.17132450621
93339,19976.53285929436
98727,19951.097143835555
106765,19976.548363630205
106746,19951.820519161956
80012,21322.53497121925
86651,19950.74484552377
106616,19951.215391327478
88617,19950.834176076907
78380,19948.491302158458
102380,19001.30573827551
102093,19951.364873959865
79049,21322.743234755268
104933,19951.277418934835
81578,19953.723764121496
82296,20777.507749507713
102256,19951.383981515646
83868,19951.562691784253
101459,19951.121978529634
85014,19950.50430118201
90820,19951.089529674886
83173,19949.463832015026
91252,19952.138845863486
102307,19951.175375630308
95153,19951.372535196053
99149,19951.05696171906
76130,19979.51637013238
80049,21323.263716180118
84353,19950.603206535663
79550,19408.81957249236
106113,21321.95908727715
82182,19952.13746136387
99898,19951.372105782095
94685,21321.8904786122
108125,19951.130682645115
76144,19979.29370501662
82087,19976.381930515356
96666,19976.15150763098
105109,19406.739963012682
94341,21322.29851977675
80039,21323.355121679513
91350,19976.63424613475
99415,19951.08116502455
85832,19951.912146316783
94022,19950.99715101888
104332,21321.942523303525
89367,19951.329331143934
101420,19951.585559053347
99401,19951.84330593496
79179,20777.82048118682
81603,19975.47247473852
94068,19976.554959990783
98185,19951.093467244726
99646,19951.22778712103
83218,19950.45492785399
84593,19950.85689742122
93040,20777.158845989557
104544,19976.202232178763
98735,19951.534829239637
86524,19950.974781034
102541,21321.90935684802
88339,19950.958278012065
92750,19952.178505805437
101882,19976.0007262481
78793,20777.984964545205
100625,19951.14022751491
91791,19951.683343538465
98604,19951.09974522547
107903,19951.34149221367
108450,19951.142319882678
101903,19951.57425544989
96190,19951.655019822436
77299,19946.24678471564
96588,19952.044268080244
80932,21323.142651593393
81221,19976.88770681678
107383,19951.06401042246
92815,21322.304655875298
98724,20056.794450814792
101984,21321.890562295364
85939,19975.727924692637
91597,21322.102128696424
82514,19951.326809342932
88788,19976.407368818018
101131,19951.819925203996
82614,19952.092628677725
101646,19951.35939690317
87641,19950.84020185326
103855,19951.374485111148
96901,19951.51013388873
101942,19951.149483597976
92415,21322.313427793888
96467,19951.076411315313
104656,21322.13649296762
84104,19950.87674285389
96685,19951.502386304663
93816,21322.2903702593
104925,19951.08289080926
82086,19976.587557190018
93855,19406.92267525646
85411,19951.27036741534
88743,19976.68581120573
107201,19951.105649034504
91771,19976.609319530467
81001,21322.449446052207
90074,19951.310687499976
82791,19949.43057432754
102636,19951.204403444794
102722,19951.16434070624
94571,21322.118788099826
103852,19951.102386614497
81514,21321.485615350153
99997,19951.078170521712
85808,19950.730803825183
95355,19951.098728807003
101928,19951.098222557364
98862,19951.048532290377
87759,19950.82397973293
101810,19951.367667885475
104902,21322.33569524165
101361,21321.910478970283
81707,21321.634790991444
84482,19951.681008975993
87358,19950.79144787622
103589,19951.372946412306
103675,19951.16155179787
76652,19957.66891438335
104101,19976.29117668952
94807,19976.53181683304
77325,19948.402413563992
79875,21321.436905590886
83034,19951.249694433143
94997,19951.06004024469
85209,19950.665681489303
88344,19950.58282406258
98849,19951.05334321881
80527,19408.63651616632
87245,19952.27496876849
83783,19976.58796030208
96515,19975.91716310206
95110,21321.893011012544
92177,19952.199244060495
94690,21322.287451127642
80340,20777.632026641673
80211,19977.763502195932
87440,19950.86710809007
97742,19951.162115597497
86586,19951.30112882592
98006,19976.340027940158
87613,19950.8004475202
76521,19964.667991802628
105734,19951.714460465806
87925,19950.516569858926
94634,19951.05752554915
102227,19951.144861851124
85292,19950.642422200763
76921,19945.749145535734
95158,19976.55628510156
95582,21321.88520644288
105636,19976.445290223914
92793,19976.594041050615
80981,19977.663922329433
76421,19934.79358557259
87182,19950.765369509452
93677,21321.86474357577
92969,19976.58509444422
95005,19975.951358391198
85337,19950.52688513262
90477,19976.631724751776
83508,19950.326842240233
96886,19976.479371785954
104112,19951.129567684267
93923,21322.28671957737
83338,19949.52313911898
77100,19960.644864777798
103801,19951.380311502606
77772,19951.375988155345
94352,21322.060721062207
78360,21324.01266471932
89986,19951.06455617626
97654,19951.02662483511
90295,19951.578659051003
89180,19951.321771192706
82039,21321.683409151516
79485,19949.91233243068
87606,19950.89345704254
99574,19950.79544310075
92198,21321.893184211025
83529,19951.633037644988
83789,19975.66696557594
106137,19951.111711349822
81731,19950.38555970148
82668,19950.358084263222
95865,20777.175790895708
103389,19975.985115849016
98482,19951.3485873861
83775,19951.92329509689
98846,19951.405650792207
79233,19408.616046634248
93254,19976.59935711892
84246,19950.43710890234
101996,19951.65469858682
96237,19951.19760464422
104216,19951.326953221174
105667,21321.945840821267
78813,19948.999914196145
99270,19951.10966694287
78588,19978.827864033832
105552,19951.33771425444
97164,19951.60665737121
84342,19951.22944646618
103688,19951.776758014857
77484,19942.03848758801
94326,19951.6345540943
81254,19408.29416280529
90674,19950.95764240185
104261,19951.10921055545
106636,19951.21451884944
83188,19951.28511606653
93725,20777.16447602205
91349,19407.044192989346
106973,19951.108788301783
89671,19950.90138382582
92830,19976.595403375635
105964,19951.44862349218
89696,19951.409644004525
99813,19951.354612366024
108159,21322.176337537727
84988,19950.959547883725
84921,19950.511063451926
93609,21322.06825241048
105751,19951.49485423131
92102,19952.202229390423
83130,19951.310870283207
91136,19950.98971015128
78276,19946.30437125408
108370,21321.888193694147
100384,19951.377306686714
84940,19950.782494476498
91942,21322.335371245597
94454,19976.6017120588
100909,19976.465045355384
87701,19952.465721903423
104798,19001.252048523107
95263,21322.05779100558
87121,19950.774150291785
93095,19976.57986837783
85642,19950.675560010273
92656,19975.855389062912
95617,21321.932473667333
78219,19946.440824865986
104179,19951.098653308803
106438,19951.38897502687
87196,19950.785333979395
90335,19976.651798074447
82059,19950.37226115493
92365,20777.16096801733
98309,19951.53506000311
77684,19411.554430217446
89823,19950.895132037196
76689,21323.57046848087
98279,19951.542491473512
99892,19951.168108111662
77342,19961.11906993768
81074,21322.425685236998
101487,19951.14974031401
79070,19948.886470487774
95231,19951.954983173044
102572,19951.113695375683
99529,19406.606373104194
105996,19951.3736412613
100780,19951.085538334944
106814,19951.028363104764
85545,19951.307023909678
79630,19408.92773026641
91145,19976.652024116553
84823,19950.70353631085
84954,19950.640728988918
96658,19951.340588106
91360,21321.862672425716
90452,19951.094340043343
101820,19951.137449944592
81605,20777.100855021352
95895,21321.871566167938
99378,19951.057195762736
89327,19951.104013177242
97326,19951.133111748488
100777,19951.116902648406
87405,19950.801894229964
97627,19951.605961926085
107458,19406.68512128908
79060,20777.895496030218
96136,19950.865074948822
98257,19951.100179961595
102335,19951.14511834416
77850,19945.23582669381
102160,20776.993592776304
102379,19951.546867495694
104579,19951.08550060619
105614,20776.98082518724
100113,19951.12831050642
91032,19976.64997544804
84428,19950.724803156598
95075,19406.52853940499
103736,20777.000762547515
86290,19951.29646774699
81511,21322.384863112427
90680,19951.363003625695
108256,21321.93105351366
104529,19951.276607720618
105190,19950.88590543298
83963,19950.88436203726
82386,19977.390461157855
96710,19951.00806646979
83474,19951.898223594024
85539,19950.820214260526
106439,19951.21945500514
102158,19951.12877757539
88822,19950.865930619013
100881,19951.125449065577
76677,21330.52451793421
90178,19950.904311662685
93735,19976.173170728922
84662,19950.593012005993
106182,19976.248264716465
83398,19949.91433511626
87992,19950.840433969774
87968,19950.807758599993
103912,19951.54990693251
93375,19951.65402644389
101226,19951.11149381997
77949,19958.106679593282
85607,19949.908069171568
79522,19949.60778665297
77739,19947.395594832615
83123,19950.27536067614
98241,19951.602355623214
85653,19975.77613000871
103346,19951.37350432959
93933,21322.29902219212
103652,19001.281591300685
101032,19951.13651484473
95245,21322.291735561394
87397,19950.76828393186
104051,20752.078234188193
88815,19950.870744919986
78834,19410.028412478016
86348,19975.753903223558
102205,19951.145131401994
85638,19950.644185868303
84036,19950.825108111912
103627,19951.384318039007
86641,19950.75540844004
76954,20780.069331895163
96042,19976.560667615664
79230,19978.380904167298
81240,21322.331786232633
98464,20056.79757186287
93761,19406.929077600536
86239,19951.000448969007
106231,19976.47004124006
94092,19952.013353235983
93651,19952.14673358231
102239,21321.91965255546
108216,20752.24324076581
87035,21321.778033230486
77754,19980.015188867445
102892,19951.14658339378
104205,19001.216926216013
89539,19950.806671153212
94276,19976.52917770162
78405,19949.691621815648
82829,19951.79386915287
96653,21321.876889095965
107768,19975.991371417986
82557,21321.645531529637
79190,19949.769541445672
83639,19407.658264842466
106302,19951.32043274876
83161,19951.25641362403
101839,19951.148337063256
76769,21319.585920123714
92536,21322.312013349838
105981,19951.172044001614
89644,19950.924147610775
95175,21322.28013812894
95837,19976.531418369406
81282,21322.377912154672
92231,21322.130680665672
85287,19950.691026936318
82582,19950.379090354916
82666,19950.414321161763
75999,20020.98579983499
81738,19951.28696369318
87020,20752.188425417666
93066,19952.15697255938
88496,19950.783073328817
93297,21322.13677596376
82044,19407.909831766305
81673,21321.645638181795
102694,19951.104113827245
89509,19951.316030237525
95965,21322.259363326528
106101,19976.415351783136
83569,19950.470292875685
104718,19951.481934255666
99492,19951.819861368243
81091,21321.684294707982
91028,19976.643216017965
87981,19950.817636454885
91801,20777.194183427364
102243,19951.120838452403
82445,19975.496636215612
104094,19951.114767645053
94745,21322.294141802868
90106,19951.033963482878
89015,19976.714777962
93183,20777.161031021205
84610,19950.81071593076
77055,20779.458630824636
79194,19977.975874967968
91155,19952.077315382125
86569,19950.789109780577
82485,19952.087382049755
88760,19950.765362821392
105923,19951.12577170043
78686,19978.88444190156
88814,19950.85437391744
82320,21321.654479104913
102937,19951.225037265023
87116,19975.670940447144
90494,19951.087746565227
106037,19951.107854995553
81698,19408.155703692883
108120,21321.93963038228
107501,19406.22036537721
76407,21325.715003667858
98601,19951.097156607655
107872,19951.3398890116
78176,19951.136308188183
93534,21322.150292430444
91839,19951.65707712451
106436,19951.17486871989
82935,19951.246408744286
84674,19951.2719104041
83479,19950.481976481296
105047,19976.335623107752
103698,19951.13829256279
99614,19951.38010474107
84726,19975.520323247845
84695,19950.61139681209
91147,19952.24970739978
87076,19976.819232516496
106200,19951.15955851638
94496,19976.359129616554
105826,19951.338168195372
94976,19976.22587976939
86380,19951.293405455734
79211,19978.248515101397
83213,19950.79447954162
84355,19950.547762646725
108034,19951.79505435079
106948,19951.1310894921
94995,21322.276225867387
101963,19951.120401556695
106550,19951.332532052427
85682,19950.68058570863
98174,20776.978656701798
105423,18456.327864482762
77341,19946.34463409201
83563,19951.949827253036
80177,21323.221537068966
88183,19950.850764288298
77520,20778.837608607795
96601,19951.062175099883
91964,21322.0746950288
86685,19950.972510326108
83039,19951.209633224287
97785,19951.070682825957
95814,20777.144253574123
83452,19950.845759781965
84518,19407.55007021955
102194,19951.570806454944
85247,19950.667182617148
85418,19950.53604466958
77908,19947.131724654886
92033,21321.874541566973
80872,20776.992307475637
86635,19950.72483294289
79420,21323.50784818959
98251,19951.5439563459
77158,19960.216006355433
89969,21321.850876124252
85928,19950.597847173398
91375,21321.922891756672
80568,19954.18460512907
91041,19407.008273702715
89322,19950.92734746708
88057,19950.509636070532
89486,19950.812427879482
105977,19951.140449674054
88167,19950.844440120138
81115,21322.41791806752
91486,19976.364139201007
100782,19951.45694703595
89320,19951.069627393485
79784,19977.818517507083
89096,19951.306175620895
78264,19949.29894357105
97581,19976.52207021287
79576,21321.496864666144
89259,19950.813020693804
106745,19951.099356649695
92013,21322.08229452231
86678,19950.951877221618
102324,19951.22780506689
77632,21321.19877360311
106887,19951.107438146868
78950,21321.18661596121
88191,19950.84261422011
88247,19950.867247325627
94345,19976.56235038778
95349,20777.14822281476
93901,19952.139288755512
100074,19951.120002163218
85164,19976.021871801382
106172,19951.515774682866
108479,19951.29517514361
101908,19951.25770878182
87385,19951.774441096815
81494,19950.436569475933
81977,19950.47164146019
108330,19951.07402153823
80073,19408.345597760246
98716,19406.605513450926
104170,19001.2206949459
103992,19951.12185609535
105540,19951.291499683764
75987,19663.867241739397
99496,19951.364871798334
78765,19955.43770164999
98564,19951.081126490808
81895,19977.345466586547
100955,19951.360431707057
77153,19982.743085674498
103888,19950.95387874746
105921,18456.337359213252
99660,19951.554749445946
78579,19955.670629681284
87023,19951.040286356234
95879,19406.771259816396
100433,19976.4228293347
83011,19950.446034955417
103255,19951.154732635172
75978,19862.945033466676
102295,19950.936325075625
92099,19975.95420125001
80985,21321.562235659567
99556,19951.061712133982
97124,19951.055056794077
81386,19408.214570228873
92818,21322.30409525189
76413,19941.562702170315
99585,19951.359003263966
98093,19951.539819760077
87527,19950.183539128746
77911,19958.178422357323
85090,19951.560601131365
80843,19950.530267977414
107096,19950.955716505025
88042,19950.85262224874
83948,21322.701542676838
93242,19976.388025629003
83677,19950.348902079906
92864,19406.926534728278
100323,19951.371859592196
81042,19976.802859261366
89663,19950.910214137675
85381,19951.31002911191
96699,19951.181996759366
92422,19952.04875830027
96880,19951.724080424916
88530,19975.766181196443
81438,19953.79195155224
83484,19950.414422649308
83637,21322.2105634809
89092,19950.870129154722
93732,19406.933295248473
92925,21322.29212393832
105183,19951.121553740126
98369,19951.409634197826
100868,19951.12906829551
82430,19950.328196119786
97604,19951.079249674844
85474,19950.78353007078
90978,19976.272729262066
97258,21321.901735493248
106720,19001.23374300041
89418,19950.89505353763
83154,19950.313921639132
98671,19951.15460478156
105356,19951.374860091597
88880,19951.30623810184
84275,19950.832982832195
93184,19950.992218846724
99811,19951.579797842547
96995,19951.349439813373
89700,19950.87585816306
99390,20601.96806709823
100504,19975.984840779394
80427,19408.55455350471
105125,19951.117533892222
105652,19951.145441237288
82706,21321.62683617602
97831,20777.124147695435
79865,21322.618536909624
78586,20778.177382585392
85926,19950.730581064905
83961,19950.622697642437
96313,19951.212905798973
77556,21325.339874575857
108155,19951.47510653473
77590,19959.370735689306
90192,19951.113573365255
88094,19950.81446242194
86737,19951.035434012145
107509,19951.190093650424
96960,21322.26720568081
85495,19976.9767218162
80902,21321.559293943414
87998,19975.84334493234
93672,19976.527220826603
101245,19951.3700488237
85802,19952.482674332245
76378,19941.560613400954
92576,19976.282485180476
80096,19257.353277083246
103064,19951.13993454482
101782,19951.587396177318
84729,19950.920217702947
78010,19949.349933707155
76995,19943.85553736001
83407,19950.512975866364
86858,19950.255202100783
92623,19952.019675247033
107680,19951.230948068278
77324,19976.63110584804
92312,19951.15022677446
95266,19976.505013817652
86907,19950.771573974336
98403,19951.089058210735
77236,19981.67473037137
98098,19951.544675406032
100392,19951.130571280344
80696,19406.960498649052
100083,19951.13373088975
107500,19976.39444983949
98415,19951.371107244606
89111,19976.749478620004
97813,21321.881276444772
86818,19950.76301062296
76368,19934.434560449707
92461,19976.599269336806
79280,19951.176595947996
94481,20777.149832481795
85233,19950.650455345633
87051,19950.781717573132
97596,19951.508271800372
84911,19950.585992537777
84923,19950.97212236595
100105,19951.36853566012
100360,19951.124879148378
87548,19950.88351970755
106839,18431.486882803572
97625,19951.032388862088
87757,19975.841582264107
91686,20777.178982450576
98789,19951.578763130237
101190,19951.177669981604
88070,19950.414882923935
93252,19976.549682451976
99741,19951.592298385138
104820,19951.110405095085
88169,19950.822956732907
77198,19942.71920706442
93558,21322.294831021645
82381,20777.459813863676
99874,19951.20688071812
80727,21321.060322844525
93762,20777.165883878348
82928,19950.2028329064
82083,21322.854939291254
102681,19951.35662202544
84592,19949.763429121555
90373,21322.379499420418
100741,19951.12945617181
80833,19948.583687402675
91415,19976.65478537903
98086,20056.79871826287
88138,19950.811891302466
86387,19951.86233537787
95134,21321.930047627466
86392,19952.570639969956
91440,19951.716620218933
79877,19949.559163096663
85439,19950.966691054444
88629,19975.74411645369
90541,19950.97353480585
94365,21322.251499629318
105625,19951.866536298534
100340,21322.05794701583
78761,19949.07124720895
89066,19950.861657024405
92418,21321.890494195508
90530,19950.628052374857
91595,19952.242176966258
101516,19951.11813850639
93518,19976.289472060223
93676,19976.580364533642
77432,19952.94792315203
94585,19976.55844183789
96358,19951.04685669318
78159,19956.3844713029
93872,19406.51398286296
86968,19950.7666669989
76425,19962.126119596007
91431,19952.245081044413
79862,19978.012325419684
86839,19951.780828180254
100378,19951.342654503325
87028,19950.410336455334
81612,21321.646432901052
80822,21321.59374109505
79272,19954.812371361273
76037,20126.172963870715
94336,19951.118480979338
95900,21322.05612812676
89645,19950.889284384295
88068,19951.027969766372
78067,19952.51708404457
107703,19951.170329379427
106822,19950.957565652363
82155,19950.662947601988
91564,21322.357581220473
107241,19406.634560087914
79829,21323.348150482765
82574,19949.288595604165
93529,21322.29452064863
86196,19407.209272470278
88887,19951.052335485103
103822,19951.375042509047
97431,19976.52715684032
80655,19951.19141260846
104352,19951.0158462663
95983,21322.10808370277
90231,19950.52841677456
91426,19952.228128738894
96804,21322.063628981232
91789,19976.5683354831
91063,21322.109231159553
95672,19976.53935152004
89669,19951.31410686555
105177,21322.121353861825
83317,19950.252422758243
86083,19951.294049028555
98558,19951.09335880498
98497,19951.425774457035
107910,19951.116598133398
101650,19951.374138701547
98157,19951.524250320435
99234,19951.563147279725
91943,19952.180445138663
99237,19951.0930409983
86413,19951.02854480529
85589,19950.60708649345
83028,19950.41300161722
84633,19952.540912695913
76000,19843.96595537102
100519,19951.1176448568
86940,19950.856022058488
93162,19952.15164891775
98061,19951.036087400003
99205,20056.81368572457
86507,19950.583892524774
91613,21322.330876729702
85308,19950.766705881746
105270,21322.061076616275
90212,19950.829514145422
94127,19951.150886034644
99422,19951.590641246614
105583,19951.099160875256
81264,19953.440427558486
96205,19951.053881931497
105242,21322.07308258015
91770,19976.624669320834
101725,19951.375228026227
108296,19951.51644674995
82556,19950.336618545254
93282,19406.881523088217
90749,21322.336737133344
101708,19951.148771666434
98952,20056.79859738754
84008,19950.4694317838
104420,21322.05733500009
96406,19950.720788786155
83723,19951.60032655333
97143,19952.034741975403
97025,21321.884095003894
81322,21323.05309462898
102314,19951.013443187618
79427,19949.665987819222
107605,21321.846633904835
87036,19950.758123607462
91115,21322.40305640402
107095,21321.944873214063
86726,19950.308528035283
89311,19975.82343503508
85612,19950.036769442606
78297,18999.9111904414
87140,19951.014015629815
99815,19951.364964549233
99814,19975.975718580314
79285,21322.54496048919
100846,19951.217487930848
83155,19975.47002941549
94858,21322.28658189814
85781,19950.950545660864
92914,19976.606179193914
98443,19951.621376580777
92134,20776.993005332217
102425,19951.14499687911
100338,19951.07274074759
75995,20130.21035344372
96586,19950.999282528013
76467,19924.43407888358
79386,21323.501029391537
87549,19950.682539397578
79953,19975.05793408192
85516,19950.911636681394
102251,19951.460847827857
86747,19950.775453503193
96255,19950.848851833667
102580,19951.12241828358
97573,21321.86265496056
92803,20777.182657450823
103185,19951.232971064943
93477,19406.94945759672
90488,19951.680367385186
103256,19951.556575428134
98259,19951.093331059867
79168,19949.537735647165
101416,20752.19487752132
84088,19950.538077399968
105807,19951.485521532155
107132,20056.64667625155
101505,19951.460406902428
96102,19951.05080421667
80342,21321.63043297735
83221,19949.941097113464
87186,19951.542897989602
89162,19951.307474205558
100282,19951.114384183038
95292,19952.052180003266
95878,21322.108842998932
81326,19975.343744037047
88518,19950.484271924557
108243,19951.698624554458
108026,19950.9696218519
96751,19976.33098257063
90571,19975.816657370884
76767,20780.491138629663
87910,19407.013991268523
108470,19951.10198355261
82634,19950.165998665667
92666,21322.30862817872
96690,19951.07770011593
102493,19951.199035201073
99491,19951.587649070567
94959,19406.83969059931
79015,21321.463255196817
93400,19951.149372611093
90577,19952.07766612516
83608,19950.316429472725
101527,19951.173401887812
99227,19951.10646573828
105333,19976.006216984537
98720,21321.876904350243
83359,19950.57134851527
95498,19976.19332221845
101019,19951.369033520896
86045,19950.763176843775
87546,19950.987098319565
87526,19950.80319899443
83304,19950.503245843778
81244,19976.873940226626
76248,21314.905603146537
90107,19951.333224933034
82584,19949.28424264058
97783,19951.40137715103
79048,19975.964800858932
94531,19976.505734383172
83872,19950.81134199021
95726,21321.889360703888
107362,19950.94883020946
88562,19950.92814057218
105680,19951.041901811175
77859,19947.210394150028
82802,19950.283506293716
100220,19951.10814123253
80149,19952.62621553244
78826,19949.776913549977
92081,19951.68707335265
90008,21322.14379738693
86319,19951.793666804973
93624,21322.068571066433
92325,21322.33003010882
87857,19951.330114106786
84996,19950.593604284244
105536,19951.111748359235
86209,19951.4409797417
96095,21322.089795158463
78426,21321.130627561688
80287,19977.81214128484
98154,19950.88178233212
84049,21322.159374652267
99005,19951.568308324615
101228,19951.115518954542
79488,21321.515650268644
95378,21322.08567047603
81740,19407.96464089519
101394,19951.163910281903
102736,19951.15563826348
75993,20182.922076141618
102322,19951.133032666025
106248,19406.187379616036
94377,19952.094417313732
102281,19951.095911279048
99028,19951.093909834977
88725,19950.836436607835
101290,19951.098927075338
101436,19951.46275283816
107395,19951.072312328568
83696,19951.920456332507
87319,19950.849592963117
77845,19948.571420816876
94163,19950.82692033848
89778,19951.68870690832
81251,19975.09866811083
88855,19950.498247362986
99680,19951.106953182087
94593,19952.055280459303
79028,21321.57826458633
100784,19951.109204733566
90856,19407.071229359175
76836,19953.426166961526
105944,19951.347055604823
76844,19409.742663847683
85377,19975.57200273996
102613,19951.379097685654
105832,21321.94083896041
105173,21321.857335554778
107270,19951.108513084822
104605,20776.89250649083
93776,19976.587554288166
98145,19951.08652529034
105384,19950.938524421148
83797,19950.49610002803
78439,19948.06649544242
84850,19950.990889188848
81348,19952.187337054238
81586,19977.538646812136
97554,19951.067769211215
96691,19951.010100224797
100073,19951.461351547965
89195,19950.855814193856
95919,19976.539402134647
78872,19947.303084198116
91100,19976.644567691164
80008,19977.58019363323
89155,19951.04283104011
79002,19949.176142897126
80103,20777.77052238474
95722,21321.89553948654
92248,19952.216690067817
104759,19951.121949949727
101435,19951.37032053063
95367,19952.042615662947
93611,21322.110988565364
95610,21322.261588846937
87950,19950.833380705997
78095,21320.828584611398
78646,19949.824737825413
82091,20777.50908534481
103774,19951.371053621762
102660,19975.971074614296
92256,21322.33000412652
102733,19951.38188277514
95698,19406.60068646208
103008,19951.145853282902
76310,19965.822992201498
102230,19951.155726755285
108434,19951.140946659347
103325,19975.96825104786
89871,19951.719927428047
84888,19951.4745736375
94838,19976.227818969543
83744,19950.51097841033
89112,19951.00534421915
102043,19951.141548156225
105254,19951.064132332045
77814,21320.592977139353
92390,19406.965776179088
106879,21321.88710209374
77049,19945.519538012093
84476,19950.57769904206
81372,21322.891913215557
90236,19950.45885275263
92132,19976.59924889443
92240,21322.30270609389
95286,19976.539641168332
101750,19951.152550340794
88817,19951.322720487377
81131,19952.73329936384
84244,19950.575842801267
100801,19951.130228517173
95844,19406.85857224033
83870,19976.552595624027
88723,19950.870636972242
81243,19408.23058981362
100385,19951.20474512571
104717,19951.299275690475
91235,19406.989118106256
96520,19951.062824095905
93381,19976.628702584523
80691,19954.13270314723
92000,21322.32226122522
107035,21322.17036169776
102138,19951.144704931543
84605,19950.560451744383
79297,21323.60601714336
106336,21321.883151717113
94253,21322.299053328417
79716,21321.453961205716
83444,19950.447984494975
106618,19406.209084143447
96175,19951.090708505002
103007,19951.1583149893
83413,19950.060308912114
87204,19950.802566839408
102288,19951.22176894755
80637,21321.676471624196
102156,19950.960515354654
99444,19951.04208455511
88292,19950.864270196176
88382,19976.761658641997
83149,19951.24070146763
96173,19976.484255905503
104005,19976.39917086389
78097,19948.09321897947
79949,20777.746295463563
93089,19976.628431450023
86142,19950.692890649098
79736,19948.460486457214
76052,19939.96455054336
80534,19407.023698655095
86998,19976.825359075356
92690,19976.59653022494
88656,19950.83599698454
94395,21322.06133873041
98447,19951.043093398872
97701,19951.377878698295
92140,19976.617088074254
100562,19951.082296693374
90947,19976.634962841414
101174,19951.121751998628
82150,21322.313727171702
82220,19976.144341685096
99327,19951.035508354988
98695,19951.224839001286
81373,19977.44326294765
92571,19975.818726386093
99568,19951.10842469503
80774,19977.70307147821
88548,19950.89199714727
89214,19951.093308024014
104968,19951.16950909826
76079,21296.940142805874
106643,19976.326088542242
98760,19951.284894688233
79377,19409.08852712105
92075,19976.63785329932
83689,19951.2521804944
89321,19950.85083518468
101772,19951.137117058915
82498,19950.379433689293
100293,19951.66694695329
82360,19951.272520075603
98921,19951.52381419693
78949,21322.70885904564
77501,21320.406842327564
93322,21322.294489610416
85827,19950.133236670037
76428,19967.615570936632
105249,19951.861792425116
93940,19952.061509718544
85259,19950.69734776532
95570,21322.29456218947
87993,19950.753479410978
99558,19951.104196323522
91277,19976.672587392804
93825,19406.93265836885
107121,19976.43744349833
104959,19976.095673845342
96364,19951.339569109663
106601,19951.51213820363
106375,19976.38039634856
79619,19974.703551137576
76473,19927.030510498513
88184,19950.847216812643
92530,21322.06722606142
100669,19951.366689799623
97656,19951.21390120498
78071,19956.610358538706
89316,19950.892558812935
95061,21322.057901806304
86189,19951.305753268953
89553,19950.94658844229
93106,19951.343957975634
92968,19950.998431974764
84025,19950.620176127508
107972,19950.88439435447
100646,19950.85192717114
94107,19976.618685515496
93865,19975.89807907194
96199,19951.6287636912
107397,21321.82968539665
100882,19951.142374155916
104739,19951.35788800535
85360,19951.332480706384
85630,19951.002561312085
91862,21321.900357926366
107207,19976.401759855493
97162,19950.84939013767
80025,21321.544494977996
102082,19951.376771568637
85267,19950.622595194767
101929,19951.159187384896
101500,19951.160298368046
79709,20777.734940729842
93972,19951.105740499643
103035,19951.579446292537
99214,19951.160381319987
90020,19976.649495259127
93078,19951.694544705846
91474,19976.656417507693
104931,19951.093146205785
78728,19978.79580257385
79185,19974.841657922563
103871,19950.912599914947
91303,19976.42744851957
103205,19951.4576052374
102796,19951.568589942846
84381,19950.67097530844
80694,19950.07477155162
88412,19951.792687144538
87437,19975.727347846627
81938,21322.291325389204
87557,19950.273105503606
84227,19951.308575434454
94972,19406.923351520447
101329,19951.443063643375
80069,21322.402046369152
82432,19950.438989587605
103399,19951.158255469578
77538,19951.37688600866
83684,20056.96806987977
101430,19951.084446006254
104322,19976.433814957854
106856,19951.280498924796
83084,19950.467283663096
102179,19951.159013122928
91752,21322.08992024239
102244,19951.138888065583
100903,19975.954618801203
87128,19951.319503525876
104654,21322.06794600382
98265,19951.064872630748
101764,19950.957728734134
77753,19950.066893848285
93483,21322.30962066765
85586,19950.54465844851
83436,19950.697372831797
80395,19949.858016720307
78652,19976.72707402402
92985,19951.08909923237
87343,19951.00367408932
94390,21322.28003624177
94485,19976.588117324616
79564,19978.000348391135
106104,19976.432563359504
84557,21321.69440345328
105524,19951.722367196868
96622,19951.646486364505
85389,19950.673372914505
78029,19979.92843500304
107904,20776.979325714005
80526,21321.69684286316
102233,19951.19273590911
86058,19975.68495298703
76614,19968.400374966113
81334,19953.231626542507
95043,19976.562968909635
80400,19408.296307953427
100114,21321.89887742376
92049,21322.089096004256
104070,19951.326102447365
95487,19950.80893441956
80402,19977.7054661108
102682,19951.147312347595
79747,19950.088442595774
97331,19951.863550861744
92573,21322.304165402606
81827,19952.225092943987
99721,19951.042845595442
87560,19951.554849374606
101447,19951.154106964816
89027,19975.85691173181
100905,19951.14154896412
86467,19950.97724419962
90523,19950.931895318117
77588,19954.565595584754
79946,21323.362303972317
94096,20777.165183969777
106481,19951.096217802682
100694,19951.363247638325
91176,19976.708262583423
106878,19951.13428622378
99871,19951.116582478033
77534,19972.506715192754
102006,19976.317225811737
93356,21322.065082563964
85788,19950.686678284612
97108,19951.62683259956
93129,19951.162309874548
95168,21322.1008751396
96578,19951.165694006322
79570,19950.198638492493
96604,19951.368492281523
76367,19936.781679845935
105065,19951.028683900207
90635,19951.35022861208
107221,20777.095302502858
80375,20776.886423733726
94421,21322.086121493085
104009,19951.104493435527
84804,19975.752522028823
92074,19952.03022242484
103678,19950.98596379469
102350,19951.375422732228
81690,19950.34906143039
101817,21321.927422946545
108275,21321.93888018867
78030,19000.027191798352
91570,19952.059692438994
96746,19951.056395975374
89748,19951.530262148786
107889,19951.38138104194
88402,19951.502575904928
107789,21321.993386769755
108061,19976.41766116106
105143,19976.35233151588
107488,19951.382963714033
100812,19951.585956996587
97830,19951.359468908835
100664,19951.370037542278
80071,21323.324759412466
104550,20776.98050467665
99466,19951.357337548445
93777,19951.177472493244
108105,19951.12073601141
90322,19951.112030589964
101860,19951.350429644182
104129,19001.219120993264
77381,19976.86127518198
76946,21324.163976297303
91556,19976.27207339407
87190,19951.023913523404
107647,19951.387249085103
84177,19950.867401052805
93266,19976.613820200775
107341,19951.34486941205
92693,21321.87365987481
101292,19951.130509311562
79651,19978.00673713242
81654,20777.48737049651
89688,19950.988907810588
107423,19951.33417117881
86626,19950.77192884303
101633,19951.38192997764
83827,19950.409692781526
106678,20777.09374655433
93756,19952.14519425412
84185,19951.376901295927
94867,19951.5840206381
101062,19951.15187826565
76567,21325.465261174933
80522,19977.706271492876
101932,19951.12954889088
86016,19950.962970266813
98609,19951.221596621235
84081,19950.432376168214
78446,19948.064804733203
82074,19976.010813012792
108374,19951.72220817661
77895,19956.759003587318
93416,19976.587341351707
89357,19950.997358656623
106786,19951.372333212777
102766,19951.2405133372
82233,19950.279076746545
84115,19949.830803022272
98073,19951.548295071927
106198,19951.036389925266
100335,19951.45831466673
82169,19975.565287118996
101191,19951.144594508365
94584,19976.245567279046
81980,19950.778687843464
93574,19406.978826219183
76934,21324.191127863905
104181,19951.37658065787
85205,19951.256952733154
101304,19951.13175140277
77927,21324.997223974446
82028,19953.53929160473
87191,19950.883038303968
77713,19946.951426686574
100414,19951.075318137075
94287,19951.960882144325
97941,19951.044700027756
93702,21322.28983807632
91433,19952.074878811196
92420,19406.926320620245
88433,19951.502080409748
91656,19976.67752001558
94313,19952.11685178166
91218,19406.578599825818
104418,19406.61740331351
86375,19950.91472975528
97556,19951.09383983068
94514,21322.115977792408
79165,19954.753978260647
81780,19977.36049572422
105424,19951.20491429194
77427,21320.35681043612
78626,21320.971261800983
85465,19950.692587784055
87616,19950.79208324307
101667,19951.367736830587
84226,19950.57839350975
104737,19951.11595533019
95041,21322.29908372367
84070,19951.932596913874
79071,20057.288319775293
98688,19951.096220787374
91104,21321.697713242884
95301,19951.059637930663
82795,19950.15293998558
76606,19966.927944249117
94708,21321.89927002521
82934,19949.50844289914
101243,19951.06861241061
94629,21322.27503841997
88235,19950.898443210695
78913,21323.91651822848
94480,19976.593825665554
77005,19944.982792647043
95511,21322.27584117985
88879,19950.87860086578
78396,19946.76847475033
99977,19951.369601314873
87602,19951.48379502312
105439,19951.3996615998
91094,19976.402435649503
103575,19975.971857091972
102840,19951.1318603913
105367,19951.09015363679
91884,21322.29369617327
84572,19950.572491658128
96544,19950.99908645484
94082,19951.67761294998
95510,19976.159474274475
85718,19950.652761034733
92527,19406.967211735904
78855,19978.081824765333
107521,19976.37757372742
98876,19951.042233003078
98440,21321.914193804012
98714,19951.10554355433
100643,19951.221499508287
89570,19950.782880935418
94168,21321.901491777833
93299,21322.093618888855
96033,19952.052335535773
93742,19976.256908734136
89946,19951.107008326606
107741,19951.503223932206
77268,19951.63077639084
84848,21321.716611406417
92323,19952.179014766716
82181,19953.21350263339
102252,19950.951193647463
100240,19951.373999394516
90422,19976.641729356492
103145,19951.543050194487
83333,19950.359524935262
97103,19976.56370801991
107379,21322.132493704805
94694,21322.287503904845
97339,19976.55788727251
93104,21322.31535332926
88194,19950.73989700815
81954,21321.676288014118
96391,19976.51677539811
76563,19928.90837909203
97630,21321.89627975036
80201,21321.599953484223
87854,19950.835661927555
102312,19951.13859537211
93848,21322.074062077136
82542,19952.004708172735
102300,19951.37030787793
97229,19951.34096785125
98907,19951.437894105537
81238,19950.595123871375
101377,19951.181486146237
79109,19949.223197064544
88044,19950.703253978125
91950,21322.122045766966
103403,19951.33727170092
87611,19950.797665024038
98169,20776.983421222016
84352,19950.589831433568
91787,19406.93763527313
85668,19950.313054085826
91287,19951.123621193383
80289,19977.81046431009
80647,21322.32826687203
90612,19952.32635049663
84941,19950.657038743408
85955,19950.659532030797
95019,19951.074525190103
92685,20777.180652849016
87156,19950.76465591759
98300,19951.38677551975
80737,19977.705122248113
92849,21321.859243623196
87490,19951.028479760607
106168,21321.902604445375
87014,19950.845653226435
95822,19976.47040945474
76797,20776.17223374199
88416,19951.060431248774
99974,19951.38334966589
79248,19948.046820963118
93969,21322.13678020655
104746,19976.39336122847
101092,19951.821577405695
104076,19951.280772436156
99087,19951.098716644745
93808,19976.605060833426
80849,21321.70023715818
93870,21322.309671479597
97218,19951.02993935694
85690,19950.70511307683
82581,19950.819289618674
81062,19950.097671658783
98925,19951.13019370197
98116,19951.082309807945
78229,20778.22377909504
77717,19947.68477486435
92227,19952.012907758013
97525,21321.885733369803
92015,19976.584327100965
93168,20777.173440710212
76841,20780.634923403646
94920,19976.559333222638
95188,19976.54925114247
91909,19952.227990608113
104631,19951.16616228237
91186,19407.027092620883
100465,19951.37171758688
79253,19409.227413523036
97133,19951.062132369632
84758,19950.731131019973
83113,19949.806612609733
92012,19951.728692517863
97730,19951.086321869883
89579,19951.381493160316
89670,19975.7863090618
98105,19951.10574861158
79497,19951.243399742747
85954,19950.73614597183
90314,19950.827816254132
81052,19950.337512015936
78531,19948.749264466624
97791,21322.05831492708
77746,21324.75663604137
105318,21322.0254697072
96956,19975.91733578327
84493,19951.31258134453
102164,19951.13536358412
84640,19951.538503088526
83292,19951.236890302927
80446,19977.73812876719
106883,21322.034290992622
96822,19951.340581811033
99282,19951.102844111563
94359,19406.892050904313
105084,19951.62892129115
85908,19950.70520064435
106431,19406.21891674853
97313,21322.06600092687
101268,19951.118272550717
77989,19979.585312406867
87682,19951.36133931912
106611,21321.88811438779
107890,19951.10986509544
79578,19977.11287489496
92372,19952.207441550203
93915,19976.585927481425
85425,19950.183621070737
80577,19950.059740425233
87561,19950.843212662203
82120,20777.392088170407
91633,19976.62873150712
96970,19951.024546489396
103356,19951.154791888315
89416,19951.055903373093
101155,19951.13658635794
104222,19951.766595355923
76104,19903.51053484675
108362,19951.375301976695
80616,21322.518535404324
98659,19951.077321412125
76470,19972.79176051655
86501,19950.918755542873
103166,19951.16330886267
80799,19977.657988945804
103699,19951.16077552378
97005,19951.848252321608
89375,19950.865741595157
89434,19950.86606480163
103114,19951.428613613105
99021,19951.848381671378
85368,19950.528167871347
98207,19951.416969396552
88420,19950.834807410924
86225,19951.683517209454
107761,21322.187307534776
83146,19951.263405634054
97834,19951.032873449247
95729,21322.261146110992
95480,21322.12207850794
76736,19957.3390002075
103683,19951.36748626209
96410,19951.84296610236
101570,19951.13542527852
81039,19407.07482186778
82813,19950.853339637517
88704,19951.490079271873
77926,19949.25977375535
89560,19976.669793235083
98902,19951.290269849153
105164,19951.814267401052
108109,19951.149833285403
84480,19950.5681737286
98239,19951.10170398919
82385,21322.80192906941
91637,19952.109575778228
85732,19950.570363297626
90790,19950.459154911427
90251,19950.484545711013
101246,19950.897728905216
92962,19976.612287297376
75988,20179.972599006003
106880,19951.29174001838
89844,20777.18942814462
79925,19977.732656108023
76282,19996.095652057975
85648,19950.56848435706
95507,19976.54219303013
96605,19951.391212263978
90201,19950.61347152859
93506,21322.306419974993
78490,21321.079931063105
106831,21322.051136960545
78101,19948.691733878983
93059,21321.9052722961
106820,19951.10356117511
80839,19950.09191362142
76695,19956.861686534667
107678,19951.15308173198
77084,19941.444737473295
107856,20776.982527737047
104446,21322.13662564842
93306,19951.170926433053
76610,21325.678422944424
94451,20777.157359640863
96510,19976.503823371608
84861,19952.549580609342
85787,21322.198487598645
78201,19974.510090524473
83353,19950.489569981775
106485,19406.429285422837
98115,19406.598932831574
83852,19950.871107374747
91320,19976.652658316918
92427,19951.689978625094
83851,19950.532712053777
92011,19406.838646751974
96043,19951.001588590203
93535,19951.359670073572
80183,19977.85545667123
99075,19951.21185293781
107932,19976.030999402134
98968,19951.38826466387
83350,19950.50042356632
77983,19979.717226081655
104722,19951.375056672205
101213,19951.15799774154
99670,19951.06922588273
86163,19976.851993242144
107969,18456.336347167377
77875,19979.594921493488
86254,19950.31774193998
106709,19951.215242951657
79732,21323.40500682869
107841,19950.935512514156
82222,19407.84833937937
82020,20777.507680329956
78930,19951.447054003223
93446,19976.58959207958
82880,20776.922505826846
85724,19950.64570890365
97629,19951.910765245313
106635,20752.360350279618
94103,19406.82543186011
83051,19951.451601926354
85087,19950.611137642783
76917,19414.02826247284
95037,19976.57237369231
99867,19951.356511658978
107425,19951.789800383747
85753,19950.725234480113
95099,19976.55349986673
81950,21321.596722933235
87493,19975.751932319796
84035,19950.53631828965
98743,19951.111276892694
84532,19950.57717638903
106827,20776.973769739176
100006,19951.11971867015
108013,21321.954602816575
102898,19951.358364714222
93509,19976.368618679193
89759,19951.332823439967
78191,19953.65088980328
80286,19950.04011075486
105908,19406.68172246825
85325,19950.63470831603
86177,19951.82071383714
86780,19951.312208821106
82738,19950.31998369849
78918,19952.086544337853
79161,21323.825803793832
84004,19950.51449230389
92541,19976.62856076228
86047,19950.727475025415
106538,19951.15050165983
96648,19976.256065428566
101018,19951.132438698096
97019,21321.875906100235
105288,19951.2292468589
103441,19951.15945004126
84757,19951.289822245104
107069,19951.117564759366
108356,21321.958835372323
84436,19950.566030019374
79898,19951.285278860316
84703,19951.57637740349
101219,19951.379958789024
99858,19951.53975221511
77333,19411.909176155863
81923,19406.850558711543
85116,19951.273153385213
106149,19951.159660024376
91228,21322.30787664466
91512,19976.59419966841
80878,19951.273360286814
91229,21322.097989901227
99181,19951.055196470097
97944,19951.218537104058
78314,19947.971718602344
103087,19951.141363694343
98170,19951.528228239546
86475,19950.082345555933
76501,19954.36203836893
87632,19952.276588673634
78342,19954.13889085122
99723,19951.368319052795
87620,19951.31378449733
108111,21321.94728349487
89385,19950.8600049079
78604,19974.178758459337
87199,19951.30146673455
106661,19951.058846177864
98162,19976.311381230345
95522,19406.796566051227
76276,19966.49435514355
80135,19950.54023622261
98199,19951.07068608942
97771,19951.130477632814
80509,21322.53834209097
80570,19953.849458086886
102070,19951.233009368087
87513,20777.238960751252
92822,19950.99639499911
85443,19950.799202033417
107258,19976.346330180506
90876,19950.990162205107
105021,19951.742788877484
106246,21321.87654824703
102213,19951.376340856084
102502,19951.379850862584
97859,21321.86797651538
90858,19975.939116374546
103900,19976.294985566543
101159,19951.1067648567
79882,19974.749275616174
107307,19951.248288603863
91892,19976.395038567534
77992,19977.58159971979
103300,19950.998628273454
76540,21318.76829668487
103225,19951.408096983207
93202,19951.93321857459
106035,19950.932621673775
80459,21322.292819601415
90377,19951.078354790152
94302,19951.355393470545
107598,19951.251451693755
97476,19406.855374813666
96871,19951.18418069528
78543,19407.457789959124
89215,19950.853028697537
87251,19951.307540857568
94113,19976.54670773239
89499,19950.874105048897
104785,19951.337197217363
87775,19950.902124059627
91882,21322.338477158213
79256,19978.45542402175
100717,19951.12611051103
104470,19951.12370711716
98732,19951.096797430684
82547,19949.63899829775
83776,19975.586335726428
106546,19951.18847356247
88539,19950.885950281187
83929,19952.653700150513
96026,19951.04469076942
104011,19976.30759733989
76131,19950.20948209473
91826,19976.657269834057
103999,19951.72903755411
82675,19951.628358364113
94439,19976.5570623172
96307,19950.857008905987
78033,19946.597149516598
76854,19970.19603910177
90036,19950.88118174633
103891,19951.234867981897
101263,19951.36139741219
91712,21322.31066522576
80856,19408.24445262149
95058,19951.190650426477
82735,21321.589076269178
82588,19951.47743006533
80775,19953.748684382495
104524,19406.191102441626
98431,19951.349809547555
82272,19952.52156425987
80152,19950.43176739727
99115,19951.11592452523
91591,21321.86746086345
84573,19951.55205193523
96777,19951.05852080944
95331,19406.82928745265
87492,19951.293567305987
78031,19979.329945872814
102367,19951.577151559934
105139,21321.873386613155
101793,19951.132381000658
82312,21321.710989546777
90663,19975.80084007438
97827,19951.120352746464
85812,19950.684878623466
93839,19976.576118272034
92711,19406.898695399384
90705,19976.62638819719
105089,19951.33765618317
97946,19951.540321461882
89744,19951.103712510383
91047,21322.1081675953
101166,19951.367605640335
101641,19951.20528335638
96865,19951.35702787644
76615,19939.304191280244
107736,19976.381645491318
101285,19951.37415255293
87016,19950.770608585448
99919,19951.138826914146
99314,19951.570854640577
80754,21322.489370224295
94215,19976.595865662035
82552,19950.38197212469
79696,21323.3751069901
87903,19950.828827905625
77373,19947.043022628026
76494,19959.174489277866
80003,21322.38259836096
89000,19950.837075702082
93128,21322.301712411332
107992,19976.023741315803
89029,19951.075185568603
105461,19951.32530437821
95945,19950.922542049117
103106,19951.23200001122
96246,19952.048625203344
90428,19950.90425835842
88909,19976.307157565712
85222,19950.89348643893
106888,19951.36776335756
103117,19951.091011348755
93022,19976.607828830514
103375,19975.981076078107
93229,19976.596908369644
85603,19950.669086633974
89869,19951.055222958545
102338,19951.58564176719
82631,19950.347719960508
102687,21321.90811371553
82001,21321.584960450808
80204,19953.969565555504
76279,19986.549454581727
104066,19951.458683619898
85918,19950.560066457852
101590,19951.149546339933
95375,19951.646646806035
77897,19947.320755720633
95209,21322.243329165594
95921,19976.51294997181
105769,19951.167966127203
97833,21322.23728037531
106557,19976.423170139435
80274,19977.64445637501
91786,19406.97870853986
85350,19951.253342263815
96217,19951.366014113
86429,19950.799332242143
76233,19956.519617458787
98782,19001.21708048594
77064,19945.027984927285
82904,19976.695735897916
101384,19951.385520411586
103541,19951.12831258565
99625,19951.116296716493
89436,19951.721626263097
92889,19976.570870854317
78390,21324.29211646425
80649,20777.116065265378
78894,19949.173726272475
100312,19951.463146066253
78222,19952.242754752373
91392,19976.656134862784
81452,19976.7848237359
97819,19951.0667468711
105008,19951.119284143962
94993,21322.267002938108
85430,19950.625524262552
94075,21322.107649351576
81246,19977.44865260011
78432,19951.218552501567
89458,19976.655384785005
86520,19950.813018739107
84594,19950.755082807424
87131,19975.70824438196
103493,19951.375665317257
95302,19976.530804887607
105156,19976.33810755492
101489,19951.084377972285
105619,19950.995630155943
81460,19950.70982670549
79311,19949.778225569025
107401,19976.581204613965
106068,19951.262458797395
82033,21322.27930779384
93749,19951.197206392553
80321,21323.187169862373
103609,19951.37489653523
83443,19950.29314581535
79664,19978.038054011868
91263,19407.021330485866
80368,21321.55419625834
82178,19977.264155560995
77812,21320.81818872109
88159,19951.045690615072
107356,19951.140665164694
79312,19409.245409109175
81185,21321.634184286002
103927,19951.167338358162
92977,19951.991972877888
94013,19976.582079532483
78601,19948.823565981842
103250,19951.149575305415
90673,19950.94322021511
92757,21322.070855593633
86876,19950.91804108723
99148,19951.10299298002
77972,19973.434172114903
79854,19949.44985829575
97128,19951.100801230776
108059,19951.17643243601
105613,19951.13084873369
94727,19976.554378117307
104783,19951.108025120193
89446,19952.132640118827
107306,19951.28705532183
94890,21322.070286488844
94080,19975.86874274175
81720,19408.06548795462
105157,19951.29090468125
79438,21322.61425031702
95275,19976.51181417326
86870,19951.27520967439
86336,19951.283167055528
95031,21322.270624389905
76727,19985.86987205149
76416,19956.600212771857
95523,21322.259529312498
76945,19977.762920013156
92733,19951.669835998764
87625,19951.330818592593
105282,21322.001141309767
76798,19944.279650146862
93061,19951.676559204676
99449,19950.81144726858
88177,19975.82678976587
89115,19951.06317253332
97192,19951.06839554462
90003,19975.80379360639
99544,19951.556206032343
95661,21322.060324517028
86502,19950.841168890667
92299,19976.66061217243
92164,19976.621479290177
79415,19950.193640157297
82793,21321.614849091
96761,19951.200407547796
95372,19406.84423948249
78310,19949.69659614389
84611,19951.23563574162
79039,19974.365923685153
83955,19950.549915502583
103422,19951.157787120414
98290,19951.378843517166
89786,19976.2657152797
88966,19951.14661136488
91692,19975.834635371473
99720,19951.107538904536
92291,19976.646612795634
104283,19951.0976721552
77907,19958.385185294173
80667,19951.791902829376
83714,19950.497500921643
81499,21322.933581330286
102870,19951.374549140703
84245,19950.94095975195
96709,19951.145392434937
96985,19951.348963590488
79739,19951.685428183333
101167,19951.135273066375
101412,19951.42506534
97207,19976.319895470133
77022,19978.727554322715
97267,19951.503193087014
89310,19975.969908519062
88525,19950.567633779137
100951,21322.04535591165
105401,19950.903553376196
89558,19975.90263878262
97593,19976.506301256595
91993,19951.476688203813
99362,19951.379413540144
86021,19950.687049899465
80590,21322.50511341318
76881,19979.56902832993
97173,21321.874314698038
100208,19951.599380731914
106111,19951.21855533897
94771,19406.88698143101
86006,19950.70329170373
83246,19950.461196543016
81624,19407.96668563717
97158,21321.86051975035
90839,19950.470899441854
76730,19940.86660115125
95912,21322.06148904699
98742,19951.54148961583
85366,19950.65097871685
88971,19950.8385433298
91073,19976.4380732196
84276,19950.730079129804
93643,19952.108213860265
77674,19980.299456016768
107054,19951.146931219886
76029,19755.286847106734
76703,19957.270211373074
76951,21324.315671384582
92952,21322.301113520938
101165,19951.380000419023
83703,19951.261532948134
102514,19951.157852861677
84274,19950.91678055621
80933,19950.393106252428
89802,19951.340997799176
95459,21322.275903150246
88242,19950.750154740068
80337,19976.434900422013
96758,19951.371990398162
81706,19977.339401064433
92861,21322.283651548263
97057,19951.135411724594
90369,19950.921849987644
77587,19976.14777577532
92265,19976.621668671294
91500,19407.03461450802
105511,19951.74845793511
90137,19950.900888193606
78339,21322.49519001263
90208,19951.41490543844
101548,21321.896536957
79969,21323.362542771065
83047,19975.35547720161
106469,19951.132966649653
83513,19950.48287189444
79652,19950.165666244102
93970,19976.576564828105
95655,19406.89858665756
93966,19976.18103158512
103174,19951.371746755416
92732,19952.04839584813
104052,19951.33076607604
104427,19976.311735526826
81504,21322.961575161342
85835,19950.70122477064
85265,19950.62939572961
88872,19950.841859083266
81581,19953.027650147254
87525,19951.29394694732
95242,19951.147956325258
84066,19975.470500571435
91130,19952.29309056039
103798,20776.991472641108
79777,19949.871956428535
96975,19951.351508380234
98657,19951.053773738317
89241,19950.891432339635
94846,21322.24340712295
100346,19951.07329324034
102570,19951.147239627535
86462,19950.73198415338
97934,19951.54831185112
96947,19951.023709632907
83667,19950.369754916104
84928,19950.874550350134
107956,19951.139826534883
98949,19951.533795515894
90998,19976.542518466293
97708,19951.07580806016
95416,21322.26580934729
78313,19952.037611855445
78886,19955.037732129655
104031,21322.02744142867
105160,21321.957727428293
103659,19951.168132728515
82200,20777.49971741856
90814,19950.86136899556
85367,19950.66154938501
83180,21321.58415795305
106202,19951.291094671746
78450,19977.525801455784
99063,19951.099980647556
83877,19950.467829197434
103411,19951.14930499366
108533,19951.36858844831
98123,19951.527139792095
106850,19951.056663248688
100148,19951.120207785247
83012,19950.36991644452
82410,19950.301301050764
81994,19975.314169313333
77099,19977.35786763687
83281,19950.638939105887
94288,19976.27555037403
103702,19951.10597382255
105076,19951.16786257401
77642,19973.658586666075
107183,20752.24324523064
106615,19951.279543216962
84149,19975.630399019326
76911,21323.313122109757
104162,19950.868772400296
102563,19951.380223345368
98356,19951.40925516756
90601,21321.8432151473
86307,19975.768898167815
83892,19950.52700657566
86128,19950.728312046573
92836,19975.89905945139
77569,21323.3049124398
108327,19951.363160168843
101953,19951.801681168145
105792,19976.421961921216
97726,19951.207846077876
86652,19950.75785403816
84446,19950.546695655332
96826,19951.461017272486
95460,19976.51868264217
86352,19950.76167683522
106793,19951.15147017208
87778,19950.427497465244
99950,19951.11434191756
104088,19406.66573682236
92232,19406.624903877146
94143,19976.508327598032
87874,19950.801326682504
83793,19950.50375779871
108182,19951.315213571863
102804,19950.943717406506
97509,19951.474088510462
96468,19951.156485278232
85388,19950.946458525254
76856,19957.208084763748
106114,21322.196910723284
92900,19952.181670577367
84771,19950.509470839825
87714,19950.85252432075
80892,19977.56648099045
91592,21322.330586083182
102842,19951.151057345527
107139,21321.93583607208
94334,19950.870878863614
86768,19951.762323754727
103414,20777.004029703912
92179,21321.8616147142
106474,19976.316867468155
86309,19950.620275886253
91109,19407.00613052859
78133,19979.3524283121
76963,19941.425088341257
101391,19951.139638089764
107342,19951.099999928443
105184,21321.964539206536
104693,19951.74191301704
89673,19951.353350109453
103903,19951.153387876104
88947,19950.95056104457
87569,19976.787945367392
76483,21332.56837460969
86102,19951.311319729528
106452,19951.101451431023
107976,19951.208498090382
85216,19950.951269640107
76812,21323.79809699768
90905,19976.646999321416
101716,19951.37826040154
106450,21322.184056353595
79930,19949.54147576162
80812,19954.085210783407
80862,19951.306855092324
103996,21321.86124962202
93119,19406.913780537398
93986,19976.504122113995
90226,19951.671629914294
104841,19951.128796370813
77115,19946.8242496901
82162,21322.888405476777
88176,19975.874956659212
96807,19951.376848366624
87893,19950.884428391386
96864,19951.34055012788
81129,21321.63400159721
94158,19951.009355795395
87268,19951.31866044727
101545,19951.135101389078
80322,20777.59982728405
95591,21321.887701552427
97284,19951.115957860155
76503,19943.7729127764
102457,19951.100393104975
103358,19951.37630167785
85800,19975.592920488412
77892,19410.95171499934
86918,19950.846349011936
88797,19950.8420744162
101581,19951.400888605174
99941,19951.112510207015
86005,19951.439488464996
92601,21321.87878104397
77922,19951.15420243201
107005,21321.908024970453
92729,19406.899784660265
99740,19951.568756469544
104686,19950.943156276455
87339,19950.781559556784
86577,19950.98872975114
105913,21322.19439973608
87402,19950.86045565855
88287,19950.724486991247
86544,19950.941334888314
87671,19951.51010846007
91204,21321.819414405014
99618,19951.537100203263
93596,19406.91461967164
100194,19951.119119010214
76820,19966.829161000394
78350,21324.19184563305
91114,20777.194698100324
106403,20601.913170560747
77876,19948.151806045436
92321,19951.011056942134
93803,21321.852037802935
95007,21322.07474999543
93540,19976.517784524316
88267,19950.338278847743
100770,19976.261123308104
79033,21321.42897387893
105481,19976.39366713143
92645,19951.358695268107
91504,19951.10344229714
103374,19951.37389976671
76555,19970.02855614971
106876,20752.11099042595
83008,19950.249302551627
103085,19951.146125669355
108288,19976.40307701087
78153,19951.192306641737
101104,19951.14413581162
86300,19951.300168680966
83596,19407.623480095313
92918,19951.660906838755
96263,21321.87796458928
95845,21322.270440926277
82174,19949.52939116072
95636,19952.058480341933
87859,19951.523848229914
92038,19951.04326975662
97965,20776.978492900897
99236,19951.102032926636
102581,19951.146465281377
88484,19951.075505093573
76734,21318.384144472067
107756,19951.12412168196
100368,19951.376997986557
92542,21322.32953580568
106507,19951.36770313253
94713,19406.89682083063
86830,19950.766828838037
105659,19951.38712004287
103299,19951.379604984588
77388,21326.066240000044
93171,19952.150232849584
95564,21321.86509555069
92209,19976.614405236644
103068,19950.913252604092
101008,19951.58712845268
101098,19951.127538068344
100297,19951.118268494673
100668,19951.12952074768
83587,19950.49148540604
103730,19951.1551440801
80300,19408.47778953988
90994,21322.38382422247
84749,19950.876931453582
96883,19951.891124657963
83643,21322.624653680083
101307,19951.130429070614
96979,21321.887421994586
96090,19952.00876835173
82603,19950.34047459643
79091,21321.33081757293
101959,19951.571201305564
101554,21321.787412599886
100961,19951.592325811416
82778,19975.322354537075
98924,19951.036831669557
85086,19950.147236577286
89149,19950.429419637487
89443,19975.752531177248
88608,19950.991634351452
108064,19951.55362798437
93913,19951.661563446898
104833,21321.868751746788
88819,19975.80128807666
105039,19951.165118861198
108163,19976.041491735024
78429,19948.80538800422
100022,19951.19681553678
99243,19951.58089420828
96715,19951.068117906358
88735,19952.433191499273
86496,19951.40701975478
90642,19950.93753503195
98358,19951.150822351407
91268,19951.70573115592
106457,18431.486835622643
87063,19951.276354132635
103942,19951.18001221041
101823,19951.141824454284
104919,19951.248697600746
89192,19951.336525250656
78525,21321.030305700508
82948,19950.678138362186
97364,21321.879087752102
77638,19980.211881289008
94939,19406.807466739476
102799,19951.161242306203
97063,19976.523038018746
84889,19950.65461653013
91197,19951.01215856145
83936,19950.633468048334
88850,19950.816253406098
104781,19951.788430962653
96341,19951.0542250271
77784,19951.64941471875
79500,19409.13514222913
85956,19950.682066175843
80268,19949.98010890467
76575,19972.613752301586
88273,19951.097492540193
96863,19951.170409492937
104149,19951.028768769367
95323,20776.989301044865
108521,19950.98026865927
104891,21321.962679370106
86333,19950.070214503052
97441,21321.924768886838
103963,21321.914322072833
94117,19406.91573109255
106930,19951.234361739265
96478,20777.127428429136
93273,19406.890128499843
90140,19950.83249735044
101752,19951.375395545943
102564,19975.995915754316
89449,19950.631518349313
82080,19976.32317679268
103168,19951.157450002964
92400,20777.16248960157
89829,19951.3682481197
100294,19406.768399711662
101914,19951.567803782433
91223,19952.056889255327
107925,21322.02337705274
108124,19950.94016710744
99736,19951.848325896208
106222,19951.12736325393
96843,19951.007699576792
86576,19950.759817534217
106802,20752.258905216266
101331,19951.09416153536
76847,19954.623080990616
82850,19950.40528480144
107284,19951.36810611359
77599,21320.68489269756
96827,21322.0706059954
76080,20803.652301086327
89213,19951.301416821614
91332,19952.24662390343
91930,21322.086156494857
96005,19950.925407452243
94637,21322.08026030315
76949,19941.34125091737
93336,21321.895474899637
79792,19977.899226148947
94859,19976.568291706393
87815,21321.786398176624
100994,21321.895187756603
103939,19951.121031617273
91674,21322.342463080775
81166,19977.590416143536
105292,19951.28551527154
76991,21327.46603843227
100176,19951.37431383988
100118,21321.899204093366
94700,19406.900011901773
101432,19951.210848238148
78373,21321.024062799486
82918,19950.51609822233
80619,19951.34055258603
98870,19951.077807917143
99728,19976.532436264697
100347,19951.829010594083
94871,19976.562785192178
76922,19952.507314527524
102057,19951.172890431597
106406,19976.599725234642
81647,19977.5192287623
86232,19950.60306658916
90976,21322.117196008378
101053,19951.382529802926
87392,19950.785778947156
97377,21322.0584015841
96652,21322.07034576172
88212,21321.796132026204
106859,19951.114164971157
92678,19976.51521420988
99554,19951.058421122598
92531,21322.33393507598
84190,19950.840793472737
98562,19951.080762572954
102014,19950.98806606369
105663,19951.22183756956
88795,19976.060953310283
83227,19950.772279240475
97436,19951.12634551198
101846,19951.030836988622
80332,21323.18140636314
104483,20777.11231729519
97675,19951.420399449904
87703,19950.53999211489
105829,19976.416871288624
97495,19951.186102629334
97230,19951.3678483683
99232,19951.37151068713
108036,19950.96304546173
90470,19950.958832293574
91410,19952.239950110215
87856,19950.97957780576
97072,19951.469282587714
98581,19951.353718377977
96021,19951.91589785049
104873,21321.933770451375
82366,21321.70028233103
81093,19950.43625960596
94091,19976.499651638474
105502,19951.55820160518
81212,21323.035269502343
78477,19978.52410541424
86344,19975.627521113893
87337,19976.392997120576
83364,19951.302900735685
105029,19951.1736275647
84927,19951.93725067573
92467,21322.09632541533
77390,19981.1534753334
91159,19976.632381426578
86919,19950.759090577754
87364,19951.056530321857
96009,21321.863513618173
80050,19949.82822860128
97335,19951.62602724137
82533,19975.325753436664
88494,19951.723484788647
101773,19951.1209775398
84410,19950.901216708815
90583,19950.94077962183
97361,19951.03875757638
101276,21321.777204306465
92452,19976.54897050805
107354,19951.180347867514
78584,19954.323264293755
80128,19952.593775743706
88645,19950.91885550259
86622,19950.74467255884
81676,21321.706245710553
107409,21322.17549467732
101162,19951.13048750948
107883,21321.880195903377
84824,19950.60707436451
96253,19975.944834283076
80764,19976.469930195006
105145,19951.295904215494
76292,19435.533706933864
85405,19950.623855015492
105373,21321.804684709714
86540,19975.689501922494
91362,21322.335512346555
90075,19951.42687426683
81886,19949.420794177367
99080,19951.051098548054
105235,19976.028300286504
96437,21321.883580832924
83205,19950.447426941562
94569,21322.29282480507
92687,19951.9855237051
85951,19950.98423935402
84977,19950.663155547412
86143,19951.59845712855
81763,19407.62631227566
92970,19976.60008441102
108286,19951.1517010511
99395,19951.10294369878
81779,21321.702326383325
82131,19951.24677709284
77833,19947.06792738945
91949,21321.864735595307
84571,19950.584226787003
81403,19953.442180324168
86275,19951.286136317656
98103,19951.096245760953
96519,19951.622859262345
102141,19951.58160323928
95016,19951.8742409075
102800,19951.163551755617
102275,19951.372521985926
79437,19978.305797863137
99129,19951.095333283523
102738,19951.15547002231
88502,19951.432917676826
83847,19950.64845358168
82098,19951.621178613037
97608,19951.58997320006
93635,21322.309360077783
107415,19951.176295978177
100604,19951.130838439025
95825,19976.18805287262
89837,19975.79839106068
90563,19951.064495587794
87183,19950.76825698937
82030,19950.401393230026
100952,19951.11528979251
88907,19950.948137804735
108136,19951.124848963354
99824,19951.096691328516
108052,19951.19419529104
86157,19951.586556570106
95635,21322.086455212117
76024,19923.35243572452
92449,19975.87704652033
101870,19951.376564332746
85896,19975.62931874366
102465,19951.12757806071
80302,21321.400153332903
104316,19950.87779474232
95294,19952.079410744514
106995,19951.84174627921
86510,21321.810910768014
87250,19950.77747536692
86483,19951.625835351144
83417,19950.483855035593
99580,19951.216936769357
84527,19950.597038897075
86193,19951.293380668125
98832,20776.996256082482
89427,19950.880085221008
105172,19951.117944605234
100800,19951.209245495298
81313,19408.160888130133
98110,19951.547553533506
83944,19950.509480977587
91420,21322.082291765473
79842,19954.702754084978
98350,19951.54214072539
104288,19951.170392452022
96086,21322.236848645127
78566,21322.556100635724
84457,19952.570246653337
88685,19950.861153479655
87157,19950.768760101248
82023,19953.526414691165
95492,19951.951568402157
84139,19950.525686932375
89309,19951.54329552868
85676,19950.051335484684
94553,19951.622643896004
90271,19001.110664345764
85678,19951.383500852087
86238,19950.9527738855
104335,19951.155092370715
83609,19951.291693160612
92930,21322.272245250024
101478,19001.239372287106
86537,20776.978521920148
95350,19976.267710673936
89176,19950.863242712636
89383,19950.87942657002
81369,21322.93771036799
96749,19951.05874221515
95414,19952.06565976439
91568,19976.707252524317
92425,21322.098219366137
107079,19951.464262832633
93550,21322.08157614085
78972,21322.57743676733
80719,19950.452565312793
92919,19952.00582816865
84505,19950.614751154844
103401,19951.247924924155
97516,19951.110502273576
91738,19951.044966432954
81664,19977.195705697464
108017,19951.154393015055
94154,19976.256940388692
94015,21322.078786619095
78990,19977.384980719085
100198,19951.098548487847
91258,21322.379251097165
95886,19976.3410632849
80048,21321.599844067354
92615,19976.369082781523
92333,21322.33387781498
85637,19950.57653472058
100681,19951.906463690986
86280,19975.630101140534
88934,19950.885123057295
102926,19951.38119852125
88415,19950.81297975401
108063,19951.16232887688
103273,19951.37942175546
79468,19950.78714200427
91285,19951.118772745536
99111,19951.080835216108
90686,19950.93901707006
77458,19952.56551977145
103540,19950.9037131205
98158,20056.806058696944
80240,19977.929370911024
93032,20777.171743996554
92380,19975.894222536193
91853,19951.018479938815
76049,19937.50466594834
98852,19951.83970575126
79019,19974.30632371141
78009,19953.663405577034
79038,19949.391994721325
106404,19951.105733493296
100619,19951.09648406655
82348,21322.854469535872
83844,19950.565562930093
101370,19951.37844179303
82900,19407.803415179875
77014,21320.206232594504
94704,21322.291679887017
105395,19951.123094197654
92471,21322.328397963996
82964,19950.55145645351
80223,19977.95712376081
83523,19950.365249125014
84395,19951.981228661225
77474,21320.482828166685
94649,19950.778184923747
79826,19976.703893648195
81786,20777.497570998727
106749,19976.25729242224
94115,19951.632273956282
103835,19951.114041565812
83617,19951.283695929764
106555,19976.03149082471
86868,19950.730802447983
105245,19951.12374364563
107495,19951.165213786742
79571,21323.549625209518
100328,19951.21816076618
77453,19958.84129187184
91473,19407.0245458863
100493,19951.368650360295
83383,19950.502918284164
96482,19951.36974940619
91509,19976.647282170878
92051,19952.206223617646
82251,19950.690574016495
76054,19892.056085522323
105927,19951.11301659171
89426,19976.6531589896
101006,19951.376011761524
96504,19951.47465872307
89053,19951.31832653082
102578,19951.374182639007
104576,20056.738037518197
94137,19952.075796236248
96387,21321.875953996074
106040,20777.04491961741
79795,19408.802153508033
102216,19950.926199586687
106933,19951.710162731953
87217,19950.991809486248
98953,19951.032273516183
106935,19951.341165424437
108160,19951.0425568591
86220,19951.29413140502
81017,19408.192826014838
90319,19950.925345955624
100847,19951.136385922226
79811,19951.251147496972
82324,19407.96486595275
79204,19978.362671761563
76561,19958.650229925377
90313,19951.333834867728
94271,19406.924043830833
99090,19951.055173359615
106261,19950.96266736079
95699,21322.274455661445
101624,19951.176409543263
92096,19406.914357418453
104402,21321.938419009548
106877,19951.130222197884
95341,21322.27964513866
79252,19954.41848588357
85039,19950.255152006433
95172,19976.566303377174
91340,19407.022315477367
91584,19976.60814739548
104972,19951.280989888986
80896,19977.650357074275
93083,19976.523300649525
90855,19950.931207681948
78320,19979.005625725255
98584,19951.849742401682
97117,19976.516007224738
90267,19951.361644798388
104276,20776.854401631186
93771,19976.23903726702
100654,19951.14432278927
84833,19951.311988350924
79006,19953.85773588813
98734,19951.093061305855
96686,21322.26394860512
81262,19950.144273518174
104374,19951.119457211647
87939,19950.829642705066
85868,19950.711202117312
105505,19975.972099873557
87999,19950.712253200243
84535,19950.578430821697
105765,19951.143890629388
77591,19952.467873343503
83018,19949.617306601773
95281,19951.13387677816
104629,19951.209186929886
80247,19408.58834693738
98202,19951.26426350933
89361,21321.797319256286
86384,19950.96283891112
77923,19948.687349187585
86901,19950.725680560026
101827,19951.625317019545
101756,19951.100948953044
77041,19963.402859927715
97753,19951.039903644272
95848,21322.06232276352
94827,21322.27071913129
78247,21323.073382198312
87132,19951.04220407906
88911,19951.10347455636
88418,19951.023639138686
77238,19980.378828233752
88359,19950.836306212652
78818,19977.988317111805
95395,19976.505502717893
103416,19951.168404043416
84747,19950.64737536978
101608,19950.863524251734
105437,21322.229780525267
76320,19961.480956312313
98937,19951.025842759896
78233,19410.42250236017
82250,19977.270425552928
96164,19951.61585308174
105298,19951.33511688745
85892,19951.277460585043
93834,19950.80728929527
84717,19950.688801884065
104176,19406.179560800465
95319,21322.284025262477
85002,19950.607960112102
91460,21322.110819172904
86992,19951.283780259168
76228,19948.45578228656
105611,19950.85128332031
83256,19951.328977688045
88943,19951.751638676833
77394,19981.207862619347
100873,19951.117407584123
92464,19976.609701645568
89315,19950.914977310913
92773,21322.152834611716
82489,19951.233141096895
76219,19959.018781096624
102904,21321.91304688368
91039,19952.16025451499
104890,21322.16832959266
99922,19951.123881150168
107007,19951.039036930815
90649,19950.84627237862
90166,19951.078599682645
90837,21321.839718126947
84748,19950.693995418784
101034,19951.37229503904
80579,20777.6008189975
103124,19951.369186391003
92022,19975.827661236923
103382,19951.16720737177
104089,19951.175130513206
92089,19406.96407366805
106395,21322.13959394197
76012,19916.6525293097
90152,19950.91824202241
85524,19951.3200689841
95337,21322.26797252174
101744,19951.12663791717
105820,19951.141886835558
100587,19951.12591638436
95224,21321.86401612908
88607,19950.749931835482
105741,19951.331505818125
100550,19976.44364854457
80543,19950.011030532078
96731,19951.064641530735
94235,19976.5835205248
89536,19976.41556695929
104062,19976.193912594274
79870,19949.954504470887
90961,21322.34739695565
104757,19951.332580795624
78702,19978.66527226385
82823,19950.37614437161
76387,19932.40419379656
83860,19950.54501286807
97853,19951.031970255328
96491,19951.9446451577
93018,19976.029462729657
105464,19951.44996139309
91589,19976.21659669544
81040,19976.286219704623
101726,19951.107689948276
89843,19951.04901718188
82306,21321.655242690176
102706,19951.22259777661
81905,19406.909637769473
99194,19951.84080785763
84038,19950.52315389838
99179,19951.355957515254
107945,19951.33095805879
107187,20752.08652265146
106729,19976.386801646408
76009,20029.138736320707
80160,19950.063507665483
87798,19951.04665502917
106779,19950.94699082954
87694,19951.07134560778
83225,19950.49147121001
82371,21322.803820527326
102154,19951.191451957515
91905,19976.261341766894
91831,19976.617237751987
96829,19976.258234548888
100724,21321.902953224835
98429,19406.591962654784
98046,19951.579782430854
104025,19950.883146013402
104930,19951.452336859933
97711,19951.351722026724
87985,19950.9789891539
102005,19950.988118445366
93141,19951.9411324534
93564,20777.15594491568
77719,19979.931454013444
99873,19951.19388600891
87053,19951.02684809089
96789,19951.350550666146
107871,19951.720003632057
107192,19951.148035594488
79928,21323.353963737674
107669,19951.72181461176
79401,19954.60794840397
95320,19951.949810919854
94864,21322.289465235317
80654,19977.7299081057
99193,19951.530374117716
84375,19950.75347104338
90211,19950.9277437941
80720,19950.368283897245
91902,19950.993663342844
82275,19950.526393220844
81465,19953.14404242763
93508,19951.94043771929
88780,19950.309620820473
92268,19952.210573467248
87172,19407.222685668574
106818,19951.10276049146
103457,19951.77467003908
86080,21321.732470310162
107319,19951.2971512938
104533,19951.169120878632
105670,19951.807010651868
81801,19951.264700888878
86611,19951.29815778328
103251,19951.56734549874
95313,19952.090337558973
83324,19950.44007378431
106920,19951.337288058992
93607,19406.94177891068
82902,19951.291755100006
98295,19951.105756553472
99592,19951.110717849864
83209,19951.337857151866
100342,19951.070262644393
100059,19950.909278127314
84964,19976.89065981851
101150,19951.376564175393
80834,19952.412431757126
94660,21321.884739931174
86817,19950.782839179243
82881,19950.486924703848
92477,21322.326010788325
88843,19950.87833649916
88409,19950.853655621075
89464,19951.089988456526
84554,19950.56372234127
107456,21321.87935702595
105815,20752.2842659872
84223,19951.507260947506
77230,19961.802758924026
82653,19949.34538103899
84903,19950.571506972225
96636,19951.611327715593
92293,21321.849269754537
76243,19902.40385578823
78795,21321.165898712094
77946,19957.174121887845
108033,21321.967042271444
89601,19951.419400847994
90606,19951.56426070123
92249,19952.192012284268
92624,19976.5470852963
97695,19001.215654091473
78743,21322.885561923344
99859,20776.985034092806
78302,19955.84748973979
99986,19951.122082517177
81908,19950.188296694785
85440,19950.28143033146
91412,21322.33486018508
83964,19949.631453477396
77867,19947.298529788855
98287,19951.085559692077
92675,19406.969860921254
93893,19406.853523560756
93828,19952.133454478524
107502,21321.950460336033
93726,19976.50656696527
93097,19975.88939230596
107762,19951.294291941118
93545,19951.787894473913
89831,19951.03278602636
108065,19951.818023519245
90388,19950.825883830672
82017,21322.878750701446
91025,19952.072555367264
96293,19976.53864870672
99187,19951.107858709012
98283,19951.01504160937
93590,19406.608863497502
105510,19951.094941960233
81365,21322.950635130397
105805,19951.189976943922
95866,21322.30043407209
99079,19951.535328889462
95673,19976.5313416469
99311,19951.57062197916
86145,21321.743633557053
103531,19951.777576844197
108261,21322.199437950017
85582,19950.796245960664
85281,19950.916970314767
92591,21321.897529970436
97180,19976.541876966694
105998,19950.919420581264
101355,19406.750593902092
104286,21322.33101708229
86703,19950.754599245953
76535,19927.37772350464
86181,19950.719598496413
77004,19982.94469749627
99367,19951.546955878555
106001,19976.579396959925
93179,19952.00800464433
83031,19950.548287418933
86572,19950.86532558893
80350,19953.82901598897
96375,19950.986452685
102219,19951.105225830433
100942,19951.43739359702
82949,19950.811664314562
104083,21322.00919408746
97140,19951.08120535206
96421,19975.92123158153
87075,19951.02317372768
106419,20752.238201218035
93602,19976.58820113789
77222,19971.786973942297
101712,19951.155485684907
106666,19951.13493262603
87295,19951.297267979236
89044,19950.8878396763
106433,19951.170132396783
94575,21321.876288244235
107025,19975.997517121148
89318,19950.628717802574
86030,19976.00942186639
103483,19951.378023074918
94536,19951.180083274117
107058,19951.189795667025
87031,19950.763581972602
100119,20776.98761938513
105938,19976.189957971455
89724,19951.337142714463
99480,19951.09218273021
83017,19950.2902583472
108355,19951.147871260193
94711,20777.16029872351
95759,19951.642664810428
105168,19951.15901428921
93791,21322.06310122537
85850,19950.70071675332
102333,19950.970469604024
104407,21321.931292874422
98798,19001.314231854696
89284,19950.94336970748
100823,19950.875756921436
80514,19977.616879459878
105308,19951.17703071064
104612,19951.76998802129
89638,19976.720973657895
93794,19976.41345225821
83933,19975.665604348727
90413,19975.784305315377
98929,19951.081997360518
90959,19406.65924701587
83414,19951.241317433385
82228,19977.258120272665
88669,19976.429635808705
106815,19951.198355550958
84567,19950.599061331333
91328,19952.252606058177
105740,19950.858444913163
96452,19950.996734805816
76038,19865.790809222035
99940,19950.923324981875
102377,19951.44690106493
105229,19976.38609661143
82158,19951.329798385563
104844,19951.364061938308
101203,19951.37758321476
95222,21321.892145823873
89529,19951.12043920879
103230,19951.108757862996
100692,19951.125901348656
99821,19976.02095111967
81086,19951.74796317954
89399,19950.986614678553
102445,19951.08907984574
96444,19951.34595331729
83485,19000.972892271733
93778,19976.618146206732
100464,19951.066161944847
99865,19951.511047438664
100107,19951.369689622257
83973,19950.93332686744
92032,21321.873359644294
94017,19951.668479486714
76046,19868.322294235168
77816,19945.90788574251
76743,19419.489812604454
87201,19950.76664042882
90652,19951.352512678975
103448,21321.910775902343
93642,19976.147113000006
85409,19951.288202882883
99777,19950.818561447843
92216,19976.228179491387
96269,19406.502929312323
94298,20777.156062201902
106667,19951.155910104033
93716,21321.918548153215
95754,19952.075551840855
89379,19950.481703187408
95970,19976.522492840784
81911,20777.46619375353
85652,19951.36453692556
107793,20776.98003447994
96389,21321.893677941334
80000,19952.62697273342
104440,19951.128539712063
92029,21321.903211283592
93473,19951.017094026887
90350,19951.356966073436
84947,19975.739000716185
81870,19977.298438786995
79936,19949.927443368946
79910,19977.833369581007
93467,19951.704069978077
80387,21322.50596845408
104360,19951.231910904
93150,21322.10006879116
79119,21321.315689916515
104462,19951.176705470938
99548,19951.8235453006
104024,19951.780727620466
83480,19950.927876305203
92501,19950.792923029574
86740,19950.741287526922
82165,19977.336386417883
85963,19951.533201125625
79487,19952.844927400474
83245,19950.4564422251
102193,19001.24381039901
95449,19976.800646300628
99413,19951.09972014825
77176,19945.466912410844
107260,20752.276305503165
94187,21322.064838455368
85664,19950.696769380113
97886,19951.09464563614
85384,19950.640041072365
81228,19977.52057312449
81930,20777.48450161858
106627,19951.853201045345
88081,19951.337949251378
91651,19406.639752521973
98067,19951.032097205793
100814,19951.133497241615
77028,21327.329092317897
89853,19950.96997409323
92951,19951.143417081646
96866,19951.516730296124
77498,21325.4272762756
102959,19951.140340753733
103546,19951.38323093758
81127,19976.712920658523
88867,19950.868837800623
90099,19950.901763047197
81637,19976.39001870928
101995,19950.921165627748
92382,19951.745370690838
99078,19951.41994125559
93118,21322.083912238322
91524,21321.83973133078
105674,19951.365840774943
78943,19948.873932258848
99513,19951.568438627954
82972,19949.81480179942
92438,19976.07000928926
76466,21324.656516520306
93315,21322.296807821604
84637,19950.71092837055
91553,19406.859040359624
92093,19952.160245639654
89774,19951.382582262147
86455,19950.701113695144
81999,21322.863332300814
83211,19950.595546289394
102893,19951.103702749533
101347,19951.80425443784
102099,19951.44744281202
108532,21322.009437051758
94030,19952.010544079603
87114,19950.132226587455
78523,19410.48809554996
89274,19950.915152234225
103663,19950.89932995486
98104,19951.535344210195
86952,19950.755821135408
93621,19951.060450355177
90898,19976.67070936114
88902,19950.902331102818
99135,19951.126605475794
96645,19951.172402541866
89265,19950.60481895587
88536,19951.318753746924
76788,21319.524665600173
96496,19951.337884487395
83580,19951.252270999306
80060,21322.504525194014
99910,19951.144296016122
94254,21322.279754878975
98982,19951.111437479572
101182,19951.12311594862
104497,21322.07615975535
99215,19951.107468842336
102237,19951.36858161337
105340,21321.816352484915
98398,19950.872266307553
82895,19975.37045439263
84880,19949.92360098748
76633,19977.880527610523
98237,19951.521875407405
93475,19976.189487284388
93644,19951.61796602882
83331,19950.453984922187
94673,19952.118261039963
93774,19952.134254691035
94872,19406.881503928194
104642,20752.28417403658
105806,19951.133267498255
93351,19976.57871091732
99440,19951.542898899934
77434,19950.916992104052
78382,21321.318256024715
76269,21315.018264416092
94221,21321.894461842385
101103,19951.130669716586
92917,19951.997768409747
83521,19950.588618145342
83915,19950.514710295283
93502,19976.569945235948
101013,19951.1536516648
81762,19975.94695726846
106753,19976.073355635694
101173,19951.11150395683
98602,19951.535282883553
105397,19951.11483021087
97067,19951.911298394432
101378,19951.15456668221
101862,19406.750102398095
99039,19951.104987306626
88393,19951.048503805814
106130,19951.293047256775
85828,19951.273533893294
108231,21321.83476880336
104898,19951.3620454138
93112,19406.87869025519
89768,19951.056919254992
84354,19951.959057929074
100168,19951.378248633297
92834,19950.998017106533
99208,19951.100145362274
96108,19951.176049779602
80163,19949.749004657075
105455,20776.75195459266
80323,21323.191790326284
84714,19950.8687889162
92348,19976.600572455944
83603,19950.85077212988
103959,19951.11829919603
106728,20776.9711259543
78696,21324.032010990206
94150,21322.30028789021
105629,21322.10102426037
97037,19976.505099740658
92850,19976.612127170087
88432,19975.835105350736
77436,19412.61716712327
76469,19937.259438439974
102030,19951.136484442435
87669,19976.44304317894
79981,19951.26791132274
99662,19951.524950706847
78260,19952.048116951
94555,19406.924704473713
84628,20776.98614249682
87955,19950.743401567284
85130,19950.525677379384
76417,21326.22113171299
86241,19951.329204855207
84603,19950.43893134633
76645,21318.411224188825
100195,19950.837980584096
77467,19954.875928447073
98126,19951.626460360527
98081,20601.7397779369
81234,21321.61272315702
87717,19950.715324602777
79724,20777.913246815
78643,19952.491383076922
93113,21322.300452390526
100597,19951.37301448969
91190,19407.060875075516
89351,19951.055831896192
78056,19957.76028858981
76053,19875.441760530095
104592,19951.51605846671
105891,19951.29681888754
93731,19976.58339890389
90123,19950.824075173085
85669,19975.589333226464
90040,19975.8165504525
103624,19951.15499555541
82545,19950.7103856052
101212,19951.122975366834
76510,19965.769923552078
88673,19950.858108986457
107913,19951.191266809252
76619,21323.913320288248
98461,19951.861069311337
88455,19950.934384956767
94543,21322.270735632355
79082,21321.48036699774
107039,19951.239712203005
99565,19951.10774484371
85597,19951.53861866635
90908,20777.18735785326
103741,19951.15578968827
101177,19951.13386348945
100246,19951.083641566427
84497,19952.649516933423
79003,19974.379716635627
78075,19979.68361926427
85527,19950.707616777952
99400,19950.821970605066
83118,19950.453458963835
106176,19951.293403086995
79864,19408.88695521859
96609,19951.184136180804
77968,19949.457995180554
105349,19951.11748836498
95787,19976.529408454142
86759,19950.73524255401
80898,19977.547363713653
80948,19950.336179666094
107151,19976.031633594248
85395,19950.665709623532
86612,19951.287117403575
78951,19955.85259050547
79546,19974.97897502691
83345,19953.193787204615
107224,19951.197391639213
104509,19951.20063859683
77088,21323.89964337308
88988,19951.653309151363
79061,21321.46156475529
89758,19951.084776091982
79439,19978.370825914768
96411,21321.86393565496
102234,19951.12834597552
89720,19950.92641154414
99600,19951.111186586102
101235,19975.97930073068
89235,19951.313527557035
96214,19976.58001245784
84205,19975.706674803045
106816,21321.95710811572
90934,19952.265388846004
83597,19951.608765245895
90454,19951.368151694518
82998,19951.44978090084
76772,21319.449939387723
100571,19951.214893356944
76400,19976.56092437199
107381,19951.221485549682
93102,19976.37420215606
97419,19951.067002726744
98844,19951.078290127745
99354,19976.31564629088
90811,19951.342017940988
98152,19951.533934631127
90157,19951.02703984573
102629,19951.38387541589
102111,19951.376403422157
100448,19951.377627224363
106531,19951.126746705562
107493,19951.2358703337
87471,19001.033092615093
83607,19950.773694667376
95488,21322.074611136693
76205,19996.93945895971
95394,19406.887006795452
101050,19406.77334148865
98680,19976.540625238544
97176,19951.895729246688
104530,19951.280837709295
83396,19950.405526221894
104984,19951.077171629026
102081,19975.9752117345
91955,19976.61214912563
79996,21323.377752918797
107833,19951.19020874639
81342,19975.251685078987
104936,19951.16077564866
97105,21322.04861403402
96834,19951.073981159745
96402,21321.870414616988
106575,19976.13530576994
82857,19949.52671597841
105504,21321.864397402536
88261,19950.85052784124
99175,19951.095538535094
89160,19951.406160063332
83875,19950.643478652742
104695,19951.27546409516
84189,19950.565074616337
86024,19951.552608465918
98475,19951.036473155313
79856,19977.98494480917
80385,21323.17181915926
78287,19951.18461240201
88807,19950.874338272013
86288,19950.89382356056
107610,19976.396978847188
94375,19406.911489080507
83385,19951.50675857102
96627,19950.919887114447
101257,19951.455876673932
91915,19951.12427536148
97986,19951.370644906678
80806,19977.624436625647
96930,21321.877742205827
89391,19950.8869523867
85423,19950.757682134885
79397,21322.63078319179
102565,19951.36822132792
85590,19950.700719299366
81920,19949.659629333317
108098,19406.642345115408
91230,19952.1418283618
108021,19951.129544015053
102554,19951.15879368307
84182,19950.546963184304
76770,19942.97174477448
77856,19947.769720639444
94249,20777.162311184264
94729,19406.892913949698
77171,19946.35564455905
107487,19976.37367687607
78766,21321.26892086665
100849,19951.370568452534
97721,19976.507316607484
92837,19976.25317689109
83099,19951.263166316607
102521,19950.931852287424
89738,19950.872858650415
84234,19950.560139452056
107428,19406.217638930684
93895,21322.307810155373
95662,19951.942442181833
80328,21321.550047309735
103054,19951.16567845351
104950,19950.984532051
93125,21322.299579693525
77393,21325.929131964585
81178,21321.654858737646
77207,19961.983806598375
98648,19951.345548003093
106065,21321.95740175533
85228,19950.833085334758
92787,19952.128145528368
108462,19406.680132484187
102896,19951.16106471926
78301,20778.040610747437
92584,19406.951654594675
96414,19951.354944973325
101267,19951.35911162545
92934,21322.069676287996
80206,19974.975723752555
76657,19941.18686451922
99365,19951.134498299372
96142,19952.082253572487
96484,19951.353021179966
81767,19951.73323224292
84926,19950.953133896528
84961,19950.792636142407
97487,19951.51434280993
86753,19950.67098452038
76410,19933.97525495653
103512,19951.213033094125
91899,19407.00191080169
82404,19977.328615971466
84598,19952.874226201824
95115,19406.888260081156
92544,19976.54251228426
94011,19951.376622344906
77265,19981.370091304016
103378,19951.159280451782
83828,19975.44785191364
106142,19976.436990133698
76564,19987.774260857568
93718,19976.51257619156
81110,19408.202330737622
90753,20777.230169397255
86557,19950.315104532197
90778,19950.921296944667
77313,19946.67284128421
103914,19951.15799747927
86688,20777.290726257703
102878,19951.38010614181
99734,19951.295641188586
91581,19952.221941990578
105434,19951.120653512295
89221,19975.746737017605
84974,19951.262925903324
101055,19951.21328532775
80952,19951.64287041865
80861,19975.910848848205
77446,19944.76688051614
105345,19951.14006223305
95204,19951.0652003686
96228,19951.18195444219
100840,19950.89916644405
90096,19950.813445564254
97213,19951.92038529768
84188,19950.5334985852
96571,19951.936207623105
77068,19945.72303108797
90711,19950.953752344984
89855,19951.052899539
104858,19950.925764227177
95897,19951.908394901136
81849,21322.927452481617
106143,19951.10530969578
106333,19951.1032467993
107165,19951.475176649277
77133,19945.20601072058
91788,21322.32477846738
91418,20777.181967839646
100158,19951.129457761162
96982,19951.361917010126
81275,21322.970240124258
78741,19951.01879475623
104961,19951.06387865616
89332,19950.790235805653
77546,19980.803149497693
90860,19952.11586765103
79924,19950.19599508274
108433,19976.111779936382
101702,19951.146964369185
79340,19954.798416932874
107333,19951.14762450971
107963,21321.96757468113
89408,19950.860912656124
93686,20776.982444764508
96129,19951.352216449046
106156,19951.796870692822
87515,19951.02498612266
92980,19976.612217757025
83982,19950.543004777734
85504,19950.690470660382
108354,19951.37032099844
97260,19951.356793200164
95437,19976.557506137444
88483,19951.29541800332
87959,19951.34452724057
93858,19975.91559855958
80968,19977.676993343044
85754,19951.2712805078
87723,19952.27186397422
95880,19976.57489567947
106868,18456.322155556987
93138,19951.106870327145
104747,19976.09222486793
94889,19406.90286092404
84681,19975.55221720716
98538,19950.796420445145
77073,19961.419170127607
106730,19951.29564993134
79208,21322.465144310954
100127,19951.129281405392
99655,19951.1107833326
80695,19407.154065347117
96818,19951.371219139066
101382,19951.108270040342
81239,20777.54482131429
91299,21322.33723869254
83005,19951.24912071729
99363,19951.42308930752
76302,21314.26824945949
98317,20056.807456745762
93829,19952.033788817847
94188,19976.58263785966
102190,19951.13964944002
94901,19406.579147387663
80495,19408.51881972367
101373,19951.428772121777
76822,19942.080397077327
105052,20776.890063135583
98580,19950.77559922494
94567,19976.5365316062
95144,19975.918029193137
95559,19976.241273519267
81580,19977.4794963177
106874,21321.9464741364
79121,19978.50963320966
77257,19948.53763643837
87589,19951.312039857316
84579,19950.575702868347
95950,19976.478359799225
92510,19976.16641244892
108139,19976.256793136683
76182,20008.34533124147
88687,19950.860176522736
79244,19952.382794080255
80690,19977.72819314866
86259,19950.75606550883
76977,19944.67523458547
95716,21321.895181222462
97234,19951.467118291734
102608,19951.14359025465
105976,21322.060122190913
86505,19975.749056963556
91220,19952.27950451586
96558,19951.356291688975
87444,19950.752916061843
87498,20776.988853870578
102631,19951.473289423917
82185,19976.324558712586
99403,19951.849983780117
79515,19978.25570148569
99088,19951.517570885306
76226,21326.145709832843
108382,19951.15112411502
85313,19951.894126945408
94499,21322.294825630073
99934,19951.06110735858
82376,19977.22280112086
107765,19951.785942830124
83605,19950.325064729146
77701,19410.63665779232
94028,20777.165963974076
107523,19951.158342854913
90650,19951.512124424036
87414,19975.70854727082
100055,19975.957952238146
90566,19951.086205223226
77944,19948.357846078376
104365,19976.35953335913
100010,19951.672184813015
97116,19951.01299428939
92053,19976.540126343345
89028,19975.88154657335
97021,19951.92490494438
76667,21319.635144908018
88020,19950.80897274556
94877,19976.51554726231
93946,21322.06957216814
107829,21322.023970753184
78257,19957.231819548644
79067,19951.889499670604
77650,21325.47307224493
78087,19979.848772287518
106695,19951.051060736063
94630,19406.878752432498
106256,19976.192617067296
95601,19951.08095087966
105796,19976.401484521368
102585,19951.37876340741
87265,19950.770120912224
81014,19953.991560332175
79536,21323.44025716889
103430,19951.379608095445
95642,19951.88723077565
85927,19950.719193358487
98965,19951.349174226565
82285,19951.275448742294
88076,19950.3163552816
87977,19950.794132644955
93013,19976.530630301608
86356,19951.605135377267
82657,19950.402539129514
104960,19951.16431291733
84159,19950.56975319268
102831,19951.160411522542
99907,19951.134118365862
95588,19976.543472008852
87604,19950.823341111238
104688,19950.881475117527
78457,19979.170555434834
89007,19976.712628550333
104449,19951.28670224399
97888,19951.587044277847
83178,19950.313935379538
81940,21321.654386000213
103932,19950.97994861957
93309,19952.01553827149
108001,19951.165043140594
104771,19951.11012669249
79382,19951.090648904345
85883,19976.463118152526
106425,19950.948185318586
83165,19951.687439052694
105632,19951.522527339715
77132,19960.565107414146
101743,19951.114824046377
103628,19951.372770242197
90647,21322.379131848713
84997,19950.752968882938
91158,21322.356445761423
102727,19951.129757087
83926,19951.292581196234
105492,19951.282214342384
84091,19950.565795738887
90093,21322.12197566821
97013,19001.19427562563
97421,19951.067337998833
93503,19976.568227109085
89921,19950.843579810993
94294,19976.60393069296
88049,19950.989585390394
87152,19951.032146856705
100030,19951.111795402598
81887,19977.3504989932
92813,21322.304986122046
103849,19951.147415098756
81370,19001.002086926273
100077,19951.11541314563
96215,19951.061917816733
99477,19951.099872613133
92453,19952.2109557878
79103,19951.22952754565
83988,19950.47495743298
82753,19950.3706475661
88096,19951.56035935286
82591,19951.810824334727
78600,19947.029354299488
96130,19952.01771359315
86532,19950.83089734518
78212,19410.57552080356
103099,19951.14144698078
76517,19931.844713953993
85372,19951.837435161666
87192,19950.781640244713
89912,19951.316150319362
100674,19951.14687893971
78362,19949.167528873593
80234,19950.176083495873
103492,19951.15131145389
91876,19976.53328580577
99906,19951.461475137407
86556,19951.31232602083
95439,19976.55043262312
89552,19950.923608996745
97510,19406.84489518198
77027,21323.369727248344
96651,19976.060160914076
101124,19951.1130230131
81564,19976.515671131452
103834,19951.373951874055
106120,19951.211932149334
108302,19976.36272498596
95258,19952.076529664173
80241,19974.782307913665
103079,19951.63833156782
107671,21322.045052368718
105451,19951.125776174933
100581,19950.88577481448
103200,19951.167724109862
107958,21321.895567129635
80508,19408.2252617759
86519,19950.726539509084
106014,20776.978077732267
88647,19950.48494577301
78370,21320.87228015599
80157,21322.502618717033
78549,19955.794823656084
78346,19949.267754910037
102025,20776.990867940574
102642,19951.15984856618
101566,19951.142821537345
105090,19951.10084289798
102879,19951.152017286477
103116,19951.10131162295
108181,19951.289798288573
90077,19975.79810593974
87209,19950.15923664954
78488,21321.237785943238
80235,19954.015041521045
100754,19951.166982254363
105566,19951.33568903377
92772,21321.851651595116
91123,21322.354767576995
81751,21323.00158400877
97826,21322.272082785814
79668,19951.213650939233
93067,19951.623389567045
102583,19951.15840562579
107690,19951.30312368572
87693,19950.820696416147
80476,19408.39020869693
81846,21322.41755705317
104885,19951.067007219262
97224,19951.207997937974
101301,19951.14012449432
77468,21320.685431341724
102865,19951.576387435638
89933,21322.11565293694
80064,19408.19507453449
102316,19950.902375046328
78861,19974.188699143644
96856,19406.795541452757
80901,19977.6005436529
93880,19951.65406800424
93155,19976.52983528049
95490,21322.076687114204
81179,19406.844261868828
105515,21322.327044540558
93763,19952.169559814676
79292,19951.104307141326
79547,19955.202181442175
76889,19983.18007631321
92884,19976.59249281997
100959,19951.20288402996
103931,19951.2288078799
87109,19950.7614484387
85670,19951.526238486687
106941,19951.301334183892
82237,19977.29988724466
95369,19976.494823147095
104098,19950.872046602635
88392,19950.831620614787
79992,20777.710471814768
91429,21322.320716305214
93131,19976.591631858253
102287,19951.14443197236
93988,20777.1541984963
98533,20776.986829183235
82402,21322.80487659337
100838,19951.121823657577
100418,19951.087626340006
78723,19952.99824389957
102054,19951.461113241032
103873,19951.122307614824
102429,19951.219197124734
92423,19976.566151326482
100306,21321.88753133355
95398,20777.171054031125
98509,19951.02176150892
76571,19958.760891412374
99096,19951.57996002337
79974,21321.538806115917
86070,19950.947106592626
106407,19951.29711093875
107921,19951.155337868044
99358,19950.791815967383
81645,19953.67248387053
82190,19976.038360769235
104692,21321.799132854678
93221,19951.034614916163
100438,19951.34292247183
91444,19976.555537089516
81053,19977.656921288264
91363,19406.964555638
106954,19951.460352185433
106654,19976.079996748853
99522,19951.117316176267
87009,19951.309482781457
87909,19951.339805967746
77419,19947.354807984615
97652,19406.838269516462
99779,19951.366829883234
85584,19951.290890243694
91829,19407.007889876673
88101,19950.934612529327
100556,19951.10148582714
90352,19950.861155551447
83282,19951.23346662275
83007,19950.767107129992
108313,19951.14804032105
78810,19949.174754721127
98828,19951.557835815205
96114,19951.001737005492
79191,19952.657933933548
87297,19950.796918944547
95877,19951.134063708305
94139,19976.615469439665
100850,19975.96870733589
94945,21322.32054613556
101089,19951.138459715323
105691,19951.198776418325
80668,19975.07691630303
81214,21321.672275235243
87518,19951.787088434732
105030,19951.129155930586
85923,19950.68891024286
83311,19407.710127147864
98855,19951.34859916164
104159,19951.08860462223
82779,19950.375934110773
107742,19950.88154173193
105468,19951.190892387727
80455,21323.257620036627
86388,19952.3599564415
94821,21321.928549013337
103268,19951.15317994466
102051,19951.14498873142
105353,19951.473639211952
80456,19977.7764143623
100987,19951.1420442497
91198,21322.337874788263
85153,19950.63545379304
103654,19976.444168889233
108172,19951.11859484677
86497,19950.727434569868
105311,19950.893765761895
83207,19950.24750640083
103088,19951.368941367713
80581,21321.58009467486
94590,19951.651348772117
92857,19951.44257945816
104990,19951.748141088916
106022,19951.10218239162
105717,21321.925928947738
93403,19952.011933818576
85166,19950.660469812963
106430,19951.34270193638
99092,21321.92608912025
91093,19976.633656319176
88851,19951.494908786022
98289,19951.61393012398
105096,21322.145848690445
77047,19945.109519326594
104430,19976.420128909656
89790,19950.795647242958
95496,19976.562930524447
99397,19951.277987889924
98691,19950.794014975352
76750,19947.201007803968
96768,19951.196973907052
99671,19951.522479898704
100893,19951.126671568152
96376,19951.163333179
85359,19951.304107405027
85526,19950.779972635148
99471,19950.809544552827
100718,19951.37828512808
100408,19951.129884906964
99396,19951.52830561107
88571,19952.415352873108
82056,21322.848064021873
95339,19406.93855286255
106966,19951.841907252598
87419,19951.290342193268
107951,19976.38565798091
89086,19950.891416500723
81863,21322.994809361346
85352,19951.29170121383
107573,19976.04665317943
85160,19950.625163677585
86447,19950.96699605092
85129,19950.945027421818
81978,19951.323541628553
76538,19987.814856143654
96475,19951.3638788664
81872,19975.77895025729
100975,19951.111312952664
89846,19950.838533873295
76813,19956.88805814189
79861,19977.803253320584
85807,19950.770214636996
100520,19951.38136511271
83614,19950.508560064627
101194,19951.823101002952
78639,19978.927485689885
97237,19951.05369155226
106299,19951.471649014413
88307,19950.887956842424
85314,19950.569268476524
105736,20776.97810026839
80065,19948.580256499117
92131,19406.977328218112
88644,19950.930925624274
76738,20776.166952078296
105697,21321.997760644328
87316,19950.806412011774
98209,19951.370792769172
96229,19976.518267628147
100262,19951.101160528862
100999,19975.973208009385
107614,19951.14316947022
80838,19951.82607498018
100986,19951.38259061214
78593,21321.333368418356
100441,19951.17133562867
82682,19976.642647332592
78999,19955.869279220202
93261,19951.58332813325
80075,19954.620229925473
93655,19976.598034088263
100596,19951.37521942446
104232,21322.066297257024
91804,19976.644699832206
77995,19973.634090426727
103787,19950.910478915994
94205,19951.366825561476
85358,19950.648607811952
78658,19948.988016243973
104647,20752.25273371542
76044,20056.814197759082
76998,19945.81707311829
90687,19952.05190877689
88724,19407.16595508645
89881,19950.91021244462
77162,19951.87206132424
105640,18456.334096671817
87663,19975.863430905087
79472,19950.125063421372
105402,19951.11875584887
93024,21322.07089936369
88764,19950.877985533964
102845,19951.368325546846
94779,19976.378818560148
78682,19947.290683729236
95089,19952.000845224276
92437,19950.536165414902
96574,19951.059890372762
80215,19408.609896816826
103217,19951.15228020895
96957,19952.03938414317
77332,19409.246111807213
88904,19951.518261971887
85813,19950.757147530756
90079,20777.232321021445
106345,19951.367811867884
93236,21321.86563674272
77551,21325.31908401364
98682,19951.847462802154
77482,19980.87846755534
106734,20777.10803969633
96167,19951.023318917534
97901,19951.07551806126
88753,19951.072011052194
80085,19977.87659007037
101127,19951.128283820355
89915,19951.185321831097
77818,21325.18277535409
88216,19950.535050864997
88372,19951.068707681945
83811,19949.775811047562
82936,19950.388936619864
89742,19951.333475503074
91673,19952.07865058076
96257,19951.18565914471
87975,19950.83662998721
80305,19977.69822867456
103204,19950.915946783716
87651,19950.804490168695
97692,19951.89239020872
79587,19950.28253765724
78081,21320.72592504533
90382,19951.009982022242
101784,19951.66448233253
86751,19950.674576431287
83746,19950.462017753536
107367,20752.256049014763
102824,19951.15653235588
88861,19950.77674660574
81296,19977.518780899733
93069,19976.616872184066
87324,19951.638157363846
80156,21323.224951741886
101653,19951.370196443986
106220,19951.373323367407
106598,19976.007075818976
100402,19951.668400114708
76609,19951.756503529978
84956,19950.878293041635
95576,21322.260234073714
99581,19951.28774323614
80485,21321.567495135583
77166,21326.64203919884
76018,19806.316746232103
104735,20776.97426595006
93333,19976.50658966182
99795,19951.116534526296
89839,19950.9041483306
82759,19950.368060484936
78936,19978.66563731816
85749,19950.687406824338
103893,19951.136592998442
80488,19950.11542122027
85554,19976.464729198855
90240,19950.92740955415
106288,21321.940277856793
77948,19944.446972888676
102329,19975.9782561143
100162,21321.910393132483
88576,19951.33521225546
94039,19976.368247453433
94453,21322.061196414736
87879,19950.82889972911
82862,19950.811260031947
102535,19951.378879638272
105231,20752.105181367948
101295,19951.209322559796
103639,19951.37776341931
100996,19951.119655706683
90885,19950.862969264166
98058,19951.027827404072
76405,19992.43555693307
81140,19975.063728028745
106762,19951.084181161106
77805,19947.866749201068
91903,19952.036979942095
103506,19951.145110751753
99841,19951.124604732504
86237,19950.630758203304
76010,19932.63246446938
90547,19951.521998300494
97073,19951.065680307594
96345,19951.616675163154
104803,21321.88097551881
97547,19951.340992349236
80566,21322.455021225018
76686,19954.529806499497
76532,21317.21604482617
95342,19976.55262940032
89227,19975.766864279492
100141,19951.118839243125
78308,21321.071539860477
89064,19975.877214408283
80510,19976.420099148032
88585,19950.880651832937
104610,19951.204843980104
82104,19949.566173401185
82975,19950.389258237374
89065,19950.880809564722
101733,19951.081556242552
96657,19951.474356617153
86410,19951.294050415396
97079,19975.948985505496
99980,19951.102457258785
83405,19977.056041652246
94937,19951.169130824142
88990,19975.846748988395
100897,19951.127138482025
89852,19950.846349668212
79720,21320.722902115278
87573,19950.818366964148
77570,19959.929303120593
101535,19950.905090864962
106853,21322.013223734968
90614,19950.945382389742
99883,19951.82510841749
90053,19951.59766528432
85345,19950.51740917909
107848,19951.181016211296
93445,21322.10933725612
80275,20777.641151861084
78979,19949.29672403088
102516,19951.235590054155
89258,19950.82285864176
107117,21322.047147761743
106721,19951.18266964162
92982,19406.973577812565
83496,19951.218021311535
81803,19977.509023530194
106993,19976.426222419785
103294,19951.458412802578
94098,19976.567542004734
77532,19975.803340684903
89286,19950.86661366129
89501,19950.622558800966
95186,20777.14420805215
92283,21322.102188514124
95290,19951.389881918192
96893,19951.056467091297
100971,20776.992594137733
78080,21322.90345143898
99131,20777.00750670514
108281,19951.375642847972
100144,19951.103590368883
105273,19951.082192091973
87851,21321.782610879756
108128,19951.294842961826
86420,19950.613332729772
88534,19950.33988198574
91836,19407.00716150862
105068,19951.366598044693
89909,19951.345490687752
83912,19950.865886498825
92078,21322.123803803854
97169,19975.9103041741
89505,19950.894664529093
84000,19951.61604928232
95770,19976.531741206527
96966,19951.553610222763
99958,19951.366375974685
93263,19952.15734864484
85201,19950.504481504715
87858,19951.002154556318
76733,19415.307209332055
95475,19406.87558793151
76959,19971.268159588126
88587,19950.74209276415
106240,19951.06236116329
76297,21326.69393763004
96655,19976.51045159431
97329,19951.010038211214
104459,19951.332744738196
86218,19950.725960389376
92652,21322.30614385759
87708,19950.83415721275
89003,19950.877467917984
77758,19947.924726150497
80355,19950.054830098947
102381,19951.403506503757
102034,19951.882958869995
85449,19001.175796159732
108344,19951.145496550904
103231,19951.148767536848
88619,19950.821161257627
91294,19975.87550151773
91671,19407.027209889944
89398,19951.740276856246
97449,19951.185265572596
90985,19976.664000788092
95931,21322.09728778123
91207,19951.034443550427
93227,19952.18335574338
83380,19950.371907741963
88517,19950.75474416145
94074,19952.099763872884
83286,19950.863085969122
78621,21322.570264982758
78559,21322.831104214736
95517,19976.554983820628
90301,19951.70358640934
86982,19951.528752016555
79155,19948.96219225312
87645,19950.81373029389
94734,21322.244766144573
80776,19975.011457936955
80191,21322.495861211068
81665,19951.31362271029
95409,19976.559996612403
107275,19951.14399682671
88752,19950.292815195775
85344,19951.283199054647
96113,19951.005877200485
89564,19950.928232158167
83351,19951.22284229161
77727,19953.810221670847
105427,18431.470581676207
86511,21322.11084974183
96465,19951.33925165854
81345,21323.014293208293
102204,19951.118813051
91518,21321.89476972835
103030,19951.368683546785
77586,21320.612167986685
81802,19951.516566480623
97913,19951.584703630724
106159,19951.45911632647
101107,19951.129840683087
77988,19979.604638896133
103558,19951.146521398274
107080,19951.136824058376
103080,19951.113872168324
81729,21322.393219436064
76576,19410.72372669509
81302,19977.58886350984
102815,19001.246477174485
76838,21324.986280864458
100835,19950.883718196354
92600,19976.613077248167
98836,19951.3486101018
107734,20776.94531146869
103146,19951.14218872179
92838,21322.304600585205
107210,19951.105935097734
87193,19950.65014051078
80803,21323.136364144564
99014,19976.276505792215
81317,19950.4310194883
105975,19951.335818248284
91289,19406.58194297359
102427,19951.153732987863
88770,19950.833919379907
93130,20777.160866356462
91428,19952.107266694315
101880,19976.314210161396
96317,19975.94312599033
79846,19977.77557108129
76152,20019.626875386795
98591,19951.354878843482
83409,19950.444137858336
98307,19951.078122376646
81931,21322.35997158383
90083,19950.895686746622
77773,19976.72949908946
103635,19951.146046419664
90621,19950.91517613143
91055,19951.70851422277
82011,19950.19258763687
84194,19950.429179927996
107360,19951.298564507117
89868,19951.07031125062
78774,19978.474072017932
98229,19951.53182074116
78895,19978.61922007713
104821,19951.367738232206
88829,19951.54670472322
103561,21321.898046306753
95077,21322.270726646773
77218,19945.558260176796
96894,19951.127271102763
102467,19951.15445529367
80026,20776.907553707617
81904,19977.39059305837
79212,19976.62204884714
76081,20040.175207693188
102446,19951.15235082126
92123,21322.319997952134
99505,19951.161587729905
90701,21322.39511864601
94131,19952.13003004839
98499,19951.085606462417
87292,19951.282277837843
101982,19950.8806787901
79507,20777.836124921574
80367,19976.479246358507
87303,19950.766117373365
90939,19976.647589506087
105990,19406.714973473907
93538,21322.311051585828
96747,21321.860842003345
96705,21321.86386047421
79540,19978.130214556986
97104,19951.204757066247
83406,19950.828220897678
105299,19406.634104626697
106722,19951.17790056324
105452,19951.039264769766
87290,19950.826029633758
81467,19950.41047997635
105170,19951.31302544002
93330,19976.576707655204
80272,19950.031092419085
107730,19950.954155051175
96010,19951.640964398728
81845,21322.938765868825
80811,19950.87749638277
83571,19949.78469771777
105322,21321.9028954766
77762,19949.006596240593
102039,19950.980982167224
89712,19001.10337781935
89635,20777.261572253672
95445,21322.09748299996
83168,19950.741288558354
97583,19951.303450311305
90719,19950.932118520912
83437,19950.622433538647
95182,21322.26912818646
85203,19950.747778810193
103788,19951.169837946396
82303,19407.72363446565
75983,21371.46204071718
86812,19950.407470232905
81841,19976.037515255142
84828,19950.579844132088
93783,21322.09680311463
107916,21321.946579789772
87430,21321.78074517028
104874,19951.08557561803
93137,20777.153169431327
103047,19951.565897288743
102110,19951.13728613561
91435,19951.688725855027
86558,19951.305527415898
95141,19951.956153318613
101513,19950.940766249856
98883,19951.08659002102
84488,19950.49042525429
77317,21325.91065160843
76345,20777.255692119015
91779,21321.831624299117
76882,19945.72575718355
90888,19951.356884361925
98663,19975.950295865267
95756,19406.606781392704
92853,19976.153459040972
105681,21322.174522643243
100628,19951.15084205816
93663,19406.857562293026
92183,21321.86698457947
87635,19952.277158153953
104386,20752.27933912083
87388,19950.79323401336
77217,19952.714443774537
96722,21321.90113435611
96916,19951.460976095386
77168,19982.584559862535
78963,19948.932516254885
93780,19976.28347756089
91677,21322.348806625938
98082,19951.08817783512
76229,19933.313649578628
92338,19951.474680558593
84178,19950.55632681045
106784,19951.141652499213
90742,19950.824596452556
96034,19951.37850375919
98064,19951.03926258241
96973,21322.23282359717
102048,19951.43866403382
106484,21321.865013382318
105759,19976.007343899233
93589,21322.309805688725
99057,19951.371605686767
80757,19950.479646267857
89636,19950.88970273587
83495,19950.29613547775
85277,19950.55184775906
91843,19976.629174914317
107118,19976.431810553924
100387,19951.379977674947
81885,21322.375773507254
105369,20776.89001857006
103588,19951.16310847115
89859,19951.134878282555
99533,19951.095649784555
107533,19951.298033962907
103667,19951.109476664893
92303,19976.626935990796
98400,19951.349087441922
107283,20056.68768817692
77352,21325.953425849086
83662,19951.55244255379
79661,20777.7639111263
102007,21321.91386223189
97793,19950.899062170756
106968,21321.9220384852
91632,21322.090885751357
79763,21323.362605651775
84785,20776.940308016747
92155,20776.964178860588
76625,19968.15297707989
107370,19950.94784081218
87638,19950.76845149681
96040,19951.051314255743
97299,19951.35955533572
81301,19950.27537806281
83192,19951.23074169338
105291,21322.191671562574
87135,19950.99965122633
75985,20470.02921525462
82125,19950.517041839743
87636,19950.454891210728
78783,19956.147768223836
78662,19949.763294537286
87134,19976.771990910034
89451,19950.816706993308
100098,19951.37769790892
88589,19975.717735118607
85831,19951.30136450453
101724,19001.291485854978
107345,19951.407728054954
88336,19950.952195574326
105588,19951.032993276716
95273,19951.633552666764
101163,19951.127697356198
77479,19946.43952118149
80339,19408.591563439146
86561,19950.99718827113
90365,19950.96340294438
78103,19973.758825914047
98617,20056.78278279915
77621,21325.36284211867
91901,21322.320395222094
93087,19951.187777644056
82739,19950.383431654984
100953,19951.125394997922
80117,19977.835080749126
84174,19950.666399352674
106828,19951.37254634928
90803,19950.982142725356
85910,19950.956177236178
89576,20776.979555845417
106572,21321.935768535353
88570,19952.427313725046
95066,19406.916061677748
101114,19951.11369512671
90936,19951.71628043558
99197,19951.09500646221
106363,19951.118093570236
106495,21321.86311838666
77516,19977.255978513014
88093,19950.80000496396
95483,19976.53644440537
93513,19976.638710779152
102348,19951.138037190245
104779,19951.120462879982
90381,19976.65952891536
90866,19951.114069008992
76005,20241.369513334485
83160,19951.612740216322
105547,19951.277257935646
102598,19951.21314940959
104485,19951.17222066217
88186,21321.790077679638
100958,19950.883786271585
93967,21322.28712051117
93296,20777.15841292017
102906,19951.566210602516
96380,19952.008895403957
93298,21321.84645550335
84722,19951.297954159792
76718,19964.91204934731
80056,21323.26539484617
78850,19974.931373585176
100715,19001.290775870995
97058,21322.11348419165
85906,19950.70050984852
102477,19975.97319939377
78624,19956.548350307818
104387,19951.096808964336
104252,19951.11638070625
94178,19951.084346237418
106337,19951.878274968592
105385,21322.04398446173
83119,19949.457258645674
76930,19953.906848711136
78083,19957.6965677614
97868,21322.24423234199
81081,19974.943071978174
102325,19951.151201660447
83604,19950.48261950167
107825,19951.142021320495
105577,21321.922441077837
107308,19976.257640947795
103876,19976.290947336638
97378,19976.507605592582
89508,19951.340114182927
86933,19950.984262478058
100033,19951.591637107686
84820,19950.881897001353
88884,19950.8785240645
105458,19951.118815885024
103164,19406.53131511956
101838,19951.12536046271
97811,19951.243824325902
93826,21322.30078640901
86364,19950.953209786996
95317,21321.89729081366
80613,19976.899310695273
78372,19979.149780728676
83283,19951.245780879635
93249,21322.316148760874
104303,19951.76293744731
87973,19952.5310177778
89997,19950.829220100873
103013,19951.12799844251
85570,19976.360674118296
102979,19950.881013273323
78598,19973.847330482375
101402,19975.95237013054
87313,19407.21468732103
95505,19976.531059657173
79319,21321.377941965453
95230,21322.267856604452
91808,19976.64725498516
98678,19951.085099953565
84270,19950.55909577293
84932,19950.489858168512
92433,19976.545549521892
95944,21322.229788467168
101180,19951.375041959218
82624,19950.430313659414
80920,19952.774271863826
99771,19951.565184192415
86425,19951.30333258253
92191,20777.169195694234
85940,19951.815523701283
97391,19951.16947611455
101341,19951.084084754246
76066,21297.460671333443
93226,19976.595352967008
108367,19951.114422236333
83144,19950.69113391168
82764,19975.536058625228
85112,19950.763751357023
97167,20776.978112184806
105808,19951.1190379843
108416,19951.246970361553
94695,21322.115557600988
100332,19951.58124025184
102829,19951.123471542
83817,19950.348417554233
92304,19951.44131204371
104385,19950.95840223643
77858,19951.521949569542
104454,19951.015898480557
100292,19951.38738097936
88759,19950.87514997844
81746,19951.620167298937
98246,19951.125864533977
96680,19951.059390427527
84163,19950.564723967007
98135,19951.588191468658
75975,21581.58125963282
92064,19951.1086615588
78732,19978.231049318558
99528,19406.61902427251
97651,19951.083529603737
88195,19950.850581246465
85398,19951.28605533925
105940,19951.092998048818
83822,19975.45242774614
79148,19951.910893817527
101011,19951.383204160516
91642,21321.84828312106
92277,21322.31860927217
78438,19977.426764593685
103126,19951.109969747296
90247,19950.990543112985
105738,19976.180621588093
91585,21322.07110079266
99313,19951.09037673649
78484,19949.777102070413
91221,19407.072858508156
102068,19951.151174176706
103027,19951.245671171673
79594,19409.115762956797
78290,19976.588603642893
83059,19950.69411239743
94542,19406.911373483646
80450,19408.241053781032
86055,19951.848179109315
77128,21323.13489716959
78459,19951.1404504214
106614,19951.104308056376
100580,19951.139148017675
79200,19954.453019074943
90988,19406.6664966532
95354,19952.079209521788
95524,19976.546370708504
89514,19951.420635956423
100494,19951.121755312295
80365,19953.93502038772
100498,19951.069141088137
94820,19951.364439659465
95203,19951.190633026778
84845,19950.67510147419
103726,19951.37890766047
78164,19973.43673036727
85894,21321.41466913431
83974,19950.55171642273
100042,19950.883702409636
82641,19950.790924128407
89331,19950.823544984636
104138,19976.350890273618
84136,19951.274627914605
93037,19976.366448224126
88791,19950.846020240813
102077,19951.13597622377
81882,19951.320782845803
98035,19406.595348805244
108194,19406.6648677997
101297,19950.963729761646
98938,19951.2884951889
98486,20601.699301336506
83293,19950.385448666624
96404,19951.356375459978
90115,19976.652379712552
100205,19951.11778484065
81271,19406.940659288382
99430,19976.01221070907
106622,19976.334698990064
80213,21323.285172499225
106624,19951.38181370723
89907,19950.68716774043
92178,19976.180121086083
94849,21321.90150363551
83585,19950.53083730633
85742,19950.65431162051
98510,21322.06047862423
95629,20777.01888201468
86114,19950.858990069315
104028,19976.401984330798
78862,19949.898127988767
100720,19951.137625629304
97302,19951.027882994917
76761,19970.708745158725
97918,19951.88022932873
95704,19976.466570273664
108116,19951.821388236203
101381,19951.366564270345
95542,19406.860612600973
89609,19951.70441242265
79374,19976.36422578489
97399,19951.182196174283
79350,19978.143845136256
101700,19976.443142068347
76556,20782.10444193132
85945,19950.666646828242
92706,19976.61200104585
98698,19951.37106600393
98683,19951.36933326329
95706,21321.8934681149
91170,19952.270510347756
89870,19950.818798500895
105665,19951.434554241012
76774,19942.78848013209
106996,18431.488807068876
100111,19951.231752359745
85146,19950.49973940089
87623,21321.76494399792
106125,19406.220432234815
81146,19950.10704678933
82472,19952.060039617307
106621,19406.215562075096
92229,19976.26973647655
100574,19951.131506059362
93325,21322.27156964877
88820,19950.806441451397
95448,21322.27599850189
94293,19951.1672444854
83682,19951.238198748313
82826,19952.00086591542
78729,19974.274274372852
82431,19950.292489370007
105701,21321.96518120011
90828,19975.955570445294
88782,19951.773413375304
90765,19952.06552784126
89779,19951.33342156563
93973,21322.282910223053
82915,19950.730578357237
107131,19951.33557183557
78143,21324.549658627006
101557,19951.449189731637
81060,19977.342747033705
88032,19950.84284704381
102913,19951.154881232374
84050,19976.358052994834
97797,19951.365477791744
99183,19951.042440674355
81588,21322.985078613434
89819,21322.124659561105
86947,19950.77773402228
107568,19976.340028544273
92085,19976.54361310371
101729,19951.142489179285
89417,21321.795674581896
89797,19950.896916817892
89349,21321.797993105854
86040,19950.72094041
85454,19950.792607247815
78374,19948.813948691495
84084,21321.654048256078
88370,19950.600083105117
99555,19951.823518875775
91675,21321.913192753123
87112,19950.768179342984
96235,19406.85910331958
98203,19951.09348234605
77675,19948.89720367537
98775,19951.09279085341
81614,19952.273522952742
102391,19951.142110318662
77097,19950.835219734847
80494,19952.573355401106
91050,19976.663992209455
90412,19975.787240918242
106318,19406.209327824818
88976,19951.518596084567
95898,21322.05799773838
107839,19951.46930363738
83737,19950.348538550774
99929,19951.20656424424
85736,19951.29748254609
100856,19951.375556783234
85708,19951.275580275957
90131,20777.000604207657
94568,20776.998554578076
96466,19951.934618796582
100117,19951.359590839307
87585,19950.410109969518
79106,19974.299361179346
80237,19951.271281079287
91302,19976.650763727
83945,19975.55699794737
80650,21321.647103735748
95104,19976.344068791914
96677,19951.05408556473
100682,19951.570155139838
94464,19976.52330248667
89293,19975.879680086735
102107,19950.88412611394
92219,19406.999584777477
87853,19951.33404921583
95391,19406.892083866074
102232,19951.140714651654
83035,19949.435565412317
80636,19974.956445847856
105398,19951.09358138062
103291,19951.37928950055
78340,19949.762176650507
107130,19950.957136157147
85694,19950.951750517102
89901,19950.89568004067
101501,19951.145086427194
92797,21321.919988701073
90279,19951.334032338997
92115,21322.1057233432
105910,19951.18522129032
105226,21322.011057557684
94797,21322.28377515239
88857,19951.08168013184
91374,20777.176517261112
106841,19976.301041666902
90283,19951.1158159363
95421,21322.068698440435
102374,19951.108855019545
93581,19406.941102766148
77463,21321.086189872032
94949,19951.37614461547
79220,19951.09917607452
82822,19950.85697311497
107897,19001.264321279414
77398,19960.84323526931
99943,19951.368951240987
101334,19950.889277828763
78664,19978.162630322327
98917,19951.852011733605
98320,19951.533180319475
86414,19951.042281161557
106690,19951.29203376256
103656,19951.373133684585
82816,19951.251793944506
92595,19976.592890270585
89058,19950.862232885007
90981,21322.110261801485
84545,21322.67029751434
85121,19950.78213831297
86786,19950.620367445677
104318,19975.983893225184
101816,19951.14491236158
85525,19951.200972670347
79169,19954.225383793877
90473,19950.927809632973
76459,21318.044696004814
91881,20777.181456105107
76343,19962.158320670464
99475,19951.050365018356
76756,19943.452355767073
105158,19950.895676587836
82355,19953.40143013161
102382,19951.140025502955
102739,19975.993467553108
95595,19951.97906644259
92655,19976.372090813227
93230,19406.93335265447
92502,19976.636940568
78020,19946.039001968213
76077,19892.842394691044
107845,19951.142849952852
94272,21322.106488655318
89239,19951.318412940826
81657,19977.39074861006
79605,19978.067495362535
92466,21321.848026978616
89062,19950.900266886692
91866,19952.04677726728
87629,19950.470572353424
94495,19976.56241066238
108301,19951.119842910175
97893,19951.080931097207
88636,19950.863224703724
76642,19419.99137205141
97723,21321.887127198952
99689,19951.11365962732
98669,19951.36259029815
107547,19951.75727109249
107324,19951.30101464752
96837,19951.049585657995
87607,19975.74069797351
77412,19981.246996311595
87012,19950.903523095036
106509,21322.089394704988
96290,21322.067167064193
98997,19951.596845576936
80784,19949.175115969712
79231,19976.496741077426
99071,19976.072101271377
95343,21322.136207238596
106067,19951.737511269224
99385,19951.59944740306
108247,19976.335242713147
92030,19976.639812217916
106907,19951.197140097505
83305,19950.01200536019
77537,19942.545050857603
94191,19952.117587759712
106218,19951.315364432867
90895,19406.683692742674
87733,19951.009574996664
85938,19950.703086225058
92778,19976.567118210063
104351,21322.191749940277
98023,19951.88765870983
100496,19951.137436998688
99703,19951.53797533312
97963,19951.0385333704
107514,19951.186314332506
90147,19951.376525909447
78976,19949.14876055505
87951,19951.496530755703
87689,19951.586350176967
95720,21322.25717147591
81362,19408.08099110211
88028,19950.706226342387
101241,19951.454077559767
77282,19981.65912752983
87318,19950.798884130058
95832,19951.25888899513
93146,19406.95612496417
105053,19976.401430284153
106782,19951.472487900817
95641,19951.92772164669
101467,20776.993216835224
78487,19975.691540875625
97221,19951.059236820023
88550,19950.920910365523
102969,19951.149532887568
91727,19952.088332639203
102790,19951.219018735246
90218,19951.342436880583
95243,19952.111121222693
101112,19951.12400302154
85231,19950.753928910555
108368,19951.204203186637
84764,19950.85337470934
104560,21321.932136956115
88854,19950.839952299786
96342,19952.0563678294
97363,19975.95716467722
87222,19950.753655831075
85750,19950.681145546838
99457,19951.118805966296
105834,19951.22392501236
81230,19977.440920807505
89905,19950.847576180455
99107,19951.27684702979
97725,21322.247488996923
103383,19951.155188614863
101881,19951.372021042596
79274,21323.56404951816
106126,19976.112492900847
88014,19950.898121579594
81379,21323.01779080178
76685,19932.283337337147
81756,20777.559552499126
80382,19977.727994395194
87661,19951.007570955604
103160,19951.381152687845
81893,21321.65528181133
103538,19951.16515933563
101780,19975.97602152765
81384,19407.14889671945
106350,21322.172991556497
92907,19976.359096346474
99538,19951.595579723067
79214,19978.219268670357
101909,19951.134735475087
107864,19976.32011352753
100524,19951.377336535304
84466,19975.61686855944
105389,19951.235128931577
95621,19976.487544413147
85294,19950.48146066294
101831,19951.22440760438
104539,19951.282796765594
97418,19951.900618756215
84417,19950.883547280544
87082,19950.853834292782
90484,19952.07361089353
94455,21321.8836320749
88204,21321.787804576983
102964,19951.377107905966
83265,19949.94714214654
79644,19954.406050921152
103662,19951.182674711406
98160,19951.153461454556
86602,19952.37405230596
96773,19951.0736706974
106258,19976.344537308698
93161,19951.97143849925
84913,19950.742332748687
93566,21322.117819546067
99048,20601.68985341629
105009,19951.169580958333
78907,19948.69725997059
86767,19950.979403118065
91280,21322.138871840838
80284,19950.11842343048
90664,19950.945502821734
82570,19975.540932501008
97344,19951.11752208756
107585,19951.19455839127
88462,19950.83626866936
97190,19951.2002560866
105578,19950.987549295212
100275,19951.171849976643
101818,19951.163271011017
96900,19951.1830354399
107149,19951.29471610563
92413,19952.196448013394
79385,21323.590034687066
86389,19975.66921384754
95212,19951.062541343446
76373,21325.567228899006
78959,19951.269121801335
88737,19950.73220630737
92016,19952.084373089772
86224,19951.66602269114
82578,19950.56129739954
97155,19951.071509710848
107701,19951.16957404383
100516,19951.231029803777
100278,19951.457304159845
88637,19951.08088638149
82527,19950.323178510604
84753,19950.583833850713
103714,19951.147872977108
100322,19951.451721352452
86770,19950.778889726706
81754,19977.42710650412
88214,19950.80812065288
104113,20777.048928503977
104421,19976.443661180503
97736,19951.030633229224
103535,19951.13545937737
83206,19951.26156878019
106330,19976.05748456962
102339,19951.153430635997
87709,19950.915842006503
76492,19950.021217471225
77728,19979.488482325094
80481,19977.733265734143
103158,19951.416522215484
88892,19950.854426456535
100388,19951.371780736266
92082,19976.633050696553
81236,19953.894016529062
77042,19945.197091643477
91157,19976.652092988094
84392,19951.26501930411
93436,19976.642050772705
106487,21322.0525888224
76638,19945.033008991973
100756,19951.657891751904
89769,19950.791048277504
107047,21321.934061681928
107482,20777.085820116194
77672,19980.775772972793
88137,19976.057338389415
94234,21322.328129318485
100690,19950.909965505856
104730,21321.786985564133
80889,20777.134610217854
83038,19949.88665674376
78952,19000.014801510923
108324,19976.340868964297
89723,19950.945017925882
84963,19975.549176565193
82834,19951.254962886243
84141,19950.526075469592
94870,21321.90644080432
97980,19951.565768078595
84101,19950.546844664594
103187,19001.28938848969
89617,19951.339656284254
107178,19951.181894569574
92448,19951.960863922926
105739,19951.136297022967
94934,19976.346507926773
106422,19975.98376364885
84357,19950.065829900926
81219,19977.45765405054
96165,19951.396300579378
89437,19950.88104220768
107434,20601.848304492265
104751,19951.073871529326
79869,21323.4325343736
108255,19951.29403724249
93706,21321.854913124043
77694,19951.235835015686
106112,19951.860159935164
79750,19977.975594946776
92715,21322.070647236174
91183,21321.889468462818
104425,19406.19736205217
91695,20777.14918802822
107783,19951.342343437445
80023,21323.373609717124
106551,19950.948719357068
88253,19951.40917943537
89867,19950.940422116724
83678,19951.585867854228
105660,19406.613072885877
88202,19950.820083262726
95119,19951.9388554325
108260,19976.030059827805
83078,19000.7787919791
82345,21322.807166654093
83217,19950.32424801765
87850,19951.015644388015
81035,19954.033428112776
79575,21321.4975811659
91737,19976.582974600784
87829,19951.293112569594
83729,19407.303516775195
85611,19951.288059174127
98402,19951.08312314058
92385,19406.96746922697
86408,21321.74333334175
86059,19950.816578032
95741,19406.93092955484
86739,19950.74044992824
78929,19409.62742951347
83842,19950.363818145102
87907,19950.81896439496
88079,19950.915675674038
85643,19951.692875940164
81382,19408.08758263078
83493,19975.588264442413
93460,19951.92435264884
80412,21321.60170087119
88171,19001.051213287432
99783,19951.11923232128
102777,19951.166033144655
80663,21323.10084232334
77531,19972.496581326177
86865,19950.853963690348
78461,19952.133125252854
107352,19951.328527998092
94120,19976.546353869795
79496,19978.134367761257
80515,21323.25438939841
91344,21321.8860434289
79373,21323.600197490847
96220,19951.001982399783
93246,21322.329236986312
106908,19951.136510285134
78245,19977.957345444764
94731,19406.79614692479
90402,19951.024859556586
76206,21347.132432425475
98559,19951.062947432587
88796,19950.882280042995
85816,19950.762241834676
92649,21322.116961211275
101935,19951.130703837654
105463,21321.788992252994
87365,19950.811323599548
95227,19951.936331164903
93234,20777.140558318464
85937,19951.30069504373
101266,20752.1916937672
99571,19951.521651293286
85700,19950.547507290812
107102,19976.36285495795
89204,19950.76226384768
107013,19950.948536303065
89174,19951.043524460554
105413,20776.972463971124
97676,19951.12872044371
97236,19951.063381749635
103159,19951.462925877255
86515,19951.30120861804
95748,19976.543130336562
103941,19951.378602002038
86393,19950.422355642124
100154,19950.984536888773
96775,21321.871413597855
85975,19950.73826378484
80620,19407.520606923645
91545,21321.841819878584
90512,19950.925019409955
98423,19951.284958235774
98191,20056.73916810257
92713,19976.669143187068
106242,19951.360801468963
96941,19951.066204491588
91711,19976.584994767672
93194,19976.598808265982
84431,19977.040063793134
106092,19406.57036309175
77699,19948.01572920776
107042,19976.409234674447
94581,21322.132942117758
94719,21321.887213692768
103203,19951.56783959897
90527,19951.655291682055
105553,19951.094145702762
86257,19951.28330427374
108539,19950.956107191814
80580,21321.578178874865
100564,19951.079907640426
107330,19951.161556691248
91726,19976.612914333775
102084,19951.148453770234
87088,19950.774197888753
106757,20752.127704767372
77040,19970.988136435786
83253,19950.448147069146
87231,19950.205150385973
86913,19950.623644350737
100372,19951.12072389797
104194,19976.32140982452
91979,19950.965913268807
82139,19950.66926789989
82434,19950.3077392458
95418,19976.5614052463
76862,19966.112571244634
76939,19970.630623200836
86454,19951.297751482667
98632,19951.840559362277
77936,21324.68671555345
85823,19950.594850464855
88035,19951.045645803664
90469,19950.85699386658
77882,21324.81957672998
91663,19976.616834833985
84326,19977.065438329737
107834,19951.103840109427
102220,19951.375121381294
105246,19951.09375248211
107828,21322.06554932765
78808,19949.88918055665
87428,19951.78707196363
83186,19950.32044625008
83578,19406.94304839127
76948,19974.766505749583
78241,19973.94159362631
79743,19952.901832900516
105523,19951.12359260204
90957,19950.925034601478
100382,19951.133034207018
76105,19923.040348406365
86104,19950.98582093912
101922,21321.905068770557
76554,19949.9366378184
106985,20056.662977030897
85689,21321.713593733308
85008,21322.16525917755
91965,19976.577740108467
76366,19985.08574567983
86191,19950.728595223627
99663,19951.05521690617
96285,19951.04763509105
104099,19951.204966422167
99056,21321.891645168125
84374,21321.702874227638
106354,19976.39302561385
93698,21322.12351986057
96634,19951.04752328338
84156,21321.343064119435
108084,19951.468825780732
87399,19951.318570653453
105466,19951.401496902057
80586,21321.651484581816
92580,19976.583313138544
101845,19951.134468675948
84566,19950.821619507697
90141,19950.822122329046
108378,19951.211385158953
98277,19951.209428882208
95092,19976.603038235604
104064,19976.632140859827
107637,19951.117148008103
97365,19951.34879058848
96955,19951.341755813886
95760,19951.056816861972
95872,19951.627308916344
96240,19951.212054506537
88163,19950.861518271515
100611,19951.22648931857
78881,19955.74217407644
101061,19951.35271289742
107426,21321.866292752795
84044,19950.542961422325
104552,19951.110963665447
94780,19951.08102029242
91863,19952.10376374559
100864,19951.113698544883
81237,19977.495779114946
82136,19407.024064333964
95905,19406.80408249209
106384,19951.166029145716
104293,19951.46629065756
81454,19408.150867330914
107302,21321.82080679371
104291,19951.507393261294
82868,19951.265719679144
97858,19951.34506248537
105855,19951.256822410236
93166,19976.237562964423
94741,19952.08932190532
90290,19951.655290136634
89573,21321.789813445106
78623,19946.336883877324
98815,19951.100939334618
108391,19951.223061196695
84762,19950.585050363286
91318,19407.022600290213
79163,19950.08701112413
95977,20777.149916379036
85867,19950.946284052236
88322,19950.75827467504
79623,19978.043183940496
98269,19951.049760708633
99650,19951.360508626858
107902,19951.14836430031
105941,19406.18973616902
81949,19977.287591070704
79343,19978.340530389403
107578,19951.22984511188
99489,19950.81092211178
85577,19952.76309398709
96815,19951.065952952347
101625,19951.13981236851
77737,19977.60289239575
104092,19951.834208243497
100181,19951.14624440955
104928,19951.17231575991
98913,19951.038259557223
91602,19976.619326574084
83876,19951.964884685967
89307,19950.876024985504
94093,21321.900194041627
90665,19951.679157836697
89424,19407.064021556755
89966,19950.96244945043
87512,19951.298354108854
93925,19951.175740270603
92819,21322.146125512023
93100,19976.578413276235
84387,19950.89992761189
102337,20776.99639729629
96351,19951.00620728743
84790,19951.301763100404
82257,19949.590103202256
99957,19951.837566176717
88917,19951.87558121082
95068,21322.26588016943
84509,19976.935919637766
91624,19952.22029940285
97851,21321.88397627359
88699,19951.066189586032
100216,19951.109950761922
103752,19951.48736187797
86444,19951.0226744951
96692,21322.061311550842
99855,19951.363434082778
80299,21323.191291829105
106960,19951.125882916225
97471,21322.066426026686
84560,19949.73436872906
102670,19975.987571700847
89279,19950.883607798765
101965,19951.242510004475
97569,19951.034468332156
79614,19954.372344521158
91772,19976.63122460388
85007,21321.719376903548
106561,19951.36098167152
75994,21356.311729029643
79691,21323.38790840256
89364,21322.118724515203
78875,19408.929724334008
107066,21321.970091379826
81507,21323.030714221895
95249,21321.860175376307
87015,19951.011997808655
91324,19406.647759067142
76752,19945.579482602774
102171,19951.240057706345
101910,19951.382915621467
103619,19951.239115673176
100128,19951.123655954547
79404,21323.494886005155
93180,21322.095867107386
98208,19951.209788980905
79595,21321.420213077956
80232,21322.397358226935
80698,21323.08777734746
77442,19945.955703674652
89295,19950.867418058027
107982,19951.04267295207
104260,19951.082188340057
107081,19951.11789998947
84397,20777.36992010388
76341,19929.229303492157
105837,19951.3848124324
87758,19951.331390232415
89085,19950.55179088753
85464,19950.568705143392
108404,19951.370107994007
87357,19950.676592695705
96567,19975.94196548902
106723,19001.2552676724
102198,19001.241462638536
97673,19951.34603614791
94078,19951.369116562473
107507,19951.140603089578
97681,19950.75316960722
80033,19950.026185395083
86656,19951.285606215988
77797,19947.88325794975
107699,19951.374849029016
86945,20776.944838533025
105222,19951.11030663935
104904,19951.111168206386
79731,19949.563637345444
79205,20777.994322708902
94275,19952.02862038611
83219,19950.30040070972
93926,19976.60409425308
77804,19979.496123721998
84512,19951.29530636469
77215,19412.636911317815
95226,19951.918927361705
102992,19951.125485719687
98108,19951.54537657532
80629,19407.928297337796
98788,20777.006510321302
84971,20056.94257228054
97484,19951.072865478898
87887,19975.73710494623
104294,21322.34200319875
84316,19000.8844688681
105685,19951.309332697776
84866,19950.880918018156
108412,19951.507073348617
83463,19950.893328981034
105005,19976.243025055686
94134,19951.688856185432
87832,19950.789629363
106089,19951.14063547758
90745,19950.92477069196
93579,19950.752709402397
77750,21323.183752356716
101618,19951.170817665887
101148,19951.21697685543
91084,19976.268677390275
87106,19951.297265546447
89045,19950.780678745574
100365,20752.188322055004
107100,19951.142898849805
89836,19951.34321260358
90463,19951.35452860872
95908,19976.54503848201
105700,19951.118990528885
93105,19951.6571030849
83244,19951.6064823854
97603,19951.458230730248
93616,21322.287654714928
94245,19976.561291652833
90752,19950.967028926738
99594,19951.532815466846
93068,19976.599587848108
88443,19950.849782752546
92592,19976.615466847514
99796,19001.2733915637
101588,19950.865706823624
89633,19951.10327341174
99577,19951.525030053555
97165,19951.00688653935
95686,19406.744201715872
79266,21321.30251304149
76351,19955.46012444017
87457,19950.77301315301
90220,19951.342219113467
87855,19950.443929744346
79818,19952.7330262445
91024,19952.092055824258
97908,19951.369574765213
101556,19951.124630572936
89750,19950.879053657216
107781,19976.26232911576
94151,19951.01076577806
103214,19976.022768205312
89012,19951.341827316704
80997,19977.469270218666
90002,19951.61361112107
88243,19950.865346609484
77631,19947.38782023805
76185,21346.219174702193
102767,19951.447508881305
96776,19951.901958825347
107630,19951.109394011626
97550,19951.12650090969
91871,19976.62158231909
84499,19950.613110750728
94523,19951.04645453719
95467,21322.073137521114
91735,19406.87826186349
89874,19951.338168498485
90168,19951.34857840754
76765,19941.17333333719
92590,21322.064128781563
100529,19951.13509634491
99330,19951.092787817463
92566,19976.62231939947
85303,19950.683062589083
108401,19406.44566806275
107621,19951.117199987453
80471,19975.943505968837
85478,21321.716877542396
78386,19952.065114727655
105016,19951.358781467286
76807,21318.643662849656
85036,19950.512925556202
85428,19950.706652710935
85783,19950.55348428757
88510,19950.865553121723
89262,19951.721449614717
89136,19950.886966926508
77193,19982.30989176962
88928,19950.766536632837
85930,19951.31067558428
93387,21322.313488716714
87348,19950.772570141336
106766,19976.250817699383
94358,19406.601218569504
81582,19976.15243164896
87880,19950.817420573276
80554,21321.637045043757
103295,19951.37492682126
86265,19950.687930076358
85650,19950.516140901593
78496,19946.79731988408
90155,19950.974395379966
108366,19951.13399191809
95435,19950.85149181006
83433,19950.52581808262
97917,19951.36347726973
80755,20777.014891802573
106070,19975.976820757045
80354,19952.3725020251
98453,21321.8844959065
100106,19951.13475515466
90408,21322.09130728498
83615,19950.564356723266
82425,19952.930613713914
101993,19951.378181440657
94522,19406.595342330227
84782,19975.554242078895
108223,19951.556102318078
96160,19950.999444246587
98432,19951.364809617924
105363,19976.13101611624
100535,19001.264241180023
86591,19950.603229619966
104667,19406.680462750533
90913,20777.198971067235
88935,19951.340931997096
104570,19951.326915148416
83610,19950.521521880768
92006,19951.43620506193
86169,19951.55007153594
82827,19950.56530155262
86592,19951.791162373607
87212,19950.968206219222
97120,21321.870037629276
77359,19972.455730482452
104752,19951.369820961176
97296,19951.115516817823
76528,19977.96965172602
94678,19976.339424695856
92677,20777.156481837068
79068,19950.020329206778
79258,19974.912956404416
85903,19952.694424045025
85139,19951.263227858035
93427,19976.594814075877
83820,19950.49273721508
77286,19951.45546675288
99210,19950.81271348548
87068,19950.77266904308
83423,19950.431160017528
104277,21321.864386054895
90679,19951.354673710906
87218,19950.941578967166
85604,19950.218830888796
81045,19977.560188736286
99525,19951.099287322882
102332,19951.22573465148
81248,21323.024059066607
94626,19976.611584978164
102031,19951.12068874725
99240,19951.54183608724
104198,19951.06404403561
103296,19951.141773274212
105530,19951.755199173313
77830,19947.542331041466
107707,21322.187607469878
99875,21322.102007765654
107727,19951.13708511539
86279,19950.72840300292
78738,19974.809967304784
77514,19946.932425182327
83235,19950.415683510164
96964,19951.060774299214
95157,19976.560638586783
84407,19950.849108167087
107930,20776.87716453688
100103,19951.117750284368
97895,19951.5790414101
96823,19951.502387828838
85448,19950.66867190411
99246,19951.845280145448
100586,19951.45607655931
84536,19950.58939364669
79744,19407.140961340203
89433,19950.352455156506
93466,19951.11867645699
80628,19953.72264337722
105144,19976.42458646113
87407,19951.30440366014
106295,20752.266634627347
84239,19950.948908699993
89362,20777.193077553224
85099,19950.62039896447
88071,19950.78851016895
87696,19950.79651099533
102512,20776.999296671875
95911,21322.255667826466
85069,19950.780964861413
77710,19980.06518590063
106234,19951.199736189763
96338,19951.047318242167
76534,19971.09644201971
91330,19975.822452877936
99229,19951.362261968003
79318,19978.171958113337
87465,19951.01574932643
85327,19951.552998475672
85601,19950.73977616454
84287,19950.69860650392
99523,19951.10618209958
85692,19950.58805892844
101573,19951.238432734233
97295,19950.879354291566
106567,19951.225181403937
76031,19862.827191877524
96219,21321.883833846143
103153,19001.296770128687
91126,19952.254318848725
106188,19976.396259877394
79174,19949.99570198728
102013,19951.37379037602
104603,19951.32937785448
94006,19406.937449954243
108326,18431.49381169132
78483,19952.372493077746
85801,19950.712014992358
93295,19951.382547375113
107744,19951.176394834187
100171,19951.095580254707
106558,19951.126335681656
100806,19951.142838990683
87732,19951.786035802714
96227,19951.950834263615
92111,21321.872739947452
86147,19975.680526468805
89519,19950.938845475124
95271,21322.281371453275
95264,19976.543730403973
102294,19951.14121609851
81966,19977.28976313965
103012,19951.369996751535
106989,19976.411314870806
96772,19951.092179808173
102972,19951.14932778786
96306,19406.907081744317
108418,19951.425745573328
78045,19947.865655765883
88095,19951.558936946818
107561,19951.465137682975
81795,19950.591435516602
106736,19951.18561340273
89308,19951.532293325527
92852,19976.619305193268
79486,19977.810206589205
102942,19951.14210573203
104342,19951.065247064475
92242,19976.647792460662
107000,20776.978755402084
101869,19951.565753090308
103744,19951.153812735
92316,19976.408009500905
100386,19951.132519664905
93123,21321.888672753757
79755,19953.94728476962
103598,19951.578076144557
85309,19950.86337008028
99062,19951.086591734387
106747,19951.32195664465
86675,19976.90110645165
78833,19974.38929077903
77194,19976.977745150798
100977,19951.13340522738
80837,19951.234874034824
89253,19952.359051387895
99368,19951.10736470243
82058,19950.742767398475
88519,19951.090935776883
91242,19952.217109652112
80897,19953.972243162305
80505,19950.273768054092
77645,19959.18347835433
100818,19951.355899910017
101021,19951.379743029553
80028,21321.595494083504
105669,19951.362691398557
105092,19951.10855474803
85973,19950.94423823549
101110,19951.480550077304
87926,19952.24627625948
102411,19951.381780231575
86210,19950.757910545362
106999,19951.182619098512
86228,21321.78547151471
89278,19951.422233646084
85460,19951.311846211713
100527,19951.09336907754
88852,19975.84600854406
105762,19951.288913913933
100149,19951.672900707214
80290,19951.531219026452
85953,19950.10185369597
81492,19950.616895176103
76831,19944.048747184715
106123,19951.131327656753
81945,21322.92640182509
96796,21321.872532753216
83848,20777.351768331035
76568,19959.538801988892
84777,19950.507131722887
85159,21321.719882148052
86943,19950.78156625382
85719,19950.70129466014
90325,19950.889924972427
102061,19951.15223343857
77924,19952.226382207155
85093,19951.86728868398
101892,21322.059979191283
100848,19951.126710413097
98725,19951.99961564642
83883,19949.652140495902
90754,19950.87249781477
83803,19950.78337227339
78486,19407.953279058
82705,19950.575761720214
81532,19952.245145443907
108285,19976.433633370594
83833,19950.544609685887
98263,19951.5641830788
87000,19951.015694380574
80673,21322.443926117714
78206,21323.039576080097
105718,19951.087830179942
93533,19976.605790167792
92133,21322.319542236717
91065,19952.059693426116
87899,19951.604606531826
98017,19951.591545260708
99570,21321.87652664853
85188,19950.668885349427
101319,19001.24052862147
100142,19951.122129597756
100019,19951.0531661505
96598,19951.35916626527
81397,21321.69212447771
89238,19951.594358097962
95758,19406.8722280974
91540,19951.084975870795
88474,19950.84853793865
83465,19951.465900930958
103092,19951.160016972026
84968,19950.882307294894
77523,19952.37555711542
93366,19976.136750176378
90815,19950.979809502838
86902,19950.355908597874
98479,19951.09092389325
81068,21321.674930390647
93005,19950.715088543886
79216,19978.409079008183
87027,19950.787390153702
97332,19951.369876585908
76700,19986.10318441271
92098,21322.069916203884
90564,19976.629618688617
85106,19976.92411576932
107907,20752.256184539092
84142,19949.786088446628
76304,19983.535221316157
83000,19950.38887488208
89782,19976.629772795903
76184,19931.850489634384
107539,19951.218389363
78236,19956.447335446774
82316,21321.69400897591
106526,19951.096186307674
94138,19406.934314394275
87340,19951.300157516453
79516,20777.885404047527
77411,19950.955021782083
86680,19950.72754213222
95225,20777.149741120502
92224,21322.120613461375
94791,19406.871053079234
102989,19951.1429789112
80765,19408.30394109176
85393,19951.65617418142
104860,19951.120878161502
102484,19951.37346676702
103672,19406.71241970868
82448,19950.29738831949
85479,19950.720204036985
94775,19976.554271716184
98729,19951.83879539166
76893,19947.29731312982
88144,19950.847075172238
92369,19951.673559934847
80841,21322.303083626397
76791,19946.591287025716
91845,19976.550799544046
86949,19950.74726834885
103913,19951.38325933755
85869,19950.66170868359
76426,20775.908365906307
85214,19951.674036278404
95332,21322.07006269493
85821,21321.78868887466
79430,19952.89788617606
104573,19951.113385582114
105788,19976.00153608416
104867,19951.20424603786
106367,19406.726983841112
108241,19951.16781466755
76913,19965.821265941107
78712,21322.90197928334
87769,19975.716954402596
80169,19977.82140915063
102028,21321.800051265313
102001,19951.14287900697
107798,21322.176933426865
80044,19954.117558715894
93757,20777.155840856874
104233,21322.07420166611
84195,21321.72615936202
84096,19950.532205814656
82336,19407.827037082658
90423,21322.086840638007
81769,19977.199792838466
79650,19950.264052921764
84837,19952.56211386825
106303,19976.278735621658
98551,19951.159440484098
100452,19951.372008039925
81161,19951.739767590163
101116,19950.954784435497
93465,19976.569795324045
92749,19976.654304919994
86281,19950.98331755195
95586,19950.803815331696
78235,21321.139375328527
102754,19951.130573920585
100017,19951.107475410612
102637,19951.156288314665
98192,19951.54062520177
96683,19951.99836597868
103968,19951.378100629016
89159,19952.39184425025
77752,19947.672198765908
78526,21323.88387821365
108387,19951.27992955144
78659,21322.67825977232
77013,19979.49725384094
106480,19951.09087129099
93920,21321.86726570032
92912,19976.533611627787
79044,21321.422020234506
96831,19951.10166513909
83502,19950.46342669636
99420,19951.115376729565
93785,19976.153343743346
83739,19951.584015134707
87018,19951.350687886777
93773,21322.28862291695
101674,19951.16963646219
91655,19406.98260677653
104412,19951.105535542763
91636,21322.349351095687
91101,19406.93615441389
102437,20776.986911311593
96958,19951.3493224636
83934,19950.39471942646
83372,19950.56586609543
107296,19976.26647669041
104909,19951.291283086175
103886,19976.037518532783
98858,19951.34851105456
86276,19950.72765152575
98148,19951.571698847205
107294,21321.927185884
81812,21322.942811282246
77997,19953.463588493294
104626,19951.158669318287
102424,19951.18662449877
84992,19950.956296809883
86867,19950.672292846182
93370,19406.95861703079
90804,19951.52592408226
76001,19767.81054434148
85691,19950.935369047376
76328,19987.80912308797
79143,19976.7800471996
91356,21321.679337443205
93553,19951.071851541816
93673,19406.92323381655
108239,19951.216702039586
99923,19951.2203140467
81616,21322.918870282956
94433,21322.296585384196
99985,19951.358853853377
79648,19954.99098900046
91423,21322.367453208466
96581,19951.354907081186
93321,21322.29861602137
89736,19976.65455899284
82722,19977.10974804576
76093,21307.89285801504
82767,19950.20713569306
101615,19951.13973104558
96585,19951.05054766651
81552,20777.501130632972
89656,19950.921339804354
76301,20062.80375783132
80683,19953.83109028831
95638,21321.86333766995
78343,19978.84412958769
81495,19977.445602717544
78517,19409.925297685262
91764,19406.872562270208
87050,19952.372973305508
102877,19951.16112810669
86844,19950.750592104854
94535,19976.481840545035
80871,19952.32083559221
81126,19949.260969174586
77182,20779.314861651255
89335,19951.333182938735
99612,19951.066636899468
89041,19950.963929726135
104165,19951.411763073884
79096,20777.994951895686
76051,19984.752269047272
99599,19951.129692920564
107763,19951.16322073592
106646,19951.197229439815
88985,19951.48982317217
107109,19976.602596329263
85110,19950.70620489497
96907,19975.952314184364
106806,20776.87289730277
105409,19976.011553041604
105449,19951.399850201196
104042,19951.17062006577
101299,19951.148941443396
102434,19951.37798415345
96363,19951.405224119306
93918,19951.675116606617
80842,21323.126352110277
91578,19407.009991793235
90458,19951.013434542765
82186,19952.103482045415
99767,19951.0607731363
96898,19951.933874098155
77755,19952.189798017655
82958,19950.745998651473
89248,19950.81625198062
93452,19406.920817990525
81517,19975.15289947575
77919,19957.89194322704
97110,19951.07870834302
107317,19001.237196227434
106102,19951.09734638917
93034,21322.299566593272
103446,19951.167194760794
82762,19951.414446377163
77365,21320.52252970945
86634,19951.28867375302
93109,21322.319389363627
96094,19950.988054558336
108191,19976.044449617868
82667,19950.808307788557
87953,19950.97125184911
79188,19978.418057904524
84962,19951.37985779889
88377,19950.850899787678
85942,19950.769361078488
88278,19975.862044985486
77743,19947.801871251933
98341,19951.266412505738
101197,19951.130949696937
102838,19951.16976994544
86885,19950.75732513307
87648,19951.255273836072
78995,19949.20487562644
81374,19408.12517171925
83829,19950.484343118937
86073,19975.789592629186
82848,19950.382278515975
101727,19951.390555989437
89929,19951.042531806645
108534,19951.071871476834
80592,21322.391626797642
96292,21321.876073271516
102569,19951.433968195877
84692,19951.305599070038
84531,19950.733750173364
100173,19951.092259118985
90263,19951.009057879233
88489,19950.86328607813
83941,19953.022571891495
96621,19975.95029891089
88427,19950.844511576
86625,19951.79247542894
82798,21321.225576819736
86084,19950.659657902404
93058,21322.069445208246
98527,19951.05693175515
99786,19951.530385933303
84132,19950.505605511713
101160,19951.22644608419
80396,19977.839446812144
88132,19951.060654135967
82835,19950.50729232958
82959,19950.726687810573
97225,21322.243828280913
85463,19407.364592129135
96733,19951.058135689014
91820,19976.604045676977
105870,19976.425976071423
83255,19951.252751387197
78899,21321.10592322927
99812,19951.128151355726
85798,19950.699372796043
85452,19950.67747059353
84706,19951.277000823982
104289,21322.0636621642
94785,20777.155937035815
96707,19951.197584698988
92847,19951.69789280914
96054,19951.192602141633
77986,19979.92743320761
103435,19951.140651145088
97008,19951.35888390841
81650,19953.277065531714
76920,19953.1087830515
100479,19951.244960183267
78120,19947.704502256387
84761,19950.587050420032
95062,19951.937522582553
83102,19950.48134129865
103872,19975.983113399234
103816,19951.263512187517
85672,19950.57077783735
102125,19976.43844966935
86928,19951.320628769496
82814,19951.2119423723
93167,21321.86184606192
97674,19951.05919063208
107400,19976.437584816456
92669,19951.08420213861
78046,19976.78421910013
85703,19950.985657562178
104265,19951.448337712234
107786,19951.28858539414
83707,19950.63479353355
76858,21323.643064573804
94147,19951.666594851296
87307,19951.35010376395
90594,19952.08426326342
91305,21322.337349295118
83302,19950.457387814182
86173,19407.325295084196
95811,19976.533750861086
79868,19408.6785933436
105265,19951.343556477525
107009,19951.05236828933
107281,19951.292641438336
98848,19951.36822646818
84222,19951.565319916852
98808,19951.860254115487
94002,21322.30384207545
83985,19951.64455796549
107772,20752.11055585302
86564,19950.86575479449
105241,19951.291888846754
101060,19951.411497999343
104362,19951.384431447615
77441,19947.34327722969
92827,21322.096228441475
86523,19950.910191879233
78695,19955.414503231947
81392,19976.401281123566
104823,19951.860851459285
93521,19976.61367451708
107098,19951.272053375145
106011,19951.42784163188
97032,19951.01120721764
88646,19975.849617781845
82014,19953.20335970518
88034,19950.85313476194
90561,19950.954382227657
107888,19976.032564756533
106249,19951.22718958666
94608,19951.363827465048
78134,19946.97212552697
92898,19976.650245138797
97031,19951.340690837907
85220,19950.6458472929
104973,19951.860113747192
104081,19951.08321773192
89865,19950.827185262104
91706,19406.973384190453
86089,19950.98061933158
98736,19951.548827150506
83238,19950.449245290387
104237,21322.19609232159
106990,19951.13495748774
93432,19951.699648303624
85280,19950.76823034241
79909,20777.756535053224
87698,19950.805765988975
106059,19976.448487692596
91016,19976.580108890157
80180,19408.666543654013
90006,19951.010247800947
78122,19979.390692591827
99672,19951.095799191342
102297,19951.372149860206
76047,19868.34013746615
106296,19976.01525029058
79989,21321.522894740243
100843,19951.13413543786
89014,19950.898427438766
90568,19976.70233111528
79905,21321.459485102805
90643,19976.448783321044
100729,20776.991300279515
97084,19975.937938056995
100984,19951.150221827094
91475,21322.347518903753
105531,21321.88176461763
78482,19978.222183627608
83254,19951.23383089218
85217,19975.59534750169
102974,19951.160705828
80040,21322.51854594594
96077,21321.881706748656
89073,19950.850450644084
79118,19954.97427419438
107565,19951.14101316432
93486,19976.533878421014
84670,19976.976377142862
81104,19408.22784373717
97867,19976.524034792856
92897,19950.819320923365
96592,19951.3542040841
97864,19951.413485765526
83369,19975.423323240742
100471,19951.216376610137
87533,19950.801023821197
93111,19976.571062425744
99979,19951.13162339264
103340,19951.161142411675
104434,19106.80196999225
78515,21321.047278011578
82046,19953.608995620012
100572,19951.347220751206
96382,19951.33181431688
97575,19001.239855093725
76210,21315.293051509685
96628,19951.197468611543
98232,19951.352778240645
92457,21322.331579768896
103665,19951.371755309643
107838,19406.2273664151
81165,20777.559535885113
97719,21322.27347694907
80739,19950.514657939675
77593,19946.55443405791
84766,21321.721265698132
97274,19951.073873002577
77281,19947.3138102088
90347,19950.854331611135
77555,20779.003092017287
103246,19951.227945273884
78404,19954.386786629806
107745,19951.41791486748
77017,18998.168577929693
107995,19976.37486858791
80982,19977.532603774853
93844,19976.619368208867
83606,19950.486820894486
86904,19976.38889750363
102616,20776.992522226257
81768,21321.732803966835
81464,19950.437688620015
103309,19951.119368183234
92975,19952.18132430092
96156,19951.474630048535
87770,19950.804098183755
99632,19951.526999460635
89924,19950.834256012018
77573,19953.9969028495
102968,19406.73734776968
77822,19974.089090228234
77725,19949.019493473803
100787,19951.13790337791
78013,19979.607478810576
94440,19951.652619451856
83938,19952.762657893214
81204,20777.57737360286
76519,21332.465226143624
82172,21321.673966156337
103592,19951.106033055887
102003,19951.09996327023
104259,19951.206992696232
81120,19950.132514857316
106207,19951.12890423293
86710,19950.769958306362
94024,21322.31401161708
88164,19951.332410894836
86667,19951.28689407209
98371,19951.587701067987
102344,19951.228029884933
83142,19951.11769397171
92532,19976.630523767217
98345,19951.046956515358
94565,19976.555210775623
106223,19951.090760513613
104831,19951.861100115668
96144,19951.11125076549
106634,19406.25006198382
90623,19975.861872927777
91275,21322.356737699087
91547,19406.998542938174
86390,19950.721105028457
101986,19951.09876244867
102994,19951.14937717461
85291,19950.65998072536
97430,21321.869784947805
106209,19406.60483132155
94798,21321.764031228806
104565,19951.130277089233
93679,19951.086741393818
93960,19951.993412734555
90063,19950.429257427917
80038,21322.526154547817
106513,19951.186012904273
77267,19951.370788394295
91539,19952.238262820494
77973,21321.236824772077
95999,19951.356923700805
78036,21322.862132884213
106191,19951.13589763416
77480,19948.798028109544
82656,19975.47448910726
93916,19951.167539715174
95975,19976.532175569875
81550,20777.496425153233
103221,19951.240487518033
84062,19950.541061260195
81584,19976.303401118836
99564,19951.59062820645
100276,19951.109524336873
81308,19977.288961244463
85519,19950.65262116818
80114,19976.4668304439
83911,19950.566625020896
101879,19951.15087824378
106626,19951.10980575915
89009,19950.849959611514
81989,19976.10014594422
88197,19975.954272594998
93592,19406.95397181138
103290,19951.235373372212
96988,19951.029255219513
106777,19951.482227270215
88922,19950.990452540456
78224,19947.1402158798
79643,19952.447583617653
100066,19951.370758329966
99132,19950.79730597365
100610,19976.1685568201
89409,19950.66042332945
105675,19951.27253073699
93304,19952.138734527016
87662,19950.805097001474
99433,19951.058996618824
100011,19951.120482426562
95327,21322.264420371826
90169,19976.658887744656
103978,19951.16275802967
95238,21322.062829932645
96242,21321.87912374505
107917,20776.86247569225
92639,19406.970753898342
88936,19951.583470682977
102923,19951.170945983307
87883,19951.061999600355
82670,19952.95370469563
104229,19951.82524415412
82031,21322.208956302038
94197,19951.66890638654
93921,21322.07158888588
96030,19951.95695482707
106335,19950.940322207127
80671,19950.348873101568
86723,19407.363292198166
79293,21322.6068671921
97549,21322.253314411188
91837,19976.398091459996
86437,19951.36391226038
107577,21322.046236688802
88419,19950.80647381251
80746,19954.28021221364
82548,19951.238200817526
102711,19951.148214537883
80682,19977.625584189384
93204,19952.19245214174
99582,19951.600082510446
93195,21322.314409689774
89626,21321.870113327685
84713,19950.6007727511
103182,19951.365835002085
96954,19951.499703559697
81758,21322.81007868561
91938,19951.003832015598
92961,19951.126657266195
89533,21321.845822093706
86243,19950.758140424423
104482,19951.09950626432
83198,19950.409004259458
78284,19947.885858271235
101133,19951.134726498192
94339,21322.074784893277
88631,19950.756497461105
84364,19950.903885037544
104341,19406.204371123382
84650,19975.52544962318
91140,19407.004394137344
88889,19950.852864995002
98085,19951.083565549932
78796,19949.990947297134
80524,19977.72875732346
81309,19950.314879446676
87410,19951.321060126746
96810,19951.0392772781
89982,19976.648470860982
87326,19950.756707096763
79722,19977.781756526532
86367,19950.725991105242
105368,19951.472837038204
92505,20776.978429673745
103000,19951.384860719496
85052,19950.6404756477
76497,19977.19443212052
105312,21321.94389422133
89705,19950.90293586708
104999,21321.811642564462
107876,19951.814640149412
76095,20024.93621193667
96723,19951.470187060342
91593,21322.120204647883
85772,19951.62074195606
107199,19951.018120225548
78256,19957.313988089423
78275,19957.1126824785
87582,19975.85528387192
104231,20776.847933363864
90265,19951.333177827248
81793,19977.279485893705
90526,19951.34738821046
99086,19951.086117186995
92743,19976.54391830911
95412,19976.47574482212
91146,21322.079656312268
95923,19976.506535100132
76021,19839.36581500934
92858,19950.83080791344
90984,19952.293542194948
79158,19949.22879094835
90318,19951.34597274655
91747,19976.574548416873
96641,19951.055779869912
76202,19906.18349855563
101040,19951.374617742844
78797,19955.334488099972
84745,19952.525247680536
76942,19940.08965830327
78980,19952.274007788088
96662,19951.065888318542
107813,19951.749134196383
93431,19952.112427226486
86915,19950.758357000053
105102,21321.968626659138
104447,19976.25230293739
83183,19975.478508883403
78917,19948.72526141515
99336,19950.8032413128
86883,19950.768349642007
104155,19951.302710820473
89989,19976.662906262245
80406,21321.66555113193
103151,19951.358892977467
101077,20776.995895553555
80134,19976.979305584562
79090,19955.557163705373
93482,19952.168787852937
87205,19001.207084624126
81295,21323.04920960602
89726,21321.829401530165
107842,19951.129978187833
100351,19001.289704673967
78392,19410.239200612836
106503,19951.092630330288
103982,19950.960019215454
89276,19950.78940766109
83143,19951.300286949052
106521,19951.369069882316
100841,19950.849940207194
76990,19944.949582260528
108466,19951.288564710067
94285,19951.65537148866
76323,19932.65066384141
90868,19951.40097147949
100631,19951.14487524187
76196,19967.7706295558
98387,19951.54225032049
107494,21321.873941462392
107439,21321.796052714442
101458,19951.376742458255
78473,19948.680628152495
107016,19976.278498757136
102109,20777.08781437085
76537,19410.627247087617
106523,21322.051920507984
86340,19950.726383034376
102486,19951.450758375067
98993,19951.546329589506
79358,19949.870554947494
79906,19977.708864962475
83932,19975.438878635814
95064,19951.154667731065
108339,20752.102337423195
90489,19950.985211378233
107984,19951.506932442466
108096,19951.77597417638
98313,19950.789047374554
79508,19977.899747951342
94289,21322.2825504269
104393,19976.263580560313
108220,19951.14858592847
104795,21321.79502508048
93178,19976.316096050607
106079,19951.85060713908
89584,19950.48837600522
102435,19951.132823107877
91967,19952.247285261557
107618,19951.194196853554
86862,19951.52427635526
87991,19950.79214792283
83618,19951.272974934687
90089,19951.351514488597
90681,19951.344463557114
85562,19950.92126459944
102934,19951.557090156402
78806,19955.390617706158
104615,19951.47697926131
101221,19951.37990406246
107067,19951.83090783867
101807,19951.390585457902
85952,19975.774668177113
99387,19406.821319803723
106135,19951.396213046508
90522,19950.919652927958
80068,19954.566444781543
95046,19951.68636020565
93546,19406.93071169262
97202,19951.514788638087
97567,19001.22715562053
79963,19977.900917884577
84033,19952.684286111908
86538,19950.809392734613
104104,19976.512676348502
98033,19950.756720736263
91989,21322.322772441777
102114,19951.23607297486
102507,19951.10699506925
104663,19951.35898543387
90772,19950.920040479425
102250,19951.127766580477
78758,19948.505999326815
101421,19951.3743233473
86744,19950.731817674958
98916,19951.089356073117
86659,19950.774282178914
79853,21323.402045197756
102463,19951.142223382223
103827,19951.16128274263
106662,19951.483157315783
97291,19951.0502286141
108516,19951.15740353593
101211,19951.204437685163
94947,20777.147639526855
87948,19950.8295307563
83719,19977.109878175215
105186,19951.07980794221
97592,19951.48056511254
79918,21322.53758628591
78137,19949.059177574305
78859,19977.810374585668
86082,19950.632882690217
96316,21321.874659174337
80327,19408.39551899123
81639,19952.13504092113
76145,21331.180538980974
76612,19968.096596982927
99606,20776.981623097658
101120,19951.098578996316
98540,19951.03789523444
99667,19951.081372348835
81038,19952.322841962574
77521,20778.83725118679
83408,19949.49685570059
86905,19950.752352006723
85997,19951.688904441566
77009,20779.952889423024
103958,19951.378041478194
90392,19951.302908979702
94800,19406.822031861655
84391,19950.524301102752
94843,19952.048913831313
85555,19951.545345147202
101453,19951.127586860795
86686,19950.720587200678
101665,19951.15734269074
101044,19950.92670383586
84230,19950.021398709516
88440,19950.860905693615
103253,19976.43820234082
102847,19951.36882231375
94381,21322.118062265723
94229,19951.97227466156
76327,21317.45022727354
97717,19951.985082046605
101291,19951.585427447044
81877,19975.344794483633
88927,19951.014423509805
77137,19962.476031994363
105325,19950.896717567994
79368,21322.631055307702
90769,19951.34794629274
101376,19951.149507201248
88733,19975.86474917427
104519,20776.876403774833
79100,19974.34934675071
85667,21321.786983985847
91111,19952.27016593687
84474,19950.648766713763
102166,19951.1227915462
96711,21321.897304967442
103102,19950.943115090246
102519,19951.152176999487
92508,19406.83946569012
79560,19955.0104158008
79530,19976.50608938105
103272,19951.118603020477
86935,19407.015343573992
88977,19951.11655462918
92681,19976.420655999213
91978,19950.971397363493
81144,19951.791462104986
98005,19951.297373649228
82716,19950.549650589783
83371,19975.408604895903
95566,21321.86870884725
87240,19950.954633090474
105593,19951.205383991182
85457,19950.66718194152
89803,19950.90361963166
107934,19951.139826461076
94736,19952.094495094934
92865,20777.17152390902
89863,19951.039014521448
101109,19951.133195055958
100755,19951.121088859483
99015,19951.582826307495
98439,19950.892674432154
84150,19950.543672005115
87593,19975.81129385961
83830,19950.449780373638
96778,19951.337898947873
93458,21322.320352345276
103141,19951.556130196892
78576,19978.630776105874
84582,19949.887707635666
84034,21321.701373810844
79223,19409.34734787192
88574,19976.74849429485
95914,19406.85303935849
91830,21322.10661881968
76682,21318.677607408736
76091,19962.007516718473
86187,19951.842338720267
80571,19977.721528316346
78015,19951.037999233762
83392,19950.46791295784
82103,19950.660312313536
93859,21322.062283584874
76290,19928.18645028686
86539,19950.912409823748
81288,21321.630327034236
103599,19975.991833012096
90430,19950.94175621981
89392,19951.10462717016
98963,19951.563901438967
88846,19950.89410531864
90966,19976.699122260063
97360,19950.874758521306
82496,21321.128688635923
96630,19976.515536800005
81712,19977.362369214774
105871,19951.33636427266
90926,19951.11924054459
81443,19976.342747963285
98173,19951.542236061952
90309,19950.90771398243
92444,19976.597813361157
80136,19952.35043498027
95739,19951.06037575533
89153,19951.91403505441
76376,19963.22517883422
80884,19977.3726498979
87395,19951.30072153581
85338,19950.757262418992
103345,19951.196329669398
82351,19406.79217520523
94598,19952.071689611425
103500,19951.179868979347
90717,19950.92607230881
79512,19950.213871361146
82283,19977.28567137332
85192,19950.487791379906
81490,19976.31994815531
94793,21321.892560102362
97046,19951.079290260994
78567,21321.284925852986
106928,19951.151345964583
102478,19951.136284336677
99213,19951.562012369734
101949,19951.133596520333
102151,19951.129093899603
82627,19950.722223798195
90239,19950.90082992312
91840,19952.209991811433
93782,21322.122550193788
97384,19951.351969765008
108322,19951.185075806272
97638,19951.161021203876
101508,19951.461550710083
77475,19953.13153800722
106194,21322.070595081972
76651,19937.75531592606
104133,21322.055226338853
99030,19951.056574883398
81824,19407.86296455807
83167,19953.237285531937
92274,19952.202565262145
86068,19950.696036524576
78912,19977.221627794068
88363,19951.032248814678
97410,19976.340998307205
77823,19980.0223763427
98879,19951.531015897537
77043,19944.135638507654
93902,19951.029256155824
82757,19950.463062469928
90417,19952.126824216302
86645,19951.038675938216
105708,21321.957873993233
79365,21321.31220244925
93456,21322.076717621687
104676,19976.090084132356
92775,19976.277057784264
103789,19951.16741022121
98176,19950.759893831142
101278,19951.192863003707
86112,19951.544656886803
90579,19951.38418743079
102615,19951.22534914473
97093,19951.500021942895
84373,19950.859332086813
97755,19951.358767090198
100097,19951.37695566721
80866,21321.50276627665
84693,19950.621520498327
103077,19951.556476039554
93079,21322.12791483473
97533,19952.0189367118
94217,19976.487785648613
106019,19951.319996177084
107836,20776.883912054345
84471,19950.57590699126
94600,19951.668781981134
94349,19406.884005234126
95132,19952.07138273499
104772,19976.404944336187
92560,20777.156115286693
101638,19950.927647617038
100523,19951.126017464936
82090,19977.207772940736
95816,19976.523433593647
88689,19951.77700457995
82540,19975.285133484296
81643,19977.332131903117
104880,20056.74825733164
84922,19952.844605811526
97849,19951.043453835708
107366,19406.200516360328
89303,19976.43593706154
76547,19974.655037879387
105055,21321.929499727332
104312,19951.08157395901
106500,19951.239857872675
91096,19951.009868772067
92671,19976.601860564784
95982,19976.49004389533
105012,19951.066020412018
108232,19951.818239774755
84668,19950.589647382985
104903,21322.010886501866
86487,19950.645683096736
102860,19951.11697383937
93205,19975.845160428777
78221,19951.17514841876
91931,21322.340230400794
81589,19951.313767623953
106873,19976.420412140604
89482,19950.921513185083
98459,19951.54256270277
97660,19951.082550169514
96409,21321.86395241732
101480,19951.10675767104
105862,19951.08025053764
90363,19976.32185947724
96433,19976.320877175323
76970,19961.562840678234
96689,19951.896778453993
88899,19950.877183800254
87559,19951.317700024
92908,21322.103560965195
105211,19406.575251368693
96729,19951.06336797942
95854,19406.830697222882
93767,19406.6443941878
90545,19950.925568997733
84005,19950.0087937723
77380,21323.009247093818
105877,19951.101649120807
104706,19976.464030758136
89994,19950.50331428603
90227,19950.93950910354
89814,21321.82041687809
102539,19950.91165561727
87753,19951.438261017618
102038,19951.344321435063
76666,19941.299910018042
86698,19950.707485056406
97368,19951.084141933836
79416,21321.4307934792
85147,19950.957828094062
80148,21321.58181782711
96579,19951.358631962867
89817,19950.921478248078
86431,19950.73632540136
103566,19406.727751483446
89355,19950.788433604168
97349,19951.030159621976
92618,19976.60405864149
98595,19951.858923726577
87502,19950.969799481238
107954,19406.310973119576
81470,21323.03093682578
79848,19977.975092700595
96373,21321.858458505674
79599,21323.43439351257
101454,19951.141309380568
92802,19976.59208985752
82725,19950.31398790903
81084,21321.64624635226
90130,19950.949634376222
91985,19406.84365588158
79528,19952.193844811478
86359,19951.32648942613
95724,19976.486335524387
102527,19950.966144649414
87032,19952.604924298175
78499,19948.707551624728
107980,21321.97097758742
91005,21321.919524895304
100196,19951.47157713793
102797,19951.099387399645
77141,21320.014914506603
92109,21322.133685725425
96501,19951.07964828238
83865,19950.533132540357
79122,19955.576986865897
87979,19407.19956220081
93237,21322.29995200324
99104,19951.593128233246
95095,19976.36962659611
89412,19950.86894599909
77440,19972.42851152244
84127,19950.83263341611
103842,19951.439746961252
89806,19950.89711323589
98894,19951.094512334745
88126,19951.454851238435
92809,19976.178430122123
106076,19406.20292369656
80110,19953.870739367067
95396,19951.058483595967
103003,19951.25244599637
80123,19950.52633978969
82441,19950.32879727871
89990,19952.110378836343
92936,19951.687738409622
82544,19950.339221537328
91339,19951.76295515365
103929,19951.374864975005
102389,19951.57868766388
91128,21322.336103390666
89752,19950.882963164084
76840,19943.97219398643
96514,19951.3445166288
98706,19951.37320140761
107602,19951.364951596915
103844,19951.384515505066
76375,19961.662209923335
80401,19950.20231031921
79030,19976.68940236719
105766,19951.171635106846
83033,19950.900250773615
92521,19406.82583934454
90836,19951.357141969278
99168,19951.52006291779
86363,19950.968430084038
87320,19407.209225077513
88185,19975.759256537563
79290,21321.37063368525
88091,21321.817426867758
83838,19950.492271415787
88099,19950.740265793058
82824,19951.43153305163
94204,19406.850336288437
107723,19951.145719615084
93691,19976.58371531069
99317,19951.586661745216
107105,19951.24420977671
106351,19951.46232210223
82970,19951.21316393312
107261,19950.94997282574
76679,21319.88181058719
79464,19408.60947875969
91312,21322.09742008549
80546,21323.201038478284
89220,19950.869805483708
91796,19976.69344410391
106360,19951.709561315245
83027,19977.132987124663
81553,19977.155212924063
79124,21321.119574323693
82590,19950.336095199156
107515,19951.357668557383
87964,19950.70482890593
79995,20777.719021837212
101022,19951.3847497082
78580,19956.35452259474
97644,19951.071918873466
87603,19951.32421526409
85091,19951.633130820883
85155,19950.892677955868
78402,19949.591714694907
92603,21322.327953782657
79788,19975.612080875195
107769,21322.0564469378
105117,19951.2043750667
94619,21321.8964088243
76808,19946.802918938945
89229,19951.31765327816
102592,19951.37267238451
84597,19950.40703334491
77146,19962.684524204422
98794,19951.085382928537
100453,19950.890257058476
84075,19950.554356737
92090,19952.101848727623
97646,19951.35516723075
84071,19950.535896141348
80924,19954.00769109922
91167,19952.102199467667
92607,19406.898467812905
99654,19951.375041409596
108195,19951.156320456525
95150,21322.268899862887
99921,19951.04468338808
83768,19950.57977901275
106095,18431.48463935187
79380,19955.194390270826
106671,21322.304285982504
91757,19976.669510639458
84936,19951.265229790642
77970,19952.265223245726
103327,19951.154252731263
102169,19951.560318635617
103207,19951.15250340244
81602,19950.45927009842
79975,19954.688165321106
102385,19951.459446703735
80726,21323.08240475729
106953,19951.17978343984
92929,19406.954772572735
96553,19951.093374283868
79654,19949.92961553629
95376,19976.545258006667
96667,19976.542381997588
83421,19950.445955709867
107579,19951.236590853772
89108,19951.131105237277
79958,19953.987856161697
101980,19951.21191491638
85178,19950.521096462642
100898,19951.42150154864
94926,19406.85468489902
104484,18431.484484004282
80250,21323.27958911615
79639,21323.515541113466
84385,19950.473442190494
98249,19951.224816927308
94803,21322.115816192418
99178,19951.529588324607
99706,19951.581326684773
82493,19950.39042807008
105868,19951.41380535101
98807,19951.580839954677
95529,21321.92390241301
93580,21321.86497807155
91437,19952.257006512915
87804,19950.73395052841
92901,19976.582425499866
77177,21320.658345493674
78856,19948.992250135685
84586,19950.576757572097
85230,19950.696248774853
83215,19950.40390313594
78610,19975.50961851699
100081,19951.07642384874
105716,19951.148961131046
95022,19951.33708613644
94225,19406.841562633723
106371,19951.035752934113
76850,19974.848861393493
108514,19951.38043419649
80352,19977.92781936719
87930,19951.50844567692
103564,19951.556199478193
79881,21322.551784010928
86736,19951.293803838587
83661,19951.347530344436
98853,19951.609477210386
107158,19951.114138856097
96809,21321.86830179169
84048,19951.26488812649
90608,21322.099507255796
89134,19951.88132723606
99321,19951.221597095573
82452,21322.845875002018
80684,21323.09413089068
99699,19951.124859590447
88449,19950.618631642526
76962,19955.62195901259
105626,19976.330487089104
78655,19955.49662107833
97115,19951.055558905275
94865,19975.980761439758
85675,19976.87134773243
96671,19975.93389642879
93365,19976.276350695836
105188,19976.302992824996
97713,21321.873350486298
98996,21321.884107715305
98329,19951.036790914637
96091,19951.341355658093
101010,19951.36844612049
87169,19951.31462471165
83760,19950.526037428197
98511,19951.596106295954
94233,19952.018648945577
92072,19976.64340172355
79796,19949.833631864763
97619,19952.037944252443
84419,19950.55141788198
101015,19951.448074920245
81132,19976.4026404821
105597,19951.098416651923
99139,19951.52338553109
93116,19406.927469178314
97838,19951.4266254745
76627,19941.14310558865
81785,19950.21037131876
97645,19951.1669389871
78865,19949.11681861191
92152,19976.621955934483
106432,21321.966065257708
81609,21322.888376347106
85585,19951.366281182596
79017,19946.97792458485
105666,19951.08929605631
97664,19952.032405322334
84418,19950.61178353588
102163,19951.08457418215
99675,19951.09541422246
82132,21322.88738241891
89488,19951.344457526644
95516,19406.86802160046
88542,19950.85193872978
81995,21321.66246116853
81065,19950.25711066299
89542,19950.910282973568
87184,19951.561858223595
87194,19951.556817417677
101981,19951.339210815946
105620,19951.11849957915
99094,19951.42022895356
101950,19951.370181785293
93488,19976.604957654636
79632,19951.253626895545
79299,19409.199147746116
85438,19950.6531225409
91006,21322.365839616003
78636,19947.37750363037
98590,19950.97113605922
97735,19975.96268670371
103694,19951.15429771463
97890,19406.615378413313
87646,19950.987676543384
107953,19951.251922046205
103882,19950.962743607277
77900,21320.763066964857
101991,19951.15596317286
90105,19950.845048804433
106516,19951.689189744535
108415,19951.15225805819
78853,21321.492124353805
98196,19951.311461454065
95738,21322.288688059256
89535,19952.151281301733
85467,19950.67181549214
100920,19951.37171743689
97314,19951.073182122822
103461,19951.235769840925
104907,19406.193216521435
92168,19976.622838113282
98077,19001.280133460496
80593,19977.839338046
76915,19940.7619882192
106919,20752.121053885836
95592,19952.048972007575
105772,19951.08648530443
95614,19976.181670523507
92550,19406.99588385836
92495,21322.327543200194
84341,19950.609630914063
84600,19977.03722666747
92665,19951.1622466061
93922,19976.19122318954
88129,19950.85693256406
82700,19950.376152203215
94492,19950.71281790738
100974,19951.571730067815
106554,19951.15414356007
107785,21321.936151824008
107443,19951.114599061133
105470,19950.901251453994
99750,19951.38852205077
94633,19976.54725135862
99429,19951.0900991027
88790,21322.118233386846
104180,21321.79518599748
104589,19976.411031541345
106704,19951.505799089526
78596,19947.677794649564
102083,19951.131026814215
84507,19951.987041425324
94274,19976.58161324746
92588,19976.58259045798
84344,19950.839595102163
99818,19951.858244733798
76710,21324.592587968345
107923,19976.115893913775
100470,19951.17382327998
102211,19951.16191946358
90030,19950.8263956823
90852,19950.975432798725
90222,19951.056804884796
105952,19951.140635167703
100876,19951.374107852855
98062,19951.370724484314
100478,19951.13056026129
85486,19950.55909661405
98292,19951.088835583007
86160,19950.741414272226
82468,19950.818222747952
76728,19938.52395365372
97277,19951.911325876736
107553,19951.360474707773
100325,19951.062573097748
91775,19951.730755009303
104326,19951.81062076703
102909,19951.14563587941
82173,19953.517024514873
96281,19951.339661117338
92426,20777.159868730465
97724,19951.12719127073
84057,19951.235515721753
91020,19406.671898506298
100095,19951.373795654752
81655,19976.362101831906
107220,19950.949133281527
91626,21322.329419891776
108469,19951.28767253068
94037,19952.133435864278
83530,19950.32100979819
84542,19950.610496715173
85634,19950.66712608681
91707,21322.16157518286
81934,19950.415326718165
94960,19951.154985123077
105778,21321.824163222755
83841,19000.841757527836
77242,19414.27539345982
104694,19951.08000872115
89706,19407.129837967226
88670,19951.32812319682
102492,19950.87146131425
82971,20777.01644888663
87256,19951.789508718233
84642,19951.296580752616
107437,21321.954710352245
94640,19976.24055199913
96089,19975.929061512943
85018,19951.378866296793
106576,19951.383265883036
104158,19951.108245602525
98002,19951.518417032097
108045,19976.411963976567
105890,19951.10533584804
103298,19951.11821881362
98977,19951.860369419195
100431,19951.12753348287
81100,19977.321144661317
85300,19951.357804768697
77518,19947.134770269866
76712,19945.538085877197
87545,19950.78980572099
86848,19950.8134461461
77647,19958.01457925778
92094,19976.63077138536
78540,19976.65176360716
82957,19951.732641092553
82768,19949.585550373347
95875,19406.59938355723
80705,21323.08268477958
76746,19967.302979576947
93222,19976.587990148644
84494,19950.578677949205
97557,19951.345848771543
104969,21321.942526876705
92998,19976.58649403886
75991,20136.592020194115
78217,21320.73406533556
79176,21323.728464070366
83261,19950.295666901588
81177,21321.666841368908
89681,19951.325509823335
96968,19951.350703551845
82896,19950.22682892233
108357,19951.231906607612
103421,19951.37355823079
87971,19976.729761567436
87170,19407.2733019479
89941,19951.40783197955
104046,21321.81624201799
88894,19950.87236154633
82638,19950.679341393145
79213,19978.19873545508
92902,19976.541600384564
79282,19952.314497472973
86331,19950.724197973217
76336,19965.29084102798
96080,19951.04111086781
86990,19951.017246933017
87762,19950.706521804823
80699,19953.734116050786
84711,19950.462554484817
95297,19976.555601714415
92828,19406.578698118952
77614,19980.291278756446
106565,20776.945662485676
96874,19951.535876737194
77145,19971.89930671383
80473,19976.423308660076
89438,19976.661679757257
98442,19951.856617434543
106213,19951.731399736862
101442,21321.8979561001
79337,19978.265800954283
106021,20056.693841978664
88638,19950.480055002146
77383,19948.36617389263
88452,19951.136020012007
104464,19951.33623822441
82639,21321.602599151633
87305,19950.794371845157
93172,21322.069738792103
98857,19951.60640833267
90873,19976.676069196063
99679,19951.104806895204
78104,19978.866328657088
77770,19976.586375084982
91351,19950.62911737295
83700,19950.540974371535
80548,21322.431367575686
81163,19976.024681313596
84140,19951.559625091577
95479,19976.559016138042
91705,19976.629799547445
97722,21322.070421776727
88383,19950.839148533265
96632,19975.913670116926
76496,19988.407025575998
79062,19955.70434235708
103519,19951.148938360206
87592,19950.78555341951
97668,21322.239104854758
77969,19948.74266711724
97610,19976.54000729987
93889,19406.88065290425
87792,19950.739764691636
95078,19976.56184664845
87575,19976.764128325172
78804,19976.00328001637
84242,20752.197695724186
83462,19950.48546580797
102260,21321.890241260295
102635,19951.379234278684
104460,19951.245868081078
100463,20776.986497567177
77272,21319.819051977145
82246,19950.731462640375
81472,19949.138543314115
82420,19950.32935903107
91586,21321.82804635245
91099,21322.327904387366
103536,19951.17268774742
105169,19951.33724749416
93837,19406.94158214343
93958,20776.988027609506
86124,19950.62638340386
97448,19951.065579878163
83040,19949.720093213735
104713,19951.288865152
101549,19951.1347562383
96018,19976.45782447027
91089,21322.3833547396
105130,19951.207641464243
84720,21321.729247496223
97182,20056.79965686256
81653,19950.256502598673
87522,19950.799976281098
92754,19406.559587357842
77510,19942.209623959792
94863,19976.375570116772
108414,19951.334331349688
102393,19951.144982397742
81528,20777.516973334707
78983,21323.775112103936
98051,19951.546504403206
93080,19976.540662742314
92657,20777.1784871444
108070,21321.931475000543
96990,21322.071101081867
83301,19952.79072609118
88459,19950.86095390459
80158,21323.198387416018
106913,21322.13285196587
91119,20056.805959377223
85522,19950.539824037445
87469,19950.842164769354
89620,19951.693834324666
106903,19951.129114746072
104183,19951.123128926356
107015,19976.072900542596
89120,19950.865128708898
80555,21322.443943889804
107037,19951.8411122328
83340,19951.23361541201
86654,19951.74783063186
76116,19906.385127822992
108208,19950.902724206644
99790,19951.373020707404
100950,19951.086969662556
105495,19976.372563421217
85317,19950.666441099387
90114,21322.141012294924
99322,19976.520752392385
77185,19961.875930898048
99412,19951.10687564153
100021,19951.086838852993
106020,19951.34248776822
85234,19951.57480701393
90059,21322.392236964544
106902,19950.91674477123
106871,19951.153920852186
97784,19951.22517763431
96140,19951.948475721998
103840,19951.177164189776
99573,19951.096155950352
81967,19952.124426456263
96124,19951.41242126769
80245,21323.21030750506
90896,21322.35370572211
100257,19951.1586044939
76759,21328.51192410251
87022,20776.998123597597
90758,19951.676644632036
94073,19976.551315886645
104837,20776.8573183041
103025,19951.37895103067
91765,21322.32136706241
88352,19951.025928752464
83826,19951.261446740522
106648,19951.15364660494
102967,19951.228925673953
88989,19950.78576027346
90846,19976.6057986527
90232,19951.098380280993
95262,21321.874919697213
80599,19949.93451992095
93353,19976.548827450086
100230,19951.383676282534
104516,19951.337743813358
76127,20008.762836371567
99603,19951.35748658754
87441,19951.77549349953
98607,19951.04525693354
101385,19951.143949338908
84028,19950.743778188422
99900,19951.521806460703
97880,19951.89651710549
103005,19951.148083569366
99862,19951.093803010717
84899,19950.605828198153
76129,21333.20662889439
107674,19976.417014414652
79058,19955.6075156864
103161,19951.375123717677
77525,19958.063064097223
89366,19950.89609165264
76529,19954.15365410694
78121,19979.73467451975
87960,19950.818295213394
76468,19985.574197084854
104029,19951.111351420324
78294,21324.51445944905
93269,19952.06391851152
76124,19914.23162429053
107551,19951.362905412996
103953,19951.25245313664
103212,19951.38433855158
77337,19952.73388642661
94095,19976.549176659235
95358,19406.88317238338
94772,19951.68910728487
99318,19951.10795360479
96569,19951.59734573391
91669,20777.189483754282
95240,21322.24175602221
79693,19978.10041336123
83100,19950.468865937968
85506,19952.772328550436
93245,21322.081629029206
81444,19975.377887447405
95558,19406.86387609238
105709,19951.172950017768
80796,21323.128026974
97061,19951.056541478745
91452,21322.105384271552
88626,19950.868868663754
92700,21321.872221608977
80109,19408.647233182888
103649,19951.431740954544
95545,19976.49068605953
96879,19951.089842261383
94580,19406.896551452697
88361,19951.91168536431
78094,19952.260688637867
82831,19951.254477510356
76965,19983.887616504762
89246,19950.917227465023
91844,20777.17103790481
92122,19976.59555480993
98944,19951.10046248572
101088,19975.97391172323
107119,19951.13585770653
91603,21322.343803207837
83339,19951.29337668549
105408,19951.112591633126
97091,19951.05740328689
93822,19976.53806988969
96950,19951.06597090483
106461,21321.866831847416
79538,19978.228053602314
81813,19977.4388892653
92640,21322.11326495267
107376,21322.06549877781
88834,19951.296942768025
98532,20776.97374201982
94957,19951.63003790412
84884,19950.62221807384
80124,19951.858775927492
92048,21322.11284793388
90244,19950.813760119054
90103,19950.81466297426
108009,19951.135379875956
96435,19950.98459924015
89475,19976.642186147186
86286,19950.67437806675
100193,19951.089781103663
99733,19951.10600696784
100561,19951.584445989934
98626,19951.369206455027
89177,19951.340441237564
80294,19950.092050837753
79134,21323.62391192635
78603,19955.338618421018
108528,19976.02884858293
79147,19978.23162758809
78538,19949.693672312857
105042,19951.181813494128
93560,19976.58970376285
107122,18431.492924960847
107336,19951.143892629378
105831,19951.29252913663
92973,19976.382829878432
79087,19948.8802800117
86806,19951.30087402281
98787,21322.05601355211
99838,19951.117983914846
105442,19976.378156825176
101659,19975.98308023813
95085,19976.533569944193
89893,19975.798411000986
100412,19951.133386854483
78433,19953.484557481734
90887,19976.611371761664
87783,19950.83064329845
105572,19951.19973834028
84065,19951.786611512853
93714,19976.593200759824
96148,19951.057630585874
83771,19950.796698708
84970,19975.522855085084
88859,19951.024876308853
104620,19951.55027463281
83749,19950.331494540264
90174,19950.934251632792
93947,19952.12707219722
91462,19976.629806176355
108075,19951.109529930476
79113,21323.65774396949
88445,19950.853700088443
81311,21321.692008857754
100633,19951.37509067997
92904,21322.300740547933
83091,19950.283891727864
104657,21322.011636276915
82910,19950.45441179392
92383,19406.973951512988
93424,19951.128937071986
79891,19954.15281936056
98961,19951.058420855894
81502,21322.437428868532
99035,19951.362509103874
81371,19977.524308468353
87333,19950.789022267494
90353,19950.837741991334
93258,20777.17871923203
102053,19975.96022414459
86713,19950.77536803709
97203,19951.07711287794
92794,21322.07948356245
84293,19951.25630724301
91672,19406.862592931535
87085,19950.690815933096
99300,19406.839992397505
81242,19950.1677856104
77834,21325.0134224982
86864,19951.286052740386
108332,20056.75005492386
93461,21321.8877749267
85198,21321.824713299055
75974,19749.66911099118
78679,21321.18957162546
97060,19951.69224379307
89300,19951.560520312833
97682,19951.639378905755
86664,19950.86822510425
85169,21322.640982381126
82930,19951.33862759659
104583,21322.036915582215
107212,20777.1032750896
78128,19953.321167016806
101395,19951.44939169916
79984,19977.6776617437
106844,19951.089561411485
76507,19938.115799739666
87935,19975.75689274568
81796,20777.5233986778
92942,19976.600384809433
87848,19951.011283148033
88325,19951.0643608397
91296,19951.102561132997
103415,19951.18826277922
99038,19951.82697984836
101080,19950.85548470374
102789,19976.424078544627
84656,19950.74552991358
85716,19951.283332532923
90233,19950.865473968614
91097,19950.96767936386
104466,19406.684009449767
85061,19951.813690053685
92535,21322.302229560904
82437,19950.361964384072
104845,19951.091435257935
99353,20056.79190794354
94273,21322.13449271221
84080,19951.5738668155
90877,19951.49402014897
77883,21320.783028686383
106394,19951.18439441804
103042,19951.456683208067
105388,19951.41469549515
93490,19951.023026780207
102852,19951.374546798805
101859,19951.372950066972
108113,19976.27506562126
77290,19959.77531235134
80341,21323.172134709723
84286,19950.554942049843
96187,19951.621150659455
100716,19975.977043876257
99682,19951.10350223583
89827,19951.3468949703
82053,19407.8406136091
101135,19951.657612640796
78574,19953.335082507554
82541,19950.73874605996
94530,21322.294929362077
107277,19951.366923612506
88719,21321.80911549676
95962,20777.00836409103
89249,19950.869726137968
98786,19951.10401656954
83968,19950.749376312826
85115,19976.948882568984
79741,20777.797064943537
81050,19977.57458686389
106955,19951.127619937506
85572,19950.67780041523
80604,21323.137160419523
106115,19951.11142633473
76213,19947.005127400582
92026,21322.153881801725
91397,19951.699577904168
105916,20777.096273349056
100938,19951.25171130263
102187,19951.13703262777
87434,19950.772024163696
99959,19951.12813100517
83438,19950.46653211214
77840,19947.606070297268
100930,19951.129535872034
94925,21321.884302550272
78494,19974.10338245809
102418,19951.13686149146
77793,19947.502961663995
78383,21321.214449841278
84216,19952.96774501278
82610,19949.29031183542
97544,19951.182006181178
92549,19976.426090923916
80538,21323.214746608734
90890,19951.044687221754
100299,19951.118703790748
89902,19950.88112827017
105561,19951.74940401847
82364,19950.58496931534
78091,19946.09796487903
86023,19951.319749748323
79752,19978.042023939965
106315,19951.101994587803
80934,19408.146580953966
78782,19956.148363555327
76471,21317.946936671582
87418,19950.680099607944
76891,21323.692784350398
102628,19951.12979653987
89363,19950.770845628165
89237,19951.060046201685
80257,21322.4205754323
102857,19951.12943318407
76201,21344.5822379979
104887,19951.081789074356
102310,19950.90461170104
78714,19978.987975317104
89302,19950.971169066856
87676,19951.33102353966
90321,19951.320597256035
85244,19950.923420097195
101913,19951.147456811843
87086,19951.000501346105
81974,19408.014257836177
98075,19951.584836613856
80870,19977.507221880333
81556,19977.455739749286
94722,19976.572992047324
83840,19407.63781468807
100809,19951.12669743305
77101,19973.717921938256
102172,19951.380670833933
86373,19952.64182210097
77540,19946.82897594598
86271,19950.985428505865
77679,19954.086605104574
99807,20776.982597747246
79126,21321.318301847816
86337,19950.76355983012
87496,19950.28059695504
83272,19950.565635970976
103495,19951.157785764255
107915,21321.877477570706
82213,21321.717574185812
99461,19951.10053310268
85797,19976.90271652796
78898,19407.285288869003
86463,19950.815042151582
108138,19951.275646814516
88417,19952.483093924508
78694,21324.04196058831
99802,19951.068633377337
100250,21322.076871554866
83482,19951.274897111463
104457,19951.066894343876
101415,19950.962693230987
101767,19951.141365829753
108250,19951.306033429853
89772,19001.180189110208
91127,20777.189171622547
102887,19951.373067147037
90756,20776.994573646512
107554,19976.43192867204
103731,19951.37655519189
92317,19406.57082281881
86805,21321.75841795641
91722,19976.642157759095
85026,19952.89627275933
77478,19943.50010238572
82027,21321.707627522894
102742,19951.37685836966
80198,19977.783618784917
94907,19976.56571823789
106738,19951.363327924075
99797,19001.215560935263
106456,19951.130747475232
82741,19950.187537419
79172,19954.467096858625
106696,19951.27998796768
82422,19950.312879041165
83924,19950.517369759775
90599,19950.928913614225
108095,19951.11952121713
91777,19951.673386409413
95001,19406.550430983294
80408,19954.375233882958
87330,19951.27737097847
103361,19951.382063800138
89641,19950.883947914168
90618,19950.96050028665
91679,19951.98107487087
96844,19976.330531577776
94418,21322.08789107623
97002,19406.83249075527
79748,19978.079953633296
96355,19976.536806135664
92347,19976.55896483397
81569,19951.995974895246
106924,21321.969902657886
85270,19950.63092807382
99622,19001.211276050068
106843,19976.380528982427
80147,19977.678597554568
102181,19951.1635477608
84710,19950.046590782134
85189,19407.254497943537
99281,19976.155008980197
101130,19951.381139339308
91554,19407.016395060233
86116,21321.729650855876
106899,19950.93880668984
84516,19950.673936044095
105422,19951.816451556293
76956,19948.657367515465
84006,19950.61819788528
81453,19952.044747477692
104850,20776.9849944464
90867,19950.84102323855
97154,21321.886938562544
102088,19951.56518334347
96019,20601.985744399513
100300,19951.08389438213
86459,19950.884342523514
99304,19951.520167578008
80630,19952.064870758593
82387,21322.816807049596
91359,19976.677094395454
79123,19949.052371408656
103324,19951.16467091604
101086,19951.371892426192
97170,19951.084179897305
91834,19406.874487826382
85238,19950.59732509584
81942,19977.29726806769
90971,19952.13675467645
87864,19951.06503744264
95296,21321.91548604665
91427,19950.6868918324
93697,19406.93016385765
107694,21322.172390674925
77364,19981.004176596187
102144,19950.892625856133
83410,19950.41742712074
101560,19951.181716649597
84775,19950.78492096821
103879,19951.172381705936
103933,19951.153156698627
76344,19962.802075647418
82119,20752.18720863992
102130,19951.40363393453
85748,19975.69215056359
93769,21321.86608050539
101775,19951.12021051871
94613,19951.195712610075
104021,21322.135656590897
98175,19951.839725825997
98477,19951.520819312416
78185,19948.186693244676
81576,19951.78349122161
84854,19950.4527502906
98361,19406.620498179807
81390,19407.839046092897
80911,21323.205450101315
89407,21322.416891472058
95981,21322.063712088522
79131,19947.051092477803
96624,19951.076866605934
85131,19950.732336217556
76436,19981.316405601792
94111,19951.034338328605
101518,19951.11663784192
76588,19422.9278971807
82353,21322.82542994312
96186,19951.003119790992
92735,19976.52210034301
87271,19951.311833261898
88968,19950.860108119152
84154,19950.549877779627
93692,19952.129871619585
89484,19950.897264569016
92547,21322.31009527985
78689,19949.932653213178
102058,19951.130346686048
102579,19951.463319925366
105825,19951.12953113371
96154,19976.503793608288
102183,19951.142326021192
85976,19950.686216066166
98679,19951.07459604265
89612,19950.88052581919
107988,21322.04363701253
83362,19977.0580135663
94251,20777.165556793607
97018,19951.450599040385
90329,21321.806697574077
104604,19976.461782987448
83742,19949.805621638323
99447,19951.06698131852
82194,19000.99221585577
108351,19951.289993084614
105314,21321.876413449547
97351,19951.336199321486
105861,19976.295521009302
83010,19975.941989661907
91447,21321.86887649166
87619,19975.730402219517
91870,21321.846683820826
86543,19950.99607840163
91484,19975.84760668468
100659,19951.373917953442
104491,19951.258553283016
100779,19951.384082676217
100935,19951.178914617536
82331,19407.667033418667
105140,21321.955168005137
96349,19951.46695376287
82664,20777.50055474207
104532,19950.913809358863
91854,21322.07607810643
77003,19982.723175860272
85137,19950.52955144726
94577,21322.080810446263
85461,19950.65020490958
77550,19948.93065366265
99095,19951.108789249898
91832,19950.955057090392
85920,19952.731566168146
79766,19977.083252627937
103839,19951.142661409096
98167,19951.21265624957
96684,19951.108778548358
106982,19950.914226462246
93524,21322.292999137026
108310,19406.228057133936
106569,19951.02286660725
98088,19951.14760424281
78890,19952.368992890184
81559,19952.17245956988
105178,19951.445563155947
90578,19951.317213707494
82299,19951.292892913727
103885,19951.159336988065
77488,19946.313472419966
96669,19951.51191201032
78344,19953.64072971897
79405,19407.69596836329
94620,19952.125316854057
96836,19951.36691857645
80212,19975.206135332744
95746,19951.664138445736
77363,19960.70801260142
76866,19963.835253991987
93847,19951.891961637957
105175,19951.803253882084
90010,19950.511088411953
104429,19950.9270778809
91160,21322.359569405882
78906,19952.91965733354
106414,19976.446000047934
86910,19950.7534893727
105882,19951.362619819956
107238,19951.1436525388
77102,19947.98084719622
76704,19940.530245370934
87083,19950.833241813987
79057,19955.678939628593
83270,19950.44154211135
80561,19954.265337219647
88469,19951.04459350918
78768,19409.536408768035
83574,19950.78039901985
76771,21328.926634633262
98589,19951.37890043589
93091,21322.065767877928
108358,19951.157734531
94601,21322.273406565157
76151,19914.885515369046
87442,19950.821297439106
93531,19951.3552119525
89771,20777.21440137871
85803,19950.809831271818
93147,19976.604420268482
105196,19951.08742800275
76171,19961.90479296686
90616,19951.103549834144
100032,19951.213508721794
92905,19976.62839015204
95696,21322.08295528696
88913,19951.30016277634
101504,19951.146724978767
92241,19951.064643121797
99822,19951.101079326265
87745,19950.690325924345
105827,19951.133786854043
106620,19406.70472229176
93497,19406.953783910878
89250,19950.885984481876
105581,19951.067551321776
91076,19951.087219251505
83506,19950.418307274354
100635,19951.37384582078
91828,19976.666535657343
76039,19846.224157100973
80685,19950.296796735485
97571,19951.635035556803
87425,19950.78202964585
91662,19406.96084749365
105161,19406.67258263038
81006,21322.474176058935
82888,19950.467857799966
78545,21321.09270191479
102922,19951.14188869397
96198,19406.522136215426
92979,21321.8598444872
105623,19976.261340138386
82195,19949.643022119202
76760,19942.944448326733
79305,20777.903200753422
107942,19951.235102785686
81981,21322.972603656657
100135,19951.370470542286
84307,19950.57970720907
92628,21321.898633621044
103304,19951.16933158443
89421,19951.045854296226
103645,19951.150624904672
77164,19978.162047316895
88451,19951.324534021758
76488,19938.334284144406
92835,19976.617406938283
80449,19975.022175438917
97408,19406.860764622805
99256,19951.58570646804
86205,19950.990880352696
101002,19951.14874143083
93390,19976.19296387768
101654,19951.378077500915
90595,19950.87170476154
94955,21322.284752864987
93871,19952.138694520265
82164,21322.32004936776
99373,19951.051142519664
90148,19951.513665748163
83210,19950.45273049409
81726,19949.557213865603
78041,19979.287105060263
106229,19951.005396326793
84209,19950.661754234618
92225,19952.04427128991
91878,19975.83902595487
97878,19975.964696635416
77435,19977.76871761711
91180,19976.64280368623
100272,19951.371765764903
94228,19951.662056932997
80549,19408.428578981755
99566,19951.06862658684
85829,19975.59503504012
102693,19951.138147553767
83322,19951.27840236738
96980,19951.591414218037
101844,19951.155556871792
80791,21321.72149826434
107384,19951.11757664953
76193,19933.058822131607
88605,19950.84809855334
95910,21322.063206520997
101217,19951.1271444188
94833,19976.5374632234
80221,19976.944881107494
104479,19950.927804876697
94405,21322.29923309827
93415,19951.015054755193
82460,19951.619230403237
83009,19950.243717566434
85429,19950.298332567898
106034,19951.085214291485
88406,19950.914089735612
81623,21322.345318182182
93605,19976.610678201236
103670,21322.056322919565
100409,19951.088729498493
107237,19951.372070673362
101669,19951.134132985015
78854,21323.958593996835
94034,21322.280019529986
101096,19975.95242232906
98417,19951.076911318934
76874,19970.290294716902
94954,21321.85572664639
83137,19950.48236942196
94653,19951.367762126763
87567,19001.21101794219
78154,19948.515647704746
84461,19950.93798660842
85686,19950.665446929295
94342,19975.981763664964
101392,19951.135920802546
84192,19950.628434151968
106701,19976.016723582805
104013,21321.77670352783
82745,19951.476550281808
103973,19950.915636354614
90409,19975.90381902876
90651,19950.601774839655
87413,19951.38971622685
102121,19951.139391807763
92145,19976.59591633697
107141,19950.926503952604
83230,19950.30821349507
78553,19951.512298386566
83939,19950.53595365024
104875,21321.80348182234
78129,21321.222443662075
80313,21322.369103270732
85535,19950.961585638248
108311,19951.367598208373
102292,19951.458427480633
89716,19976.74105767818
77046,19983.458621467085
97611,19951.19119590063
93038,19951.122093600956
80503,19976.863669319333
79132,19952.550939234352
103759,21321.896937820886
78960,19949.221473622176
97265,19951.209745745728
77855,19950.91124315042
97371,19951.19983681637
94297,19406.61252385445
95653,19951.62081809761
95891,21322.25643465112
81947,19977.10494408812
79702,20777.73981143324
76463,21332.68246600777
98065,19951.117522662178
77154,19960.179036337726
77348,19953.279955498343
80987,19976.83157472248
92207,19975.825455310605
92983,21322.30446111804
80731,19950.378765527727
86277,19952.59740881672
103051,19950.889059741472
82013,19977.25612092964
78814,19956.18840003041
80153,21323.33605422966
94618,19976.590230522586
80059,19977.92422980678
105557,19950.841717676285
78860,19947.46969719456
84849,19950.603119406063
96896,19951.357236403936
88244,19951.000689747867
105984,19951.710222964168
82644,19950.347257464917
90970,19952.270505095017
98810,19951.844849124078
85184,19952.741932948695
93723,21322.13853454819
105049,19976.3811554952
88554,19950.964143160185
94996,19951.15194799386
107689,19951.36500667753
81575,21322.43119706319
106988,19951.364162107526
89894,21321.850976338716
81703,20776.94573768787
90718,19975.93296072733
99561,19951.09800873387
81269,21321.718937603506
103069,19950.929121955603
88952,19951.309467353803
95295,21321.868434701275
106589,20752.11248864599
102918,19951.116333423433
93669,21322.293190056193
86144,19950.96921019564
98336,21321.87680178976
96891,19951.46187631453
98576,19951.07723567584
86038,19950.995552615383
87511,19951.31358979971
83642,19950.530234565744
99964,19950.83668662016
82842,19950.447038395694
101714,19951.13562621237
99439,19951.521312619243
108487,19406.638595160864
88965,19951.317031391223
86445,19950.710342125585
85916,19950.216385381016
85616,19951.172241745866
90865,20777.19901013407
88634,19976.423320943493
108094,19951.190914648
82654,19950.372692174795
81401,19977.36578462345
85163,19976.95135167644
97623,19951.087050078688
79759,21322.552545643433
108230,19951.374825001425
77757,19954.499841292825
83089,19950.428299673484
92851,19952.16720542894
80656,19977.377852040103
86019,19950.69014858595
100887,19951.366787074363
78011,21321.34752502067
96398,19976.53566613524
85254,19000.934385363915
95254,19406.61801746905
102320,19951.13196120721
88408,19950.873759056743
106594,19951.12550409519
83849,19950.031636139654
79313,20777.917706696884
95010,21321.877653474574
105546,19976.191717914666
81884,19977.340393370294
106088,19951.4778267489
100892,19951.11621927836
84487,19950.89773516578
78004,21321.142930175592
97446,19406.855446999063
93170,19976.582306937747
83208,19950.61401571535
88728,19950.850480855974
91300,19976.629881441677
98637,19951.110417215023
107267,20776.95508269307
89956,19950.95052360683
77052,19947.510155273445
94583,20777.007179247234
91424,19951.66639087314
104774,19951.118356441257
93699,19976.582919896904
102986,19951.781674968577
94176,19976.25113055096
95618,19406.875657184577
81622,21321.60932902857
91273,19952.089511529142
102725,19975.978772706705
90479,19951.32062519873
79835,20777.732316225927
78909,19953.133072495482
99437,20056.795708666617
79890,21321.562836545094
77662,21320.5414708657
90320,19950.905102687397
76278,19937.658606682915
80029,19408.45474330109
95797,19976.520767007503
95356,19951.97055376447
101962,19951.217547850218
85810,19951.316030157584
93588,19951.074310339558
85679,19950.53975437031
78286,19948.403956822258
105233,21321.859982266797
98613,19950.775737891752
101314,19951.36100911241
105749,19951.36275713953
106103,19951.289941650655
96678,19951.044979317423
85003,21321.725109501745
78035,19952.610733084613
82443,19950.327186429826
93373,21322.121565771977
99857,19951.10327770581
82450,19949.37393685985
96256,21322.049299718252
95924,21322.27456743784
81425,19977.228271280557
87252,19952.545962643573
100379,19951.206812061933
106316,19951.138540046883
85879,19975.800888389298
108334,19951.15472646683
80243,19952.586823182795
84504,19950.59482580991
106064,19950.91187616863
96443,19951.33658129818
99020,19951.040779469007
85068,19950.600087400995
105374,19001.226434833607
101946,19951.119538028343
92945,21322.082013034145
79338,19978.329291856124
95027,19951.66088227137
81488,21322.384991631672
87754,19950.827533641917
108454,19951.202555083943
91283,21322.085440096176
106232,19951.331822948323
78368,19956.87381386122
101417,19951.361210281666
81479,21321.60610575988
94527,19406.916967457764
76897,21320.003192529035
84107,19950.529207161428
103177,19951.143624224933
88043,19950.830817318052
93710,21322.093694766132
87679,19976.447197808702
84644,19975.53589188591
79097,19952.637126944916
98030,19951.851884096355
95131,20777.158028656468
83593,21322.16250537763
82532,19977.183874885537
101675,19951.146254148873
85118,19950.96338187656
100813,19951.35873430303
88693,19951.767043457192
85819,21321.766687434312
104337,20056.736031968132
102104,19951.12767067882
107526,19951.147795249384
85600,19975.755419111163
81771,19976.751925460896
98339,19951.087475175766
81855,19975.268356403234
85755,19950.671705147874
87321,19950.99757242281
101819,19976.149825298096
101569,19951.801010791565
94538,19976.558923988283
104142,21322.186200656983
93830,21322.07608998624
82076,19953.20840708438
82721,19951.80833391413
88982,19950.772703686045
85055,19950.15807541832
101426,19951.14256581753
101136,19951.370872043524
91939,19951.10454199925
104368,21322.0477959886
81513,19977.20060875373
76394,19949.553741856744
92054,20777.182961115013
94663,19952.1227934084
106117,19951.22102984295
92528,21322.328624827962
79929,21323.379541475413
81579,21322.387724884775
107328,19951.254792350916
105031,19951.49201693877
100819,19951.0791380931
87353,19976.778258676502
77698,21320.80187440543
77157,19971.513781930324
85947,19951.35565222863
92761,20777.166667542748
101344,19951.089484501168
76877,19969.89748271653
95851,19951.264874239998
84319,19951.729607202982
93218,19951.015100428125
83770,19950.516818410313
99753,19951.060763083995
82062,19977.2590101217
78053,21323.03592232115
83901,19950.79980598972
89826,19976.12978394521
104171,19951.119959752974
83906,19951.969207987637
86819,19950.973710633592
88150,19976.767286497947
85289,19949.933534754713
100567,19951.136699755694
105930,19406.534991491364
107244,19950.92254573338
85900,19950.713225386473
83184,19950.460609003407
97034,19951.185271462615
82506,19950.331393543012
81182,19953.91171209793
78619,19974.613349557094
86046,19951.3103041788
92798,19951.012827085775
86595,19951.297574059696
103854,21322.04644131423
108504,19951.146327855862
77451,19979.968647504204
76665,21319.177418599364
103434,19951.110306891263
82338,19977.264274348392
105189,19951.11251566547
94512,21321.852975384274
97542,19975.94311937437
83343,19950.502014206795
77274,21326.22535173284
83810,19951.554642153464
90850,19951.355685882183
79688,19977.732754479475
104038,19406.672793827132
100468,19950.864200150703
81010,19950.66402667173
80372,19954.364869535624
95979,21322.250259458582
89813,19950.37829755489
96873,19951.341489042778
87267,19950.789233985037
83327,19950.79352660153
92095,19976.635938677533
84723,19950.45508764149
101561,19951.150310435067
77409,19943.361251575992
76480,21324.625349217946
97632,19976.433749006937
91990,19952.220905908616
98020,19951.606793714403
81375,21322.40051618188
81903,20777.484562313257
107050,21322.024534764456
84920,19950.870451299565
108180,19951.385203521866
94696,19976.56663606679
88215,19950.843112549406
93276,19976.57094420428
80359,19407.00546436274
88717,19950.839958148885
99702,19950.818596216937
86283,19950.725111683245
100037,19950.82261452186
93640,21322.309316757946
104313,19951.12021121916
84666,19951.305530759168
93000,21321.88666006693
77512,19947.161000558437
85094,19949.879998451113
77184,19972.985881993663
91257,20777.185904713657
103957,19976.01241269587
78533,21322.83634788629
89080,19950.8755375908
98463,19951.59142690272
89002,19950.85039155421
87542,19950.724907900927
88641,19951.07889549804
97972,19951.048864518714
76363,19991.430713301892
93821,21322.268111602272
93549,19976.567157386038
86037,19950.959400808144
79563,19978.249553421767
100014,19951.219324007965
98717,20776.98690575289
87323,19975.78760911831
101054,19951.45500920535
84408,19950.646863568323
82692,20776.98265089446
91513,19952.12924341025
92863,19976.261167666366
90666,19951.684323186582
76919,19984.023036328268
91549,21322.140104720194
90300,19950.94423555774
106228,19951.147650214643
101551,19951.13913667028
105986,19950.915847682863
78520,21323.98582080025
94130,19952.002687191918
88980,20776.95241758739
76245,21314.212469701914
96800,21321.876884897414
79591,19978.216130499026
94738,21322.07593295974
103275,19951.163701557325
82981,19950.410163643865
102017,19951.16427939326
85242,19949.960050413043
106488,18431.49593294394
80606,19408.450259809102
100861,19951.128318779996
93103,19951.67273203546
83680,19950.89972379204
95926,19406.880470180356
84955,19950.515572700147
102279,19951.378982407914
90285,19951.650190037086
86735,19951.033539588974
89918,19950.42965534176
100914,19951.133995167864
90315,19950.915798868016
98805,19951.043295481995
81572,20777.120988370974
85263,19950.743656780185
91962,19406.895020315125
86328,19952.67093891925
79610,19978.117488052747
96570,19951.19393414737
100929,19951.086556077677
107784,21321.802457232763
94269,19976.470851824793
105574,21322.163084357784
76572,19949.274364848134
96249,19951.378030954747
97897,19951.578897363932
77625,19973.63877258019
102369,19951.44267093474
84079,19950.857855200942
77866,19976.650797359966
83806,19950.508600933717
107540,19951.722133709525
103244,19951.47701124541
98859,19951.674259583993
96719,19951.077645303416
76235,21343.33168841471
76348,19939.302853075897
94323,19952.017695455943
96314,19975.94928703987
77439,19944.738040894765
88588,20777.226747836965
89516,19951.6737967367
92199,19976.520497495472
81669,21322.904020048565
93600,21322.289417784697
105605,19951.12406247351
102501,19951.151005577387
105250,19951.2900867286
103132,19951.15697849236
76914,21324.570643138268
103063,19951.1593282773
85636,19952.720440344543
95703,21322.086897020683
95014,19976.22178443497
91855,19976.64903868687
89326,19951.325177858635
86878,19950.764828803374
94159,21322.08079154936
98939,19951.576414362593
106603,19951.57503153295
97683,21321.87126296583
105057,19950.928109030418
82551,19950.15120905953
95156,19406.77915211289
96663,19951.588506514323
103966,19951.440277295973
103721,19951.14202645481
104581,19951.09173264204
99601,19951.512016373563
76271,19934.160071532126
106578,20776.94509143657
105436,19951.15665900664
96180,19951.36232883713
93214,20777.168812319338
83950,19976.415272364062
87436,19950.915395372307
78008,21324.72087351873
96396,19950.829722256894
86423,19951.009192246285
97519,19951.220258509762
86137,19951.535241741974
94515,19951.11791026082
86264,19950.72661056685
93856,19976.510030547797
89370,19951.372307779842
95869,21322.27337799548
108411,19951.105496778713
90193,19951.017039506554
84817,19949.803005744772
100719,19951.118969384494
82801,19951.707971932326
83103,19951.34160672172
103950,19951.11849468649
83927,19950.843623940367
96442,19951.488386910034
92599,19950.970757814142
105284,19950.99747852134
89963,19976.650738674845
79117,19409.5727214828
94001,19406.883877444732
90520,19950.917612295158
83344,19951.282696804185
104811,19951.845089525897
81567,19950.40001689295
102778,19950.947388521323
90439,21321.855205229665
104220,19951.131275831543
102961,19951.147846374748
97588,19951.07941262449
78049,19948.634861868646
80076,19950.371621478083
83466,19950.457179456826
81941,19951.306588839154
105786,21322.001201387906
91443,19976.57395625158
99961,19951.239721980997
96323,19951.595437741496
107235,19951.126761668227
108199,19951.146428965956
93938,19976.593152333036
82727,19950.48799665927
78548,21322.95087374421
90362,19976.295278754995
92257,21322.08325137931
80015,19976.422025211017
93724,19952.14630970815
88826,21321.62065408122
80051,19949.746616021348
90219,19952.089878403585
83727,19950.588307805647
90139,19951.52384918386
101189,19951.12558832349
85435,19951.313695173212
91933,21322.322695147668
95135,19951.113190390304
80576,19952.092219276637
97289,19951.075891879107
90225,19951.372990231597
77958,19973.587877133326
96218,19952.080728285204
83747,19951.33844871778
85699,19950.69118817496
92682,19976.66039769413
92129,21322.100729305614
91533,21322.33117606779
86503,19950.62981315344
107555,21321.937571220045
98751,19951.838638466095
88145,19951.30558354064
104214,19951.26868358733
80027,19408.708856556656
94594,20777.151633357767
105978,19951.110104729476
81202,19976.427153238936
88343,19952.251173626195
96928,19952.049822603836
89639,19950.99484201705
83427,19950.81696811821
77241,19945.262452693074
76837,19953.148794152745
105316,19951.420018393343
80915,19950.307924721077
78226,21320.93005860236
98367,19951.209208307908
99268,19951.104572527736
102336,19951.375540264256
99355,19951.104224911745
92728,21322.06887502812
105261,19951.08016571768
86321,19950.67238699532
83913,19951.62526496266
76582,19986.682683200906
80624,19951.08200712136
105804,19976.36708016939
101229,19975.971043274334
104782,19951.36134704935
91859,19951.702585015584
81892,21321.663699268225
104257,19951.141823948336
89995,19952.149118638157
94721,21322.27380113089
100123,19951.384785525082
83121,19949.455903434067
89621,19950.900157152388
86608,19950.75196273756
106922,19950.922529345
96146,21322.255639392613
108383,19951.20828394536
81554,21323.000480314946
101538,19951.14363034554
105248,19950.98284907007
81033,19950.708261689673
107312,19951.339158548588
85588,19950.983281727575
108227,19951.111889554642
84017,19951.240993829477
101028,19951.375995721715
93019,21322.099942909455
84359,19951.383740758734
90602,19951.077828563004
102834,19976.26753505818
85284,19950.654282608473
78749,21321.41445705171
96892,19406.891114745074
89640,19951.317505661016
102773,19951.145837993787
105779,19951.2827968577
108453,19951.229833413094
83162,19950.45880425115
89704,19951.076973270705
96488,19951.009278456433
81546,19952.012294451462
82108,19407.92541193185
96784,19951.07692104699
86526,19976.091122449
81220,19953.86165371685
97126,21321.881778742503
79954,21323.342677552424
100182,19951.392437353563
87058,19976.824730182503
95026,21322.071903141303
96334,21322.062675144283
92636,19406.971001094877
89131,19950.876908741495
78145,19947.732957687895
106255,19951.504479792282
84691,19951.905555777874
83425,19950.07040669494
91526,21322.08610968748
81170,19950.19981353469
93766,21322.09279082257
89183,19951.058171156896
87644,19951.361402574563
105559,19952.005483852972
91968,19951.10340460666
107198,19951.191041129077
97030,19951.020793370702
96512,19976.531006853937
106506,19951.1376194258
97240,19951.58926543287
98164,19951.02550857835
79782,19950.174908684545
102498,19951.140668623953
86052,19950.367146317043
101070,19951.155639217865
88461,19950.815538396546
94238,19976.579241353404
97040,19950.889101268553
102861,19951.377140754663
81516,21321.70361708664
98512,19951.073907176436
91654,19976.654039718298
87837,19950.193612555584
97950,20776.978428634244
91492,19952.24480865898
86374,19950.780238518902
103671,19950.900490278982
99254,19951.839733810466
96920,20777.158305548546
100733,19951.10559553166
101602,19951.24779413143
101809,19951.152418303755
93626,21322.316931366327
94707,19976.575101655097
84718,19950.47866939065
77357,19946.442762943385
101735,20776.990674486282
85009,19950.558787341848
98213,19951.59999682028
89068,19950.843449544256
76270,19998.267163839246
84608,19951.260594512794
106582,19951.133254638607
102112,19951.146437285228
79840,19408.845350751002
102362,19951.15882694284
102074,19951.151801404743
78050,19957.422907208154
91002,21321.89513197806
91648,19407.008669849714
90182,19951.355658236385
101732,19951.15141413825
108023,19951.390495789878
94586,19976.53330704991
91189,19951.697059745722
95199,21322.051810906585
78510,19949.724612016544
92551,19976.58630849289
92368,19406.969497479913
83335,19950.47956930319
82609,19950.453756651244
83471,19951.253101364236
89455,19951.719155399573
84982,19950.488834857722
106978,21321.968252333725
96399,19951.08282216696
82526,19951.47739842547
86743,19950.741374203688
92104,21321.834473713992
97862,19951.03999760977
99211,19951.08681899734
99118,19951.82991213916
97657,21322.26967513425
80627,19976.287623169726
76293,20785.51507707215
83108,19949.630608041527
93728,21322.07480441885
108295,19951.10173003064
87957,19950.82615790875
78627,19951.234147744795
103227,19951.14089040408
88115,19951.013083439284
89694,19950.93474685007
95755,21322.269319147228
100889,19975.97536806908
76859,19984.1802369966
80975,19977.543629667438
104878,19406.190923890284
105859,19951.478840681997
93283,19952.01934831833
76217,19920.887614291933
90731,19951.669191365625
99826,19951.529179418067
84180,19950.841580640845
92500,21322.0786630494
81956,19950.537041145653
100508,19951.13138779214
78336,19948.370085256665
98694,19951.19783608731
92486,19951.677962627433
77134,19946.19416005332
94264,19951.44256660716
108210,19951.24482269994
98310,20776.97933327514
76260,19440.58229010376
89623,19950.88666797418
101737,19951.15554230271
97665,19951.083147795984
86041,19950.96417497875
86653,19950.8676847938
88423,19951.057073005635
103407,19951.46236419245
84654,19951.328756833296
77143,19962.437714182463
106392,21321.94411636152
86347,21321.748226545773
107230,19951.138904351697
103693,19975.994398848386
82765,19951.224967684317
103894,19951.170068055835
105668,19951.155644417267
94216,19951.16522190803
76250,19967.697781312214
102466,19951.145389035948
91919,19406.860253760457
99138,19951.53796316051
102850,19951.16129605263
79094,19954.761923385977
84552,19950.535717178198
93668,19976.56817107669
93389,19951.084853722234
84312,19950.55036569712
79379,20777.90681347332
98739,19951.08920207959
91448,19976.471953858465
89834,19950.89868214391
105359,19951.0807824035
100267,19951.224072100984
89101,19952.171795243063
76904,21323.465275564176
76664,21329.991873257204
102621,19951.12077588958
82337,19951.67723342179
94266,19406.91162287152
84994,19951.280913197883
86246,19976.357612558073
96923,19951.027412177486
107661,21321.935764734124
92401,20777.17834333798
96296,19975.9536153903
85114,19950.64129849925
83081,19949.64169845402
84948,19950.66863014205
80292,19408.627276609943
78938,19947.054086902015
79942,19408.80760123622
80899,19954.093209195056
102476,19976.04330385982
90589,19951.094266109867
89944,19951.139185349275
106241,19951.29376174851
99835,19951.574261300528
98665,19951.52474395875
96516,19951.00141898855
79065,21321.137072959868
97070,19951.601146881996
88721,19951.88913349065
100311,19951.118689110248
97912,19951.061426669978
101514,19951.119219742428
91763,19406.922579499093
88488,19975.851358224405
79955,19950.01543899288
105677,19951.14023973706
99297,19951.090921394567
77377,19947.55427273704
95552,19951.153384210364
99704,19976.01950553949
82097,21322.908317006208
77067,19943.57789375997
93326,19976.243626802265
98258,19951.083495110717
98900,19951.385068830572
101474,19951.174549636584
91945,19976.629806247314
78816,21321.218951093982
95208,19976.458207930726
80788,21321.446884303357
92446,19951.0376898653
81929,19408.02476193987
101068,19951.373180977273
105116,19951.21107636287
96828,21321.867736455788
102272,19951.13228157515
89347,19976.72170185545
105201,19951.335597174555
94146,20777.15788995378
105641,19951.09350827204
94416,21322.280068821907
89152,19950.908232366764
99500,19951.04541931786
101711,19406.786875583337
88178,19951.30938942802
94259,21321.874225513617
90380,19951.697549483633
80659,21321.64924751205
94687,19406.826373588297
100447,19951.134994675715
80895,20777.48704351502
91806,19951.020769853414
82758,20056.96281254693
81850,19951.933515636876
85521,19950.66348363066
92432,19976.58841972092
78318,21322.90976793191
98804,19951.58297876447
84403,19952.49349912123
100979,19951.588753883745
80559,19950.52893766957
104553,19951.20661806542
90570,19950.945429160267
108278,19976.57997835885
107134,19951.373905895085
84351,19950.893195451503
105418,19951.09741529337
93910,19951.193515924384
98231,19951.862644940295
100789,19951.47028950509
101332,19951.35488464137
105715,19951.097103722295
82170,19407.828210743937
101526,19951.22197504608
89070,19950.778853605632
90429,19976.636938384938
91152,19976.612839986607
82374,21322.385929881515
81668,19977.460709308656
78914,19977.396825754084
105239,19976.226852951495
107483,19951.380225476536
83354,19950.789658115882
105252,19406.68197178713
93977,20777.17037912124
89807,19950.563508887768
81551,19408.102150787818
86311,19950.74261817135
85966,19951.806442122128
83878,19950.937168656637
103342,19951.162072337713
102398,19951.37773409601
77021,19964.309326537175
82755,19949.32876956632
88635,19950.282979044456
105457,19976.424802600497
106552,20776.885325592408
102641,19951.3746686798
77582,21323.106824536266
95453,19951.490953493747
78388,19945.668203849295
99772,19951.218521615927
77990,19973.369872976615
78944,21322.814232160177
88290,19950.84204310966
90011,19950.842114078743
89540,19950.669269417493
78904,21321.308952163155
91379,20776.986143611055
105750,19950.97586317355
95603,19001.231742778524
92481,19976.60276546941
93463,19976.48945804956
88974,19951.056287800697
77787,19947.84163814218
101389,21321.891535203544
90559,21322.400677800902
90421,19951.073748199866
107190,19951.824290581364
87506,19950.798284533077
101147,19951.13808406734
78096,19957.71481134928
99840,19950.824150638953
89677,19951.34058591808
97991,19951.04618262929
103556,19951.150974546727
101327,19951.12038537805
108008,19951.80237060078
107752,20752.094627507762
94554,19976.554550596193
96408,19951.514055763648
93573,19952.124008792478
83674,19950.404475126034
104503,21322.025811232084
93082,19976.608265680916
101841,19951.119617369586
85143,21321.764453182943
76781,19944.320151180254
102153,21321.905088040156
97411,19950.775384647768
101676,19975.971104436296
103176,19951.36594140738
80879,19954.083953069443
79695,19977.747218555043
106987,21322.02172020712
89095,19951.548177325843
88707,19950.860397504985
79935,19949.558107571065
104678,19950.970963887667
78644,19948.33490399412
101947,19951.23762262736
85390,19976.49480627946
94121,19406.787670113576
80525,21322.414751578108
92964,21322.31952872478
81982,21322.331442517963
93804,19976.57430182356
95574,21322.277497278308
81710,19952.261347351254
84452,19951.56488916174
94410,19976.5629102139
79137,21323.67178981756
103270,19951.15291809874
82736,19950.31078868992
106741,19951.41191786421
77630,19947.328965634773
100426,19406.785164970723
107231,19951.18561904992
101001,19951.360082938598
95067,21321.871612616662
107197,21321.939150770413
83522,20752.184968263922
80239,19408.47303646507
106389,19951.509198093576
99072,19976.01859186961
92779,21322.306915380363
107906,19976.39658275443
81289,19950.19984224673
101206,19951.095062233966
85646,19950.58525263172
95202,19951.936132980827
96423,19951.005377342983
106597,19951.138006306923
97601,19951.079329269665
76974,19416.20818843684
80171,21322.465489895323
78391,19979.104959859942
101424,21321.88798284437
79548,19954.03385740972
99083,19951.350019405072
96204,19952.06659356039
93318,19951.629054091954
85745,19407.399408741894
79531,21322.731876196853
106411,19951.19349869232
88431,19951.288233802195
79827,19977.67290402124
80860,21321.525613014383
93114,21322.31894695147
89031,19950.588420498956
105755,19951.213024747914
81286,19949.27413298486
94641,21322.247282815228
92196,19951.10464904596
103591,19950.93065446935
80497,19948.969912998313
89672,19950.829823407992
80800,20777.616682184947
102146,19951.130018356864
106675,19951.483114269187
76780,19977.211451224946
79880,21322.541329753763
90306,19950.95687229822
102271,19951.152875249732
82996,19950.418277528184
77929,19952.649343326888
86610,19255.985710197514
85316,19951.293542041163
91134,19951.03161243237
87377,19950.766827458876
102946,19951.256430240406
105420,21321.86894545316
78375,19951.155299894643
81157,19949.42401702867
93430,19406.948977974673
90671,19951.34595053808
98881,19951.096994639633
107152,19951.16584596899
106056,19976.284244305207
86256,19951.262528623447
88692,19951.061697213525
98622,19951.529940838525
84068,19951.95807534948
85863,19950.25141769215
104131,19976.30837581078
94296,19406.831973955133
104177,19976.27341615324
105126,19951.07943599593
93360,19952.113503527034
91059,19951.99586399268
100015,19951.139590991086
97027,19951.010231571032
106300,21322.12577467664
83539,19951.933171873494
87099,19950.988846734348
90692,19950.49820599392
107313,21321.888831734574
81341,21323.1032549054
82901,19950.392065809712
85576,19951.306728737265
98646,19951.288531620597
102552,19951.15302411912
84874,19951.29822591319
104768,19951.12898095009
87768,19950.19938241413
93342,19976.55904767008
87241,19950.836439434355
103615,19951.164853776958
98526,19951.853432394004
107464,18431.49569375156
83357,19953.14908359506
103171,19951.151349594475
100341,19951.14039553664
104547,19951.274312473983
102882,19951.379531790528
107531,20776.90242106286
85433,19951.433856131254
78435,19977.356738002567
106094,21321.932712741156
92625,19952.07944255525
100319,19001.30200407611
95937,19951.901196870494
88915,21321.76743093568
87681,19950.9191273423
92428,19951.67963210005
85427,19950.661219367077
105372,19951.0990159152
82482,19953.406569442097
95178,19976.56089165201
106881,19951.172410797244
76562,19973.111111645558
103710,19951.419189904776
89109,19950.799783782946
92522,19406.99137196546
84821,19950.949374709056
80597,21323.117058111988
104040,19951.07550975232
96115,19951.334498071672
82818,19950.191483102393
90316,19407.109182608252
94385,19976.568301436564
86823,19951.04972528046
84842,19950.626540317575
102995,19951.112132251852
85397,19950.720684136733
81427,19950.138509764325
102461,19951.235691269005
77422,21320.97519105694
102354,19951.372272416233
91822,20777.019270426128
87427,19950.799074780072
105450,19951.384728612436
94789,21321.886932756533
106631,21321.95632559544
97004,19951.35793767063
100826,19406.786944734384
97915,19951.589255177074
93253,21322.298882276547
85776,19950.593018105454
105562,19976.262289458344
77560,19976.740414264477
82659,19950.385580936218
89531,19951.701599866257
94076,20777.165830510217
98457,19951.27009966473
96163,21322.117374584846
84779,19950.66671303263
104551,19951.37371245528
79934,20777.735723723017
84896,19950.631750942586
99393,19951.111606204544
82051,19950.668009743866
93247,19951.029967048347
86929,19950.730409042844
106943,19976.212805040897
79979,19951.9002221809
80912,19977.511086607115
105006,19976.25341537192
94368,19951.690924338982
81871,21322.248022943415
90338,19950.919522007385
104271,19951.12623824936
89984,19950.84892852692
105122,19951.09497899347
104308,20752.27810665336
92941,19952.18106080281
87433,19951.571357142548
96289,19951.222097287675
89130,20752.14366930209
77233,19962.317678015534
96895,19951.599639373624
90364,19975.805257846787
76283,21314.258019658297
77689,21322.838867164057
98366,19975.939256110418
78025,19948.36519808328
96644,19951.110097251676
80641,21323.188063784888
80271,19954.450901049633
99003,19951.047710351035
79756,19952.8293027386
76981,19940.446747561175
83320,19950.475922752263
96797,19950.99255983862
86350,19950.73011791613
107535,19976.39086133048
104370,19951.143929331876
100740,19951.129264683463
85851,19950.682615980597
89132,19950.77125735953
78746,19978.64870473751
88999,19951.320902429805
96416,19951.36805814064
88921,19950.39448270556
101078,19951.139013588763
92447,19952.143676943615
77960,19411.281149105696
106799,19951.148437110263
99888,19951.822599927338
83252,19952.77298346324
78645,19976.03597286924
92233,19976.61831950759
104026,19951.157561537322
85148,19952.4820357246
107726,19951.36260491047
93331,19976.59462802224
106236,21322.043075862497
95282,19951.10819320655
76222,21315.708977037542
84158,19950.404166659624
81857,19976.086141921412
94698,19951.330613950788
104680,19951.20065812846
104366,19951.10447272122
82562,19952.963381286918
89753,19975.7832686287
101937,19951.374178898946
76600,19945.00170296874
102683,19951.204914731596
89245,19950.975149663773
99902,19951.46009115383
106525,19001.235398737284
80738,19408.49460408174
107909,19976.31263644868
105939,19976.381551772054
92485,21322.136483421713
105128,19951.459073720773
103147,19950.90357157156
96539,19951.063513264486
99656,19951.09707266045
89755,19951.37181062954
88400,19951.433027140818
82968,19951.76288572814
103521,19951.46163760948
94755,21322.07973045738
82278,19977.32715822382
106205,19951.08630320519
102677,19001.245312913317
103577,19951.16990565145
88365,19950.851512388264
93543,19975.91096294516
103285,19951.151675285713
91445,19952.12776976012
86676,19950.766696148643
108086,19951.041089561502
97671,19975.952821581308
85193,19951.28310293198
80220,21322.571725642818
107824,19950.973376018475
87246,19950.466633925942
85080,19950.690413509157
85470,19951.324584187296
93453,21322.27449419627
87214,19950.286796684515
99010,20601.728956382936
77246,19962.109876342056
81671,19977.239063490986
83651,19975.475986146343
101085,21321.902747327575
86961,19950.772459117692
99154,19951.09816983452
85563,19950.696874789315
98972,19951.577449271943
79331,19951.097424389198
100112,19951.21120581486
92540,20777.174467354926
102135,19951.133456047417
104980,19951.464923013777
103442,19950.935037934494
104320,18456.322407546417
91208,21322.14321324112
82486,19977.305479806128
92052,19976.578190521028
80540,19977.4828461705
89228,19950.885166548047
98960,19951.130614800168
86821,19951.335600416925
95220,19951.14821172772
104196,18431.484526520144
77934,19979.947599212035
80965,19977.47157591094
80864,21321.465083339197
90303,21321.832464278457
100396,19951.194759244907
98226,19951.27069127028
107713,19951.18360742553
82199,21322.83130344929
104715,21322.238782897984
103412,19406.722550981423
77224,19946.756101804862
79149,19949.414542331684
79332,19952.834816847982
100094,19951.117621517096
76280,21328.345282952054
104668,20752.275410919574
106239,18431.484181432006
106918,19951.212411485787
103738,19951.378870595945
99768,19951.53169272014
99895,19951.10282707188
88553,19950.87503024951
106781,19951.284807806092
104339,21322.065294170137
88198,19950.81370075375
77024,19952.298410117815
90492,19950.96905103274
87383,19951.249600165556
85194,19950.477233324524
100821,19975.97396401026
86207,19950.731191825627
80736,19408.130658435723
85035,19950.647189961874
77847,19945.45209487291
102444,19951.173104222682
101635,19951.88518409426
99639,19951.108957334993
101365,19951.08611999488
106612,20601.69762968639
89655,19950.900921118144
96679,19951.152557317633
107353,19976.436073032917
101805,19976.02099282984
81804,19950.76624139753
106783,18431.49415376558
101047,19951.36982149882
76164,20013.569571092798
106524,20776.97864464074
104745,19951.113007572545
88874,19951.640961199595
89206,19950.75096279109
88602,19951.53383780208
80458,21323.150852701707
85756,19950.677889232564
100972,19951.086181087638
79897,21323.339081276416
85913,19951.78269114589
107705,21322.212115557308
102659,19951.1070246242
101994,19951.13448334774
104004,19951.104958026117
91171,21321.907528290296
100207,19951.365687043162
101431,19951.094552969254
92034,21321.865692984284
95470,19952.064115804696
79276,19955.38028355053
101893,19951.566067207856
91522,19952.04413200224
94047,19951.66436723986
100620,19951.37185111086
97405,19951.34539386449
89277,19950.884168739933
102728,19406.732008159368
95665,19952.06038381089
93861,19951.66059428632
77779,19948.525441394988
79844,19975.91141095952
102549,19951.131379306116
79764,19408.962414872076
106543,20056.749955833144
90127,19950.93991758824
78759,19952.343432014113
85232,19951.28143197933
103173,19951.376594489135
77690,19946.776814191424
78669,19953.408403355552
77821,19407.71005006292
96869,19951.590200784114
99426,19951.27338623898
86596,19950.77266728624
102352,19951.110600153148
88825,19950.851087403917
82595,19950.85744610757
79408,21322.435692520226
105771,19951.177955243595
92499,19951.685233674045
82744,19950.267271983157
104310,19951.091122362195
82965,19950.719277880788
108492,21322.032437476733
102748,19951.40707760049
105549,19951.29301806768
103794,19951.371128540286
87574,19950.99560428629
77090,19413.947476228957
77729,19957.625865137732
92854,19976.588721087523
82724,19950.725478707256
76843,19944.581332389946
95714,19976.51997740338
85077,19951.268604331166
100035,19951.086737505157
76694,19940.444156296777
86970,19951.429864078218
93243,19952.156267079758
95700,21322.258181169407
103907,19951.148277681285
105698,18456.334557012946
84320,19950.54882760865
91561,21322.09597732391
100459,19951.07904290513
106398,21322.048470840957
86911,19950.841528805126
102905,19951.177050894283
103009,19950.888561927884
76287,21314.68892006448
106832,19950.86832349712
107240,20752.353576442936
104164,19951.107910986448
96561,19951.35043216221
81823,19950.518446198017
82102,19951.31280464266
81420,21322.29938307016
79102,19951.91405182953
92252,20777.18113422591
91605,19976.6266767119
94353,21322.28106565297
76883,19945.03792218119
79941,20777.761807651368
102977,19975.982721647484
104975,21321.864648001254
86138,19952.39668021691
76309,20776.947991491143
104976,19406.50721898644
105819,19951.159174037974
103115,19951.17997027153
78958,19977.19127358018
86851,19950.63370447614
91889,20777.17609481844
96977,21322.092656481775
98888,19951.096593262577
87642,19950.914594127586
96835,21322.25863394137
95915,19406.88188000485
89880,19951.000343131916
86974,19950.77091863823
80793,19950.147869829605
95773,21322.086666843712
92664,19951.62808618292
108423,18431.505096617806
88073,19952.238160063884
97731,19951.222737852473
92705,21322.320966708037
98275,19951.07411689424
106563,19951.13473750431
83216,19950.76323152448
108252,19951.702412777777
90052,19952.13572512631
96839,21321.894030563475
87847,19950.84657057671
101778,19951.38316763249
90493,19950.627664102132
84236,19949.70942687603
94651,21322.076068695787
82828,19950.547922086167
84570,19950.602893546304
103560,19951.156353516075
105414,19950.974699838553
82874,19950.24009268674
94023,19975.91199860652
99936,19950.957331075584
97927,19951.07290543793
85922,20777.315387024257
92409,19976.552444292465
102547,19951.094075029872
98620,19951.09082781878
77418,21323.569948242544
106846,19976.28937980374
90794,19951.370317373374
102848,19951.146047464026
77668,21320.57274199404
87057,19950.171888533383
92125,21321.961345842894
89356,19950.99171562981
93931,21321.883023264232
98496,19951.046297617642
96762,19950.944938232456
77603,19973.11538379429
76242,21311.005251838073
77854,19951.06352517844
90496,19950.93142193993
89873,19950.896006041985
81047,19977.621648052685
81482,19977.388591528113
106630,19951.37847195767
102807,20776.981817605185
101397,19951.405866939655
103459,20776.981146061804
78508,19956.739300739555
87042,19952.488692050123
106348,21322.059091817977
90653,19950.467653475745
76159,19453.263125196452
87944,19950.819188708836
81531,19953.780249643263
107875,19951.16758098092
99542,19951.53977164659
107359,19951.231247502772
104564,19951.031510074357
82560,21321.197426169652
93591,21321.875166407794
103234,19951.11036527278
108458,19951.12629482405
79888,19977.753168826293
76419,21332.79581784507
106649,19951.093914560504
90004,19951.05286009933
93201,19952.17758194789
97558,19951.193077427688
83097,19951.23622099016
96492,19950.998308800597
78413,19979.00052828015
79076,19950.13936000066
87061,19950.791462695874
83665,19950.49215745366
97131,19951.35135386871
102075,19950.90424818806
99331,19950.81919643377
82067,21321.776754601095
85459,19976.911889055187
94510,19951.70038622806
97875,19406.838501683764
105176,19951.042723818548
89196,19950.86930981456
97424,21322.255516733425
92886,19976.601786918207
76660,19955.03799692068
81181,19950.52952640994
93133,19976.36381637351
84390,19950.420110135805
107413,21321.89441842109
98681,19951.102282939686
86318,19950.746351135018
80893,19977.62111031154
106409,19951.33964393376
101539,19951.22155192883
107735,19976.203193003057
103362,19951.148179557676
95493,21322.26248426066
95573,19976.5521203675
81435,19977.503891293378
89730,19950.864495617596
104812,19951.12482700156
95540,19951.095684455813
105693,19951.039537770066
99879,19406.59879531135
105045,19951.089286243398
95556,19951.51196160055
105209,19951.131522937423
77262,21320.748480889975
88746,19951.061684280885
106257,20752.282643454262
86665,21321.770734655707
99714,19951.592380804006
86308,19950.889762244136
107814,21321.91387429509
104110,21321.866083320256
107020,19951.149735350642
99899,19951.0978521801
87878,19950.80224320537
107898,20752.105860914733
91803,19952.18417085732
91708,19951.696936838773
88131,19950.861556300857
94236,21322.07622151873
94787,19951.960519858712
88426,19950.80411396977
82052,19950.50757406703
81430,21322.380010021712
103458,19951.155412743763
87322,19976.424676235772
88030,19950.817091362907
94505,21322.274860217192
80104,19952.40604134673
92324,21322.328739350018
93393,19976.577176973657
101185,19951.11670323013
99944,19951.127514970543
91381,19976.562673315093
102720,19951.13191836026
80107,21322.439576898163
93006,21322.30275303191
85248,19950.899750936685
99068,19951.534746678244
76834,19984.708273004755
89377,19406.946667634467
101452,19951.381222206444
92548,21322.109392470753
100658,19951.37340186322
98383,19976.55313869944
77915,19957.091815044194
86268,19950.810193283512
80304,19950.513130723553
106680,19951.3387114026
101132,19950.991041675898
90092,19976.728516408086
100329,19951.387434506858
79943,20776.923975306927
104189,18431.4803258029
107250,19951.33926167629
105088,19951.152444594598
88824,19951.326999043627
89166,19950.874454340952
78748,19407.763076882242
80118,19951.288461054693
106238,20752.268227486173
105638,19951.08390306418
94974,19406.78931501229
78384,19949.256572918905
93451,19976.53942026907
98422,19951.024304408325
91430,19952.070501104452
77519,19952.393704671493
96946,19951.110101616327
98391,19951.12879783509
102809,19951.170800154636
82926,19950.450097638684
79108,21321.297864182172
96213,21322.073648447633
89205,19950.766002997065
91600,21322.157136805712
107292,19951.32312572315
90688,19951.71206302687
98776,19950.806192521686
79778,19950.22216737495
106834,19950.92205739675
107835,21321.917311294317
99788,19951.11981933967
91133,21322.3409633046
82747,19951.149527895082
95651,19976.539007232514
90035,19951.336013939315
92821,19976.25358135453
93614,21322.062312757407
85993,19950.71760348475
94616,19976.49047690658
97987,19951.362583104663
79300,19409.259302272345
98588,19951.090898099144
83355,19950.27774716965
105664,19951.263277618007
106502,19976.374297271566
77235,19959.74627890113
101503,19951.212870416028
99569,19951.832370768007
93332,19976.243608886067
103565,19951.560340732547
98223,19976.30847757052
89090,19950.856646472173
101490,19950.879281056637
89428,19951.049800132092
82555,19950.663337574053
94744,19406.900424776737
97092,19951.06963578184
80994,21323.084080546232
99486,19951.106663990577
88556,19950.84098168352
105789,21321.965106699194
90968,19975.819458229384
87386,19951.016902337076
96239,21321.85145679187
98412,19951.08851931889
107073,19976.01401118587
85775,19950.686109581467
103494,19951.24836363371
96232,19951.13504414394
95146,19976.360986256997
101493,21322.073448856216
108369,19951.343195718473
94214,19406.93177115942
95377,19951.923131151187
80081,19949.73685875378
81186,19951.18953087564
100638,21321.893694657578
79228,19407.63735013623
83296,19977.111341092266
78663,19948.96732719677
90474,19950.942891426228
99746,19951.11904738785
80600,19953.533970590248
104132,19406.614600108132
77292,19408.98836087335
104314,19951.141678450836
92563,21322.343862030833
81135,20777.572992489593
83199,19975.474478178454
103083,19951.108275618673
88165,19950.753679811856
93492,19406.920519693052
80502,19977.69013274642
87640,19950.768712538036
95862,21322.071613168177
97106,20056.810698523394
88353,19950.827004482027
99443,19951.583691917614
85914,19950.700683159
102522,19951.142658419096
94035,19952.0756332112
82309,19951.858417965377
103845,19951.449064473345
82955,19951.11600691689
86039,19951.586269414493
76890,19942.609558865985
94862,19976.507751464018
89261,20776.947205229684
95261,21322.105616761288
76543,21325.909557967887
93805,20777.14900399166
79387,21322.61419807614
105256,19951.110381860217
103632,19951.377821092043
101647,19951.129592635072
90779,19950.939983711873
83004,19950.547509809374
82810,19950.367870220114
89851,19950.42959688343
95583,19976.552096013475
95318,19950.797954732094
96740,19951.3519614558
89999,19950.933144666058
101586,19950.898022276462
90205,21322.121741090876
100202,19951.373846884595
95896,19976.241010386595
78190,19979.46064122982
106867,19951.140071210346
103122,19951.099426616263
78800,19949.032137223618
98137,19951.08764903844
104071,21321.782275600326
80969,20777.524027734195
93695,19951.66767847065
79235,19977.768238771223
100233,19950.89299219311
103673,19950.94569683195
82811,19950.35415051919
106273,19976.379090285725
81714,19950.685168315373
76623,19944.080535879977
98396,19951.077846157707
87067,19950.83499569542
94615,21322.27762905695
91380,21322.35315703447
81368,19976.345895748116
100189,19951.129896096267
83055,19950.614932736426
104726,19406.18820235144
79494,21321.488896058658
86895,19950.309287272223
104253,19976.61341018131
80451,19977.87017645081
81633,21322.36103228474
85761,19950.11024925086
76040,19851.99502306898
86749,19950.601191898775
97161,21322.075532224535
89492,19950.791116784785
101063,19951.245067651755
102557,19951.12556146337
99966,19951.40218954734
93615,19951.653748850553
79812,19948.309934567733
106083,19976.3844858862
91688,19976.630707577824
93348,19950.82625909412
95861,19951.134987842084
84278,19950.55740641724
76892,19977.354906794062
86674,19975.643788610738
76138,19980.252981998005
104974,19951.36074778837
102421,19951.42676080259
82617,19951.235703545684
90307,19950.921870765917
92258,21321.87567874001
90255,21322.12017326111
101498,19951.22296847748
80567,19408.37858178217
95321,21322.093331647728
86671,19950.718576269697
89272,19951.048672847304
78823,19952.987714868428
95185,19951.373017370202
98753,19951.063178549542
88611,19950.910869394374
108390,19976.038411387213
105366,20752.25118716616
80433,19408.53157528909
104145,19406.547926967254
90881,19406.988263452684
82596,19950.14277230937
85279,19950.6465099373
105968,19951.14984851005
84463,19951.27395393918
85840,19949.971434438285
78708,19409.84041524741
81642,19953.66019271134
88004,19950.832492079782
97345,21322.255637796046
106927,19976.170830306874
78351,19978.75546035739
91596,19952.235452162917
98390,20776.97852786266
80145,19948.535980495282
88364,19950.317209535555
88715,19951.036358790392
100449,19951.377626541485
92076,19952.208220280787
102573,19951.225644937906
89983,19950.932321039556
76338,21335.767340706134
78076,19979.22218449749
96116,19951.179427815146
76662,19985.887740203474
94194,21322.307689505407
105200,19951.204945917198
95232,19951.32357039793
85705,19950.589610749852
81683,19949.982933336945
92007,19952.228834993006
101156,19951.131853489896
96857,19951.021144877595
91201,20777.183109588594
77066,19970.94458652947
94938,21322.280546662663
82691,19950.354575378944
108279,21321.887727289613
101317,19951.129704167866
91872,19976.66364681081
92517,21321.883418821468
76176,19927.866881664562
98840,19951.585613833464
96297,19951.439589841888
105077,19951.234722889127
108306,19976.254928586615
106837,19951.171899927045
80906,19408.019604474008
85979,19951.55246771235
100004,19951.12563032378
108473,19951.186967710048
77203,19973.01675354193
101523,19951.159201954546
91769,19976.649174943443
95403,19951.86337155077
83930,19975.598122710897
95272,21321.901942068216
107063,19950.929143377714
105033,19951.154404448436
105705,18431.484822933668
80224,19977.708231691427
98468,19951.0936044465
90993,19976.633934685997
89413,19950.805695177165
98561,19951.59210956938
88199,19976.69734439575
95082,19976.520837083466
96647,19951.05728243982
80307,21321.581209838558
86717,19950.312354463433
107754,21322.123435182628
92740,19976.53912089247
89653,19951.849960207885
83458,19951.249300520878
88918,19950.47222078127
80859,19977.63371215299
76830,19984.88768577576
92727,19976.38050122796
82512,19950.329555240834
94918,19952.083590267976
96158,19951.04815215075
97812,19952.024042996716
102820,19951.1420871653
88655,20776.93568503826
86512,19951.03153879629
84814,19407.480415392773
82832,19951.338477465117
86946,19951.808533782765
102885,19951.113804024626
86598,19951.320127154726
76927,19965.443274542147
83377,19977.112872995436
81917,21322.92350768971
92972,19976.59076955155
94932,19951.176843605925
76026,21342.61390575552
82383,21322.82864673724
95697,21322.277429969476
79489,21323.524191607175
102254,21321.890132008604
95248,21322.28358000931
99438,19951.10920853751
96002,19951.53191070344
107266,20056.61660083154
98233,19951.083750493388
87721,19950.817445842582
76462,21318.018572523182
101352,19951.52700206476
89118,19950.88583242061
91908,20777.187573405696
94169,21322.063612286736
105347,20776.983330517975
93347,19951.65948074499
107981,19951.193763804604
104698,20777.100118971648
87678,19950.9250548555
78945,19974.273092925887
106051,19951.222027710457
100768,19951.45574723735
78915,19955.88278214597
101837,19951.1191795384
79136,19947.085687016744
97035,19951.061740939407
78591,19978.882444349714
95969,19952.055322039752
84208,19950.870420636697
100228,19951.079225852693
97687,21321.86692335603
87591,19950.832727423287
96149,19951.923314971198
87736,19950.862686799366
87550,19950.848863665826
102052,19951.139996023903
78827,21324.047637129053
102402,19951.44676421902
79412,19978.30889330935
77865,21324.689318316967
107971,19951.183921528424
107469,19976.37804481529
97612,19001.247129400494
108451,19406.594357493257
91741,20777.194506336225
97524,19951.215930486003
88979,19951.033232523645
87740,19951.953888520977
98817,19951.120479790436
93862,19406.907801348883
99648,19951.38097280773
76643,19968.40837414555
107633,19951.367103825753
91213,21322.07687903778
90869,21322.11577241885
85444,19951.30380759135
104383,19951.16374419295
76870,18999.06977057071
79279,19955.500602302647
83999,19950.81867463581
98596,19976.320464219833
86831,19950.765341741015
78863,19955.228959752378
98360,19951.03918690092
100096,19951.13538603178
104448,19951.12525272822
90367,19950.94502114763
103277,21321.913815120686
103728,19951.14551125013
84370,19950.723828387076
89978,19975.780813068803
92359,19975.911557815165
90135,19950.844669374866
87969,19950.870074294107
102318,19951.3600184244
76607,20777.605122316454
88481,19951.039005448274
98436,19976.544580550893
92888,19951.69191916149
106269,19406.275306972144
100538,19951.131501552893
106326,19976.00469937495
82449,19950.64811069814
91142,20776.995592615593
80150,21323.212830401313
106004,20776.89800682372
108069,19951.29147704231
87037,19951.37270658211
101280,19951.133912459092
95763,19951.18790904535
86504,19950.97220912179
81964,19977.31299892511
98685,19951.84176414912
103215,19951.229836545466
94922,21322.304553238624
78554,19951.12244031555
105764,19951.41279358363
87972,19950.47761046855
84358,19950.577925913898
94964,19976.545570639722
103241,19951.174346912318
86647,19950.746255163212
99158,19951.58571021327
85420,19950.658120075455
78077,19951.11600505592
107422,19951.182295329018
104022,19951.525526876598
79737,19978.042823737207
80207,21321.48519111154
80967,19408.224706729
104178,19950.925742953455
81030,19975.411200771843
93015,19976.59955921415
80407,20777.67388478036
87649,19951.041900970245
76690,19940.631859833175
79789,19977.998506568674
82746,19950.39231336625
87159,19951.33126384285
105962,18431.491625229624
86711,19950.745900097863
90644,19950.84626514642
85786,19950.574097509696
107631,19951.4586522688
99617,19951.09290653374
96261,21322.08167077635
103524,19951.148064487737
106761,19951.138540477157
85261,19950.627710188222
82784,19950.412355202356
79866,19949.83138865175
85332,19951.35517338103
91102,19976.59853378586
86628,19950.84690435923
79673,21323.468159027892
83347,19951.261762673294
94145,21321.86704949915
106036,19976.3916301591
82287,19977.120938346245
88789,19950.853276215938
79618,21322.55390688767
94133,21322.089149217725
76165,20008.51923465412
101369,19950.881593298498
89387,19950.854092997593
76789,19968.019243842962
107309,19976.042630747474
91783,19952.031068346332
101897,19951.091965490257
97745,19951.37352005875
82133,19953.609601849723
91614,19976.602928381646
97308,19976.436574421226
95044,19976.595127921584
80363,21323.228067585704
87137,19951.53368351826
80900,19975.027721695442
81525,21322.9884449642
86772,19950.777735057312
104784,19951.486396885255
76211,21342.359434474318
88180,19950.825190313157
107375,19951.22368774161
87142,19951.008374389774
102944,19951.13489300041
99258,19951.108534670966
80209,19977.706262660868
81591,19407.8295806129
101494,19951.205247843125
103703,19951.381545803382
84613,19951.41480918871
81070,19953.315077706713
98675,19951.601543088185
90638,19950.856775890254
78215,19979.250655786418
104188,19950.980219020676
79525,19954.49025399077
95362,19976.485086410885
95717,19976.523591139616
106872,19951.517044576867
84301,19951.238329222728
81601,21322.8494011965
86575,19950.109847185766
100108,19951.377728542215
98140,19951.095282625844
80480,19408.446327556674
105961,19976.37065859428
88147,19950.95120158585
90426,19951.026587411598
92503,19951.772189851126
91066,19951.738021667887
103976,19951.144438319163
78267,19952.1596797957
99535,19951.056576190364
87776,19950.681400394067
108501,19951.697604103603
102285,19951.14089345352
105946,21321.83046303515
107799,19976.367599908033
90291,19950.945122360892
103617,19951.375238277215
97086,19951.082408423186
108058,19976.199862663027
84663,19950.639694324105
83054,21321.635781687477
80706,19974.952500986692
84885,19950.71261647001
96741,19951.05620847955
89018,19951.059474540187
102962,19951.15429494877
107208,21322.157150126237
87254,19950.766011056632
90928,19952.2875176914
107211,19951.285401046993
104636,19951.327975198565
96902,21322.099928761145
92953,19976.590902732954
107082,21322.16846888242
87483,19950.79151487253
81493,19977.420719620677
97521,19951.131803658238
107168,19976.44641052296
94004,21322.082797695854
87794,19951.300234814626
99172,19951.350772054884
78673,19951.925792167924
77673,19412.526253636137
89569,19976.717985813328
95130,19951.12513191194
82941,19952.017707813036
106278,20752.36062843485
92295,21322.08824755142
100500,19950.937107808248
82192,21322.942005766858
103583,19951.460343309358
76059,19879.035675171755
105499,19951.125463963315
107083,19951.046052668557
99563,19951.099919432254
94951,19951.05557999808
103148,19951.382035274295
91319,19975.820026799436
93386,21322.309758209492
76109,19996.218230944865
82945,19949.677007710237
101785,19951.426761211562
99381,19951.025610792505
87060,19951.363609456275
95211,19951.96737539698
91694,19976.622953174276
77173,19962.701920650794
82094,19950.699977771077
102120,21321.906289359806
91721,19951.043551251096
88100,19950.91318150469
101115,19951.22145800404
104595,18456.318773250132
90098,19951.372665383158
89595,19001.08924115243
82269,21322.28651037069
79900,19977.95223695635
90360,19950.926051062892
102462,21321.920102310785
106639,19951.367027745946
100825,19001.263319024973
79579,19954.502584923954
97198,19951.088582292436
78303,19948.091509876565
87680,19950.7215209106
78160,19953.93821402852
76168,20015.22335951965
88329,19951.60662970575
97416,19951.08324248692
93159,19952.013020533737
91927,21321.854891572464
90611,19951.030379123215
78641,19410.014487062468
92598,19976.562566220822
94425,21322.27563608979
91168,21322.083396008216
78734,19409.880004177114
78005,19952.177671648642
93001,19952.179280397955
101473,19951.379286668933
81076,21323.09552615258
89625,19950.8946868738
77610,19948.249134759957
99909,19406.79541799627
84285,19950.68329927523
87146,19950.963337053552
106204,19951.45157343362
79047,19974.25261165213
101371,19951.226841497813
83269,19976.384384387264
79251,19948.98007847146
83976,19951.67304439431
102684,19951.103650572753
97327,19951.348370743126
103469,19951.14491951181
84299,21321.71488543035
99272,19951.531299319682
89489,19950.835206994612
83325,19950.272271233414
89423,20752.159014526405
86724,19975.634188643995
83802,19950.918644981084
92419,19952.085508721822
104989,19951.121904387932
83670,19951.32289530292
90400,19951.01750651289
107433,19951.29367939122
81641,21322.428461353666
103722,19951.376441838445
86632,19950.98542001549
93036,19976.605096321047
94398,20056.838332024447
84906,19949.854044273852
81280,21321.743626396215
104075,19951.065110821768
95998,21322.085142944896
100993,19951.374904898665
105404,19951.325614570767
95615,19951.936913325222
88828,19975.928830529996
94230,19952.101181065296
97101,19952.055353145355
102266,19951.208485579125
95269,19406.819760922885
87008,19951.317940255572
96384,19406.867499760316
81461,19953.435323163852
92651,21322.337120901484
83997,19950.504205919886
100143,19951.13134326004
86721,19407.313995158307
107348,19951.09286793886
99221,19951.35650441348
92846,19406.956821210784
101042,19951.20437984338
76663,21319.60370134905
87986,19950.73020824188
92959,19976.56932569239
86076,19950.61597946473
76987,19977.98271727485
76842,21323.675583090597
77966,19947.392891085063
86599,19975.782128248175
87922,19950.81743150169
90812,19950.848723467265
90897,19976.63377039783
86531,19950.685455194576
83583,19407.3593291571
81256,21322.349480128923
80343,19976.14506300518
102122,19951.214800239122
77334,21323.56503750817
102222,19951.378093228366
93883,19976.50011413731
101876,19951.19964916715
77602,19946.646653444728
88598,19951.053980444092
77524,19952.916588283504
96783,19951.952247295576
108041,18431.489293649047
93694,19976.62247499835
96258,19952.004661987674
97398,21321.872951696027
84225,19952.941175959248
86415,19950.950968394685
90604,19950.935081392472
103848,19951.15330812089
81012,19407.992653718626
94703,21322.084324530966
107406,19951.15100469928
97842,19950.76016337053
106706,19951.101405033216
81667,21322.381014568768
81092,19408.211879942064
97523,19951.095899291922
77107,19952.493478792556
100699,19951.070018241368
86969,19950.96173233504
100917,19951.13476436791
86251,19950.703948767463
86424,21321.831294742628
79990,19948.726542819186
86382,19950.928664651303
101613,19951.09395044469
78397,19947.25649327141
80111,19408.364611352634
88021,19950.80362714111
76832,21319.547855638975
78935,19974.35944860613
100446,19951.364105807228
100621,19951.37915168445
78399,19948.136124023553
108515,19951.206557637983
106023,19406.191743615193
93721,21321.907873866712
83647,19950.5091418498
94136,21322.28097507393
95847,21322.256253453026
107172,19951.368946961495
94458,19951.941525586557
94175,19406.819529717774
92726,19976.57644285122
80910,21321.708933657308
86869,19950.990287970428
81258,21322.945513754312
84340,19951.237000853715
100324,19951.12174013009
99428,19950.788966688855
88878,19951.31502226873
78066,21324.697348505888
105935,20752.248371821406
87309,19950.702599542354
87656,19950.880598819498
83790,19950.484157904433
77893,19947.531137729013
76055,20045.941342665647
99688,19951.37229625328
99661,19951.10883569702
93173,19976.639063963663
89291,19950.864307600263
107766,19951.14167627318
80369,21321.641808188557
84448,19977.008112313153
98481,19950.770971497564
96477,19951.951322323974
94818,19976.543754328286
106708,21321.928513345494
77786,19951.11617703805
77244,21326.750142728804
91199,19976.365551147832
101108,19950.90260179973
78967,19978.514341347876
106914,19951.228943566082
91647,19406.98240585709
91411,21322.329588891575
98766,19951.59514453431
105906,19951.091749050716
104682,19951.17203299608
78615,19979.0649937739
85253,19950.793335202216
103137,19951.148992520546
94662,19976.5682886048
104640,19951.119373159014
97535,19951.918490039803
80168,21323.299549441075
89005,19951.33109981251
99876,20776.9964151636
88741,19950.759206790557
88333,19975.76627678317
79822,19949.6297472224
108292,19951.195115159713
106845,19951.09873437104
92167,19406.942119313982
91226,19406.993970177016
95206,20777.154081249908
92166,21321.902179602526
102963,19951.15813510541
79527,21322.606100373658
94552,19952.10331405545
89210,19950.440575178436
78573,21321.276134179716
104073,19951.36353724874
98520,20776.978659112243
77491,21325.823960291724
103333,19951.38171824424
80090,19977.815762678067
98666,19951.095954049964
86798,19951.312692066076
81728,19950.31048733592
81606,19977.30311268369
84372,19950.82815760616
105528,19951.24651405365
107436,19951.139798323395
89038,19950.884291457693
102983,19951.374442344684
83135,19950.62546265721
98165,19951.093925073386
96159,19951.047196599502
90229,19950.612536211225
87710,19951.301808268305
91414,19406.962877332116
77961,19951.162512144925
101890,19951.37958584423
83710,19950.3519394632
92874,19976.592603115754
86534,19950.072137720417
98517,19951.848738950823
76174,20014.077337064242
107068,21322.058010774177
98050,19951.12198543317
98718,19951.533434696248
101964,19951.388238674193
96813,19951.806557452823
95118,19976.49095030318
91139,21322.33821007371
98838,19951.02275438526
98268,19951.076774932117
99553,19951.130459965305
98904,19951.53674333887
80828,21323.095415408734
100001,19001.230359506844
106691,19976.59201811185
108038,19976.374451870222
98715,19951.035149600673
85714,19950.06940945147
88475,19951.54083346769
91923,19952.049627857647
94795,19406.8405639563
79738,19407.293920002812
104213,19001.2408754818
89425,19950.860365047425
82405,19406.99688649949
101000,19950.975602147373
83819,19950.6061572419
103491,19951.379553877006
88226,19950.873550916123
102022,20776.981499208963
106889,19951.146953893196
98697,19951.098883819657
97178,19951.06367486867
92375,20777.196461405358
95917,19951.63581251028
96308,19951.026032352784
92406,19976.584286902045
108375,19951.185243153242
76860,19976.446670726164
82234,21321.67322446825
99593,19951.123532348807
82962,21321.695368136254
82016,19407.59692789604
86781,19951.858885400645
101065,19951.43465571555
95525,19976.548388702504
95306,19952.086088708613
77397,21325.874126902738
92496,19951.68306957751
102473,19951.37572459818
102927,19951.45995354785
91897,21322.090339910974
95554,19976.54766861457
97488,19951.91541034664
76085,19895.85147920196
84133,19950.180954512492
106369,21321.94439012695
92172,19406.886178709872
80532,19407.01515270532
96952,19951.06241344111
104627,20752.27555045662
87415,19950.785441725337
97047,21321.86161071503
87227,19950.784772922794
100308,19950.84733691094
105075,20777.094269686175
84539,19950.655514001166
92284,19951.714621704512
95634,19406.887742978455
86731,19950.75368033412
96425,19951.081293900024
96765,19951.58745789896
93239,19951.142068492158
95450,19406.88242034107
102086,19951.153676188722
103024,19951.566252179888
92808,21322.3141559425
99619,19951.503878508713
79704,20777.80887558647
99613,19951.496892327057
106854,19951.171170494566
80959,21323.196769599937
96020,21322.062545156445
78736,19946.489716418277
101207,19951.145823459454
89767,19950.83545900278
105747,19951.21257767667
77828,19973.295177611883
91572,21322.329293642
88785,19951.304624461693
76972,21320.25391552891
76362,19955.821134478392
87572,19951.561487774983
82399,21322.802739937262
93833,19976.59008456217
94597,19951.346838677717
86551,19975.744777381533
107163,20752.094816896362
84085,19950.53580841993
93349,21322.313410190767
99389,19951.498785024534
80970,19951.26317254057
96279,19976.527702411244
95329,19951.91661202108
99228,19976.508868153425
90184,19950.97585207441
107226,19951.273785102334
80769,21323.075215490346
80742,20056.98263114251
93650,21322.06324059158
107530,19951.70357334332
87038,19951.407724435285
80146,21321.55939632663
94892,21322.106652855557
107150,19951.37860034379
77880,19979.959703892426
100591,19951.077084659766
80919,20777.558158102773
84533,19950.445323576667
82006,19950.23745393354
83592,19407.61885329206
77124,21326.117441150935
93924,20777.16893398168
95528,19952.018984264592
105644,19976.253148199645
85662,19951.02318169399
83079,19950.40538802468
106655,19950.963802791557
96517,19951.061460101395
80260,19977.832359224692
78203,20778.36949713134
104045,20776.880268289013
76147,20010.905360280874
94260,21322.274285638916
101648,19951.147679808266
84725,19950.583256470272
100099,19951.132126764733
79381,19949.83376464625
77511,19947.828592394675
78265,19953.059672194155
85496,19950.565067365536
77336,19979.89710448141
80330,21322.48994463181
97617,19951.853872776206
94477,21321.91915500188
94881,19406.898112971874
76653,19959.406890100698
89023,19951.077353728262
104965,20752.092964695363
79637,19950.231933077426
94018,19976.512692070457
76481,19419.84057173883
76139,20793.16656817793
89662,19976.662871241475
105654,19951.18023642161
101555,19951.428536816835
107636,19951.36370986694
99722,19950.909606627018
77887,19958.467142386904
83236,19951.257951003736
107964,19951.38608053891
108137,19951.46641360407
99718,19951.551736384703
86701,19950.75569867362
77077,19982.611569745273
88040,19950.938945308873
78583,19947.68299038461
85917,19950.69392225912
81283,19950.13127352338
104304,20056.677447764105
87081,20777.004304705966
87129,19950.31508741965
98111,19951.075486631176
76125,19982.00728671569
89395,19001.213611096427
105028,19976.318348649
98036,19951.378340000672
78805,19949.441766187865
103101,19406.72709339153
108365,19951.374910688617
103367,19951.151122172687
79524,21322.50618795924
96079,19952.07407241443
104361,21322.199788691614
106133,19976.451589048775
88514,19951.326831630715
80511,21323.24582011452
90340,19951.700420564848
105563,19951.20191801167
85987,19951.28326942877
88251,19976.75197813689
104270,19976.061060221913
100820,19951.084481948077
91061,19952.056312522243
94348,21322.073969948335
106956,19976.42386943369
100858,19951.37465875841
81114,19951.281495300285
103100,19951.380533917065
87787,19950.781176183857
96168,21322.08795215499
107880,19951.288159257496
79423,19949.833251368196
96948,19951.058930551484
99709,19951.11139588993
92562,21321.84161939234
101684,19951.130088093552
99037,20056.741853165033
89129,19951.080004163574
78722,19949.785537441283
100854,19951.370732495197
94206,21322.07159919816
107045,19951.146593874655
102537,19951.35702768905
95597,21322.124353730247
88680,19950.487784102268
96439,19951.597825184403
95466,21322.259734656385
89104,19950.35807146002
88224,19951.013490383884
86152,20776.965040656985
98291,19951.523595670165
106901,19951.139525056933
81783,21322.961538382362
100932,19950.974671467888
81607,19406.849106219917
96664,19951.20211008494
87553,19950.855678873897
95513,19976.566897236782
89899,19951.504859824716
98891,20056.817121366243
107167,19255.883524111243
77353,19945.688744598043
106280,20752.253205695335
90874,19950.908855588434
101248,19951.122835868504
79805,21322.59055342612
106429,19951.102843708413
80749,21322.434972992698
100354,21321.76504368859
80249,19407.14866707785
108135,21322.185269914284
80931,19977.54372668664
107899,19951.114045706683
106399,19951.138674763024
92635,19406.98695008963
99128,19951.108102069586
83388,19952.02357972566
79225,19954.853627886816
103533,19951.369229633503
103029,19951.36398326722
107588,21322.216604913032
92646,19952.01526137543
95432,19976.55491181395
105377,19950.838856722734
104914,21321.791503676945
103692,19951.192994154317
90273,19951.68364314009
91496,19975.922380153068
90243,19976.73635795518
88300,19975.770862593406
87519,19950.81778372011
91612,19976.375575452792
101939,19950.96117202557
91015,21322.344780028714
90181,21322.117953419074
78441,19974.05152045074
108389,20776.97232087034
92627,19951.340780769886
96927,19951.055801405782
87730,19950.780994077137
89842,21322.3669918676
92971,19976.53203273776
85556,19950.104347092496
82669,19950.45281945296
96673,19975.923889249905
79153,19978.561312723396
104675,21321.857806907967
91062,21322.10990355091
93779,21322.076769403444
84248,19952.961781214748
85038,19950.733197064692
87003,20776.98746228915
104951,19951.345097898167
80530,19950.074051204614
83785,19951.323997250372
88812,19950.76218811617
82270,21321.696546974224
108300,19951.169754276627
103880,19951.148655873687
90507,19975.94337507177
108049,19951.146388641824
77105,19982.170616079413
86615,19950.71215239205
86494,19950.404691773994
103184,19951.13947752962
98599,19951.83995256041
104375,20752.287717904277
107205,21321.961248553267
78844,19952.66992629827
99780,19951.592992932943
88969,19975.784220908627
95137,21322.101689607945
102509,19951.162771213334
77745,21324.94637644434
86566,21321.763552628145
97877,21321.887574300566
101765,19951.11067517968
77886,19947.025267560577
90185,19950.892629345948
104203,19406.202447361633
85229,19951.28879227913
96143,19951.361855908886
88575,19951.082071212393
104096,19976.39097395944
90161,19951.012142626176
100702,19951.11907448198
91390,19976.64235918509
94518,20776.990654126977
95365,19951.16428421115
77078,19951.113536164296
103981,19951.3844229849
93049,20777.163451805663
104932,19976.26054705901
80929,19951.306348039787
84280,19950.669930153585
107619,19950.935148679408
96726,19951.01365635638
95122,19975.893258700005
96286,19952.056752724253
104463,19951.141568565712
79669,19951.20759634142
83751,19975.488927193623
103686,19951.153501772682
76601,19950.446058345882
78424,21324.25823224373
103522,19951.449202340315
96181,19951.211860121275
106896,19951.103882363594
103201,19951.56156007623
108472,20752.343655183024
96100,19976.102044297604
78149,21324.663492349446
99046,19951.398137377273
101215,19951.125090345195
95675,21322.07027598465
103753,19951.160315516914
102010,21321.917613029214
99789,19951.05922357184
78760,19955.29805409124
88270,19950.835212003563
77169,21326.648061906108
94033,19951.453121265644
96304,19406.730456036614
83591,19950.657970103202
80417,21322.26290006193
87101,19951.618087892046
91487,21322.084215269995
107256,19951.722946432023
81695,19953.660401714944
104760,19950.910223297564
86668,19950.757628414824
106007,19951.676316414
94726,20777.14076291518
80940,20777.59732192357
94574,19976.25102418909
100505,19951.123900413695
86383,19950.318061267037
95683,19406.864875297233
79982,19974.765766554232
91488,19952.109508136127
79556,19978.24288547144
108183,21321.827238198955
93993,21322.284815705974
95976,21322.269852610927
98574,19951.511767174426
94825,19952.120125481462
88397,19950.871448061192
84250,19950.585687350307
98593,19951.09323340082
98330,19001.203697963938
103350,19951.184642998087
79640,19408.868574224998
88447,19976.683697425786
97515,19951.35777325862
99951,19951.125609534065
99333,19951.299786448588
88755,19950.760578413498
86184,19951.299764679785
79396,20777.805755326837
86690,19950.76355651762
84172,20777.366794977508
94766,21322.270105107116
95569,19976.55641527199
106158,19951.156826590763
81339,19950.088280652937
93286,19406.933304572216
98950,19976.301272174052
78868,19948.110619329247
100793,19951.12652540493
90095,21321.829807119102
77269,19951.3836165778
79615,19954.9764906934
104050,19976.483325690104
103961,19951.36535095785
105844,19951.29680354425
101832,19951.140769393154
102550,19951.44675673469
101434,19951.137861307707
101418,19951.096381858973
108042,19951.33588971077
107747,19951.155913427192
84521,19950.202458111442
97615,19951.204339927644
81424,19975.17094140956
99517,19951.063694433386
86658,19951.543997713667
91422,19976.622103897815
83839,19951.58676484367
95100,20777.150916613813
108425,19951.193393995633
102439,19950.91145664441
88840,21321.796606966982
90580,19975.81011394454
85770,19950.643009294046
87728,19951.582417659858
89952,19951.41833465331
97315,19951.4868378054
85711,19950.670108143408
90358,19951.61366805899
102929,19950.932955422748
82447,19950.335089520962
100245,19951.223795757327
84784,19975.53745559515
76465,19932.029063500464
87664,19950.84555566135
105387,19951.285773675045
77089,19945.221080857016
81610,19950.58991756507
81058,20777.54476129002
77730,19954.533981333185
87459,19950.871094023372
104036,19951.11944481947
107145,19976.373927504144
82326,19953.114657700025
98946,19951.378720718425
107053,19951.1630933372
108371,19951.1447089836
99914,19951.069441430125
103049,19951.448632112002
108509,19406.56092157156
97598,19952.031543176643
79617,21323.397004638366
95140,19976.547605328527
90323,19950.824902255186
87974,19407.197588491657
103944,19951.149249985596
103018,19951.15320874053
87158,19951.41488487269
77669,19947.759084670743
98042,19951.37974852672
78268,21324.397890882516
90767,19950.855290692674
90669,19950.944524514034
81912,19952.11036040314
100120,19951.20693846668
102601,19951.148547206187
106911,19951.1447596927
85941,19407.151255672357
87006,19950.84713689471
79286,21321.437969775332
97138,19951.346348920808
90797,19950.845501296833
100707,19951.37186902512
107334,19951.367728935733
85757,19950.941113087774
85888,19952.666656238343
99962,19951.95067821978
76188,20008.48272097104
99064,19951.82667050248
77045,19952.1041481165
84655,19950.73684011773
107154,19951.5278393411
95840,20777.14406418966
82979,19977.203691177612
97459,19951.023202624834
89352,19951.38667976455
98956,20776.98834801518
96121,19951.83962332102
84625,19951.249056190758
98767,19951.08510150038
104355,20752.088282357825
89678,21321.834999021426
91357,19407.03552070349
75998,19831.09662894653
107603,19951.332344504048
86574,19950.462746520974
83632,19950.525594231985
89374,19951.309721133668
81663,19977.04786008139
85717,19950.0819493933
107272,19951.179327327078
106265,19951.244452404564
99040,19951.520601931574
88694,19951.330446616943
85144,19952.495156595152
86820,21321.7242630104
102396,19951.126429652886
87881,19951.033352406765
76603,19939.608247956472
100941,19951.33444177482
97580,19951.483415629264
106362,19951.15946832728
84680,19950.409964958013
105064,19951.11949269869
105522,19951.200245442982
82587,19975.613312358153
81216,19408.27786666186
77075,19954.722047940777
95633,19976.23709832739
97702,19951.077770441632
106735,19976.002684677518
78177,19951.040339406187
108495,19951.118447497738
100743,20776.981999347787
88876,19951.055426991694
101192,19951.38232055549
87450,19951.00160907293
87281,19950.776994793818
89740,19952.109120523543
91037,19406.64187225851
88485,19951.330525325215
103760,19951.184442281323
108527,19976.386965112215
94564,19952.09632443715
96909,21321.877592609828
96759,21321.895856939856
99752,19976.30509698672
96075,21322.055501375882
93329,19976.09706010117
96936,19951.942077524214
98873,19951.087086589527
90863,19950.9691521985
76692,19420.416836373173
89812,19950.97262549755
82128,19407.012738349196
96066,19950.99973581737
95160,19952.109485329023
94923,19976.501699469867
79998,20777.59792961794
98555,19951.53767364774
84197,19950.537730042623
93881,21322.106622375522
96420,19976.3216097309
91466,19950.650549621303
102246,19951.140149542985
95149,19976.53615661383
92066,19976.63445109202
94579,19951.34458471622
81791,21322.886286609737
87929,19950.790620551496
79839,19977.85245569373
103708,19976.002234268897
78718,19978.652866719574
87840,19950.839359030135
86316,21321.73678048882
106118,19951.319909954476
87923,19951.389462108058
105417,19951.291523124186
95584,19976.538176573566
80187,19950.22703127493
96280,19951.07341325312
88069,19950.72078728325
102826,19951.56106710294
91166,19976.638812015768
95616,21322.26361059728
77374,19959.138116173184
101288,19951.127008428703
88801,19951.31758230191
100060,19951.0493894128
97336,19406.849689831775
79226,19409.238075088993
106287,19951.141743575594
95018,19976.55774932367
78131,19948.401516311747
84551,19952.85268883333
100445,19951.116209975433
93031,19951.70252778859
104415,19406.61493646292
82984,19950.48423081065
104242,19951.06814465485
86170,19951.024338029707
79814,21321.499959046618
94172,20777.15708510786
95530,21322.111464079408
96105,19951.42964239099
87822,19950.77314521007
78073,19978.88349008943
106610,19951.291892456786
99065,19951.067498755874
77646,19412.57191020011
86266,19951.297405927435
80186,21321.397462220237
102645,19951.18914859301
83453,19951.27477097371
93905,19976.563209009193
90535,19950.862153026494
103695,19951.35640298693
87488,19951.33832073254
84520,19950.572997348154
97541,19951.07963215066
93818,19976.595638364775
90796,19976.700155377082
92896,21322.30569105372
95577,19951.288898804272
101488,19951.38157809105
92336,19976.622990954795
98826,19951.35530619513
99527,19951.565845210458
90582,19950.96826250882
99787,19951.572555089828
107806,19951.100471298374
94108,21321.87736279477
96333,19951.42653277353
100710,19951.220764598613
94129,20777.15908319789
85361,19001.003444040383
86043,21321.879798098613
86833,19950.2575755798
94373,19406.90851890706
77978,19979.659473769185
96250,21321.917457729953
95594,21322.27850181348
96781,21321.885896837593
91860,19407.00742979731
91206,19976.58074798766
102627,19951.110897421702
89384,19952.137403172386
100945,19951.16252801855
103337,19951.139013070635
78230,19949.589319626488
103814,19951.379869717548
96429,19951.687369586027
81547,19951.756589523673
85056,21322.65886124135
107758,19951.107534451352
81328,19951.763098363324
100775,19951.108200817867
82066,19951.6280063408
83908,19977.101393098925
105323,19406.195016325135
77492,19946.94128765798
107451,19951.109229157024
77351,19945.946928973255
98029,19951.08169125729
101572,19950.936519663133
94944,21322.07933964159
91179,19976.658276340186
97780,19952.02681255937
97978,19951.35630066847
104953,21321.864547894784
89173,19951.09650374053
103406,19951.146045533074
105570,19950.928234743
81815,19407.821764109292
83095,19950.43032032827
92184,19976.603518871896
88793,19951.73041824938
81805,19950.222365273472
85794,19952.401021442496
97245,19951.230940418845
88691,19976.438434456286
98261,19951.853523394337
76495,21317.97071823382
100400,21321.781891426814
95964,21321.88518993898
101477,19975.9815894671
91345,21321.881179790307
76207,21331.65577312748
88153,19950.891155992555
96153,19951.37140277208
82291,20057.044284952153
99451,19001.21949532857
87965,19951.59198947277
102559,19951.149058348743
106147,19951.026022916398
77921,20778.52538258634
82334,19977.282151002448
108164,19950.891779898964
106096,19951.126986623996
87657,19951.518184397177
98448,20776.97905270665
91900,19976.60442182789
103220,19951.154518255345
107077,19950.87329942356
78197,19945.227716924757
101655,21321.912356970348
107006,18431.48352333273
101367,19951.13399453838
91219,19952.081129910435
92182,20776.99302599609
81544,19950.34177628612
80496,19977.73546641615
81766,21322.31362618052
96589,19951.050442351974
81711,20777.513442173262
94981,19406.90051411338
80701,19407.983107700824
83791,19950.81064737852
84832,19951.285649516307
108407,19951.148758404404
98308,19951.586253739704
101437,19950.941762173807
91248,21322.108419139568
104100,21322.027506016453
78410,21322.810796246587
98413,19951.117261404783
90060,19001.202806248984
101366,19951.231493556683
98709,19951.057159731954
102890,19951.145954208583
87962,19950.829233322722
79140,19978.377956307235
94166,19976.597690591905
105551,19951.131876099975
99518,20776.969753956495
101813,19951.388714519977
97443,19952.02429602085
89725,19975.77209601595
100115,19951.11764301595
91893,19406.598692938405
90000,19950.831872865623
82989,19950.40421337554
89359,19951.31334437424
91971,21322.121798923938
88614,19950.302335902343
104765,19951.136728603225
80918,20777.02483430557
91622,19976.58141987669
88210,19950.842204164353
82019,21322.920574974964
85200,20752.184416867352
81558,19977.390115147744
99276,19951.28062182693
81563,19953.7055256311
99583,19951.065861767376
77201,18997.808063930774
94664,19951.65979277123
99203,19951.098782005414
89314,19951.63625105439
89306,19951.298497536874
90716,19951.374408896172
84217,19952.138101495297
104655,19951.32711058991
92210,19951.38492377759
82528,19949.42632897867
91346,21321.889616434608
88118,19951.064110279196
76132,19912.32146984583
101208,19951.57716189799
102136,19951.081263324624
77562,21323.3444404718
108283,21322.15960788221
100008,19951.11661353103
91342,21322.379168280415
107698,20776.941839508465
81538,19950.406828102874
99044,19951.531442159914
83163,19950.271440595534
105124,19951.14080433933
86549,19407.29871909985
91034,19407.01638300023
101853,19951.096428308585
99837,20056.78620379606
89337,19950.815450271504
107369,19950.93640395748
77529,19973.41696911179
78801,19975.21015466281
76409,21324.708703196407
98146,19951.354121674933
91565,21322.35957012244
107994,19951.794522571905
93945,19951.97685892488
99755,20056.787410962694
78753,21323.9062890968
79674,21322.32461349336
101599,19951.378614863348
81659,21322.379656132005
96322,19951.042014207964
80700,19977.71481216693
101522,19951.145838431894
93595,21322.285834705013
78924,19978.142210934613
102891,19951.386357405376
107611,19951.13571691204
78528,19956.709033595194
86323,19951.317933986335
103910,19951.152070170607
93854,19976.573548467797
88710,19950.30157753027
82438,21322.899903855792
83328,19951.33797070173
91690,21322.103511349902
83796,19950.358846656098
99904,19951.362733111277
100270,19951.1110325342
88422,19950.81872528108
102971,19951.116033196882
106161,19951.10630483282
91244,19950.990819309893
81158,19977.456896443062
98004,19951.51315587342
84522,19950.519900570922
81215,19408.27637708558
94487,19976.55539874723
78065,19952.188951298158
97766,19951.10486077086
86180,19950.344450678876
87921,19950.718793931504
76160,20016.99967259718
104197,19951.07903751527
100295,19951.163965351156
96012,21321.856492512074
95783,19951.056605451824
104527,19951.724871205803
77354,21323.366578950252
106062,19951.162176611146
84578,19000.893683241495
99784,19951.37946348603
91716,19976.616555817014
97394,19951.451268308825
97254,19951.830275184846
87501,19950.84380785026
95532,19976.4903315281
91011,19976.414923941524
106069,19951.713583527195
105103,19951.17816208514
84421,19950.547784098686
87363,19950.76402685674
108379,19951.344979082012
83268,19950.443308028818
94592,19952.103353561128
84041,19976.97938517309
88908,19951.582500459746
85932,20777.318462264455
96593,19951.063905748648
106195,19950.85460904137
107153,19951.745135808043
104500,19951.132305561205
85737,19950.957170433507
75997,19815.753476251935
79336,21322.644223273703
77061,21320.39725190772
88839,19951.105176774192
86859,19950.628293129863
101090,19951.433563937735
87563,19950.966832715276
107188,19951.107431545664
95198,19406.61997049504
86476,19951.023723522663
99894,19951.50032396047
88279,19950.833328421122
108121,19406.557951043662
99827,19951.52935834489
107457,21321.961986710947
96509,19951.925026832654
101858,19951.13701172087
93052,19976.593344176676
91879,19952.04608500132
107229,19951.146017920357
87917,19950.805687087923
82310,19950.33887646078
93584,19406.870157708487
94356,19951.637647774143
76249,19970.14681994231
88386,19952.22277087136
104406,19951.132370596795
98286,19951.52130860509
95310,19976.552263877187
95994,19406.877689479603
79879,19950.466829352932
97135,21321.86624306687
81818,19977.46115245932
108055,19951.31473834403
96474,19952.055224509782
104358,21321.963635003754
77110,19944.25566081452
95124,19950.80845408345
100539,21321.912595227084
102883,19951.132924957106
94081,19951.604311011797
100018,19951.12135110093
101491,19951.149788064093
89297,19950.89154002398
99337,19951.82947436974
78463,19948.039136246123
97799,19951.198782873736
92138,19406.956643724774
83715,21321.664533853676
90455,19976.272344142613
89100,19950.868952635366
79908,21321.461524254268
91045,20777.190302134062
78357,19953.286875394697
83989,19951.244248877825
83057,19949.464707752908
92472,20777.16430963546
77836,19948.333368884985
91661,19976.658963233614
103107,19951.409989146712
95476,21322.27409131211
96615,19951.339713332396
76337,19996.34611275738
85067,19951.280542112
95176,19976.484107345717
104450,19951.227360434026
104227,21322.050750261616
94327,19975.913719693493
97056,21322.078145825533
79775,19949.94369092584
91282,19951.82889564245
98425,20776.98416147681
79509,19975.44124175157
79798,19407.666536778237
82615,19950.111559189947
106314,19951.531430684674
88964,19950.878550680798
94303,19406.54792600656
96851,19951.06230163595
104465,19975.996791361027
89500,21321.786703829308
100482,19951.124530909707
102159,19950.96272059658
83242,19950.432135554813
104780,19951.283537064628
83902,19950.534785587774
88955,19951.05248125879
83139,19950.257498214785
88842,19951.428857251023
99320,19951.107972272297
81840,21322.355580042364
103216,19951.107018911927
80734,19977.689516559065
102743,19951.782327618654
76855,21320.060072618555
89866,19951.353670743578
106171,19951.6542945699
76530,19937.93743019296
77933,19947.790776852416
89304,19951.74006503286
77180,19960.40479762732
101525,19951.370025089927
83657,19950.81400383151
92832,19976.58324384475
102059,19951.15432331045
98895,19951.198861690602
87994,19950.876748971117
86458,19976.451641278352
95568,21322.279080483102
79603,21322.532000351443
77681,19948.81325650242
105596,20752.239108503385
100815,19951.112308767122
77113,19963.176923450716
95519,19976.4505432999
82180,19977.131028840122
105893,19951.224675186906
96087,19951.01832413015
102458,19951.147295563747
104637,19951.16003168997
78633,19951.99701300488
101205,19951.372845469767
90825,19950.86549527671
77280,19961.50501815432
94924,19976.042768158637
92185,21322.12403772545
101547,19951.146106954475
88425,19950.87080394656
95191,19406.896728249612
82878,19950.386963657787
87900,19951.309250355247
90045,19950.56636863275
85402,19950.736962975257
78124,21321.107692667763
100374,19951.12461246135
96192,19975.903301524046
108050,19951.703272167655
98773,19951.028836093858
105534,19976.237433262304
89256,19950.874334406013
102735,19951.78429634001
101683,19001.300172097828
80977,21322.42365899587
98983,19951.064150223992
91969,21322.32273428188
101852,19951.156017566347
77600,19980.442467547182
95813,19976.22883880046
85687,19976.848784106387
97288,19951.06243275047
76331,19920.05093942102
76111,19960.387334553772
84464,19950.579878021723
102105,19951.234682548522
92739,19952.18467880814
87154,19951.039347677124
76313,19919.014159194536
80830,20777.570204529035
107419,21322.189838313134
103729,19951.15437135697
93796,19976.56786442567
85542,19975.56624013496
89838,19951.699204183307
93303,19976.557791932406
86555,19976.773748505093
81471,19408.091758036433
97273,21322.11616151314
84529,19950.223271406052
86886,19950.788053712808
77905,19958.551752170766
78325,19947.09082946215
91821,21322.319501331527
79209,19976.14713088412
107729,19951.145301797478
88328,19975.83770423565
85466,19950.95993618758
105634,19951.09546653594
79780,19974.745865117085
107271,18431.482496452045
77909,19951.093196615544
81592,19952.139577243626
90946,19976.58583843569
96511,19951.214228113517
101345,19951.135801344913
94773,21322.286701859684
106754,19951.842411465946
82112,20777.50616890563
76758,21324.478706239825
99146,19951.581253803448
103707,19951.14793740361
84009,19951.545653308505
84288,19950.58400777819
107688,19976.373896212677
98025,19951.548371180146
94529,21322.278520636635
78142,19948.616479840694
98985,19951.573184110282
96366,19951.372886242418
96697,19975.909892496424
93267,20056.84737218626
98625,19951.512149824965
90111,19951.67711780475
94666,21321.920978382193
102390,19950.919657060007
87799,19950.72182448922
101806,19951.129971578226
92319,19406.98381885069
82564,19950.299753270243
80431,19953.880563052804
90298,19951.698843352355
83570,19951.50246056818
85343,19950.973584688403
104567,21322.05932874608
107481,19001.255097981593
80625,19408.379020102373
98575,19951.110300497152
76415,19930.33062138011
95772,21322.070396592986
85564,19950.760146872348
106489,19951.10001963763
104520,19976.138492397815
85622,19950.66681277821
104842,19951.4293927478
81717,19977.41809268127
91720,19976.53745965839
93411,19952.150040956643
91818,19952.103110041226
103824,19951.359480410323
106453,19951.182329920437
96056,19951.624266668896
87924,19950.80065000257
76902,19962.807280312
107200,21322.066013260082
98825,19951.34866595153
84740,19951.25805334008
94186,19406.91344037832
87093,19975.793168778186
90703,20776.98056547143
87711,19951.422493581158
89763,19951.087071964626
107087,19406.198249250447
97903,19951.527994132455
105393,19951.032420729014
77984,20778.39531575898
93270,19952.145295740487
83584,19950.575151486737
95630,19952.029004171764
92001,19951.672225796847
104596,19951.12325468314
108196,19950.976597806923
94963,19976.537122325826
103813,19951.13378451544
97285,19976.315853521653
102140,19951.1852220502
82537,19950.32620454171
105396,19951.384080997163
92363,19406.991232804674
87145,19950.975813915433
83808,19950.50466137035
98940,19951.349290124515
79334,19409.220330542765
88939,19950.84438313251
86108,19950.737718139255
107513,21322.168640085943
93992,19406.564690431125
77114,19981.112051970333
106247,19951.19417380826
106460,19951.828653882312
90980,21322.11415712393
91407,19951.69251757223
92716,19976.18115330339
94427,19406.92598893904
79107,21322.60585069955
97517,19951.50718961383
82963,19950.44620770102
95600,19406.858478704336
105627,19951.302252535883
94599,19976.544797766706
93831,21322.09421433285
77796,19979.712426826838
86054,19950.595437598266
103984,19950.906454967753
79232,19952.01900703144
86186,19950.73550296804
79993,19975.51664556427
106645,19951.559722268725
100923,19951.2146930474
79473,19949.352696649803
78631,19409.25797798097
98920,19951.190709692
93487,19951.66240139384
89722,19407.05690318229
86489,19950.753253895517
77792,19958.822152917768
83434,19407.686990155482
81597,19953.01628045766
93788,21322.305016837996
105929,19976.003851116067
83037,19950.42844420844
96675,21322.100074386177
85315,19976.93729112108
88309,19976.762192821974
80642,19951.24856560436
85401,19951.26540042699
81449,19408.044680475694
108274,21321.822074251268
106544,19951.136047151205
91643,21322.157093750942
77829,21324.971444908424
78255,19978.63802182336
106408,19976.262990213305
96365,19952.00059125123
89365,19950.883205819653
98758,20056.798351172376
82412,19951.236893341265
103970,19950.972179006254
82004,19977.435186504918
76359,19949.61297208279
77601,21320.450894638143
87750,19950.833439383172
103263,19951.154625098792
103050,19951.77746633066
106203,21321.95894694018
107465,21322.175585628476
89824,19950.892248314598
83691,19950.54011929394
83517,21321.667044633028
87354,19950.786473169683
80631,21323.25135904985
88470,19951.09467826427
85074,19950.629869557994
106338,19951.12924003632
86031,19950.571272213754
77815,21325.29898460097
94854,19951.99623180818
92558,21321.848910732962
105202,19951.088970879482
79841,20777.01604382919
81027,21322.325608117186
81862,19951.320029766768
90349,19976.642762964646
95059,21322.12678840108
100279,19950.900892253852
106984,19951.343686704116
92688,21322.13019671095
79781,20777.72637917323
105426,20752.113737816908
76908,19956.207651554625
86624,19950.735123369977
77747,19980.085614923923
104911,21322.07216109468
100968,19951.147025116832
103235,19951.17103858854
79717,19950.196252441376
93346,19406.82247422662
81416,21321.701075992827
105745,19951.141881055468
89942,19951.343120624577
99350,19951.27791577899
77848,19974.808997228203
98163,19951.402700553102
79733,19977.909111905574
106417,19951.180208070688
98931,19951.088337388865
79025,19953.01027603467
96098,19951.917404472577
89627,19975.789940928924
100722,19951.121636345026
89119,19001.060519663173
106445,19951.29020345472
80588,19951.156994597422
91785,19976.658450473813
79294,19950.127934083957
105542,19951.37220664821
98603,19976.000341030063
103921,19951.159478975304
98405,19951.24304290194
79284,19978.261738145968
104738,19951.282663161164
104623,19951.24071387566
105041,19951.036884615478
107556,19406.534672386264
103553,19951.571028409664
88716,19407.13432330921
88844,19950.785050911738
87568,19950.771112071365
84183,19950.898983675448
104240,21321.797534712092
87404,19950.795363392004
95985,19406.617324893556
95986,19976.194138747178
102723,19951.14307048127
93713,19976.608679230656
97359,19951.06557259504
91991,21321.886180420952
77490,19980.500699679214
106975,19951.135780596567
98180,19951.289548039516
80465,19949.978835935253
98027,19951.073096193373
79085,19949.15937448103
92539,21322.33079649616
92267,21322.31119559911
87807,19951.76609693099
78839,19948.94838532227
102361,19951.37858450271
76828,19950.699437734915
105914,19951.802541189074
80885,21323.109608465093
89833,21321.870386708495
81436,19975.179100931735
94157,21322.091981161204
98733,21321.902177127344
102978,19951.139069093242
81455,19977.41541058562
88578,19950.907326179047
105743,19951.20303650107
94325,19951.69732383966
79801,21321.457161743543
105405,19976.25357684859
80670,19977.65201068799
91173,19406.94039772461
80960,19950.016982026373
80623,21323.171316654232
93516,19951.375792000097
101762,19951.1452941301
104665,19951.174639650362
93682,21321.899984701166
86261,19950.7881694703
97450,19950.752122278365
97153,19951.355117885054
82769,19949.88898044818
81781,19975.271164367237
108329,19406.210461895822
93812,21322.30248113777
81383,19000.986836409233
84306,19949.79110477601
78773,19949.889046270066
85809,19950.924518572574
86305,19976.45410356048
88701,19001.21320663242
99973,19950.82369017217
106851,18431.48418493391
89751,19951.0594840398
83788,19949.638160955757
80351,19407.235203771972
84894,19950.621520491193
97232,19951.06670741524
82689,19407.81094110054
102485,19951.245867470483
96093,19951.418670007515
78234,19957.491824214732
83402,21321.59715341313
96362,19952.067515155268
85275,20777.003754437625
106895,19951.446813551895
87163,19975.81517142303
94751,19406.865943725006
93542,21321.88014846731
77980,21324.374466082438
76166,19913.627301332588
89776,19951.005488776867
106767,19951.29171093928
84743,19950.92613549041
92273,19406.991074299436
97882,20776.972450357727
76744,19946.425952749574
86560,19950.95373472131
93835,19976.515327756602
94203,19950.82615630753
88439,19950.825487324008
96097,19952.066335563857
105131,20752.252023099372
100343,21321.766755490924
90841,21322.086179590726
90540,19950.84701455965
92762,21321.886851401105
107805,19951.375914209497
102622,19406.53334304403
108073,21322.170326105865
86061,19951.298406146867
92883,21321.870732851377
82290,19950.48918407543
87824,19950.729366705487
82554,19951.596852039096
102928,19951.164070740884
77420,19976.810480864013
76315,19966.05831784531
99825,19950.82636925271
89292,19950.96910871094
87301,19950.94150093059
103076,19951.153753710758
93084,19951.698591188208
96934,19951.06366368038
85141,19950.73257333234
101607,19951.13222734548
106992,19951.428417170704
95873,19951.857785753644
83341,19950.467098729372
78017,19949.53927334067
83129,21322.76524109621
92261,19975.894592601464
83824,19950.931755562648
86151,19951.824181754822
88105,19950.870360896617
101848,19951.129614299316
89588,19950.817890931172
93705,21322.270053868604
93017,20777.159600249855
77465,19980.912759709554
105484,19406.198358629805
76751,19969.35972257098
97511,19951.366726824286
102864,19951.147743416805
85858,19950.878347497903
94836,19976.36763409149
85250,19950.615482970436
78497,21322.67923517221
99540,19951.516122404522
97147,19951.933239163955
81347,19977.509037309843
95555,19976.55543863861
98074,19951.240029039694
104435,19951.119709376835
107097,19951.149058350693
92205,19976.28692440937
90822,19950.9634689437
93344,19406.92757376128
84232,19950.481334019376
105217,21321.837883363874
76013,20149.251947428857
102818,19001.297479360364
106541,19951.12817927192
87213,19950.69511701897
94119,19976.513076602263
105753,19976.38021052801
90397,20777.215894777037
87612,19950.686634274167
82789,19977.14308842579
102916,19951.14496848825
104561,19976.275302221853
105428,19951.337974271144
86677,19950.775082835924
95080,21322.129826371216
90113,19950.993766770564
77433,19980.94744877289
106180,21322.056163638354
101692,19406.749771859017
80466,19950.0103124544
99512,19951.38086244529
104554,18431.476486618896
89047,19950.88279711542
93888,21322.28772010235
89659,19950.994763006078
89920,19950.983661490467
86975,19951.313886601707
91405,19952.074130894118
83203,21321.774744240258
104338,20056.70227400334
91659,21322.330421208175
86385,19951.823191515843
81048,19977.27327343626
102880,19975.984327670212
100237,19951.118019728376
97751,19950.771933044965
85614,19949.927897631303
106145,19951.089022595846
105955,19951.129659488863
100146,19001.278870845486
107491,19951.370976649203
80061,19408.640972554025
94324,19952.154540179996
97114,19952.024517152553
106600,19951.070080267615
90922,21322.335732307576
80222,19950.951858875418
99356,19951.519658482313
92780,21322.06466727945
107380,19951.129521712606
86069,19950.719744131744
107753,19951.1458944734
97983,21321.87577713114
88082,19950.72828611695
82115,19407.72940701598
81634,19407.719234767257
89943,19975.80302712528
104167,19976.19415932184
91010,19407.031681288456
85004,19950.90210290154
96953,21321.925203012663
78632,19948.81643762426
76114,21307.862691883383
78570,19948.40333101985
82674,19950.378828511322
91196,19406.64384817398
93734,19976.56953044525
96031,19952.058382384705
102015,19951.133937926144
108372,21322.110172474044
98719,19951.34901101831
83391,19950.54539423299
97098,19951.991425965683
104357,19951.345680679962
93495,19976.51875662271
86422,19950.767482234547
99731,19951.56732510294
94144,19976.588012874512
88103,19950.28741052734
105199,21322.060582737082
97003,19951.0607421853
99925,19951.11971243395
92816,19406.917016761003
98472,19951.085206443695
91986,19951.09092139328
84152,19950.53727980109
87538,19950.784901477997
93305,19406.95478058365
104249,19976.403084713595
85501,19950.64801181308
82343,19977.34845946978
80601,21321.630173518937
99715,19951.517560436125
90451,21322.402984605127
98282,19951.09500763667
98397,19951.6004487731
76414,20783.14332288772
99016,19976.007951116044
85767,19950.6599072703
102787,19951.37627633273
101188,19951.44484567401
85019,19951.269309467327
79803,19408.859627601047
107582,19951.374992738038
98501,21321.870974493235
107021,19951.120669513726
82317,21321.765656132684
105678,19951.076424434457
77931,19953.578991871716
101619,19951.127571211437
76128,20014.005971292496
86460,19952.009054321807
106084,19951.13602770186
80551,21323.1268333474
77062,19982.728164209486
98406,19951.529851529966
103489,19950.925583408796
107191,19950.9327939676
88549,19950.84100485087
85095,19407.370185500786
83923,19951.275114153847
87074,19951.453759425247
94031,21322.28092906451
99120,19950.795654743608
105824,19951.34669219937
82389,19953.10270563127
91994,19976.337414779104
85060,19950.51777175558
87412,19951.642464003842
94683,19406.893426457787
83069,19953.240150781974
77071,19963.227552975004
81406,21321.676247059164
89203,19950.86811397037
82423,19951.409119353688
88301,19950.5788687279
86758,19951.046037720436
94072,19951.33278745004
102247,19001.289823145537
101529,19951.3600565934
100738,20777.00313223674
101790,19951.14070033142
96188,19951.025610753935
98656,19406.602953370802
79321,19976.82084521411
80052,19408.668111294028
85150,19950.959049969115
102370,19951.141589708466
107503,20752.257013997936
76560,21324.3410691186
85319,19950.64417356599
89242,19950.917212111748
89510,19950.880786259208
104922,19406.692785203162
86937,19951.285886154874
107780,19976.44816089074
102448,19951.149305241113
89648,19975.813091548887
95347,19951.930018591374
97926,19951.35296478283
104963,19406.212599197115
92272,19406.647923006793
76618,21324.333231610814
87722,21321.749438096715
85560,19951.272206426187
92621,19952.000123009908
87712,21321.806768134204
91009,21322.103550534393
76199,19947.458763000006
99145,19951.603289744697
103618,19951.372632868482
106072,19976.020253675255
102488,19951.233235578136
79837,21321.512248774005
102792,19951.784505652508
86565,19950.632383692548
98631,19951.589677964505
106374,19951.983106253916
108222,19976.005786682188
92127,19976.55974259377
96068,21321.878071052983
84411,19950.86079122306
102143,19951.13255024663
77502,21320.23376654256
105514,19951.141549173226
76896,21324.61501688421
104868,19951.17689047251
99686,19951.37330595427
96721,19951.61387355016
93026,19976.58944851566
95961,19951.3780827973
97465,19951.18258665674
86075,19950.712608293594
106946,19951.138773982188
97605,19951.354789707933
83156,19951.73655339381
88123,19951.307928404185
106817,19951.135770597597
103245,19976.17819382819
78564,19955.782523481903
81879,19407.98318180873
102330,19951.162418782726
98866,19951.369581139385
87178,19952.50860207719
83106,19975.544342358622
78280,19948.470558150493
101161,19951.13588457667
96047,19976.540372301522
93044,19950.73159238843
90176,19952.345544196945
76585,19986.548907597098
99524,19951.814180839683
97467,19951.516923576368
95557,19406.54960879278
102816,19975.993871927432
87141,19975.833547907274
82602,20777.408090686484
80108,19408.75287995231
77871,19947.705200875047
89910,19950.902792540324
76255,19956.07899674836
76231,20001.906364261446
87089,19951.04414276767
107635,20776.97917227224
80916,21323.09788274409
95179,19406.909758491038
90694,19951.06953046358
87504,19952.484407342345
95882,19976.36119582843
82944,19975.53021467851
90862,19950.841570104643
89494,19950.911552374568
81196,19977.58318803337
78258,19955.992591934075
98420,19951.366780044864
84051,19950.551256677507
97011,19951.35079360162
97357,19951.031113409033
82683,19950.527555888973
107472,19951.112184477155
101033,19975.968559595934
86376,19952.392574217196
97773,21322.089991284105
76448,19426.2115579181
94912,19406.91654988997
100444,19951.1460622275
92364,19406.983602630644
104206,21322.240177224656
82384,21322.25466275123
78524,19955.702856314925
82825,19950.79461996739
81519,19977.381852408373
89462,19950.80137881434
94783,21322.286222758066
99101,19951.05802746184
102363,19951.373124022208
107901,19951.173575506444
107950,21321.97105826665
94631,19406.92280574474
85176,19950.527437628043
93934,19976.495784017887
99621,19951.037089061276
101616,19951.140800133304
86156,19950.778035110634
96327,19950.842307552528
89538,19951.01809807046
98236,20056.811006290165
92253,19952.163498461534
105896,19951.2099388933
97333,19951.593594779093
83166,19950.822411135967
96224,19951.99975241585
94462,19951.6504881783
82796,19950.214748700102
103597,19951.15092350169
99905,19951.163507869445
107349,19976.366211129654
76754,19964.308579845652
90912,19407.04404836505
108289,21321.838142258654
94106,21322.09021964954
86956,19951.348683196567
82492,19000.87696336376
81747,19407.00163979613
89144,19950.86124132604
85256,19950.690515601855
85342,19950.644542241705
108054,19951.171197008505
94681,21322.094121737784
86244,19950.638472912855
81028,21323.07876212441
86773,19976.021852600734
108431,21322.023509851842
102839,19001.30103660391
77700,19947.265400197084
92967,21322.09539007387
91982,19976.628933854357
80639,19949.87551663188
97770,19976.336259958207
100460,19951.381622503766
100531,19951.347907219686
84508,19950.600251060234
103706,19951.23145044108
79723,19978.218997165433
88897,19951.343507701557
88695,19951.331987521502
87380,19950.674381343102
76070,21306.898545487657
99342,19951.838553982216
79110,19976.51518529578
89341,19951.06467387635
90330,19950.947997014377
93894,19951.96208454695
104137,19951.10163751215
89113,20776.975800141325
91150,19976.643744317764
79621,21322.49164208342
86822,19950.765541120243
104869,19951.052459543924
93874,19406.83470969882
77606,19954.778637829844
96981,19951.06917847697
88437,19951.42199282736
87834,19950.96665951419
98923,19951.35569651066
108118,19951.73545382062
94447,19406.882692040093
99454,19951.82945277938
82144,19407.001588230112
83494,19950.480832270507
76545,19944.084653317914
85852,19950.92728118559
107056,19951.185584426647
95419,19951.08727855676
76570,19950.313175840605
91325,21321.85787559668
98990,19951.08983410121
107639,19976.262648426924
100232,19951.13691307208
83318,19950.79793698018
82277,21322.933038341682
105198,19951.200296483767
107660,19951.449401504156
92349,21322.328013807204
105445,19951.136149879796
98333,19951.27446448271
100919,21321.901344329206
94295,21322.29842326182
105853,19951.12269725729
100457,19951.22174925335
77726,19948.536662897888
96027,19951.056082711046
104201,19951.106726303064
105205,21321.995995965404
94718,21322.274607409647
96617,19951.340988802593
81405,19950.50801784193
98642,19951.82802010695
89156,19950.89939476093
104916,19976.434616223127
107696,21322.17814395366
87902,19950.81771775757
106870,19951.13855205768
106153,21321.87683138424
85108,19951.285258116124
106590,20776.98541830532
97948,19976.298978882456
77144,21326.57347799909
91535,19975.854623508043
83900,19950.4680053838
107374,19951.13397022325
106805,19951.343512387903
101971,19001.239408563564
103690,19951.157255483304
107830,19951.28230679387
105302,19976.320838747117
90504,19950.926207253997
91865,20777.169619185446
107204,19976.368649938446
93231,21322.29758148688
94654,19976.500713979007
107435,19951.13779624637
78616,19955.704821276646
102268,19951.38978831219
81320,19952.23889329936
85005,19951.846034693655
98032,19951.078665297548
92938,21322.11470483466
76177,19914.7007018755
83869,19953.096868358087
85806,19950.778254387635
77987,19410.783130477757
103802,19976.4171582865
104020,19951.26366316985
93262,20777.18073134186
92988,19976.600896813863
84434,19951.358808097302
95648,19952.07471410591
77947,21321.239394152744
76135,19911.206590659676
80971,21322.43121813337
105584,19951.098348926596
85530,19950.647396499426
106515,19951.309899619948
80686,19407.267269875014
85040,19952.36413326485
77404,19943.31359186767
91234,19976.72045487502
99225,19951.099658846404
88808,19950.8766696362
89948,19950.966745800513
107161,19951.17932046526
83683,19976.9160424522
83709,19951.609103580362
80256,19408.581434263826
83504,19950.46705801592
90112,19975.78392723787
93042,19976.624385712646
89466,19950.853662974434
103405,19951.63531442899
86026,21321.835080624045
86824,19951.294791028537
79357,21321.49108284226
78812,19974.228692376444
105364,19951.188692005308
105744,19951.16146283296
99819,19406.82102409468
91051,19976.644391288428
95688,19951.91431214874
102174,19951.37275737634
91914,21321.89310785657
86568,19950.399901756657
98761,19951.114324208065
101252,19001.28766993301
91406,19406.98503728242
78069,19948.15536125455
86168,19952.439746991782
105858,19951.127347864498
83972,19951.274774786903
107196,19951.543503890953
80990,19949.19532512169
101095,19951.379438262087
93806,21322.263016652723
104535,19950.89031721757
99257,19951.338815057363
94967,19951.15271744585
94257,19976.2547179515
100543,19950.961504732895
96277,21322.23570530805
78730,19947.80893981764
82370,19977.219052485674
86050,19950.936044010436
104245,19976.44076953746
89903,19951.34139536695
106353,19951.217140410066
90055,19951.34171903091
78070,21321.138907341483
84302,19976.539113768187
101048,19951.124081469552
97981,19951.254689223268
85001,19951.267181959876
79444,21322.538710568853
88862,19950.866037086038
90445,19951.35797990061
92203,19952.09681354716
100623,20777.005255782067
94528,19976.532090004133
94482,19976.56328571223
77706,19980.226702324442
100947,19951.143613206536
94367,21322.2927525396
108205,19951.240291274018
77256,19951.198042881602
88458,19951.514071929458
102997,19951.135179952922
88421,19975.733208320715
86001,19976.881009570217
97594,19975.972755891853
76992,19964.062200670756
92157,19951.369120799092
106018,19951.163131983074
85491,19951.851559373506
103359,19951.150592450544
101024,19975.970391053143
95167,21322.103444537886
93493,19951.660131630335
77624,19944.46617240628
76803,21324.41827091355
77142,19960.03958293109
86693,19950.83665653762
101755,19951.218704401166
82229,19977.29272535311
105220,19951.361733206093
81442,21322.38509380916
92017,19951.05363356771
106471,19951.20600673427
86231,19950.713565739476
92036,21322.122279628973
93224,20777.183597362262
87139,19975.77295785631
107623,19951.03242839613
81066,19953.567358492422
97790,19951.4645149898
76514,21317.31350657735
85297,19950.672557153488
93020,21321.842906395064
88666,19951.07838100651
98711,20056.81549117813
107486,19951.73989250733
79363,20776.908570435775
88053,19950.81800478795
87127,19950.781392502624
104704,21322.18003243571
103808,19951.202633998153
90199,19951.015132157525
92950,19952.066359677523
92002,19976.410878324714
108435,19951.182669971015
86748,19950.69264742975
86978,19950.74238459564
79932,19978.001952231694
107382,19951.16655059342
82616,19950.42983422436
99198,19951.83647583436
96788,19951.05613507394
92073,19976.537451766762
92060,19406.641176002402
79559,19949.445749820326
105276,19951.25975682189
78536,19408.06528328215
86795,19951.29808129038
103739,19951.38291007943
105087,19951.54094436601
106499,19976.40962547338
81009,19954.09329808902
77053,19963.587729027964
104832,19951.148541963063
81864,19975.54018859039
102634,19951.21541910155
90510,19950.92582944858
103001,19950.93910704045
97323,19951.89662556466
77996,19978.978038056215
89082,19951.31311727512
106910,19951.37966401636
83882,19950.54347327406
106459,19951.109457979474
99678,19951.05372212715
92583,19976.624235550487
76986,21326.974957566832
90844,19951.327589750024
94286,21321.866720326205
85208,19975.698727794676
81224,19977.534071543305
85569,19950.56869852638
78152,19955.621159980277
93054,19951.58955658882
93481,19976.58512707567
99735,20056.796726535435
88060,19950.881448129272
97546,19951.358335398032
81083,21322.38866213091
100259,19951.113378942697
77751,19945.277712743515
105093,19951.150902487432
94991,19976.506233248125
91352,21322.101444123757
99901,19951.368378372725
83577,19950.675354142066
95846,19406.910079155965
89917,19951.746750483388
93394,20777.160509641904
102805,19951.10021737037
105448,21321.961402262717
108444,19951.343088449103
100862,19951.208720017377
95006,21322.309695386644
86446,19950.826993696683
90906,19976.640788366032
95336,21322.061132243027
94904,19951.082503610138
81105,19406.95195466165
78132,19945.006345680504
87302,19950.762018720634
101471,19951.183210110343
90015,19951.08749777517
90539,19950.95136010385
82418,19975.445155894726
79940,19977.855572149994
77401,19955.012952939363
79054,19949.108633685144
78493,21324.186279259327
87727,19951.78139326409
100390,19951.074001124623
86020,19950.716563695656
106293,21322.118215995764
105435,19951.136511918714
81992,19953.255334675363
92805,19406.944281606004
92871,19951.68412600699
101833,19406.748344609205
98352,19951.083212955953
98629,19951.368970342275
79700,19975.101947318646
99710,19951.831382354314
84526,19950.972183377206
98636,19951.120383954458
106829,19976.33230594991
99652,19951.56060794037
85469,19950.09035276896
82224,19951.247729279476
81899,19976.064156452852
94817,19952.06947366598
92379,21322.2918428327
94423,19976.279303302297
94010,19951.962962742673
84867,20777.33627502235
84679,21321.686134848926
103292,19951.37271251008
77349,19973.083087427935
77697,19947.28408464148
103017,19951.124460212486
79727,21322.4381955215
86490,19950.871158823833
101009,19976.172281440635
96540,19951.0784936036
106974,19951.124389929373
80055,19408.72628274337
102035,19951.14758147621
87843,19950.904544828187
107868,19951.511146543246
100831,19951.210984583733
98936,20056.78873334916
96915,19952.0310626427
88473,19950.905110239484
89030,19950.870448912334
95894,21322.232057380486
92113,19976.6116129862
105809,19951.13084701112
99360,19951.81492120889
86746,19950.63810624504
101917,19951.12691118509
96687,21321.877892491462
101210,19951.11814167494
101146,19951.1467123295
104900,19951.36113881545
85924,19951.55616018847
90544,19950.855341182283
93003,21322.27254770222
98738,19951.527982342894
99884,19951.05492798083
108053,21322.163983082763
90188,19950.88462308037
91970,19976.624906463454
103257,19950.92361647065
83138,19949.76053021556
104017,19951.570292483255
105104,19951.231595816436
100054,19951.2253226703
87155,19407.26621784041
107600,19950.967221719162
80848,19951.85956349152
86709,19951.313426786044
106214,21322.193455600456
91963,19952.212132666464
97698,19951.593832540577
106109,19406.200561463596
88231,19951.001825535368
104537,19951.082679105566
99388,19951.128127210093
94517,19406.914192493055
76658,19420.85662317279
107430,21321.832087089857
87408,19950.926005282894
105971,19976.079868453486
90264,19976.622574793626
78434,19950.998681297933
88248,19976.766531800324
103386,19951.108989786622
87862,19950.93170724752
83101,19951.216613052467
92350,21322.315320344682
98624,19950.770873366015
97298,19951.600933503058
81919,19950.693094235638
80556,19976.040659385617
98141,19951.553986397146
88205,19951.320820371733
102779,19951.151028440378
99926,19951.13148914482
101484,19951.15037207602
102869,21322.17095662101
89043,19950.87744679312
92878,19976.57364943073
101071,19951.22835048038
106583,19951.422151505823
106819,19951.10910226177
79956,19977.673079506618
90659,19951.856818999826
82276,19975.276305787647
85881,19976.895792750624
76753,19965.391874322522
102970,19951.386857873556
93126,19976.602296451834
97964,19951.158347102708
81951,19975.216490755683
101200,19951.35618713857
96104,19951.970324344158
78169,19979.379393261974
90062,19950.919422483723
100918,19951.13739820048
108353,19406.21177783987
96642,19976.531839649626
104763,19951.114375753008
100926,19951.382314348484
107597,19406.20196132778
102765,19951.18386444315
85805,19950.941490460114
102162,19951.2447808056
82952,19951.25719030473
94184,21322.11767025761
87797,19950.819907543686
101511,19951.37918693798
107686,21321.882027892734
95366,20777.147847153876
78349,19946.58319149176
100908,19951.091745027134
96196,19950.98729807204
107677,19951.339649914324
93603,21321.886627161137
99861,19951.55785358302
87456,19951.042693523792
82484,19950.312787238057
89252,21321.806089131984
104243,19951.28805622769
107181,19951.7987997031
90446,19950.81894211058
81412,19950.693036340388
86732,19950.74669299433
103972,19951.183162346868
102586,19951.18918321813
82466,19950.37453188532
84937,19951.539726254534
103038,19951.153391041207
104111,19951.281480701346
101111,19951.373474049902
107812,19406.21759387372
81483,19949.577138966437
81303,19977.274434952607
105370,19951.23865123808
80504,19953.454336762246
85839,19950.737180324966
91560,19406.9989147874
92722,21322.317830112726
86115,19951.5326635839
88062,19951.098484291135
104876,19951.16003236208
98777,19951.21841588344
92504,19951.673719126746
94025,19406.534709324435
87253,19951.309529876136
106668,19976.392171654847
100007,19951.121400234362
100956,19951.37705028073
104055,19951.11401948339
83761,19951.17947563571
79429,19978.025110175346
104731,21321.932503131422
104125,19406.18996378519
95628,19406.886890523012
80913,21323.101728210662
85196,19950.895675246767
102697,19951.79667030104
98587,19950.779603138693
106771,19951.223378156843
90889,19976.609460112733
99697,19951.115453268467
101404,19951.129235759287
96283,19951.05853705229
83072,19950.349776387615
84053,19950.94163825743
92435,19951.030209339908
99445,19406.608835331725
94604,19976.392663210816
105585,19951.219131288282
106189,19951.214616547775
108456,19976.370862566135
107914,19951.185426931435
105646,19950.89136297385
99808,19951.582440633232
101337,19951.36973275147
94636,19951.016291038817
100480,19951.113521542542
104644,21321.962174055734
96254,19951.6501708964
105238,19951.46620575641
99534,19950.81678247888
85285,19950.925989152955
82145,19407.968288120286
79604,21321.462600074115
92928,21322.322886708967
82245,21322.824290431476
100973,19951.43293977991
76365,19934.318710633943
79164,19408.969642982676
75989,20134.049107945444
96557,19951.394739454314
95029,19951.641300934683
107817,19951.14966133469
98521,19951.100307873527
103150,19951.222745649673
95850,19976.010432884294
102008,19951.14422928373
106002,19951.35864732644
106077,19951.17896180721
83367,19950.445135395188
97196,21322.05534841589
76566,19931.48057222686
104384,19951.771937771788
80692,19977.62570573585
101094,21321.890970374716
81800,19977.32661184653
86722,19951.30066899876
100318,19951.67965684088
104827,19951.08757330308
98244,19951.02763740544
94712,19951.933194212357
98393,19951.064898669
80771,19977.09291274876
86607,19952.35114115982
80768,19952.26695466445
96949,19951.08690361436
87207,19950.771719948352
84629,19950.540182218418
76136,21307.65709695431
76644,19943.045608393364
107649,20601.692722028496
90281,19950.963519050547
108187,19951.299847775397
92025,20777.043800834046
99737,19951.827614584985
90801,19950.98464067963
100790,19951.38131982842
102558,19951.458723053285
98713,20601.726508493175
103633,19951.160588317463
101449,19951.45912919152
81515,21321.65100611021
98364,19951.092931972453
83966,19951.226330274672
99995,19951.37618058925
99150,21322.25667814391
86873,19950.77728783265
83731,19953.107921616054
80810,21321.721260334183
94650,19406.799496950283
82521,19952.132970764684
100255,19951.105019957384
80454,19974.85146333081
105154,19976.001629103564
79689,19953.09581363992
86810,21321.76704995282
82113,19977.33067187058
85929,19976.365698067686
77522,19980.49846550777
103578,19951.143418045383
102688,19951.45382659114
90791,19951.146691048216
94401,19976.579477540625
76740,19946.128872250254
81666,20777.458239979944
100227,19951.11763323961
85673,19950.652127915604
108395,19976.422226390576
100214,19951.143524249466
95659,21322.277280222133
80490,21322.466252781345
88384,19950.857798955472
107062,19976.28242983841
105277,19951.125635873675
79265,19258.065774599043
84984,19950.539066995498
77376,19972.21395364599
77355,19981.09960484541
86313,19951.567109995227
99285,19951.83663554707
98028,19950.89940422922
77611,19972.995252152577
90056,19951.682845414343
84773,19950.489747736927
99264,19951.570901867235
100948,19951.825220371167
82379,19951.23000287731
85047,19951.332607582546
104114,19951.2919794232
107632,19976.021984273284
93536,19976.575043673514
81421,21322.39422828904
104793,19951.870687166254
88141,19951.307420927387
102679,19951.164844941824
81051,19977.636129524137
101005,19951.378956222037
97532,19951.0814598767
102499,19406.760671889675
89537,19950.99364042827
93046,19976.602759482626
79823,20777.79083730114
98882,20776.99118651863
97094,19976.24514294031
82461,19950.347976180325
86118,19950.737257675177
89801,19950.89350085858
83127,19950.47429210724
107519,19951.11010129393
82583,19950.333805018625
103259,19951.097630474032
81152,21321.541817980535
106206,21322.13492734298
96706,20776.96150183596
88303,19951.242993195345
94241,19951.662399017216
95076,19976.555278985034
107546,19001.23959716724
78467,19948.688957288756
98304,19951.619853484543
95393,19976.543597310392
98134,19951.58780369512
104152,19950.93405477785
76818,19953.307297125597
84707,19950.06877275671
87889,19951.29751617979
104736,19951.334627895205
87844,19951.048642236827
88388,19950.75279196696
83940,19950.565493002417
99536,19951.52251207777
83313,19950.563370951775
89864,19950.936207768857
106944,19976.021128919514
105635,19951.168775775506
83110,19950.699514887587
78937,19978.728975418893
91724,19976.613782399003
94886,20752.194354315634
91449,19976.60441600254
81745,21321.669337699906
93405,21321.893791697643
99402,19951.030760224163
94317,19976.494242769397
78503,19979.007611333527
87111,19951.301859512434
108538,19951.16556069551
90689,19950.94177650244
84402,19952.85641891517
80890,21321.580030856436
101682,19950.94900383265
81874,19975.439815037345
84259,19950.411219726862
96616,21322.228440402618
106173,19950.905765332103
102534,19950.874633447747
81629,21322.383199139887
104910,20776.85690728084
92100,21322.074581235796
98454,19951.093764249374
81880,21322.85189873487
83346,19951.286935045748
95335,19976.54125665349
106693,19951.420271740262
107432,19951.36944992248
82694,19950.21957395811
100199,19951.13472520167
107361,19951.30798071639
88659,19950.859639376828
84237,19950.663648276055
83666,19975.486448394007
104468,21321.966126414685
95495,19975.980287239985
84298,19951.5832516359
108427,19951.157622053674
88238,19951.907707935607
103836,19951.383715972202
87394,19950.769786238296
77799,19947.4872026996
97905,19951.049152281317
101142,19951.141717379658
103274,19950.933107690405
88302,19950.83849719599
76533,19927.81111610182
80080,19977.873751665364
105134,18431.489057750106
100792,21321.785174443172
81408,20777.055771970434
80410,21321.45875323953
86355,19951.41079480178
100954,19951.13164043545
93799,19976.57244544674
100810,19950.95482064051
80379,19977.505234633587
107796,19406.661080530343
94046,20777.164754578636
99931,19951.235418875538
85890,19950.66928609577
106923,19951.187833312102
98319,19951.521690018257
94853,19976.55984862297
91069,21322.375912260213
78790,19949.665123169874
92697,21322.302772622672
94765,21322.10448961604
102150,19951.41486524471
105768,19951.19510032916
81755,19408.06052374555
96933,19951.060293442682
92136,21322.10108316589
96082,19975.894438610743
108457,19951.344224427423
95142,19951.46451910591
85688,19952.652628360633
86672,19950.80466423536
107583,19951.12066001042
93369,21321.847081933953
97637,19951.60719979627
80868,19977.369625577903
102315,19975.975239090927
108428,20752.235618701514
99478,19951.12481695501
98906,19951.051962176545
96394,19951.345347995673
106032,21321.918497650076
76121,21304.693083505164
92642,20752.173828186387
94725,21321.8693956855
84528,19950.880503632365
104492,19975.991646629183
98456,19951.844210950167
102089,19001.297804889058
105274,19951.14717067541
91436,20777.021377548623
99127,19951.03592723697
80416,19977.73077032893
83419,19949.977954023885
76209,19981.519213004598
91874,19975.86482210945
107892,19951.155678229996
86727,19950.802022981494
83096,19950.59649856874
107036,21321.89266928747
86096,19950.712535220802
89684,19951.068613894076
105301,19406.187882863833
79056,19974.47920985078
103508,19951.157129239757
102651,19951.16406813654
76605,19941.40853532564
99170,19951.074782676096
94850,19976.22381465164
78638,19408.997048767484
106031,19976.01231597483
104955,19975.9975407582
101565,19951.14559659765
105886,21321.954990860482
86499,19951.275628349693
91809,19951.382151658338
86033,19951.61355323001
90761,19951.39005081693
104168,21322.053980332083
88048,19951.498872699754
106343,21322.178615871842
96568,19951.06096442817
90082,21322.392306800568
85659,19949.97866019307
102950,19951.149783944456
96231,19951.055684299066
101781,19951.37599658585
103210,19951.14136717732
95174,19976.55099621814
105594,19951.11584359582
107809,19976.36727201915
81222,21322.975449878883
84506,19952.899385513527
83399,19976.34276181358
88318,19951.304849437664
106235,19951.364331427
83952,19950.79752682236
103610,19951.36255678128
107273,19976.46578779894
102134,19951.14526359693
77708,19957.70755242373
99754,20776.97907646462
103372,19951.1608398304
90457,19951.08459243565
80228,19408.321511137656
105630,19951.10652677859
78448,21321.170231950837
86729,19951.67092567248
108510,19951.178521785543
79686,19978.20200124096
82677,19951.251927634185
94161,19951.688824103963
93064,19951.312434943073
103595,19406.732689304565
107257,19951.132822282667
81162,21322.45476506062
106410,19951.109254748506
97829,19951.992888807552
92429,21322.099174731015
90183,19950.969225804412
83816,19975.68920221746
88613,19950.84595945922
90025,19950.888718780363
89004,19950.781888410187
107997,19951.372905281263
97458,19951.218490787905
82737,19950.363502053933
101739,19951.13431369524
86766,19951.31794527048
77098,20776.593593824367
93598,19951.42495884135
108115,19951.06549360521
107653,19951.815819257157
94706,19976.550810290366
105344,19951.160078853485
87516,19950.188686009045
98959,19951.08278763541
104557,19951.076854180505
99137,19950.797583004154
102126,19951.16261281981
104455,19951.03668819063
104278,19976.263259631818
80331,19408.63575732272
90087,19951.39523532347
93700,21321.90312189808
108517,19951.291363710265
97373,19951.607758405422
83394,19953.090781556224
100989,19951.13659264744
82625,19950.776365933318
93457,19976.513621629994
103186,19951.37306713586
85133,19950.661369780304
101198,19951.574839704623
102095,19951.125120503548
99684,19951.165819390582
83595,19950.489131306756
76960,19983.669647377406
103015,19976.018247215794
91987,21321.89658523657
78825,19978.662406977
87668,19407.23569885321
84826,19952.546241129763
92309,19951.047783189395
90969,19407.020510655308
92987,19976.1229538323
105317,19951.1553668049
93606,19406.944491854738
95536,21321.91801803489
92839,19976.550559341118
102133,19951.142917504843
105225,19951.17395522979
85627,19950.650561468607
79013,19955.73907437765
92008,21322.12149628699
80983,19977.631057903207
106475,19951.53376277029
99357,19951.674673131474
79246,19954.585595193865
83200,19950.382623304806
79656,19951.258427452976
99031,19951.835016273362
82780,21322.186180287565
88310,19950.832593935582
98056,19951.87665383543
77289,19977.020152557805
105503,19951.357396029125
79198,21323.590383239694
93429,19951.994234571383
97172,21321.862744061487
105958,19951.380444335242
103180,19951.143455687954
85825,19951.029849653678
81725,19408.099203790884
86590,19950.981219183275
92366,19952.19291392291
80589,21321.644219151298
95454,19976.508381245272
104525,19950.873366164495
107646,19951.263596085693
99226,19951.511308563982
77273,19948.36373521018
99642,19951.353097794334
91195,21322.353579092185
98641,19951.846123060623
107724,21321.93014407384
89646,19407.155649156775
85873,19951.287923610318
81468,21322.93871663192
97648,19951.032592386196
85573,19950.690266995734
102394,19951.154865372795
77771,19979.756478809883
88122,19951.323638810067
85640,21322.112674553995
97560,19951.018946165757
100584,19951.11713133052
97404,19951.081977938502
82414,19950.311720179932
84609,19950.61654827324
100462,19951.168690813458
91573,19951.096834452328
94716,19976.3658624322
107560,19951.463279172054
79627,19951.29332071984
83025,19950.464267992378
91918,19951.659595387173
87344,19951.011432396663
91683,21321.888857720638
77259,19946.003766512877
95887,19406.8792976331
96802,19951.347659836865
103965,19951.105567498136
78110,19410.618687796927
99144,19951.350295915
86801,19950.789890483346
88181,19975.77544395273
88262,19952.44065470028
85846,19951.021418400895
97896,21321.89676928133
92462,21322.15984178239
99668,20776.98798163386
89440,19950.45871139157
82867,21322.791648473998
85857,19950.68496434127
79583,21323.525331645527
103090,19951.16271690504
104184,21321.967198889524
100921,19951.589159836854
83124,19950.481114375154
93320,21322.31158875548
81985,19951.717449831158
89618,19951.36270970111
90086,19950.921360583772
80855,19953.649355406367
105114,19951.185283628958
92497,19951.443961665627
89049,19950.813397580925
88584,19951.319110307748
88019,19951.0505515809
80119,19408.68594331534
84879,19951.350153238112
99293,19951.363574448897
82515,19951.192892742733
97600,19951.48920698944
103737,19951.35065906002
102387,19951.453271434548
80404,19977.898238111502
105785,19951.858363683925
76379,19949.698696339405
100569,19951.228092422232
101553,21321.902239696257
105803,19406.484802963318
89151,19001.18933858436
102960,19951.114504493664
103094,19950.9325976788
92146,19975.834789746797
97802,19951.579926415474
102939,19951.380041285985
101492,19951.132539514314
84207,19950.423898063134
86995,19950.781756476128
90024,21322.143720019125
87536,19951.012427671893
103571,19951.22294877222
87529,19950.783577794933
96756,19951.992992371437
92326,19951.66690911245
97609,19951.140235741022
75984,21187.173704173372
80733,21321.599399000395
77150,19944.727895639666
102496,19950.96427757719
86666,19952.31427216035
78836,19949.340593391127
82444,19950.573026458806
104414,19951.39346707704
98585,19951.083170325106
85191,19950.638968099585
88013,19951.788128305776
78962,19951.59778626981
101510,19951.45130092392
103438,19951.170060403503
99474,19106.88944423241
87180,19951.819502077844
82983,19001.111538538356
87503,19950.788250378977
90410,19951.374754734985
98416,19976.307042885983
104117,19951.082257916696
84900,19950.588936441374
88565,19950.86766082764
93797,19976.51339683322
108131,19951.83183593844
78848,19949.91590936332
88151,19950.489452344114
85081,19950.886165162745
78163,19410.43264981082
106580,18431.495078869244
104638,19951.16063651545
103696,19951.24040787669
99589,19951.06088878291
79699,19408.757245036206
95129,21322.061996093264
102173,19951.232525506908
92811,19952.138005113447
84986,19949.84530927246
84162,19951.265122010467
77340,19955.10543776122
79685,19955.110398760204
81423,21322.943134700057
93745,19951.63244183364
101399,19951.375196728768
91611,21322.071379071363
76973,19945.964566952414
83734,19407.677947449734
79526,21321.42828336282
80087,19950.20053523707
102186,19951.382822398806
77640,21323.18910257196
105138,19951.446173545868
79146,19949.47549803831
91713,19406.630449345485
104230,21322.182520732258
101896,19951.082910364832
107587,19976.427174207463
76461,21318.095530065333
95587,21322.26351531522
96185,21321.85231220811
103181,19951.374624713808
107643,19951.29714481289
88948,19950.850784912946
97565,19951.514675540464
83821,19950.546080879587
103781,19951.369368696138
81677,21322.97817800267
107975,19951.371950753968
84106,19950.556459923686
93060,19976.648226757523
81078,21322.95851284758
106748,21322.024591238798
79264,19953.481864439313
84098,19950.659245476785
87838,19976.78280469267
102957,19951.371499170185
89353,19950.890755566485
85492,19950.692496711843
107957,19976.429628884627
89938,19951.00619272562
90260,19950.910993856152
89571,19951.33123935503
106963,19951.178835071903
97266,19950.93537219053
80413,19977.55180724659
86028,19950.630237296173
93343,19951.98431573034
105232,19950.977568951643
107755,19951.14622284442
107326,20776.86774992269
107571,19951.109735953287
100062,19975.96181914524
91477,21322.094222388572
104598,19951.106755388795
98614,19951.04568591208
104034,19951.831415516193
98446,19951.043814740573
103023,19951.102238396437
91550,19952.195767976376
81211,20777.034798997105
90619,19950.899518771083
91525,19976.664594290884
104422,19976.41945037497
93555,19976.583683641937
88346,19950.761029269852
102067,19950.90525393698
107051,19951.36820655027
89642,19975.93361948036
83492,19975.67511229774
99169,19951.585353494007
85964,19950.929711177763
85179,19950.610862480215
100677,19951.099485722138
85529,19950.660936827775
86198,19950.722418548423
99532,19951.084456431352
80443,21323.20621576909
93248,21321.892453194057
86958,20776.972354451525
77942,21322.770546528674
88568,19952.0864050895
81730,21322.975006259334
98884,19951.112805494457
82267,19950.426957720163
88088,19975.7636110233
89578,19951.5631265881
83568,19951.32935899682
85083,19950.921661384557
79222,20777.853820409026
82543,19950.35781695313
82611,19950.318820812405
99708,19951.573949787056
97699,19951.02395207714
91371,19407.039774341778
101757,19951.08981257755
104417,18431.478083865153
99830,19951.10658201667
88477,19951.336827706462
104614,20777.095209436076
76098,20026.69999291813
92143,19406.95239538999
81343,19953.473291719623
77212,21325.950010831162
78262,19957.357033068118
95097,19952.077392138293
84440,19975.64548145985
96942,19951.090381598413
101584,19951.18272223504
77202,19941.752697726086
85173,19976.930404888506
82953,19976.633672116175
81151,21323.042417448643
104377,21321.904955211834
86697,19950.702873775357
96650,19951.067521015906
77031,19945.932563199294
82235,19952.26230877997
91333,19976.538933600117
103393,19951.360032629207
76254,19434.037986631436
101592,19951.15704535609
101865,19951.376452156073
90819,19951.35898917071
76941,18996.85022662903
91974,19406.964900861225
102930,19951.44920237869
96310,19951.623254433387
77912,21320.94273979017
108119,19951.340579059583
93631,20777.172403838093
76592,19985.399110257626
94282,19952.132096130892
77715,19957.3988272307
93747,20777.009246904145
94560,21322.067776228403
90108,19950.95085879432
102128,19951.143184321463
85820,19951.569585613317
79541,19977.197748103445
102901,19951.375767275396
102761,19951.140164656474
91536,21321.846395113997
82089,19407.584762531795
108489,19001.245651906505
98409,19951.045517397364
79151,19978.22111284822
95549,19976.533040207272
85472,19950.780793421236
82072,19407.99207145008
99386,19951.372649063625
92932,21322.117366104325
86525,19950.781302937834
99013,19951.52260021355
99472,19951.531469005222
89967,19950.85504079492
106604,19951.52797242556
91608,19976.07299477473
82249,21322.76745425322
85445,19951.57993902539
106905,20752.35093644209
89122,19976.427137634153
87056,19951.032542230696
98254,19950.77628835105
81697,19953.69721002873
102542,19951.12875981609
86804,19950.893652121278
92626,21322.336113321304
76602,19422.654696367554
87943,19950.83098180408
95438,19952.02257446832
95823,19976.352959046755
82403,19953.13552198594
79347,21323.52579776418
99419,21321.901915273782
88561,19950.83180322775
104572,19951.15832379826
108507,19951.27434117637
97900,19951.025662254935
89733,19950.90806004555
86211,19950.00857937974
96713,19951.474366557806
107123,19406.217673044182
78086,19948.216994195805
100576,19951.37569142648
102589,19406.77984284172
104477,21322.1909347564
103487,19951.3644579137
79189,19949.717951148836
89098,19951.33150634231
79787,21321.616913811555
84294,19951.281512970043
79128,19977.983418105938
90269,19951.322464065084
78251,19979.110448905296
80572,19948.908907456855
75986,21373.393149147218
77619,19980.62736488582
105025,20776.976598157362
93882,19406.927746496596
78338,19979.214661157333
80621,21321.608313963003
103601,19951.142242188274
88170,19951.299464782314
102889,19951.17607403713
76347,21325.703339965978
106080,19951.120572588698
98834,19951.561341522643
76498,19990.11369023457
85104,19950.487130128495
87534,19951.42118965179
89883,19950.798850566745
88738,19951.72256097406
99252,19951.579659096726
102696,19951.542091395855
95948,21322.070465962544
105438,21322.138347406082
103463,19951.37508036871
100261,19951.200208231607
95315,21322.25910409443
104172,19976.360624475477
76502,21325.688588682428
91569,19976.645966889184
96071,19951.179541736783
105936,19951.655044974337
97089,19951.87295497786
85434,19950.95072788089
88446,19950.860218958307
93751,21322.306446953815
105399,19951.07470370597
88174,19950.968122854854
88555,19950.95774306117
102346,19951.369276308404
87144,19950.885180159516
101990,19951.138570156043
102931,19951.354892965108
108317,19406.21463155789
87976,19950.86510427936
97988,19951.0921357314
101822,19951.145141219065
82536,19950.690967321483
80676,19977.70326896489
91255,19950.998118446423
94069,20777.152835131747
91894,21322.340781740822
108147,19951.344905571583
76928,19962.218620769236
82648,19950.772613369776
79426,19948.25476245939
101936,19951.159909246875
107567,19976.374433695695
88776,20777.23248170174
91113,20777.223126534012
84568,19951.314554426946
78044,19979.47827718216
76929,19965.50133726426
102526,19951.094530228318
92515,19976.492585276956
90009,19950.912676895412
82978,19950.315797483756
104437,19976.202865438532
101451,19951.13696025545
76325,19981.91543703478
89491,19950.476274170487
98435,19951.27476158618
92282,19976.18842938915
82209,19975.478337384524
88705,19950.87051838053
104679,19951.41735495701
84919,19950.564477547232
89998,19951.372641533344
103520,19951.136917489894
106857,19951.188670909716
108499,18431.504173644706
78893,19978.75623212085
100860,19951.382561201346
91684,19976.546364782225
80617,19407.467046209942
76634,21325.632966279085
92055,21322.31547758587
83030,19950.48969998125
86154,19950.01902501016
96022,19976.548874107153
100336,19951.48195323914
92663,19951.119311169507
102884,19951.151385191195
80763,19952.524229230927
78329,19973.6415328496
87867,19950.816996568174
104353,19951.78394689082
94284,19976.501668869616
107996,19951.281348068685
95784,19976.54320800126
101298,19951.37023879838
95995,19951.086164238524
102718,19951.14986336536
93623,19952.033238629763
89585,19951.70021091234
77533,19958.045127167356
107550,19976.020317396364
87760,19951.30852112378
86299,19950.819264172493
83152,19950.741666645426
91322,19976.29819658497
91286,19976.413688384444
89231,19951.067465285083
80082,19950.118873727035
105518,19951.1273473838
100224,19951.36528897033
97261,19951.333714249835
99651,20601.753738445008
76487,19980.672319223515
76867,19957.084509320473
84574,19950.0950298937
92378,19976.66356309055
103934,19951.373502922117
108445,19951.120749536673
76872,19983.446019363044
76180,21347.25808296486
106906,19951.109013621244
76431,19990.282572377695
102603,19951.145323704557
78403,19973.985269901674
100799,19951.07649684605
104755,20056.614633892837
89602,19952.4084375452
101656,19951.372227139887
79362,19409.034639252925
102262,21321.90810736834
79884,19407.26983858405
97740,19951.912705040017
101264,19951.08590236472
76525,19937.113445516585
101988,19951.81616611036
102819,19951.790153894202
95501,21321.87317141103
82890,19950.41059235736
94413,19406.896209914365
77898,19952.532888952326
92991,19951.361420124027
82055,19952.20667383503
100865,19951.369971915123
107388,19406.39225227733
94252,21322.071240681867
105973,19951.0344323337
100976,19951.127600970492
106212,19976.4377315275
76078,19887.100464136875
79014,19409.478600520248
104787,19950.880789216822
92342,20777.176188409005
86334,19950.94105175809
94066,19406.9028217763
76062,19836.262009687376
99371,19950.902663723984
91498,19406.985133037164
86406,19952.374793091476
95531,19952.06220953924
93274,19406.929019515832
100190,19951.129426601135
90424,19952.088073203533
99089,19951.3654624038
94306,19976.562923682908
88209,19950.263580255338
90029,19950.931502198837
103397,19951.144393139803
82341,19977.26901750357
92358,21322.072530076483
100389,19951.11838899608
104886,19951.420988673035
98404,19951.0885544885
85100,19952.490945675985
84878,19951.684657018992
78693,20778.070773084546
91992,19976.685759978365
105754,19950.99785207904
89594,19951.362610026576
84756,19950.601109963995
91795,21322.1232277635
108235,19406.206969162267
95474,19951.068401139433
103485,19951.1400989331
107700,19951.11134984447
86613,19950.7510847995
85741,19950.667512400334
89372,19950.88989996263
79735,19409.008857836045
76186,20006.990211577533
93135,21321.85127005574
108107,19951.109230756647
95853,19952.055687876695
106625,19976.438827404734
94400,19976.262153405998
84893,19950.617460418838
97777,19951.885648788924
82127,21322.888558364913
102116,19951.465904913548
84330,19951.656387346884
105251,19951.476765402374
104115,19951.08740813986
93746,19951.13882704804
104982,21321.810051964134
105988,19951.108362690215
102562,19951.163956922774
100822,19951.360822247923
104409,19976.466341116397
80140,19952.61088776879
103317,19951.383133937612
96145,19951.355462953998
105732,19976.457441821647
100943,21321.901982142037
92940,19951.079684698187
108400,19951.148693303552
108512,19951.100425286964
92473,21322.135375022484
99001,19951.348695283836
81082,19953.509988391957
108460,19951.33882391114
108169,19951.040541417624
106864,19951.498925176893
84685,19976.984169308536
77736,21324.9419297867
94232,19976.558494592595
89520,19950.94269350796
104514,19951.216626245947
87509,19950.83054502905
102802,19951.149066441434
91042,21321.840993442886
79197,19954.79491794523
76499,19932.95643841482
100082,21321.92290769018
91224,21322.094732835834
95303,19976.482707392766
96830,21321.867158004632
88064,19950.837818813216
81628,19977.44260801629
84857,19949.874660171925
82032,19977.309846548294
93316,21322.077931444353
104993,19951.459847389808
82315,21321.587702378878
95990,21322.25934445696
89970,19951.758423924093
93407,21321.864281414222
84755,19950.61851022504
84684,19951.2858067962
79353,21323.52369521936
79649,19978.240464246224
81749,21322.899626271163
107002,19951.1415127496
82546,19950.530263797988
97536,19951.1612146901
77580,19959.264997850874
95967,19976.55238986554
108150,19951.138356726075
98992,19951.086365046976
108536,19951.150066670743
102358,19950.87208746633
91856,21321.885857659287
93148,21322.08674688955
84957,20777.01885508225
95413,19406.58532333066
102404,19951.15462622976
91495,19976.614646987444
77953,21322.86739778739
87398,19950.200517445188
95955,20777.150108904945
93290,19406.90534173006
88128,19950.800315862336
88830,19952.394429955748
83397,19976.921994810677
81599,19953.076353638062
106055,19406.71768616558
77655,19945.571029459494
92106,19976.62614084365
96536,19951.352228261258
104575,19406.212570140273
105513,19950.89336616907
92308,19976.617680268628
82419,19952.04471470494
96473,21322.04852399838
76961,21320.168343500158
104060,19951.88651049043
91056,20777.183829417205
87618,19976.786574970127
95253,21322.266973266367
96135,19951.048293632804
98015,19951.07727912111
87695,19950.721074944868
79066,19948.189881060756
95512,19952.08532801974
89234,19976.724393790988
89971,19950.923607970744
103750,19951.375350268863
94180,19952.11953283293
107947,21322.04810992012
93455,21322.14162859636
86369,19950.97371431146
78817,19951.12814110031
85051,19950.888487903816
79315,19955.47968622267
92395,21322.077494284393
82513,19975.555293473797
107728,19951.11670288797
90261,19950.921897500426
101064,19951.369317067492
79329,21321.466926042664
88998,19950.864532958796
102002,19951.125679933855
87718,19950.731757787882
87774,19952.508516999293
105214,21321.8601252785
103055,20776.988932645643
103543,19951.163982962396
104548,19951.107634768305
90387,19951.01799467393
83786,19950.93286905264
108102,19951.28701260994
101455,19951.371135541973
100577,19951.818454849214
97483,19951.058755634884
103056,19951.157309178398
78401,19948.057174479352
97400,19951.017214158812
97703,19951.215689412777
101311,19951.15769147715
87912,19951.025431720383
97168,19951.07099007867
100833,19951.46119037908
93043,21321.875683034956
80772,19950.39696680837
99794,19951.06140581846
78326,19973.75980507574
98710,19951.140171126288
92351,19951.177111628767
87356,19950.962961877467
96926,19406.899023202055
100570,19951.094995350584
95109,19976.53352681122
85050,19950.46288123933
84046,19952.024920325333
101466,19951.466155550308
90832,19976.61690894498
93397,19951.660188698577
107778,19951.26971748422
106710,19951.108715143248
83464,19949.834389537547
93622,19976.548133629138
88744,19951.311610914796
107378,19951.54287084026
83032,19950.441858673414
89480,21322.407876965837
92634,19951.99938224132
81057,19949.098032110913
102633,19951.370844264675
101794,19951.15081426114
78355,20776.689046871197
76544,19975.158078217024
77408,19946.092136869494
104451,21322.073055399957
89254,19951.332101375174
85412,19951.542084089833
97709,19951.148350398267
105230,21322.0501890314
87691,19976.25283146183
90722,19951.356396872317
86679,19951.28751173149
81418,21322.44297322733
76980,19978.862244892473
105319,20776.86538635597
80516,20777.58151658295
88960,19950.83209271103
82982,19975.514358229095
105004,21321.87086834962
78037,21321.260514067697
105901,21321.944532954116
77109,19944.370843777706
85855,19950.708508544998
107355,19976.602365718238
106193,19976.086491396116
97700,21322.248597944348
86150,19951.259258888713
76267,19986.23542725359
102096,19951.139348862773
102561,19951.16472260915
101137,19951.45194425857
92050,21321.86498671329
103878,19951.046110369214
94760,19951.738912581375
102678,19951.543581057962
79971,21322.490546047127
85739,19951.273286260934
79714,19408.870876289024
87673,19951.295736779583
107304,21322.02438424259
78692,19956.27334072427
107274,19951.10515662072
88686,19950.340131358957
90843,19950.95032046979
97507,19001.199673448664
92343,19952.243361608278
78781,19948.441064552833
84990,19950.668624754777
92913,19976.646368201655
92079,19952.097346098326
98507,19951.092208454942
97152,19951.60436501467
78442,21321.00512070256
79711,19975.764313626525
96643,19951.407577640584
105000,19951.013615043954
89454,19950.811298400757
102265,19951.14093077411
94961,19951.935346044444
76335,19934.662893018998
82897,19951.295175276482
94061,19952.112729538403
90661,19950.54127358684
78112,19948.54325167476
95596,20777.146508798683
94740,21322.291172038502
83287,19951.992431487757
96668,19951.808825409516
101834,19951.461816184492
77285,19414.02660959946
102545,19951.237639050996
96287,21322.086108970034
82156,21322.4242661331
87276,19950.926826584913
77564,19951.449080863826
105991,19951.172994629695
107570,19951.201633984067
94519,19952.095698689864
78369,19956.77095341836
92674,19406.94041168065
90532,19952.08578386258
85489,19950.517994973543
103660,19951.54584112766
81206,19977.344269797268
106764,21322.21196236263
97425,19975.94699176163
96393,21322.116058065556
84960,19950.61548357612
78993,19955.872269949294
85876,19950.944711396147
103936,20776.987575568433
84201,19950.59261149286
105098,19951.809791049174
85078,19951.264104292943
89886,19950.93436534944
81268,19953.358804276908
79945,20777.744579840066
97727,19951.072613958102
90636,19950.86925987166
80106,19950.239466211024
76947,19972.624601256888
83264,19951.23086813111
101532,19951.087570213975
91558,19952.227055244264
93311,19951.12379364718
101967,19950.871916621574
85725,19975.774866176453
104684,19951.08084885377
89747,19950.854117474555
105165,19951.284722457684
104814,19976.411548008404
101904,19951.143992795467
99238,19951.379165459097
80989,21323.019216355155
93575,19406.923412829725
101536,19951.127290680804
86847,19975.767695915747
99847,19951.124708544394
89212,19950.80465174302
93997,19406.925467336267
93647,21322.29073467711
87846,19951.745376364015
93737,19951.35397975768
77906,19954.091112161128
80648,19954.256262745155
102925,19950.9688936806
103709,19951.57389942541
86195,19950.735044829547
76865,19936.489703964737
83260,19950.512184916402
97233,19951.89138060186
104618,19976.44068849078
83879,19950.36300358564
104804,19976.002478754952
100551,19951.164843166625
90524,19951.14968063819
99669,20776.98941430772
102658,19951.146108185178
101398,19976.330891003476
103286,19951.156599467893
94823,21322.253270347177
83630,19950.417667503247
86079,19950.34777435041
102145,19951.14394770955
94270,19952.138487451914
105688,21322.055915352925
87335,19951.53442208336
89805,19950.925692222594
95093,19951.991379638515
76699,19970.990250915882
83187,19951.265449802093
84218,19950.81270032894
94153,19976.04840946413
91849,19976.626614351975
96202,21322.063861404786
90172,19950.703593057442
98759,19951.08909245197
86718,19950.725598914
103349,19976.003055561232
93293,19951.67716589752
94622,19976.599879153215
93181,19406.96203367754
104870,19951.143910281295
83247,19950.472351267894
87566,19950.314319003755
77362,21320.18031209126
79537,19952.775357005252
85049,19951.2790498053
81402,19977.2885461476
108341,19951.299293213677
92193,21321.877032357657
100184,19951.118683429915
106252,19951.09153610635
98047,19951.360549948517
105416,19976.001165061618
90872,21322.13062090544
100235,19951.11917982701
91485,21322.08245836787
90534,21322.359588782034
77841,19973.607167575876
105730,19951.12571314836
84175,19950.549436832844
103964,19951.16081787264
105970,19951.840110696074
99843,19951.053037234375
102012,19951.130130808564
76779,19965.203796173733
80778,19951.263078064232
106638,19951.1024707294
88233,19951.090011692657
102657,19976.341490740484
107180,19976.38901588841
108468,19951.16377095357
86399,19950.733967664164
85128,19952.8861910973
99868,19951.094029565582
100413,19951.148195772563
91125,21321.848500716314
80467,21321.649758436502
78605,19948.32849632922
90259,19951.095332398545
106759,19976.250120849585
101253,19975.96588394826
100980,19951.092662350184
83805,19950.676853493715
96745,19950.727517259336
90242,19406.7230941429
76118,21330.30532279143
98824,19976.303368277462
78006,21320.65048642292
100924,19951.37186408016
77138,21327.06435191186
87665,19976.741585085358
78023,19408.334116720802
96117,19406.885585024716
86789,19950.763525792398
88649,19951.329182207013
96792,19951.06775151013
79403,19978.211741828414
100547,19406.762546584672
106529,19951.16765580801
83042,19950.425537986197
80334,19977.768151492222
86589,19950.910011165597
101811,19951.178587164046
94128,19976.560610533368
95868,19406.881197590417
76244,21315.391973978345
88957,19950.91412810782
108503,19951.21980691431
84409,19950.545494992057
104962,21322.23559522855
105121,19951.410248534445
94389,19951.128276879586
105602,19406.467077142766
88289,19976.140948478303
108168,19951.31712928063
84978,19407.46644786805
108011,19951.4877200115
79783,19950.091615809568
89892,19950.985299416694
91748,21322.085494939485
105942,19951.07526438887
106893,19951.180337579975
85969,19950.691934517665
105403,21321.86617280007
80319,21323.186093309876
103010,19951.12970872975
76518,19970.95277408305
95598,19951.048201930094
101287,19951.14310533805
84475,19407.475285025015
87686,19951.767846500697
91202,19952.049824628553
85296,19951.312387866976
89710,19951.33036786824
108409,19951.105338348785
104660,19951.32871108746
91493,19406.656812797642
103318,19951.16927875384
83537,19975.46597045124
93277,19406.704056168568
91290,19406.884337067084
107127,19951.33557929287
87752,19950.804439163097
82613,19950.68782781364
104508,19001.22077935199
100051,19951.344710404424
84203,19951.29857271477
88624,19975.817153783228
99483,19951.06851539209
96635,19951.946872718097
78956,19000.43875615082
105839,21321.794065898674
92487,19406.91903771088
89382,19950.882460952314
100337,19951.075358153368
78640,19953.19971329607
99495,19951.05267870692
95580,21322.123637813183
85347,19951.541519958126
100050,19951.378990294255
97749,21321.874298584873
76587,19972.752465224465
95918,21322.25899667604
93823,21321.89723365227
80470,19977.79291374147
95399,21322.12595295527
101483,19951.142483965334
94776,19951.88162887484
97442,19950.755886500083
79267,19955.28151447201
82710,19950.355249786797
77473,19980.697301332504
105371,20056.612780202297
84991,19950.70266828782
93878,21322.076133303337
107126,19951.295651341556
90996,19976.64968055702
87095,19950.791171070337
80205,19951.741620391684
100043,19951.117329413217
84793,19951.288734819653
80403,19975.534868949067
88018,19976.278009472582
92747,19952.025908196243
104894,19951.27274475993
108319,19951.911755415113
99481,19976.27594048915
98270,19951.41074130254
88155,19950.923328666122
84565,19951.6920708557
80779,19954.195162934782
105684,21321.942676129464
106855,19406.21069713268
103908,19950.955767673906
100595,19951.2220357415
89822,19952.10386984847
100401,19951.209546640643
101037,19951.372337072455
96350,19951.920547591704
104191,21321.793545160646
87891,19950.8279216645
97744,19951.194863706663
105757,19951.42908647872
98966,19951.381716394648
91869,19406.998610864215
81292,21321.55688788731
108284,19951.851653735703
83092,19407.383219482206
78394,19951.770602457786
97961,19951.572457385308
77723,19959.04916926505
87317,19950.689135681252
95065,21321.902177145137
88227,19950.726622224618
108087,19951.135626707768
76311,19959.377828947436
100764,19951.16572696897
87828,20777.207943673147
77314,19946.35148940073
107860,19951.462554469657
100339,19951.058232828065
106165,19950.930195024328
104443,21321.86653762732
79613,19978.098998081372
92686,19952.162235069325
97493,19951.359109767487
78977,21323.848623469017
82933,19951.226528405565
80063,21322.3440124014
92287,21322.080319032157
103664,20777.000890574553
102185,19951.572820286052
94679,19976.56207379978
99024,19951.04855511201
99366,19951.35316633913
96554,19951.361463630434
95906,21322.06751679546
85623,19950.676233641054
84336,19950.685215184727
96560,19951.360012198336
107448,19951.05162454339
104118,19951.368115134428
88391,19950.94064643167
100327,19951.374557818563
89323,19950.80264677158
106925,21322.19766329964
98542,19951.06476198066
93996,19406.947856017043
85103,19950.292194905407
76033,20075.93233753009
77213,20779.659079485835
98117,19951.865302707753
81109,19953.89871405495
78316,21324.1033394177
91021,19976.69240438381
78093,19948.091447079314
77497,19944.716899612955
83590,19951.93275606498
76126,19960.72911403373
90509,19975.913730605633
76454,19938.07601761158
82095,19953.16316221359
88625,19951.317649795994
100031,19975.954494878275
99458,19001.223752592145
88085,19950.83730293358
91823,20777.014822400328
77735,21325.156139769904
91799,19406.961053631683
91480,19976.27818637269
84915,19950.909774438675
83688,19950.48219754635
102334,19001.29760526469
97765,19976.448610405692
99836,19951.570139854874
98569,19951.55982167374
105050,21321.920412248175
80826,21321.58113909713
78684,19948.79348981237
99123,20601.717780353887
96507,19975.94874763672
104742,19951.086843913567
93690,19976.581331959267
107606,19951.090821067806
87019,19950.868219933654
100735,19951.145540426067
101685,19951.21324232466
82792,19000.835437512374
100036,19950.917026637657
102607,19951.097868351462
97772,19951.137639756507
96207,19976.506654229855
100697,19951.08787164376
96481,21322.0806416427
89054,19407.086151032265
97847,19951.599463858627
87528,19950.790109469133
97145,19951.126416523246
95223,19951.95346168152
104325,19951.197380442438
93743,19976.24579627367
81914,19950.632131472346
79040,19409.462771317336
107030,19976.198579132124
106244,19951.334884270032
79602,21322.55392675073
107684,19951.140352860384
105346,21321.818005284396
100000,19951.11595563887
79001,19947.593278562286
78942,21322.68046416426
87637,19950.825264124793
102257,19951.37687647413
103502,19951.1459327712
84619,19949.802942644383
91129,19976.621342729457
98493,19951.54294722374
107108,21322.13656956346
101158,19951.112538633493
80236,21321.55751908891
105375,20056.596429009413
93002,21322.32048004667
91619,19951.15877122391
83965,19950.881705967797
94431,19951.703273668692
104601,19951.087649421217
92698,21322.309647663624
84014,19950.6085486759
91961,21322.090389024845
77595,19412.634220624925
88848,19976.488825457647
106046,19951.089595181547
99498,19951.35083784227
98153,19950.77413642119
83157,19950.72146407957
107475,19976.008433395433
100589,19951.378880492226
81448,20777.039024551144
102638,19001.269770057777
104473,19951.915425183448
102724,19951.14102574014
99338,19951.108567525676
92431,19975.856728220788
84969,21321.672971803902
108426,19951.166411955513
103206,19951.17105270207
87345,19950.78343812509
102625,19951.251177433776
84606,19950.632408044217
99166,19951.08499266501
94408,19976.576702180297
94898,19406.902414214506
93658,21322.308850123212
98234,19951.577900955832
99725,19951.5225902834
103979,19951.38786857364
77277,19952.759896557047
84401,19950.87083576654
80006,20777.814338503053
78572,19948.327091001836
88781,19950.858215923232
78546,19949.790165433842
103829,19951.371350404854
79159,19955.643272871916
104502,19951.130193758258
95125,19951.92917202131
80804,19977.337146174337
96580,19951.930959171368
92059,19406.86044395498
100530,19951.464887515784
78079,21320.90701177443
95036,19976.49983584604
91490,19406.997746240704
103310,19951.463061195547
88853,19950.89075852296
105948,19951.10505251074
93744,19406.93807659512
108518,19976.32456274711
107733,19951.153880900885
106813,19951.106371538102
98343,19951.354367157506
83056,19950.77582811791
105721,21321.935057606686
89165,19950.76192835007
106402,19951.33893039769
77252,21320.331833268032
89194,19951.05403727845
76777,19947.741851835573
90569,19950.880048275838
93912,19406.91054413989
96848,19951.188230112537
87355,19951.011074695478
80539,21321.59609994332
105351,19951.207167937253
108019,19951.1534707995
91331,19951.083300412633
80814,19407.835598139627
95951,21322.070741555686
98392,19951.06412565049
99209,19951.624498305984
86085,19950.26417309387
84678,19950.488090672065
96534,21321.867538858565
93665,21322.09544500569
89832,19975.806650792634
85079,19975.591455872214
79425,19409.062770291257
96052,19950.986549056794
96599,19951.18747523927
103705,19951.85275523176
78171,19957.361000675115
92005,20777.173932667265
101323,19951.37525631794
80398,19000.913994154624
82123,19977.250644859054
90262,19950.434041218985
93300,19976.52380805037
76795,19943.188911071324
91043,19951.839593664066
97362,20777.129238722733
98969,19951.092495465407
104826,19951.06328132226
84329,19950.52195323929
97976,19951.368177033346
96904,19951.058268481178
88148,19951.041702062827
94895,19976.54926217211
91122,19976.643468126647
108145,19406.361226092737
85476,19951.286941627102
97564,19951.582939673124
107770,19951.83691605845
106947,19951.103825774542
89548,19951.124346922297
79027,19949.32340302676
96032,19951.618911375965
100133,19951.37592851191
83191,19950.44228104701
82695,19950.414527908993
79273,21323.682088744918
95667,19951.081806304126
99578,19951.535231468348
84492,19950.6045702488
92353,19951.119626876218
106435,19951.283760690145
86655,19950.98642211581
106651,19951.152079829593
90268,19950.900502085602
98311,19406.62277588729
86971,19950.25196827187
88573,19951.055511218674
93189,19976.614463567956
87244,19951.321378873654
108207,19976.379743460304
95819,19952.080203504298
105846,21322.136639626424
102372,19951.12808426027
83616,21321.69104198419
92411,21322.064825157755
90395,19951.0108588392
104613,19975.992716409262
95808,21322.2734644871
98662,19406.611114773597
86066,19950.949256518794
77454,19946.03447921369
80846,19975.390358923753
89060,19950.873817951368
91975,19406.566746440727
84011,19951.413987618187
88315,19950.527836361194
95692,21321.893122154634
98373,19950.91139041512
97283,19951.890718024177
101495,19951.160309365852
81770,19950.28291733289
87458,19951.052306751073
102710,19951.161713451947
81205,19953.545396095706
97440,19951.08169832193
82618,19976.419646044593
104838,19951.082403256958
103606,19951.17450053857
91507,19952.118350536155
81463,19976.534310702256
76741,19957.743901715046
94422,19976.571417285875
99543,20056.76410324951
104044,20752.09718818529
83284,19950.443387498854
100834,19951.451848952813
108440,19951.16283603466
96881,19951.071874596248
103925,19951.196101464186
102881,19951.3585070998
78690,21321.19266363172
78052,19953.863308295764
103938,20777.11741429839
101271,19951.169919883378
76924,19983.71180790807
100415,19951.12518162483
78455,19952.13936061807
102811,19951.216144788545
85154,19950.68761572062
103761,19951.16474702377
77732,19947.50776276626
85957,19952.0129489774
96779,19951.901673614644
99061,19951.388448332662
106028,19951.29154741448
85889,19950.75523446385
97539,19951.020200674888
100890,19951.461454719
96058,19976.528517939394
80216,19949.937807827828
93045,19976.55814204105
95789,19976.183459593813
89368,19950.884547591544
80917,19408.307940671675
93323,19976.585969129475
103669,19951.24092574162
81561,19977.36409398706
92214,21322.318072459308
86368,19950.73427192471
95070,21322.242762618924
80730,19977.365192989982
105647,19951.12410599378
104707,21321.963964704097
80353,21321.566504642455
98677,19952.00943610887
89445,19950.641368669803
98332,19976.3230366534
95929,19976.570028021037
88970,19950.953446744832
81272,20777.534763581552
77963,21320.69414449268
88285,19951.34723361071
88924,19951.721843385167
93562,19976.599006972705
89463,19950.869434641103
105407,20776.98483686751
80944,19954.028259059633
108099,21322.050235159786
89199,19951.02944705651
82756,19950.741513953253
79573,19949.58934287327
98847,19951.10551583374
100966,19975.95561935971
108500,19976.419180144796
103830,19951.165386182973
84043,19950.502234356823
84550,19976.934917707247
83946,19950.672355910305
86287,19950.691584740023
77598,19947.05748569475
92893,19951.152496601528
106936,19976.194158178354
101123,19951.170643465353
83943,19975.55475021978
89197,19951.075642539334
80185,21321.683735093273
82429,19951.244476698077
95864,19951.85934096139
100750,19951.374915126067
85497,19950.04589251359
99469,19951.220385556575
87667,19950.787789328868
78681,20777.100878332094
106579,19976.02393871486
97388,19951.08467435126
82487,19950.328375126723
80635,21321.565163859213
96378,19951.052968502416
77827,19958.616273179996
79045,21323.793408573303
95229,19976.55595733464
95387,19406.77275266298
101754,19951.095624609643
90728,19950.880797497324
77618,19958.22690648704
79390,21321.639375844734
79449,19975.064656956754
107826,20777.10437998229
87026,19976.7759208859
77765,21320.397484808953
89691,19951.35199531413
91087,19406.58886257044
79770,21323.369100558513
79341,21322.645345082467
87532,20776.99294104318
104082,19406.699179866275
83169,19950.564153699415
107978,19976.430878574356
97466,20056.812948374063
98381,19951.54811771235
87614,19950.800205833526
84768,19950.87985100254
103605,19951.245945482235
107420,19951.146939962346
76099,21366.027981094794
81932,19406.8173717298
96233,19976.50736109476
103484,19951.173582522068
89608,19951.348031577647
91316,19951.690513166508
80424,19950.100022872466
83120,19975.372940931065
95888,19976.550042953957
103279,19951.15672273819
76800,19979.08910412339
102188,19951.250027615708
100147,19951.105804132018
107959,19976.577754806385
93341,19951.330881382477
87446,19951.298260061092
103554,19001.296001330564
83756,19950.643121639383
86353,19950.59866648442
107874,21322.056487379392
78416,19948.578049682706
100911,19951.132258600785
86514,19950.76198688022
92702,19406.994383210877
76787,19943.542377305595
98523,19951.511389598825
88972,19950.8833698379
87370,19976.447894546174
107060,19951.100072092428
108186,21321.883730009922
90126,19407.11600995727
103874,19951.153730246144
88271,19951.015506196854
81752,19977.385497043102
78089,19956.01226466827
102383,19951.17125384168
76766,19985.166088491373
86120,19950.94591056239
82871,19951.342578577118
78647,19956.347626721974
92451,19951.145176355538
91743,19951.392936833785
96582,21321.871761456125
79729,21322.281772421644
78864,19951.307418955643
94728,20777.160983759553
90355,19950.91169309104
103777,19951.378085371733
96076,19950.990034364484
79201,20777.958924407296
106707,20056.745773001174
83836,19950.887066296968
82332,21322.812452172097
106545,19976.48804039216
107268,19951.82901356862
105459,19951.21848844576
99683,19951.53668857232
98385,19951.552261860674
103402,19951.17403449916
89402,19950.881363386798
87077,19950.457571326813
94222,21321.85126433534
89919,19950.435739486635
80585,19951.814756510434
102406,19951.1255318696
95002,19951.102074919185
78216,19978.832527720548
81346,19977.48596393434
78309,19410.28225916131
93307,21322.077203289686
87233,19950.98190486906
77093,19945.509512833287
86762,19950.12263222959
94561,19975.921412972202
76392,19994.327866393465
76895,21323.687667726692
85419,19950.95189335607
101026,19951.37512403167
102584,19951.368180343343
81381,20777.590401743302
81761,21322.96148634685
98099,19951.347115073942
91347,19976.17681531064
100024,19951.073806380224
97924,19951.36343875127
100492,19951.35559103408
93559,19951.981333760134
103175,19951.167989967566
98122,19951.843744303787
84362,19950.81533589991
77943,21320.712868426068
87275,19950.77422588427
79991,19950.654750726542
102700,19951.220730028017
79660,21322.591806365217
105465,19976.260973848377
94354,21322.281236133633
96390,19001.190893453804
88763,19951.527832238862
87219,19975.85845995078
77221,21326.15408662694
78165,19947.626768801623
95069,19951.92112879198
85157,19950.64501645736
94547,19406.599792541292
80643,19408.334703118417
97499,19951.09159705215
81957,19977.34223867904
82538,19950.595145051484
83777,19950.62041036453
87927,19951.312812030163
82916,19951.28353366065
104146,19951.20238441708
105260,19951.112661123316
85483,19950.931263572984
102412,19951.254724428138
86508,19975.74990774892
102998,19951.19943463056
94493,21322.29074670802
93422,19951.198323720862
90033,19951.056490736937
92957,19976.598656790848
96584,19951.355359064244
103170,19951.63071614527
83550,19951.23917985831
76050,19796.347552592903
99903,19951.097527697693
95255,21321.88914808435
106697,20601.852423607757
91497,21322.351971158136
97177,19951.073861299123
101863,19951.581735274023
99298,19951.095402154384
106496,21321.89122073657
98770,19951.84443638021
101801,21321.893874745536
85037,19950.661130241493
104399,21321.9257832369
83980,19950.636907586326
97825,19951.87165605598
81924,19977.463262893216
104192,19951.081327257405
87130,19951.78053339071
79364,19949.53079305599
81388,19975.15667282319
94917,19976.549065660547
102119,19951.146577347215
84135,19950.539127260323
94992,21322.06114142701
81229,19951.721897669282
79503,19976.502556396634
84540,19950.648769569056
77881,19947.065134416924
104978,19951.15195539038
107373,19951.15353831785
76208,19920.455320204233
88192,19951.10077028161
107010,20601.91639769167
93961,21322.3122922912
83957,19952.969723868882
85283,19950.662482207037
104226,19951.125955690975
79463,19950.303894884855
102587,21321.91027842544
90204,19950.864836269662
103507,19976.420528452865
94351,19952.09856994496
95181,19976.481483659332
107410,19951.373042245275
86541,19951.545142369057
106281,19951.281566053753
77315,19945.954672993532
84485,19950.420125810317
77592,19946.476054125622
104262,21322.242038936023
81260,19951.765176805024
94417,21322.142184249762
83014,19950.421161797956
78192,21324.273015406183
85838,19950.728426684236
98395,20776.996070423844
92617,19976.618506055333
107538,19950.934868485852
102588,19951.15385132934
88950,19951.033944794195
101450,19951.105671629914
96101,19951.148018764292
90567,19951.06670732809
94383,19976.630701856873
82961,19950.19012548141
96591,19951.050163121716
77890,19951.125942136456
77801,19411.382168885702
85738,19950.59388046025
88580,19950.864540387774
88914,19976.731684655257
82206,19976.396919613482
107485,19951.170155552012
105203,20752.262741086706
82256,19977.433535170523
80181,21321.646602958954
88792,19975.72956510251
92581,19976.603779294954
101272,19951.807275805466
102359,19951.22376691922
85306,19950.63762341406
106078,19951.254129012454
82442,21321.589053334148
106313,19951.216882234577
107617,19951.1227479728
89719,21321.840212659954
91358,21321.87463318105
89676,21322.425928389424
86927,19951.032441439354
76819,19967.060117617522
96646,19951.327452158712
81533,19977.46554762418
89207,19951.31144173063
90282,19950.842079309892
94908,19951.894978794495
89890,19951.31397105815
103477,19951.38119464266
76090,19919.432702813003
84810,19950.824211077652
98323,19951.573100665522
100552,19951.353446477176
104719,19951.093391282426
90016,19951.122880765044
84632,19950.456333905804
99846,19951.106243761842
92362,19976.62526632312
81315,19950.110125216455
85084,19975.764352489346
86760,21321.76218845046
80297,19951.196530919864
93420,19951.77729821263
78563,19948.884392414657
100791,19951.132985377368
89019,21321.804608493087
101709,19001.302092211372
103419,19951.202209100826
96092,19951.47803502592
89891,19950.834644813564
86562,19950.45684291079
95874,19951.95076266218
99343,19951.365775420116
87586,19950.802238612352
103112,19406.55849850501
82740,19950.366320017143
81595,21321.68111302115
77578,19948.582641858895
94090,19976.58347854461
102873,19951.16191850953
103258,19951.378427999098
107497,19951.01139061349
101861,19951.125337421057
103997,21321.81274784615
79785,19974.877730166485
90250,19950.887134253036
93233,19952.150251338506
86527,19951.813366534523
86140,19950.683579493645
104063,19951.07263033193
77734,19947.662696836276
91652,19976.634547178714
97758,19001.24727439203
95096,19951.14758644235
106186,19951.177321037132
107960,21322.177679413257
78445,21322.71867279695
91886,19406.96856556616
82711,19975.329152760823
99248,19951.109113913142
91701,19950.972869954458
88172,19950.807999978886
83916,19950.52518800155
88883,19950.87450594533
90342,19951.161925139364
102042,19951.152409928633
96563,19975.900714737036
82344,21322.28048413627
102707,19951.16214934868
101718,19951.36714715931
102705,19950.937821643005
92589,19951.951182180026
84231,19951.231640763966
83534,19949.87360063822
85768,19975.608247084896
82141,19950.63257667053
87448,19950.893946882567
79569,19952.707911889076
82261,19975.248621294333
80605,19407.98431276379
91120,19950.648000503854
92482,21322.079586247488
99998,19951.384727405588
82202,19951.258243942095
105899,19951.24166391002
93653,20777.16228430631
94333,19406.62845178005
107717,20776.87260410568
107655,19951.231579580053
86240,19950.97781395922
88745,19951.094039075382
81723,19977.419204304817
84125,19950.575848946988
89476,19976.659775065647
79059,19409.766901054096
77879,20778.443546483304
82855,19950.782172593565
108513,21321.846073593646
83646,19949.54144496361
95702,21321.905361329576
84145,19975.507409093854
107629,19976.44178788127
81843,19949.50028049702
98863,20601.7133317831
95154,21321.90562421693
93275,19976.609631787465
94003,19951.73713348113
81095,20777.58174972579
81099,19407.989684729448
105527,19951.069366100743
89596,19951.329464577826
91007,21322.075225292137
80594,20776.935983137864
82782,19950.44315294421
92721,19406.950737932264
91718,19976.08034344512
87452,19950.80270624559
78098,19948.823339663926
84123,19950.56082207543
104672,20056.61231794659
105118,19951.094362583208
84690,19950.625518824418
88986,19975.850303837018
76028,21340.82775720073
92995,20777.180556199502
76275,21329.598174847713
103315,19950.893682807855
98168,19951.585005414538
93633,19976.477054607418
90151,19951.415601888813
105269,21322.015381389516
102604,19976.31741297808
89541,19950.892902452473
105694,19951.785459197865
80405,21323.158728456096
96001,19976.553193811087
96500,19951.051904228236
95235,19976.539485712427
88367,19407.199015917708
98850,19951.528016070733
105724,19951.38964349936
86451,19950.767005175854
86426,19976.71862740763
81213,21322.358313261804
98547,19951.129673476076
86461,19950.59527625124
99294,20056.812482516725
99597,20776.978466297354
92255,19951.023770203243
90097,21322.14119692648
102302,19951.150529701663
105746,19951.12096835209
86133,19976.929871041324
94950,21322.315218479445
103666,19951.1517929802
94750,19406.81079697715
92880,21322.302513944494
82349,20777.42171780956
107337,19976.023314218928
82954,19950.214902662115
89689,19950.954351360804
99034,19951.52937653337
79873,19949.6831341514
107966,21321.87901030895
88864,19950.881957857546
97942,19951.59884891107
97481,21321.874264894297
100313,19951.098828156275
99927,19951.21797963988
87287,19950.17832697037
99134,19951.83690053478
104705,19951.284650616126
86134,19951.31334250757
93028,21322.298315395616
80161,19977.88518875301
76639,19969.845131136488
79239,19953.039781375344
94244,21321.86410915658
103815,19975.990443023322
84445,19951.2662306191
85884,19950.57360684306
103496,19951.14816276137
88620,20777.235442849054
101448,19975.96246784105
100044,19951.071978733107
98388,19951.545063709356
87610,19950.794395868383
82063,19977.375103226645
82211,21322.326751953922
91156,20777.189404913253
83323,19950.426400053806
100187,19951.061983830914
93117,21322.076345849706
82227,19953.491508521445
94263,20777.162004738268
88207,19950.75987740431
87988,19950.829897072563
104687,21322.058512037493
79791,19954.31487728705
82242,19951.314039998946
80273,21320.676902858024
81542,19953.76466986561
90361,20776.954892832637
83914,19951.6548616478
103142,19951.380010495686
80137,21321.51112474015
103580,19951.46060860537
98328,19951.52442030424
95936,21322.270550602425
95189,19951.927815371575
97806,19951.907876684774
95829,19975.88643236889
98684,19951.54717889617
92494,19976.558992182192
83016,19952.11746758745
80865,21321.59661466495
94537,19976.29540438597
86293,19950.73651387239
100087,19950.827142193397
95534,19406.857145237984
80827,19408.373696990806
80610,19977.32553736739
97472,19951.067221339516
85523,19950.572386396812
100005,19951.09894444977
96618,19952.071164457502
104893,19951.119907531407
93688,21322.311836642002
86182,19950.963427416293
105091,20776.793280994156
103031,19951.561445122683
99359,19951.063412613512
101907,19951.48624162003
82914,19951.23124557164
83990,19951.284639502865
98598,19951.557545179694
85494,19950.6565444063
82922,19950.404566296755
82854,19950.39395770441
89024,19950.926566373266
91754,21322.343895223723
102699,19951.117107478058
96887,19951.360484652458
102671,19951.375308779414
80646,19951.195873756435
88146,19950.865769345826
82969,19951.220810335926
77225,19948.29979350663
87443,19950.773725873787
91227,19976.551512916096
95731,19951.19452246049
95171,19976.492851002502
97076,19951.35152577029
98901,19951.182508467573
86013,19950.232199905302
80831,21322.36328257908
100258,19951.06725986339
103586,19951.151217400813
84553,19951.278284774497
84400,19951.254233347005
93434,21322.1114512677
86149,19950.633779301465
80336,19977.82899597858
104511,19951.463656545315
93127,19976.605647531942
86330,19950.935492250268
105082,19951.11156150111
101222,19951.665451986504
92606,19952.17883691317
90462,21321.82553766652
102123,19951.13651737225
83212,19950.627037446004
90403,19950.947078065998
79392,20777.965713547237
102630,19951.38443435138
85988,19950.728900675535
107908,19951.337312523934
80949,19408.2604414314
80517,19408.240459059165
97922,19951.578865744767
100296,19951.13259158495
93073,19951.359154374422
97137,19951.004514841836
88311,19950.939150012695
78021,19948.104028982532
81970,19951.231106777526
98957,19951.045948845036
99602,19976.293395568708
91417,19976.572687910473
89429,19950.87928695066
96535,19976.496517901684
80782,19952.239547060322
86889,19951.35874767834
79609,19951.249649398633
99497,19951.288128033535
99547,19951.838710705073
93817,19951.638984186193
91079,19952.276523706925
81962,19952.02834022151
85833,19950.670039305376
103305,19951.15687457541
94357,19976.562479716315
88736,19950.839611243402
105162,19950.90477565887
91131,21322.084135986086
84148,19950.805019282056
76377,19991.35323182038
76357,19935.21471533486
84675,19951.2845668731
83239,19977.246655934243
86317,19950.142616252797
93990,21322.28211015749
96357,19951.013767595035
89745,19952.1238514528
97141,19951.889549377716
82911,19950.422524475085
82943,19950.243655270806
96282,19950.97850609933
105885,19951.22294903428
80131,21323.39021737014
99806,19951.8175463545
105497,19976.40038710017
106447,19976.326005318555
107746,19951.190848915365
89523,19406.992499896278
84388,19950.60108201438
78166,21322.979134758505
103685,19951.15894530295
105018,19951.37216443082
102373,19951.121131464493
76988,21319.307656981262
81097,21321.622897197987
105521,21321.819788155306
99775,19951.137451143026
99766,21321.89687277538
101346,19951.123203680465
95228,19951.599772068566
75982,20217.25127760466
107142,19950.94812341449
86109,19975.666093618493
94195,19976.562310562273
80777,19954.186904112663
92612,21321.87662879879
99383,19951.357516896802
81686,19977.447950829457
88650,19951.351631689406
95681,19975.991971543328
100071,19951.16030007955
77554,21323.540054013964
103505,19951.187792114375
93281,21322.269358260815
107444,19951.22511109984
78752,19953.290272950555
103057,19951.378650789247
100248,19951.372076610474
98489,19951.576381612285
89189,19951.306298695978
81293,19408.067523642407
83285,19950.51683364799
99459,19951.84164275646
90810,19951.306311104163
82015,19952.07418904633
96132,19951.064405594967
80808,19953.41388153793
104685,20752.081576308363
80937,19950.191283905566
103328,19951.14104632851
76512,19978.121951364687
83456,19950.469735039795
95102,21322.287693324684
79692,19951.87133744375
107807,19951.097837884292
99176,19951.37925710015
89632,19951.348454418505
85310,19951.54762892449
105676,19951.338978203952
96825,19950.73302007272
76640,19942.845615975817
99932,19951.37887492852
103568,19951.37646145698
100906,19951.15577825042
97420,19951.59422976069
86996,19951.32173931372
86948,19950.971730284236
77326,19952.66472507066
89296,19950.902158435732
83087,19950.6640239283
100477,19951.66527903923
84635,19950.549906121618
95060,19952.060519776227
79303,21323.63297703902
84026,19949.96988835573
87802,19950.82645801845
85561,19950.68062944449
95941,19950.856611202293
107662,21321.925125661197
105811,19951.039664799373
81618,19976.293306116528
95733,21322.261760368296
93613,19950.77647633283
82163,21321.76350481734
91734,19952.278858588325
87677,19951.70752896418
89816,19950.903509388263
106327,19951.101618064207
101799,19951.3849826197
106344,19406.716872204343
97705,19951.50637952132
86976,19951.359336350433
104847,19951.284411073873
103833,19951.14829729395
103482,19951.14593641354
96532,21322.047463328865
105817,19976.26989620777
80883,19975.142836642786
77825,19980.255929013027
98673,21321.87826161298
107364,19951.144895845773
88945,19950.87702433969
108307,19951.199259177465
78078,19956.66534676939
92490,19951.648557977114
89401,19950.87879589486
81002,19407.952579299606
93285,19406.938310725858
76796,19964.100165380092
99933,19951.586056940963
103989,20776.9907516194
77504,19947.419241137155
77187,19945.567222124362
76477,19937.347088878872
104834,20056.734726636834
90656,19951.141063847583
86161,19950.756879255827
82503,19407.856103920516
95429,19951.65009023424
86123,19976.919617591204
85549,19950.55909129545
101443,20776.993585734523
89089,19950.902210211447
101004,19951.117195157232
98976,19951.261695872086
106328,19406.87582365051
101630,19951.116308442255
79682,19974.784561400415
107885,19951.430284085232
97206,19951.054007306808
80721,21323.150845141052
96625,19951.52044387072
87687,19951.06366912701
91458,19976.622427896855
104683,19951.156638143177
104151,20056.680922665855
108346,19951.527725603642
101262,19951.202362653148
96543,19951.465905948873
102763,19951.141188501537
81274,21321.633570972277
95280,19951.128699877863
82561,19950.761383252015
77783,19410.391649411602
95843,19951.966384956013
99776,19951.05732742974
79114,19978.566864786157
102376,19951.25888334329
101704,19951.15706980346
77297,19975.52269102526
80285,21322.558285610558
83467,19950.6054269194
101059,19951.12839855465
102229,19951.135085689308
84664,19950.597424129857
107750,19951.135368406565
102405,19951.136768915425
85553,19950.552948594708
89780,21322.16848803333
104268,19976.045898034074
102935,19951.103711266533
97898,19951.103094652502
103785,19951.18789402409
98529,19951.560959458035
93897,19976.555877959687
101766,19951.141520364636
95038,21321.867552580163
108350,19951.452770728094
103542,19951.16298567363
106061,19951.855663197854
82286,19977.283601778483
93548,19952.13667773744
89937,19950.912076029184
97650,19951.975781102607
77515,21325.566739743048
87466,19951.3018110097
87489,19950.994888762605
83029,19950.28572083884
78512,19956.605248976728
93310,19951.662753334407
99598,19951.10810903926
91341,20776.993617783683
82704,19950.17150945918
80819,19977.659929455654
82774,19950.358645235276
100367,19951.10000992875
80303,19949.11297035012
84897,19950.595407501463
81307,19953.49413362463
99687,19951.107018190505
85321,19975.753396746513
80702,19950.429185508252
103843,19951.28776826296
98898,19951.052947049306
87147,19950.776984057095
97662,19951.07354758684
97518,19951.45103600199
100217,19951.103956986
94513,21321.90398996651
77035,19947.412837823398
103165,19951.10738899825
77140,19945.152139810954
103771,19951.261856860892
95993,21321.896158824915
83624,21322.196057893925
97945,19951.51295139628
87103,19950.728185875007
107640,19976.014877871876
99549,19951.11293376019
80464,19977.547799503023
99623,19951.380129735564
103689,19951.154706865582
97337,19976.43428766138
84308,19951.32970256403
81459,19977.42743552867
104126,21321.967247088403
97303,21321.888682744055
95139,21321.880590714714
93074,21321.912113639566
102368,21321.805633456574
78475,19947.99212675183
80333,21322.383903742088
80144,19408.403452748993
100439,19951.117314775234
108154,19951.228675935683
107137,21322.196216031563
92752,19976.626716478928
89896,19976.589360484886
90485,19407.120747629815
83159,19950.43620020435
76671,19983.580709385973
96849,19951.341689878125
93722,19952.14608228464
107787,19951.142767123634
90164,19951.673267742524
84760,19950.658607227208
90370,19950.910689165994
88117,19950.445803852985
89557,19950.897080267627
98274,19951.56408818342
97325,19951.069673328995
78887,21323.91095103216
90525,19407.077285343064
86491,19976.906636395608
81617,19950.21487162595
96123,19951.060651138705
79413,19949.881608089756
88016,19950.951459466636
104681,19951.49923519013
83330,19949.519976154625
99163,19951.046491322337
102236,19975.964234537132
78116,19953.728191741662
81077,19951.280720635797
81046,21322.32415501208
93928,21322.287170839798
96436,19951.068011830874
93479,19406.824245751406
92021,19951.62279098692
95143,19406.87396540197
90500,19951.01413358943
78940,19948.987509884824
94861,19976.49411191898
81961,19976.68967012237
87630,19950.701063078104
101224,19951.139485284075
103357,19951.108704409067
99521,19951.560991750353
103897,19951.164648798152
76701,19936.18347580589
83560,19950.494447596695
83516,19950.637299533526
76385,19932.90154303494
87311,19951.02388026324
102065,19951.133264048603
81718,19951.70183286251
100025,19951.222606459934
93182,19952.183865424548
79240,21321.45304265142
96331,19951.610583170463
84781,19950.611274500676
100663,19951.09100059705
76390,19992.426274417972
87234,19950.792587001106
85790,19950.773759846747
91278,19952.09072770881
92254,19406.992139937774
99105,19950.80711460845
101324,19951.137180965576
104734,19951.081200709035
103445,19951.37807420031
103323,19951.221015251358
78055,19953.80504347913
101302,21321.902058900523
103095,19001.298637789427
88134,19950.727735652203
79346,19408.539277643275
81699,19975.450036984636
96464,19951.94890539489
86609,19950.631198150753
96737,21322.116694988563
100080,19951.200603597277
93423,21322.308380810755
79886,19953.797179707803
89452,19950.901725912492
81509,19950.448876566108
83975,19407.545509914224
81360,19950.293354765625
98089,19951.352001486775
104047,21321.963377453052
78711,21320.939617707907
81025,21321.561965202225
79973,19977.830807901468
102117,19951.145117885702
78400,19957.034677079508
87911,19950.82872039491
82806,19951.26714120357
102480,19951.15519890284
94044,21321.885708560334
76824,19416.973854435728
104095,19976.094048625615
98660,20601.933083183474
101444,19951.164041009142
92320,21322.133128088437
105141,19976.002921822328
106950,19951.144876769624
81851,19953.633085600068
100884,19951.2114355084
95196,21321.871196474734
103636,19951.261607298533
80584,20777.639651368176
92337,19406.846158999775
85513,19950.58047622695
85180,19950.647378902057
103365,19951.375494262902
85796,19951.325615569873
78462,21324.113244134493
87895,19950.534779471458
99262,19951.125576450726
83363,19975.422091804227
103800,19951.586747335583
78822,19949.5121218223
107816,21322.036996061557
90042,19950.608859125896
99022,19951.34376262489
81854,19951.74902190458
102619,19951.24960234359
80425,19977.69716332317
102306,19951.798995846424
99778,19950.90202409755
105957,21321.927659293913
102184,19951.366070704968
105195,19951.126674382234
98841,19951.348861360468
78452,21321.461556340193
98974,19951.512279595325
86430,19950.881513540844
87124,19950.771158795258
105872,19951.463407875042
108077,19406.224110084004
103608,19951.37912063136
89218,21321.843188300627
106418,19951.37346531781
94498,19951.02426800977
89269,19951.363295760017
87283,19950.901275402204
97545,19975.937345971866
85408,19951.29263505446
104594,19951.077937581886
103905,19951.15202240236
95101,21322.246973422945
83226,19977.00198526659
89257,21321.827088503833
79479,19974.584888401117
77652,19947.471475365342
96606,19951.343776153124
95504,19951.029677876857
84103,19950.889853027875
102843,19951.13785502292
99361,19951.1027603039
91098,19976.58752392531
92937,21321.85621394309
85635,19950.67154077893
105348,19951.33586053234
96427,21322.072302180368
89473,19951.37010678157
79316,19952.69025276792
89157,19950.922418679445
92217,19976.635727449004
99761,19951.580168557695
88748,19951.033942803955
96029,21322.27961356249
92916,21322.30400278082
81210,19975.358621412124
83778,19951.663761455042
89380,19950.893572850233
103398,19951.141772269566
92869,21322.300775714037
105278,19951.37834304991
77054,19945.120547885967
94021,19951.66479630394
85177,19950.87368595007
77904,21320.883643280158
99917,19951.126807470344
77123,19962.705095420555
95195,19976.566305349705
81922,21321.761953576985
84281,19951.60882215613
101289,19951.453494399997
108200,19951.84332055709
90235,19975.814626629683
81150,21321.672916797525
104224,19976.381674690794
90071,19950.95777012499
93187,21321.875888747712
84284,19950.59002961732
97109,19951.076287203443
102231,19951.14179852756
108093,19951.118457315824
108443,21322.06538936925
92992,19976.520385292115
80438,19977.91849258399
104913,19951.05696084648
82772,19950.37655046432
83960,19950.51868823328
83052,19951.55669121504
82939,19950.763209666347
91175,19407.047346539402
80115,19951.933178421958
99384,19950.85502206245
101540,19951.375959356563
76849,19966.88968550776
97226,19951.07540961328
97672,19951.61532983145
97579,21321.873617204954
92361,19976.628675880267
91952,20777.00811959009
79024,19974.76629636659
98048,19951.53150833247
95481,19976.553017299757
90572,19976.699748150095
91301,19407.0040664728
103209,19001.297606211865
78464,19973.904186938456
91311,19976.636482821777
105722,19951.129821389015
96211,19951.04134750775
105482,19951.38562141275
80750,21323.18558302676
85880,19952.044848005105
106997,19976.370144419794
99866,19951.82246490147
107262,19951.337610910996
98814,19951.554549154367
98650,19951.517801615137
93505,19975.870321628845
103810,19951.24482260182
92931,19976.621383404647
96126,19951.037751940083
104285,19951.10353238678
96503,19951.160766867426
76826,19984.026611429905
102531,19951.18522360913
86939,19950.803347861238
98276,19951.348145826654
89094,19951.09781427358
89376,19950.908809162218
101715,20776.990930369488
98971,19951.088047606027
98359,19951.124320064147
101520,19951.13041370141
86866,19950.73840713385
80468,19976.400406715973
84146,19950.465184852732
82628,19950.315896147404
88012,19951.29917268413
78341,19407.959908015346
104664,19951.365213157253
80753,19977.642180313167
88296,19950.853066652093
100349,19001.289229870526
95307,19976.52306144714
97982,19951.868447299123
99328,19951.55463547358
84689,19950.451195020414
86620,19950.77212019106
105565,19406.38435722534
94198,19406.97068136828
81959,19950.626577377003
92894,19951.717410768433
95163,19406.89410060152
81774,21321.658487304157
97953,19951.08261244427
83179,19950.721629281543
83316,21321.6932117708
88506,19951.046791073695
83533,19950.870519262968
84069,19950.54402636712
103724,19951.41454293542
76757,19956.58364819003
88222,20777.030964889596
77382,19951.59647168946
86702,19951.307878612515
92511,19976.24451264441
100163,19951.229197450826
78982,19951.955688733484
94043,19975.897880557062
87066,19950.97015756457
79987,19954.100506254144
83428,19950.5955690745
88886,19951.57022496062
79836,19950.309955382938
95090,21322.0582694218
77868,21322.761805430113
81415,20776.922441281953
76542,21325.080615478335
99066,19951.154212308233
98211,19951.366897060565
77789,19946.975563947635
102614,19951.22182044666
100676,19951.003972283692
95751,19406.58315465301
95684,21321.88741712411
108508,19951.121469041693
82075,21321.719109078065
78948,19949.0327297008
93337,19406.949696977998
86465,19951.28370554812
76163,21310.303624683078
101688,19951.155632809405
97445,19951.819034275617
76672,21324.68000599529
108153,19976.438234848843
92963,21322.300857626942
88441,19951.0253636184
76274,19929.44240891275
107189,19951.14775727632
79393,19947.684994599793
94684,19952.11560488177
77033,19955.758966561665
106413,19951.833649862332
90407,21322.13841157602
86730,19950.758292253453
79417,19952.289536670378
93426,19952.141680446242
86689,19950.669925315808
94562,20777.177162956
101792,19951.475968192663
99696,19951.531142410884
84181,19953.014230978177
83652,19950.58406284782
87285,19950.815616259202
105860,19951.115783307854
80615,19977.57699555512
100040,19951.07199693291
88919,19950.864451364258
84980,19950.512529558346
83969,19950.516802095342
103616,19951.113533638705
105097,19976.291940528772
81573,19953.734941096303
85124,19951.281788503882
82995,19952.262500176967
106976,19976.04027809716
97250,19951.877050376796
91609,19407.009567867965
92582,19952.18778181213
106719,19976.278822359636
95711,19952.040224594166
81868,19953.599426143814
86650,19950.75057777643
84727,19950.17871331989
79409,19950.0779070961
90538,19407.102936055802
90346,19951.406921379592
94050,19406.969106318218
82866,19950.237819620586
93402,19950.696362827475
95803,19951.93848620499
88730,19952.210084857747
84023,19950.876164834186
85119,19951.2702671275
80528,21323.136320527603
103284,19950.94203627252
87269,19950.90617131973
80708,19950.569585393834
96853,19951.379883428173
77191,21319.84859665574
89419,19975.91230884851
106060,18431.477187366778
98372,19951.037662523373
102076,19951.210042432493
79960,21323.40399204352
97268,19951.096497059112
101849,19951.149049117947
96850,21322.11068523806
99301,19950.797460104917
81672,21321.645226041368
100709,19951.148799927378
104616,19951.055218019832
89965,19950.841188315913
93313,19406.9052605184
104340,19951.111207759906
103783,19951.37966639108
78842,19956.10610074277
87942,19950.81145474349
96790,19951.054808978934
97330,19951.351462370963
90180,20777.00882094567
78934,19955.85320880167
90145,19951.409359691996
78173,21320.68621874926
92455,21322.110915076846
81565,21322.37604393707
78530,19952.29909762704
103732,19951.37015245797
91559,21321.84711909485
100802,19001.295665406768
104472,19951.2277226951
96556,19951.060114971293
85610,19951.40285251528
81512,19953.851976731206
94005,21322.28489943232
88847,19950.871948286374
105272,19951.086882777858
88156,19950.34578079462
102245,19951.431684516836
103740,19951.1754206749
98554,19951.096151780337
82268,19950.724085565314
80472,19975.07750749139
77127,21323.28779670079
94612,19976.487396500514
91124,21322.37181600062
85847,19951.30938939483
95527,21322.275975894867
83373,19952.723816620735
86221,19951.29114192181
83131,19950.799219941622
104639,19951.38330804096
108323,19951.823409169774
95465,19406.798075110597
96905,19951.595295022373
104272,20776.859121355643
90562,19951.16712084417
81396,21321.679520173664
107589,19976.29006381862
78022,19977.570581770527
89141,19976.760039577646
87808,19951.742966388676
92344,19976.597824749766
85181,19950.737400063204
101172,19950.88045814765
107038,19976.289752948283
108214,19976.438040690682
90048,19950.91007399867
92619,19976.137086002815
106279,19951.084301944375
103918,19951.167765051454
96418,19952.055532848633
97891,19951.361789859217
90459,19950.672844586712
90230,19951.127368794543
82589,19950.337346016786
84093,19950.383810278287
84128,19950.9336381804
77775,19411.633466453848
80709,19951.16602968156
87084,19407.245935627387
78358,19951.21880904205
99051,19951.05801401303
81732,19950.16847519957
94316,21322.310431019985
95333,19952.065654060316
84653,19949.776649446536
94200,19952.07035402784
77707,19951.13574856294
78884,19948.616828171984
87384,19951.02836826251
84311,19950.860610156604
106179,19951.082853583437
77959,19979.770401314305
101918,19951.14543319289
82519,19950.349684970144
90216,19950.885213151876
99455,19975.984725913688
78784,19956.090963138864
93016,19976.57734102244
102343,19951.372797466433
91681,21322.321419317643
94868,19951.089514490846
87562,19950.775356882736
96639,19951.508171727546
85312,19951.349831991476
103821,19951.137453151252
101157,19951.361411801652
98644,19951.10157323746
91060,19406.96030728113
87747,19950.734783073633
77903,20778.65580788952
99482,19951.45500919091
76170,19931.090120820532
83750,19951.294616171504
95288,19951.597086140046
83977,19950.610809723945
78300,19956.887214297494
80362,19949.780553068013
101315,21321.900517719478
88661,19950.92362665003
96575,19951.502815049604
87420,19950.84260010777
76175,19916.339208739002
95867,19406.886908388184
80904,19408.42659572914
106939,19976.035630300135
97892,19951.3466328143
102282,19951.148640186268
81764,19977.39634778609
103326,19951.160611382944
94064,21322.302833381258
97529,19406.846063083824
97606,19951.11930943475
89922,21322.345084587843
104023,19951.30393151207
98885,19951.044310462898
83365,19950.81930329953
81828,21322.409925961165
100521,19951.121149848314
76827,19944.231552404777
89850,19950.923590617145
90528,19975.8521103562
80710,19954.064147442255
104646,18431.48384686181
102709,19951.23152087616
93055,19406.836369591078
103701,19951.1987976055
103548,19975.985181666296
96053,19951.002950829432
77609,19958.218343800883
99637,19951.58059168466
99911,19951.382908798114
87622,21321.76425486153
95938,19976.49589062114
93648,20776.994251360346
105208,19951.17556540374
82558,19951.83806447196
89781,19951.383610088484
94210,21322.308926176644
97589,21322.109765781504
96120,21321.866490821045
79277,19952.99235002571
93852,21321.866979109887
106276,19951.088956723004
104292,19976.49331040148
103994,19951.217465367277
83967,19950.57430649748
77971,19951.468803216627
76636,21323.730500787966
105328,19951.150661045616
89518,19950.87467807883
107941,19951.14660403294
79721,19951.957424044496
96770,19951.065784337112
105293,19975.993172456616
81503,21322.436739031233
97932,19951.598262716925
101258,20752.18332994499
83499,19949.818879897055
85447,19950.654611455808
98221,19951.042096605895
105617,19951.743419459995
103224,19975.978858042872
82749,19950.344671257953
104578,19951.16427782723
77279,21320.507026802075
106045,19951.79896790371
106053,19951.103922658247
99749,19951.598144119056
102786,19951.369740579135
87467,19950.93107103854
97949,19975.937204173904
91680,21322.092751671127
86203,19950.8083906088
102078,19950.917557209905
94020,21321.899575294214
97807,19951.353651669197
86146,19951.810513508834
92130,19406.975710049086
108463,19951.335440357954
79600,21321.43477593023
89904,19950.60822308023
105696,19951.142236865562
105440,19951.13092670989
78666,19953.119229760952
87225,19950.385860948027
92285,19976.653329247474
85762,19950.711721129483
107249,19951.171395527148
86894,19950.76060723563
86790,19407.268479857274
98272,19951.587190889735
95514,19976.05924805344
103863,19951.16631572336
85887,19950.70374799129
92171,19406.640088216493
105828,19951.18230043291
99025,19950.791003889695
77032,19945.651199914395
96993,19951.478605076205
95599,19406.537046822003
77651,21321.021539222398
99249,19951.0860088026
82347,21321.71464207584
83547,19976.991117507616
90793,19950.86160552437
94114,19976.58888637963
98376,19951.86349759861
88356,19951.034040751078
97473,19975.932773619683
84728,19951.911864279507
99765,19951.52410530762
95147,19976.574531219198
93220,19952.126190215087
91907,21322.323986470954
100215,19406.547131955373
93841,21322.104117877043
99392,19951.107054892593
100078,19951.374053400854
98334,19951.839666428838
97491,19951.018536114934
76179,19946.8108331628
96845,19951.640230246998
99295,19951.366631070636
101419,19001.23077569922
88658,19951.50291073776
82883,19951.720945650057
76475,19942.977727855527
99742,19951.56249905446
93385,21322.110283176055
96197,19950.992884087293
103239,19951.388129213334
89746,19951.032736495243
84083,19952.63562060615
90921,21322.130750276912
81029,19408.433402642335
85735,19950.754291114245
100511,19951.076150585097
86938,19950.748750670326
106540,20776.96442934252
95088,19951.208128296057
106791,21322.171359300068
101353,19950.949868037893
90012,19951.72928248497
87810,19950.81587843214
78427,19951.22901152228
105147,19951.234716111194
99572,19951.263368699558
95461,19951.661135900784
91238,19952.225519291667
89040,19952.402482206864
106508,19976.18347841432
84365,19951.992456510543
98635,19951.57755542753
95456,21322.261652675632
82157,19951.750098314853
107710,19976.427333097505
102827,19975.98165573714
79534,19953.157903684543
81865,19953.218096061035
88639,19950.846891803856
106981,21321.83362920441
105063,19951.083347571916
89959,19950.93416226946
76364,19991.161589769647
82709,19950.359408035496
97975,19951.071938000925
81231,21322.387629055615
91395,19951.71168470877
102044,19951.1542536181
78668,19948.437604612205
78000,19948.030839956893
105797,20776.95712751746
97820,19951.097165561394
78541,19949.856874660356
83979,21322.67770459209
92189,19952.00572444207
92421,19952.183763112935
104433,19951.32787430034
94419,19951.65228078798
81249,21323.042904321195
83181,19950.755361226322
101041,19951.076114280222
84544,19949.89980838626
82304,19977.271268908633
97216,19951.62325496369
106909,19951.819529782377
88158,19950.743997430578
97244,21321.87117283718
85241,19950.987305082228
93235,19952.148938261304
84502,19950.99952151494
100273,20776.984612489312
99220,19951.097222394787
100249,19951.11226093615
98796,19976.319725393478
100226,19951.111108773428
76989,19983.85768235943
101824,19951.577812209525
104347,19951.448928255308
83602,19950.79020286709
105100,21322.14107988871
87507,19950.23152678278
105460,19951.365929201078
106962,19951.179307218674
76968,20779.949397054956
102530,19951.152104892688
80270,19954.40797013864
76134,19918.665173992908
81648,19976.428223498056
82846,19950.367140194634
107094,19951.831936525417
88963,19951.400169553413
85665,19951.27319581019
83962,19976.509107852955
96200,19976.50242686423
89390,19950.960057699376
86778,19950.743084686757
87626,19950.82292790603
76994,19982.646389065754
95430,19951.04334159657
99912,19951.10832878612
79916,19408.84929926211
77558,21323.354154044668
102504,19951.137588175898
79125,19976.497673777067
90514,19951.17806269301
84199,19950.708843375858
88179,19951.288645425215
93132,21322.087304635166
103105,19951.1602170428
91760,19952.05366074578
102027,19951.455668825423
99456,19951.10870466931
97843,19951.070341639424
98592,19951.25446753744
101912,19951.539611485816
99398,19951.099275851004
78585,19977.41925407539
99870,19951.36644173678
86989,19950.866826599256
86206,19950.69529435505
84406,19950.540199809122
86226,19950.739339679465
86528,19950.897792733336
84765,19950.784379935343
86600,19950.63235741784
97750,19952.026511801116
90475,19975.801382331505
103437,19951.166607082298
106713,19951.184603050988
84811,19951.287738471136
79863,19954.835739778446
79529,19978.01033382708
87367,19951.43765314941
93885,19952.135256878737
107524,19951.088209133562
77240,19951.484890970947
100091,19951.12141478962
77872,19979.806278321885
97015,19951.645805278116
78978,19949.146952027117
95091,21322.07397675423
107650,19976.118137474
76162,21348.30927512267
102355,19951.376194673187
101524,19951.156974497895
78720,21322.698276655137
108192,21322.11862545414
94404,19976.0383678809
100206,19951.137461326387
94915,19976.571545294704
101631,19951.096425939326
84639,19950.588953202143
108277,19976.367561136707
103453,19951.172399232677
105392,19951.214784543834
82369,19949.64310814314
104666,19951.087531315643
95742,21322.27623254343
96912,19951.352779222387
93541,19951.03304970481
82393,19950.495741180737
81024,19408.250127773623
81284,21321.58109629916
78406,19950.972539472496
99306,19951.11726320452
108130,19951.18118876622
106160,19951.136632043224
102940,19951.364554261087
76742,20777.268201448303
108025,19951.074471981203
77658,19980.298574379292
84295,19950.826289270713
91996,20777.17446562834
103468,19951.153433035473
87336,19975.7742564279
103993,19951.423972598877
90396,19950.918213784265
97935,19951.354252691504
80399,19953.77681990648
105883,19951.12821366128
92823,21322.069440579704
82238,19256.838893139866
98091,20056.79861976397
87257,19976.443991147127
87937,19950.83768914069
97548,21322.051279109317
105775,19951.120364484603
81363,19952.461960535784
76833,21328.332693240085
91768,19951.360825152296
99627,19951.541735382973
