carID,price
89856,13332.43158967993
106581,23312.88710851118
80886,12164.163837121177
100174,18407.26656013609
81376,22468.218737106432
85391,9081.335534682887
82175,12602.575262297047
95250,12967.013907365867
85071,6118.777405632436
96210,20053.29095836688
80317,26156.95491204311
92731,22121.84382016695
107704,9370.140398648744
98302,5957.388019656333
107055,18812.434909614327
94621,35947.85066299692
91709,9235.967587028752
98193,42392.1296575915
76189,17810.46662993707
86871,11898.230247096024
102917,4409.805417176722
90923,26168.84253988619
101603,11793.692096130639
94196,25972.370195090185
85174,15838.607631641615
103370,12594.39157930381
107877,15198.23641628722
79567,15525.568922974837
90091,8687.978771078415
76169,14796.206879571057
98708,10700.282167455152
107347,25415.50882217012
89583,11903.173430579907
101591,11561.135657044764
92160,16997.336636715376
99676,12319.194541313424
85354,16098.354836323095
81900,10545.166265644735
80345,22637.83992085943
78509,28211.04501531719
100872,4125.360108320097
95087,23316.06454620412
86027,16208.518213612882
89135,13990.612485912347
80557,25548.68095649639
108092,12836.728674317223
102672,17698.80957536913
83022,5796.733396324993
78398,18583.39164534452
95889,28473.771150640743
81117,44803.06227731487
93730,20992.91443712557
101380,13647.375856893721
81772,26880.048381526794
85304,10646.840479522154
86107,6199.051900527718
88696,14914.670311187438
104350,19252.50160621533
87331,12164.898600940156
85206,15498.586996814603
107445,27111.12454862301
106539,27618.578708533074
98712,26311.916779656305
96875,12913.626194029508
108464,24395.235741806908
99890,7867.848478733036
87771,17600.349309388585
79442,19513.01096272101
84170,10212.597858200039
103045,15178.020091546068
101544,1886.297766118043
77350,8696.987411229784
89225,14162.397483175446
79565,47193.11466002363
82849,10255.754689979543
94360,22894.56166683919
103040,6489.065540647274
105101,43270.39367632754
97077,11495.992297545186
98674,13078.20482243389
93447,29635.73950191693
84951,19649.612405663676
91953,10686.520828295299
102101,5471.940103518391
92604,27509.45627525953
89010,8919.773787850183
102729,8573.074138853804
88024,6109.127355506791
104367,12130.873817176027
101230,9647.46131062986
82524,19806.386530435706
95279,34545.83172285706
106098,11292.423784952489
89749,9187.372618294008
101277,3851.864862735003
108016,25990.836108057185
81259,20495.83041118106
97434,22032.448272451024
105289,26835.073744720532
103379,8649.533214052075
78317,31639.820741061536
104166,19203.429813424955
106660,25828.64509713266
107490,13413.985076125611
90684,11741.785080727268
90032,6026.721285850737
79481,19416.853058383203
102524,8698.665987171837
100778,17894.019564039943
77810,13332.715268068188
98979,13447.787357621111
76558,21413.46504915516
94550,25880.727588285947
107246,2702.9502015758662
77429,21970.837944247258
106105,14663.86722508655
105213,12342.277275156515
102747,14249.319164780012
104958,16296.955226015843
96036,17860.184575317126
92310,23977.88114120627
100837,5989.487540463195
82858,10635.11903449729
90119,7406.13450776634
77304,23565.769901716914
89011,9257.979637225017
84623,17269.597426431214
99665,23540.433841058584
100592,9372.29947369095
82623,9771.52841053763
92035,21056.914995349896
84305,9098.24603264566
92903,9833.722880195764
93398,21803.111729974335
108067,20908.432828817706
85062,5850.500146990165
81727,37544.49629521761
95637,9806.224718948626
89690,7370.754493501164
83240,20410.473454193176
89711,6991.46077551151
96945,9269.142919813583
104924,20801.91777825502
79633,19241.463620445207
89582,3137.57494978276
98080,6990.860653313843
85992,4540.0237644594345
86712,15740.06448570576
105767,11621.582601975257
100590,9779.606808091086
104574,14783.827746194063
97246,9444.72555959762
78141,16004.504692234874
91590,28032.040598938438
80767,15744.72545112362
100344,15090.257311041958
88987,22140.118457349505
96479,21544.70307592648
90598,11407.495482016911
83880,8263.141865243098
86802,13283.097434281242
103078,16544.632482896715
84736,8520.053376680673
84196,3615.147673734775
102062,8009.319436665238
90110,5340.745006984895
102907,11258.100938196545
81776,23486.491159117162
102431,3692.159788651463
80442,13171.125518676377
78656,27677.79073302592
78537,33074.026536679376
102511,8816.870676060227
93612,20851.651611897323
99284,5910.327106436802
96315,12112.323379613534
94305,38366.33896798388
100636,10134.251293744013
81816,14907.820138511794
100352,18726.1692444061
101476,10398.105361686932
93392,30744.058292066467
93995,22184.57552852796
94261,26781.8769502378
89117,15114.922851850166
86506,1420.7042881844773
88456,7113.651486005686
84134,9980.026119115904
81088,11176.279853556152
103960,11253.943533120942
84925,12338.893333712233
97306,8973.875154024105
83752,4995.921649372762
100696,6206.38776588148
76472,12028.183123523988
101128,14238.22852709363
105932,15502.696607492344
86416,1870.4532769342059
79616,28642.822287872106
83395,13989.40080178669
88734,10440.62292834105
106676,19004.437368514133
102442,14138.429235428644
88761,16419.248353941002
79708,26126.697964158193
96808,18712.77074037129
103755,7928.524378303673
86273,15226.334150542736
97635,29051.798599354344
80797,24716.485494750417
108000,16832.279349923578
95126,37037.31564668157
105187,25509.46486926867
81613,18540.271426920077
103906,5376.039704719618
105729,5412.766178235592
100637,18740.163321043423
82861,6055.64810228263
107823,17419.007891201283
85274,14278.862497908032
88926,14864.434475889793
87871,10112.131030664124
97970,5512.602316137312
98044,8382.355639964568
90277,17687.144019579733
85647,11927.99211397905
107447,20510.344321386092
79418,7389.325168817013
80383,27982.28284070787
79894,15427.711448185162
105875,5088.349185733088
86032,4688.80367843667
104423,15685.486324965888
78437,13053.258655939115
79480,19667.353595536035
89973,5279.844365080893
94007,20935.32206504734
93952,14106.793354063284
84548,3472.764520316314
97885,9906.91869883175
86571,8554.135991314353
77839,36866.8593295839
102201,3133.6174112794633
98731,7908.572252489517
82395,20154.504129156805
76816,32068.131766729974
97956,6441.46717170022
86012,10868.304949867184
106393,22141.449408592645
81832,35861.19726704115
82787,19851.496136534774
103974,7591.864559065703
100725,9847.917470947534
86552,4754.200392480703
80174,16036.835023153519
99189,14044.551980553173
102543,12848.173863453918
98518,15103.599400434201
100334,9374.840274473845
92673,20645.65733703621
88008,10740.678607981063
105207,23640.217742894092
106462,28834.342497327925
106106,15212.078772045828
79705,20137.11426915255
108193,17729.96939342306
89668,7002.7949420089335
86435,10766.436651500444
101281,9794.549419449846
104753,28307.717862667487
79004,18089.033853567522
89732,2456.5236958628957
89201,13933.044982723064
87282,11620.07901516327
101589,5629.459067895219
87352,12842.961662534173
103388,6975.446983047363
93619,19862.016157199134
101941,6396.421529705922
106533,14619.035552691505
90018,22394.696574647667
101265,16929.75553893731
104255,24025.260091768716
80093,26884.84790974721
82433,5885.5033883051
77254,20730.474257045746
106400,26146.04743977883
79847,11752.368874719725
95735,26080.341038212136
106733,18178.42584637432
76318,20324.493750383146
95966,38366.418158735156
101690,11654.062231354874
82845,15910.297043300478
96266,23045.950909960156
104175,27581.81962545023
97347,11166.672248877869
92730,37541.425536036986
84738,8751.87274973616
102596,6911.182716482148
78356,28802.682554270854
94062,26804.169157042103
101662,5183.385099233919
81715,28778.591616566533
103046,9742.715804271555
108133,4954.203772359038
96302,13110.794923308187
83859,21922.957522228673
104815,17045.177744403638
95903,26920.634182018955
79683,13251.176714870318
88888,22121.31926767765
80529,25834.141430877855
81898,67349.5132828065
83435,10803.893289608644
80448,14507.363892888507
79241,33313.72938659368
76056,18287.021043339588
76342,16484.291952352458
98238,12264.313997734202
85878,5538.0903497759955
102846,11356.574585865246
90215,51.61915942082669
79635,61937.48189013914
77561,16160.479537576826
101151,15258.017170396677
93594,26285.28602612787
78703,34509.89934970202
87596,4597.129130959887
92572,20771.12743517604
90757,7331.612855213503
95881,20991.75627763865
98008,15809.383756128951
84805,7967.533786860411
100888,8461.659412230378
82504,15824.95245361399
82177,15634.134241949127
89472,29046.43260958086
82301,14611.077889461101
106483,7654.801805719558
79808,13340.486478371742
83412,16047.821209813164
89386,17050.233442405282
89889,23030.153238713894
108249,11825.116885887875
98252,8708.314743042767
83525,10000.206438706276
102595,9957.01439325641
94255,13127.71058303376
91259,29072.841494622317
99539,3361.8395735808226
97379,27287.397183836103
104452,25173.407716611415
88479,10322.232747097058
95424,28619.862297122534
94732,57169.35535611131
89025,9498.257848961828
89497,34042.49331494874
92405,20997.236218871887
95346,16526.23051184059
91337,19202.346062826327
97739,12755.038334203027
81087,24527.420668541214
80661,14150.294864202207
105537,13863.50923349135
81073,24314.26518643429
102770,9455.815008717083
99299,10130.136397195729
77528,16222.285924527492
95278,39510.90856202506
106536,15142.848071706261
79421,16136.328427229138
105026,24972.18506246883
97887,11432.882390302322
106163,12314.538928540027
103242,11902.209744136086
103098,7851.381369514
76195,14838.710965171666
103418,13375.97376586157
102091,15264.298620990518
102341,5516.133934725778
100315,20191.012976546004
100377,5835.233458441828
78857,22185.141828397926
93748,25817.26271160171
107891,6848.706178604618
77063,29299.65475695085
86916,12467.156519850523
108347,10127.331470642433
94475,20939.195356459713
100383,10944.91163032207
80618,28690.692277711234
98926,10155.420301356698
77228,14740.918744583687
106915,15403.328944122679
92594,14469.764503000728
80745,31288.173351241458
78361,8126.162926405088
95725,27089.567720900064
105171,6945.562027671171
87007,11394.709018661328
104121,18870.976100734682
92877,16791.281841872296
108335,37467.8878183578
101357,15608.575595503913
89325,8030.783478468089
103144,6120.101561405556
101413,5649.8818669661705
85182,9604.536589932075
84097,17667.16932696836
101970,2074.6424890944036
98315,311.4079944036148
89048,8464.121848589566
106141,8146.554998872749
87105,17413.19501971297
88472,15122.833602016819
93361,13421.150440558835
87040,7646.674819786449
99831,12520.916236999585
95677,15994.335459512773
89770,5704.603695680162
77371,24639.944445192414
107143,20593.57286742728
100271,13152.711581588559
83905,10155.309844594722
101531,17918.429446134684
90617,8000.451917656885
83895,17805.86845678469
89453,15672.220484586926
106012,21260.75494163294
76381,21129.788928608083
106986,16629.0154747379
84143,11881.131410574984
91665,36719.63429126427
81350,12578.292470615335
80422,16347.338252574906
84794,5894.700237138135
81156,26853.751724836642
77082,33661.09299126289
97356,7130.48154331649
82730,17000.459466614997
99244,12573.428293638779
85538,16117.468403032935
101585,11419.354320874889
90288,9265.747310457753
98799,-2532.849009852509
93547,20135.3302746737
85142,8515.541406875771
82012,32967.28517860088
89654,16000.072840319506
102304,15434.808753321937
79288,41181.1700642389
77400,11651.446453993283
98597,2111.38105143794
103156,7388.530117410922
95446,29167.628064820565
97036,12385.631735059593
101401,10018.161470740253
80817,9950.193172328727
84078,5609.76720684176
95390,27097.07030214127
79883,21154.166174819504
104059,14916.124972016634
103041,11256.731143441524
81651,14000.820442304796
100432,10393.520910079238
84933,10019.45460414771
81600,20659.28039930041
78379,5773.3396227972735
90816,7588.946397063079
107414,7738.521456069484
105633,18836.096777510815
99508,6079.509409551369
100874,8424.207899190174
104208,14891.902779954136
84774,11061.545169218958
96518,11606.354283639559
91543,31343.38436504593
107146,18403.742874414205
94426,13905.596301932783
99059,6761.170742425236
96640,7998.31945079409
81277,9997.588201654122
102409,16524.722271063263
104800,12151.177875230858
107498,19266.899455101193
90942,34274.62577683039
80202,23761.6964817153
76794,14604.124030758288
88973,13204.47820100193
91958,41448.398116344244
80562,22560.11543056771
103486,11096.086272481565
95237,15956.733313879684
105569,16372.448530493697
106560,26017.247593524313
107977,12466.296267036669
90076,17760.630868695214
93050,17992.88234791892
80609,26884.26622513685
88557,16103.73518768536
90894,19771.84890102993
83669,5275.010189694787
78849,18416.697877384246
101275,6645.511857570034
91858,8341.804630427983
96243,17005.3218483421
106227,25059.5960803598
105300,16503.74479095099
93065,34529.23899464244
78002,12467.436489343912
82500,14148.940417063126
78204,10545.17746986882
107851,7454.486141832666
86217,6808.146943916054
82662,5315.187670689998
93324,28427.92028748127
79680,12947.547413870225
104920,22637.850002691604
96735,13404.409945152303
89992,6683.745902310446
106961,27414.817684094975
80078,16399.862071344294
101429,9151.820944419931
95551,22943.381846092627
79937,40230.38066742062
80680,21877.771127596254
99448,11505.478492676346
93909,30030.85906082632
96888,8513.479104702523
104584,12414.749857360575
107289,20107.30114909066
84126,13712.007349655618
101282,17161.39120693782
92474,23263.85806741851
88871,14860.911416894382
107177,18972.307194954905
106026,15642.626004482932
96937,9823.56269802618
83543,6074.7785234517905
81094,17492.885600764468
77503,22386.891152639022
85351,2880.426408924577
96000,15117.732588016004
87374,15199.782204708528
86394,18613.747525740087
108364,11973.152022664277
91441,33955.57833590684
97039,20453.322599954598
106685,9221.064012478599
95631,18211.398479662286
101883,5627.826782260332
78238,9508.713884933575
97508,7531.491567767174
98441,12739.239194636728
80066,15896.341377896271
79095,22348.029801585253
80007,22696.5129964971
100219,8016.150450019774
82511,8779.357094361072
89270,14434.508132551742
88713,7958.8890289345545
100353,16308.920372939603
102841,-511.2140203130275
90117,10933.760400358005
81549,44483.40234431902
82350,31335.578786250197
76546,32809.84658768804
81013,20299.742593600677
91240,19062.469285441795
91542,21931.418006219174
104518,12723.93365674506
93537,43995.40432713742
94372,22955.580531722273
104419,15747.504422064296
97636,14909.40662387976
96288,26182.7023331525
78717,8648.712605279648
105610,21960.455330988916
97754,17612.1464860161
81458,10979.064127510677
86931,16485.909306415957
90713,23127.638101746612
90909,31030.283951750847
77251,35466.69497245729
95081,9449.83294359377
95560,16182.867846387724
93288,21831.617024133357
105036,14995.506914448952
108490,7828.683744883334
96935,21334.57111967432
89373,12987.928056087909
98010,3869.879052654316
104699,25503.876674256982
86692,7552.3322670297875
85024,7032.340960305748
79086,32766.12853556354
89939,13689.28107916859
79098,17595.070430616892
86141,16231.166599854829
105462,25800.610949047827
92870,31397.191155655317
92163,22948.587355190968
87481,15543.9354623466
83276,9944.593402725592
79356,27817.4116975171
103602,9750.501585711263
88460,9730.841940082346
100934,8886.251223892712
96659,5607.30519054704
83204,8309.13239278627
104621,20980.040210650768
84110,12834.73263599347
99265,15488.890934158067
79574,12379.576119706984
78186,13545.912368692261
87005,13127.478980726177
104043,13897.944740893414
81574,28577.890996387236
104091,11623.212799842033
77759,26662.02257936977
78181,11464.15294591229
96169,8499.329958217708
98267,16554.8584917192
97837,15143.364643116187
80133,28669.12646764033
98571,8997.51000675596
88628,21394.079282157698
78622,15428.84251796635
88678,10861.733481953626
87278,16734.403984909353
86963,7901.742489304226
100350,10913.375196383346
78771,14036.126519392152
95935,22045.64906527374
107590,13464.107223046822
84458,11472.976608002355
85656,8817.668754685705
81611,975.5248805927895
92638,19576.27992206482
87478,6781.938653814172
98407,3847.3012428510992
95581,12595.72281211738
100645,11538.659143584973
97184,5149.45952904554
84473,14487.122742617998
88951,6539.307042907469
100836,14009.2531376153
91338,43062.73478125624
94112,18121.67986387344
89882,15549.72357214327
97097,7922.12683031107
99151,10454.977698768604
99607,8590.601336976077
78931,19248.709087465464
97805,5642.713675474059
97477,13498.952037262448
87819,18664.813873981904
76361,23261.29761427726
99201,29397.898368818554
103410,11067.89933381586
108436,16685.651337835072
105558,17378.65204319922
88025,6014.624887390468
101944,8354.190403943401
80786,21357.972933617617
84001,15022.240376103176
78304,20989.6485618737
100501,15189.068635730255
99693,5637.98411270549
94557,19594.456446904827
82152,24948.980639022317
92039,31915.413249029116
83177,15804.70036763373
90726,5283.701609867099
82879,15417.906500440133
87378,16944.122080315923
91699,18352.10089640039
85500,18631.916788761875
97050,12842.605248710934
88754,9499.37753776498
79069,32846.42410456308
89329,17931.030048159668
102605,10462.490397894584
93090,20150.674357726642
108403,17700.155329664653
91391,19256.72841908035
80964,24173.541118122106
89444,26436.930681982078
84092,10189.287481690746
100617,8348.383249199262
107962,19686.82957675179
106640,4903.964395030975
95123,12548.64399468871
99114,3931.6079901981448
94461,22191.261025835232
88654,15980.635268477625
80421,14301.807365430861
78113,18822.942759543508
100558,6428.729928447316
78873,29193.902602286165
85480,10545.06611298657
103902,11775.48948393542
104816,21240.43225896955
89039,12163.563004046286
95169,18157.849435888776
93971,20417.512175291016
84450,21018.741388255057
80824,31232.144294935024
92545,14492.826267482056
89226,4246.235261236567
93873,22308.44202627564
85871,16528.683321204906
86343,10322.487781956437
93634,36256.145322055265
106942,7930.68882332952
82535,10168.918063882604
92259,18618.84141274747
88794,12395.944097292282
77385,33327.40531178562
76996,12957.606426075909
102708,7445.871254918009
81359,15499.410102086247
90486,2642.435465298522
100200,7251.557086774279
87970,10058.133689044902
107512,13279.862704424788
79078,25255.59203915167
108477,14913.942471132577
80312,27156.050344890646
82208,8036.919927504974
100695,10981.087000169638
99506,7908.324358142152
85773,13322.446225789405
101887,12994.099674188084
90129,10467.432969595606
84730,8950.901125231543
107601,23500.70309572739
89592,3174.6075603861045
84844,12599.615438827095
96938,14321.58480001444
84981,16096.564568993756
100698,12845.574396737411
103306,18747.969512180964
107175,25904.4309305484
95411,30003.570654875075
101169,15806.006886992593
99407,21264.635837989714
78248,14329.286558157906
79031,15208.044379862647
91040,18516.464122762627
76464,12837.612604869784
102813,6267.339726665412
86811,23696.625161202992
81191,27714.964703931775
78202,30395.051645266365
82471,14534.237726271298
103920,10065.342144047368
79904,24022.852971994762
95670,26160.7495232675
89931,11382.433647321097
92605,32451.415448182866
85695,21700.539201505533
98750,11123.58212199374
101284,11820.969149112474
91932,20330.22236676099
98623,13289.34431052321
82499,11454.106511750586
93193,26329.5812650907
106110,14455.195228502898
78500,25840.160117071395
89447,14028.087211490321
103373,15567.730171550049
87872,6591.974547343996
99425,14594.725864475653
96552,5512.207657011466
105787,14253.100704577824
82567,12144.015914493011
102894,7007.177141839062
77641,13746.171134574612
100827,13337.541302145793
97712,12884.177363006795
95197,30278.40492308243
102993,12952.667906309947
94855,29700.211398728126
81534,16945.25163765971
95133,16504.94012555199
107468,2991.713497701623
86402,11290.20433665358
102666,11283.741992794286
92984,25394.901833161595
93891,16591.53927947872
94312,17941.018737394334
91959,35011.050111468314
91802,29200.167655314963
108175,15909.00353451529
78293,28550.907393707887
104991,10824.49940018388
104302,9521.305721312538
79807,19418.883283233234
87167,12094.928061490726
78620,21291.614078922586
81174,24570.622718100618
83125,5064.169577315914
103123,6593.494298977057
94065,21240.930472782216
78480,16052.022778325843
98280,8091.972930163292
83415,5466.318642461665
92297,101280.98114222547
100221,10635.231244733586
78829,18403.386187425265
93418,22934.459767033146
83424,9953.215161075073
101749,5183.0569359216315
103456,10320.367925900204
88503,9352.353814661055
84931,14682.500484280084
107552,17249.053158992552
108037,12704.286257144544
94539,25886.43847600965
83697,5651.297026630644
87455,17714.553239019948
103044,9148.099838556078
104852,28058.0852750887
93437,38120.46324285825
92885,14537.868191770507
80922,19697.25472409113
102886,6074.242573991609
104586,18897.384227116003
81164,14114.433379717715
106074,18743.455484072685
87617,17484.156052159997
84513,13856.18368063013
96743,12536.393780336814
81209,24445.581276755875
95463,12093.347266835375
95457,20790.787350798124
101606,11719.12447080795
97485,28275.12424605606
91916,26633.05059869772
91629,36478.64137806969
84215,13692.820592964184
108190,9516.203369230876
88314,21973.641802737002
104526,17068.97249504593
82467,8745.72905270294
91827,26620.006636474063
77885,51191.68314170435
83459,7448.291646801997
98375,16876.390145486017
101233,10404.208319503472
97186,10281.757776054557
95520,23975.95015857267
95216,40199.434692635776
100878,913.1942361595629
80031,27175.54296271305
106134,25342.769398396988
103526,6796.535259557248
104018,37568.44537780412
83920,8724.445656205951
88245,10182.799811859546
86248,8180.344457692932
86315,13997.40720873604
108157,28876.04110393906
102814,10363.48923952244
84371,14274.473796144528
95270,13323.281134869892
107670,20721.685076457004
78745,15065.841202546218
88772,11063.444774758475
82335,14414.390582023309
100049,8342.29198226349
84953,9023.066577695754
98948,15810.059523936852
95952,32333.427670967256
93638,25289.62579399799
91164,31393.544795894428
87627,20202.345508855513
89209,14177.37626125268
94140,21842.299800320314
86567,7577.973317030968
81451,30317.759940383115
94658,28778.31884095985
103969,5972.4909383214
90158,15459.077583658713
107712,13774.098981010507
102518,9674.266680436333
91367,26583.682524890603
78764,15884.679178669985
87411,11784.262090456812
80790,52378.02017401872
97848,16103.426541762681
97985,3255.372122777342
99323,3404.5767322501397
96854,10656.694370735275
103917,5285.90474692558
86223,5300.14309652908
101812,8420.208395761932
102098,13877.263789047945
93414,10944.177489973134
86794,8966.724466854961
81508,27103.133999887737
105781,19829.082157199744
103758,6805.621561924378
100877,15590.981474666984
83075,15661.46507416351
100303,12014.705257887075
85269,16538.803131872664
95693,18453.26156684674
85891,14281.709121829901
85991,10078.206767309799
89378,9555.840891375334
79718,9545.781100839486
96415,11164.770312414988
87510,9620.679030816145
95579,14245.870136229414
96453,15229.68508670487
80182,32679.837146626538
103363,10368.472720300202
76430,17078.94377122917
86302,6385.81193211221
78876,15786.12714045001
106740,10822.860615391739
101855,10600.373290392901
78987,26873.039014895377
100155,18596.933821528044
76069,29119.115052960165
79889,20939.57590142553
104035,12189.59773082177
102533,7647.604813908318
85374,11952.433701431251
82210,22746.535218193247
81145,13550.549493011424
99738,15744.999940334088
98201,33683.68255075324
88630,9940.30576046578
94084,17252.972843885025
79771,23804.577953777647
91057,27966.123657510318
92492,19411.666688152756
103600,15353.491307895227
105315,28990.507162156973
106151,19328.045065235532
87426,6462.422481621961
85249,9179.006857916884
77379,5395.548271367041
76190,12055.211518009402
89820,22297.59068724539
92650,25027.395098817826
82906,17574.950161394583
104766,18689.297758144603
104673,17865.024396896275
103734,3758.891115732953
87652,11016.080738552764
107399,14417.625301244005
97222,18303.367863824154
100614,7475.217417831143
95807,26588.12494893092
88084,13032.863141982525
97997,13798.349440351582
83321,14471.366956291113
83002,12659.494361656147
103995,9213.277756836906
102305,5415.081115116365
97774,24786.37742616868
87737,11898.952225766485
102191,18596.324663594558
78470,24107.54288261415
81787,24805.095191061864
90975,34787.62884146936
76598,18720.69246421065
88308,9391.742207653886
105997,7317.061314916924
97095,20507.01876393737
100555,10259.319657175982
106628,24357.947337835445
84638,6385.384946959872
106752,22432.174912355178
88072,15765.09287736189
86734,11211.689174123816
105842,22634.81762792422
102037,17225.768759267376
96623,8760.58905814774
80943,14457.985422300673
107882,9084.692072800011
96069,6429.772214251809
86796,19858.80539569418
83234,14497.970593392973
85044,10823.922627832053
76183,27494.922663711284
102124,13096.866161889335
105963,11543.736379424516
108127,14427.011399628693
76435,50747.40708865658
89809,24222.76753531382
98129,15017.600573174757
95632,26626.384273019044
77264,26817.162572574005
102849,1942.6601287725553
106860,15346.930165267422
90177,8256.822348948923
104336,6380.1904388343355
91068,24695.990319701166
85416,9642.501528951343
92720,21108.081246704533
105257,11231.491623881395
94524,16453.542181670808
87069,15872.466441027631
79026,14784.573965455522
100533,10263.329499750944
107396,6748.4151111607225
77220,10987.906822171135
76863,13762.494909798392
89441,6813.988841569828
86301,16811.694111187306
82808,16376.114978203459
106681,14736.930692958915
100673,9578.17554976511
87115,10014.929909266531
84819,10379.87374540728
99889,15575.569393566315
100435,7653.742659913188
91329,18301.953750536315
105897,11402.975803068712
94788,20494.05425952551
96403,17730.6567786144
105780,25898.11571887473
81290,22184.020958695895
91689,18948.758115662728
93660,39329.80042730405
84018,16825.127673464034
79166,21747.34677123659
99850,12577.976464761921
89900,13469.806280324732
76628,26527.857625265548
99136,14245.157867138598
89388,12314.261411094449
86441,15474.305369284186
100362,6258.915264993708
99493,10452.382789927628
108082,13905.240136338263
94759,22073.48350429823
91954,26370.807267743465
90378,16191.228446517112
86126,20483.062987148678
92990,19590.829033050108
80507,19585.620994380137
105394,18998.0391178686
80679,9352.195000723814
94014,27519.233513327898
78092,25077.23731050818
92725,8766.63696651203
104609,4991.529581318555
89940,20010.006392596377
84337,16073.374506218395
80392,16332.045823792765
90992,34750.25059718139
88342,11717.345508974951
83193,6804.30747125772
83080,25266.35230556208
87197,15787.243870172879
106043,8212.678692770267
81316,11051.575215202363
105197,42297.610609770505
86103,10332.258525048746
107819,34966.647585891405
94911,18201.041749013966
76597,30730.225083886697
96614,8347.94862223692
102197,2470.9990389939903
104617,5025.093313559104
101445,10356.105967530217
94521,41493.41537976269
107290,14110.984607150978
93099,28341.48479266299
82179,38126.85848331406
96268,24972.596112207408
83202,15659.247176657056
101568,11314.607865712689
89145,4761.920842634874
82718,4839.449464044488
84595,17252.327592707294
86633,12398.800057991866
91925,38314.13291731158
100357,6450.162203821441
93684,20853.067736478213
106465,37516.68731260945
84631,14556.713800958827
97796,9112.695149529081
82836,11512.804919305338
81314,44841.83285224362
96868,17925.443041436083
94329,20308.7756994296
85728,1944.9004287233802
78259,16029.328365235991
107084,21560.424585189397
96134,5936.289174362613
81583,26044.69566646013
104264,17522.911556840216
86202,13355.928843324496
102867,7134.68715581552
83461,11234.519814128053
77589,19568.17974168483
94394,16743.155988939943
87588,10069.13147007328
98769,15625.213032330132
76735,22394.342212909694
105592,14121.623727810127
95260,19638.082738651163
82699,6500.00221490181
95827,26462.73700700804
89294,8541.160586728878
90853,12556.26084093935
86522,9384.972754209113
80958,33771.53026847148
94038,27289.560707772467
88512,6785.736939247163
80219,13522.187910628729
86063,1370.4247320628456
87724,6081.0930722966805
88835,11117.528278733556
105687,16688.40487644734
83567,12613.914151029974
106584,23766.729804792936
98492,7034.01128593632
94494,19809.60322671473
89061,5887.310334945983
103125,11758.345349432926
103883,11640.112482476437
80430,11192.69908345762
95544,29139.25752586899
105136,55196.21231298078
105560,6138.196666728309
108397,27296.277502429308
82236,40131.78546987514
89477,14678.948982349999
98106,5227.299253452778
85996,6549.20206980287
103439,16017.029999552613
90831,7509.874810784873
100746,15419.67542533953
81518,11171.459825061067
98610,11997.76613157604
100644,11793.85452384681
105486,14847.513194349413
79765,15589.040296343786
107609,8782.214902120657
85407,12661.852856388366
81527,26928.271008310243
80955,33672.485638513004
79400,25193.308883174766
101238,7748.623327476193
87024,16882.629620037915
88662,8425.470530626626
107983,23227.820419494186
93662,25794.34846688436
81557,23001.96071196958
94520,16253.985614259596
97010,15120.617934569298
77628,29156.14801365936
89561,13280.205330304094
104218,15431.374214338712
99839,8302.340683434602
87279,8251.32207887795
93760,24022.693488418154
89551,7604.518702989264
82714,16545.264100537664
98166,18614.254576329284
83812,9158.370601442948
102617,4779.288458988396
76869,18248.11652387446
103735,17893.090405575706
94201,20461.939780506727
107893,20366.42596522195
78651,11639.14914467826
85246,12542.829545412362
81194,26423.18205063948
81133,31210.605234364295
95611,30129.271301136265
93004,18188.89211325615
81826,33151.058760434535
100157,12067.294981648356
103768,7577.873108333651
93350,18155.041199861742
76901,22868.44427441372
88742,10275.98411794482
102866,14341.041045721679
76438,29974.036960453166
86105,9747.747108849435
107506,23838.38108024701
108520,7098.043769678265
106613,9831.078608870834
94164,35540.837110244014
100964,10267.825830432947
92769,14741.368152458124
82221,9229.076900065005
98686,25703.196555899456
79762,18710.610042553246
84645,18615.31927400234
107656,23453.67070866822
97538,17515.84943290019
99552,25521.784291821183
102157,6816.038948603315
80935,8438.460655244266
100578,8955.667837437346
94686,26019.27434726553
93268,37936.86894451279
91842,23191.932534921856
95609,27064.701129307403
91576,22286.33802900013
93139,48411.519593794874
101030,5564.558180752641
80172,46943.7895159002
106262,16612.596952603915
101562,12888.673413911445
102273,-4147.464305295389
87102,2512.2403187178643
78491,18086.499625485358
90631,7592.342335993273
94672,22282.488106176883
77261,49349.58470913483
80434,16117.056223708672
86840,7868.545291040694
95011,27450.998195803855
90870,8093.338762663442
97999,9515.503198514856
77016,35958.30023426215
96931,15761.931390465399
85215,8671.458039701816
105268,14784.324876479404
99519,4562.0496842645625
104056,17539.5708633353
91117,45323.58684984569
107099,21176.418482379588
80475,12473.076487578055
76216,32535.400039300446
93207,27989.800832901456
105166,9211.712724481427
107209,15912.08324199557
100109,8182.328196411225
87232,13025.623234629908
102624,11686.752385755883
81948,8826.161794785236
93625,33477.98566074287
90334,11908.085072740922
79878,9637.345145278134
105653,16460.205576827022
108014,13601.224554049732
105491,21573.496586928155
87064,11792.626287184748
106773,15332.161780699184
93489,18023.819373359085
89490,21795.033499294233
100771,15634.542534628554
100803,10552.959037993933
92144,18039.416725787865
88632,9664.865279215104
78778,18730.143302378856
99308,8830.144828459172
77161,15109.908925038
97501,6468.0360674231015
100933,10129.67288224968
77489,29771.626296344097
84309,11933.88859765854
108040,8001.378187763685
97159,17163.199168837407
95779,15206.079502929088
89650,16299.351929373775
80999,3284.4389865693247
91887,21963.679280538287
79753,50130.274992750135
84669,13314.48071427115
76401,17599.53683868366
90299,21766.256096092686
80820,10913.440068879328
80744,35133.19185658757
96151,13734.044656129026
101368,9824.545626958876
106886,20201.760010395294
90590,12202.339860917762
102988,14309.718233953674
96155,13807.226376441306
98069,22203.863184450627
99349,22718.583120757252
105341,6441.663889506139
97054,10334.600054162986
80210,22956.183633336892
105334,16208.834823550093
88495,19131.38275997
101578,18087.549498426764
103240,8418.241786700823
84979,10089.339029213806
88799,9586.828974634813
83073,7696.292379482942
107288,12406.637388277888
102097,14308.870897540844
99042,12435.770605178906
87242,10976.646874824582
77310,24140.40995178878
87982,17032.799485073112
95506,14608.55092110618
106574,19172.22548265692
80962,44860.770146835486
102168,4934.33279983532
102528,4775.269853643475
99307,15777.55111431774
89354,10806.971670843935
96717,8076.313699480139
99267,21519.35539093369
84588,7817.035107498183
88920,5855.94613212878
101122,15215.785885573692
100916,8918.850790824266
90206,12315.55303236784
100314,10112.409756173958
91528,35774.510201693236
82508,7069.123629321453
77095,33168.60306236248
105943,8989.770066611025
92610,26062.609177402504
76706,18200.493437638568
101753,8624.10153008257
97020,13470.309347462382
103582,13533.743312453522
89559,14837.275250501816
91293,13576.096611937664
76698,27734.151166297648
105365,26451.28718563124
102755,15717.61019553123
82363,14230.657411851145
94314,25781.89821004898
92463,21585.43358577109
107566,9966.355573355722
99251,13517.234341553076
108140,27655.296026044532
99394,12307.400788305944
107849,21032.750737737126
85021,10171.830501113483
98878,11276.502351924804
80258,6376.376420896651
85751,14395.750759401344
77932,16824.99894019226
92120,16881.52833864361
84462,15063.374179352064
104744,13609.448676925427
78174,11752.078459661767
76239,35767.716833742306
99098,21809.825399075464
78068,17143.053040649687
80129,17945.294618444575
92276,27496.310396499837
84297,26542.76405815677
99082,14115.78220835776
103218,12788.05010868446
100512,7044.232449844962
100481,6216.538647988826
77761,14539.342653693759
90764,5643.7405709365885
103431,9748.132982808245
96133,18806.3645969603
80377,26194.1200105881
93811,14551.784814535435
99125,12985.112667395748
92377,21409.47861829627
84221,12506.171921927544
87280,10689.654556884421
91188,22736.827825981687
83645,9311.434498091992
105967,7152.4411328608685
89389,9468.309362867618
78866,19829.64220666301
82761,16348.827700770304
95049,23048.144209688377
80729,12093.868842376725
76702,29683.64237576592
93554,14589.14975099765
98932,25417.602875734265
91264,24654.00479343206
86993,11879.291142064827
102784,13931.300269509857
79105,23561.98264354722
102943,11219.537689821576
77065,22542.282697954655
104740,18243.25086383492
95500,16922.7596402716
95345,16862.899681666622
103581,9727.788770139297
86417,16668.79374894395
87299,8763.110103566109
101375,12955.841738933439
97640,31579.804555987786
99560,3827.0604521890054
105849,21203.261415133133
95701,37550.20794544261
89124,10257.064949094402
78589,19578.821679454762
86742,8949.096673390795
84620,11100.583759220204
91165,31563.464934034128
88463,6170.6248084706185
87571,7515.342212464046
104773,27571.95678467671
83370,11961.26950667021
105599,11049.510733176472
104275,23610.883242947893
87908,17007.103707044025
92637,6509.678257600886
101747,17694.439126957055
99271,5323.360971066955
77493,29242.554967178017
100122,3087.9824977112894
96424,11335.50301428201
103113,-117.08853341421309
107985,31789.67138178213
103634,7690.256109516471
93302,23938.92897560207
93877,16347.657409774863
98121,8175.946032642256
91191,13762.00830181056
99106,20820.75412328051
83151,16544.374497969566
87913,2375.636377021363
105517,14338.41892886172
99452,22519.54139607947
95017,22802.642748035967
98803,10619.602150116854
95625,28267.519019931926
76846,18608.274125684726
101791,11909.857614055316
79911,17058.580861862058
98545,9913.795453844989
106811,8416.326063510962
78007,35739.556387588025
97259,16831.655530586882
96999,7186.030228328277
101969,4920.07485990969
107018,27705.870595743683
76246,27236.456182022717
77303,10081.307606064564
103674,5208.810967760952
100794,12606.888044476142
84367,21803.08791639293
101652,16556.471287363125
95111,18556.89958312969
96965,7243.846980704717
76396,17262.803424522892
80269,20240.044585576245
87328,6766.054826465541
85984,15512.411456816717
80193,24316.304695798717
98525,3112.6483405916097
77460,26889.22176751097
85424,21925.817684149275
77271,17114.812930945653
104786,28347.408369171124
103727,8685.47156894521
91819,26009.064894953946
107028,23755.082741119608
94966,22111.45689462981
78126,16547.95376223816
86200,16014.395936254245
100317,6810.67934011503
88403,18796.54026287441
102036,6876.32564251915
78858,25241.820551016637
85122,10622.334783965089
107516,21353.079831618874
103432,6071.958557391748
97354,7888.946566467104
100218,12626.649674870207
92759,15401.77390275143
107648,34409.06855974999
97107,21780.101108392162
90871,4662.04616959492
78611,34522.069438818624
107537,13368.692329966681
84840,10257.568962629928
79802,21507.27278940342
96763,8767.334282538872
93033,21887.91521926108
76969,29249.783416190578
106154,10240.82940415534
105965,8501.6652584493
83644,23746.28565530047
83889,14872.54550713542
88026,10221.781624854462
81652,29674.075549277593
77312,14384.601601702663
102749,13443.735850802883
84444,13416.936077267259
81496,19881.295619659548
107471,16289.58591202323
84265,5024.480628556519
92346,32560.855211284972
87248,7800.479499289297
94931,14425.133709917407
93712,23252.43920727761
80162,24243.448873028137
79351,24269.88518986987
85734,999.4195567363331
106372,11142.979239147433
96106,11885.436515904912
96702,22927.126505563567
76823,14723.75544638387
102214,4035.6856272218156
81128,17442.22822695658
88320,12667.680528699177
83531,2770.468384330379
104506,23291.166075754718
84074,4356.38510725503
104709,25219.942077056312
85626,9540.087225139825
98427,12281.58514691795
78699,29085.428472988817
94756,26518.555399290373
101283,7622.913727283714
82397,20190.006356642923
77954,24372.242805924783
81630,24748.62462633964
87025,15353.354120768867
81189,15445.914224217822
107048,28591.53903979006
99510,15234.645009839172
85462,22639.519000536122
99442,7821.707069978396
85541,1851.4586691241475
81635,32348.727877328623
83983,12955.410158546707
96161,8703.480197723247
90359,14760.213380381581
86597,11589.827117917743
77633,12984.903614264484
80552,33253.967586556224
87749,19814.909028787406
88246,10902.59038053572
100434,8770.364313243294
102049,12406.54535011974
84649,11460.540416898042
80783,18007.792208990177
102021,6420.3823682431685
107760,16630.29735190048
98095,4153.157785819598
103474,9522.202061783504
101486,17634.389697086706
78334,42878.746401276665
97026,11557.35155033528
87049,14280.312574852052
94207,23025.741529083676
90080,598.378915392208
82025,17901.515606048226
94478,23370.06164978968
90501,6945.555358488371
86699,8422.113168320704
91557,35506.33309711858
105343,9904.71977613839
80034,29662.829372445718
84220,13132.02829239143
79498,23580.10117387562
96294,26103.82001360839
107974,8891.77474028225
80316,13241.286343566748
99928,6598.691679660615
91851,8756.240445167325
87827,8430.596563698686
98130,15489.504295598663
96139,17658.607217482422
93176,27726.600478872962
90903,27045.53448389964
77200,18531.965168963397
95858,21710.25361646382
77764,14098.103311016901
93978,34378.764718087754
78852,11751.034938293807
82121,16150.658434046396
91653,29385.655374898568
88882,9624.976868097343
107327,4588.097735995254
86583,9929.791705424432
90101,12439.912380985352
90893,18994.224285056986
93813,40623.03195328435
79215,14876.444967635876
96480,9894.110203086839
78841,33424.525205706224
101519,18868.505304159396
77704,27559.192340775277
95308,24005.356315619596
106617,5896.411347894045
92279,24957.380742211957
77974,31788.978454173077
96897,7407.173386225844
84841,6982.208505354296
80966,13054.6897743784
81646,27205.13186768892
83773,10142.17025296527
80357,26352.30582454619
93576,13617.310507681614
76332,28965.952864041086
100522,10487.162842549627
95723,13381.922063039474
97599,9782.965757325741
83267,14471.32773174997
107086,13306.965606913673
80173,37861.61417171292
90902,39510.29271244963
85442,19759.013933042406
82924,3964.2191607914574
106669,22881.86050104109
77358,22755.760361314187
86661,17856.122951513484
101073,11090.26540247914
83897,10966.188151445887
92465,22399.642663319042
105110,17662.78733371112
79370,11147.306847225569
106568,12973.520067351754
106121,3376.07110449239
97194,7281.707024116133
89289,19061.483542145255
77301,23098.222269972877
89051,21031.700612614575
90207,13361.733716383704
95193,19496.424133681234
98653,5373.550665045657
98934,14518.29198590424
102897,8357.76953399268
90845,9502.924535844497
101868,11604.859975877484
95210,21632.085969900174
106341,10246.511917841177
101091,13711.904763057757
98060,10908.322362538289
90026,7369.093001736157
88157,10100.358240617741
97383,13452.80019990769
87451,10031.74922853612
103381,6424.851476064014
93512,14543.903818090157
77414,43441.433581978665
79553,15926.465280558547
96377,6535.434070360789
105001,4910.108221415987
106183,25013.832810767162
95745,25883.90890890157
107011,12035.071174997665
78953,20097.38050455085
85187,8543.950604870233
87941,10001.350546602884
77483,19110.670384560435
101372,9215.849390100528
83730,7828.121656098465
106166,20341.346748156804
83753,8600.404262177319
106514,24495.034776890923
101583,3913.9318685593207
105137,-1429.4245503601614
105295,26027.398216785412
77657,41057.5434933089
88515,5791.482235123454
93729,21390.33820282978
88280,12734.06802904794
102832,14165.228009735587
97873,11751.63286075211
101671,6694.735840319227
85210,10515.753004235325
80735,27064.26962801421
87811,16737.550763225714
97684,11174.214802425868
99915,10648.484039389154
97502,8045.3873562485805
93678,34073.94017438943
78821,15855.350333762157
93898,17515.82924298427
100832,14030.429292679317
104921,12331.614857958522
83890,19543.217316164188
85696,4388.221992731249
89485,8620.246668169948
87460,13505.181895903215
81080,45152.4811708989
87235,6441.236059147659
87587,7379.553886831331
96329,26492.680524913965
108174,9704.313996685509
106700,13387.468954439897
98539,16918.982279790285
105234,22865.797466863718
104708,12318.895215822136
79081,28326.160406683957
90270,20913.154673086545
106057,6508.718598319074
80928,33572.64502754617
94218,26606.23606696785
107429,11170.207911472658
107776,17309.107590635813
105303,7578.889813337722
107166,27443.456306891374
94379,25444.824341544816
94832,6823.361044450945
83043,13375.63868660531
84114,11406.600222111421
84283,12820.352410486386
107679,4819.441936805688
89280,8802.427354565614
89840,10198.66276355799
89927,8100.730165243498
92218,22724.16355539979
97100,2942.6870185343196
79443,10927.122247003894
96551,7752.391148869372
101305,8644.169259971597
102576,8009.1865852377705
84060,17439.336795790896
92280,25506.205171891517
105210,12678.354035968629
104496,18969.018129144242
104267,10552.933468365434
91491,27745.97169397147
78595,17115.74854892493
100913,6933.209148777267
103028,11021.424640616078
77788,20151.00301967801
89629,6134.422255444844
93781,25603.388433003864
76551,45940.847949796334
84917,12502.876358829304
106009,16794.275234726163
96109,7330.792770740189
78933,17424.331141505467
80386,40980.19569768605
105590,19399.54539794442
87670,12554.282445462473
84443,21104.888496655978
95776,40950.32688448726
96400,14428.376926640689
90834,24217.32019059479
88360,10292.992055960212
106848,28555.10359933936
91981,38163.07288393362
89126,8216.803556874947
104879,18836.07488032679
90449,16151.808955335055
90667,24652.55856263085
78986,8974.569466888799
84945,14938.653927056585
104356,11156.40129563335
105159,22000.631505509526
87755,3079.7513033857485
80978,27334.872529968132
87272,19557.068944576815
77291,28399.360754157067
84904,8982.748748282993
99446,19059.836415558144
78688,30210.571596060858
86155,12576.897479750678
79551,26467.24119001616
78281,9938.00661677775
94551,39091.639543954436
103232,8030.335822802561
104767,11416.83811607991
88566,6243.209092426945
77896,26618.4864941013
96885,17055.048176859047
95778,21294.929437062234
86874,9207.506733033955
91080,24457.39851817787
107737,14805.015526572019
104851,28200.005549759757
85070,23583.872643161645
87362,9945.386793283535
92302,11934.237093423468
93294,21179.668860495007
83422,18317.827296159598
84862,13392.560821181214
84415,10490.163237989545
78737,20520.439112071457
84686,5492.377519354784
95112,24370.699819568148
86518,12208.158979350945
84839,11502.21949929525
81172,27477.438427501576
89932,21149.42210136853
87300,8842.56852565121
105568,13145.537581593422
76252,14685.92653254094
80951,27356.29419902675
83509,12609.857157546663
108493,26763.259683018077
89976,7965.956128004603
102525,7851.562884132473
88102,6649.296596717095
89605,15502.880267477529
92381,15101.575828479341
81987,37471.91219769525
91951,26139.649116409077
108167,18802.49313837006
89798,6726.870554061708
97312,14356.30940983344
106458,11770.599277606405
80611,44017.841546400035
83390,8207.198878271802
84346,19956.859320199375
88061,11521.40225419615
91266,16494.36045432072
99611,5002.778993177568
106366,18766.004851708014
91936,27595.172653025416
82520,11545.208115307658
84865,5305.046520844846
80141,18498.955049420576
91890,19468.891443395674
76251,18733.515077815984
84247,5512.304831577241
91298,31264.949336100166
88015,8697.493751273363
92776,26071.25737662545
76709,10680.932986731274
105728,15134.489498807663
103796,13390.4829237138
81171,20726.330675054607
88413,9875.881438128305
102155,396.12812019648663
81200,14610.118572247238
95674,17141.086770481194
96157,11186.560002377853
79020,23537.991629706376
103587,4907.664063308141
104190,29806.2768742805
80486,16886.734103792398
91177,13983.703200524691
76909,28689.743859841623
97278,7241.014574871436
77170,25385.009203827743
78840,12971.341955390923
107987,16112.330382578075
104444,14959.532632992148
98408,-1748.6662706981206
90629,18057.890626702778
85268,5906.762464932981
98419,8039.655389402297
90747,17821.651168814857
105907,13899.594125913947
88335,8597.218217634163
104161,26889.292715972602
101427,11316.191908071696
87176,17640.659149401352
94012,28820.625236114756
106937,16834.12990324764
106573,38541.29166748503
96877,10077.601389048188
102568,6076.789904805357
93510,23627.115374112764
78820,31548.707668908188
76763,18842.45113298503
106884,4467.247771743083
81041,12722.585229129314
93827,22014.509246890175
100321,8329.111220036542
81450,10067.375919400887
95107,17998.83650151421
93670,23594.626632194762
103551,12468.266284219313
106715,14446.409446295616
100863,10563.368248431205
79259,12931.021843978222
105336,30898.85266108034
88906,24181.91583941211
93039,27097.376344441138
85639,17189.200545019623
98378,6226.619250702859
93639,15010.601741285129
83518,12357.522079710558
79592,13192.577654240951
95678,20587.73840771822
87400,7772.075452636744
98813,16339.865008133125
79157,5849.369559749717
76223,44988.139807541724
95406,17947.165953962918
83724,5579.795925931949
89739,15596.736038696134
94933,23947.0550246133
82605,12177.972057292867
91566,20544.89885550904
76873,16753.643924269425
96884,17051.780782553356
85901,9391.448771310657
106449,24478.080309610203
90672,11768.224208054236
78513,23592.52257432475
86464,9924.552166624471
82921,8330.396040199184
93886,24962.59779301752
76303,12669.321055289785
98243,16851.274463349087
103497,11420.191686177575
87786,14669.785383237733
87780,13795.766297703474
99339,10979.585587279438
95351,27462.247805264244
106965,11078.884883774139
87540,15121.29236695638
99854,10239.557335993846
102357,-3184.2497202939176
90737,5346.043852653023
85392,18554.648425135416
96882,6195.699516184814
88268,14358.354826487845
106075,17593.270470780637
88674,16391.536678019504
77623,18097.364727584798
80394,18149.302598848924
94942,27781.904484675637
101237,15133.26642850216
86351,16563.576320842254
87055,9262.376037761464
94851,26712.33753688789
79816,15715.925833214846
97214,16072.50772193651
88900,4955.185906475432
97464,10781.126049918852
76403,17194.742608575172
79786,18230.137529774245
83858,10553.863342197046
83658,10138.258832980744
96456,13666.043786158652
106217,16217.910309629486
88111,10916.583357403422
86581,10952.363289195746
98218,16567.90109738982
93801,25075.874520389832
87206,9299.21902525283
88569,13861.531414899267
104348,18414.5610266405
76478,21477.93563033713
101509,17852.68052726379
100915,7328.357826819991
79676,20929.10745099147
102673,9075.205124739063
98151,5208.442472983079
77583,14352.384894918483
106602,29641.215763267835
90134,11028.090759613435
84228,7198.170549870221
100131,13092.992457408176
92807,23243.163720060984
95025,26662.787501958388
79779,11361.817922974351
77216,26634.850981081294
83476,13567.422220938486
88942,15978.098380378447
87565,17985.237117391738
97055,21134.722816773756
97212,20435.411832307826
97321,15830.705356139635
102240,13102.86101557043
91253,15310.126433162832
90284,16897.171793392423
83582,14401.030762940938
81255,31752.346199471038
93903,34498.847415227036
96241,18298.290008786127
99117,2594.678214776319
79874,27593.675436530742
105193,20610.705964923374
98186,-735.101777788941
103313,10339.755724136245
107714,16644.777232500353
101081,7734.002753007069
79663,7747.768283781
81108,10169.699107895507
86643,5871.538605825019
90931,26211.425389321455
107518,24257.540753253503
84511,20450.98739430316
80689,8660.642691218085
86547,4042.321541611862
79670,15925.47560048532
82281,19249.18933315195
102274,1565.9461179750742
107948,12262.476016554288
97149,12238.988719668101
95980,17373.18921041666
108047,26170.24884806988
94763,23839.32202490649
106148,16797.083076058505
84164,12202.533588803524
93448,27133.855569508043
103837,19734.46714327662
91861,23441.30105801099
87914,12466.785234695662
85944,6547.822958565512
83795,10998.484971268503
97374,17079.619166585817
80569,9844.513257562325
106331,31147.112115106822
93177,28181.63068170064
85257,15902.689860556246
80094,17656.126305635593
98473,10176.692743382951
98021,23960.08667374182
91714,20422.57347642403
82569,16232.207738378991
96451,8634.919896617444
86310,8797.504745550745
89702,6369.544910182185
87577,15072.937712463961
85221,25208.484959579473
100454,6746.562133667741
96748,818.4977409071198
91472,8853.113808969927
88350,10853.527741529635
84386,15641.064493590107
107993,13448.435163241982
101496,3244.255929823061
96805,15841.850242884399
82084,18988.12126011
94643,27397.80593234978
83871,16291.310940151432
82327,19790.557614690246
90332,12004.365225865055
84949,20814.38739350265
83111,17694.77171484092
92067,18425.81664176053
106714,21145.349389072733
85531,11049.88746556931
97311,8997.775424027772
78102,27367.687656674974
98348,19314.691426431615
76715,18730.497065081046
77091,16105.444986080505
105854,14112.073502009705
85983,5298.042686632634
80823,12109.951608976491
102612,13031.043328826738
104209,15701.941444164537
97643,8669.206248110191
95340,22284.413325793143
81183,41523.5212524146
87928,1753.3549660035787
89448,9293.427967367283
98522,10433.566054154493
94213,12641.563349958324
91583,9320.051181075953
90280,11046.929357690367
93287,34871.85741803319
84510,9723.746948060016
98179,21368.360831194885
88162,17719.63134538559
78449,35899.42362947893
94548,19813.766096723524
95056,26754.797716438858
106725,9120.261224098704
97968,5304.4664903881585
104923,9271.008057929617
97276,6577.966370708045
97080,23342.89944377858
90691,29744.211195664466
88033,16580.06925755806
90160,15252.04186292787
81661,10191.355423371464
101260,11279.303594611285
79520,28523.634277010162
78213,12810.182930929768
76187,26858.80734957503
85752,13987.396723145928
90729,17017.90611014331
77637,19950.82126094839
101847,10030.908435490324
86787,16384.26122104364
105758,10231.63419444504
79389,25120.259743614293
98312,4134.349268304546
100222,5736.965189203758
87873,7759.222642100657
92965,21247.734499681905
89168,18196.10969496146
82368,20672.02029254952
76505,14512.929426090104
100946,6742.773835866827
85815,5101.6554898366885
87705,24585.516266800973
106931,11700.10759906571
95571,19400.65952652449
80308,18080.27435835369
91824,21584.906736298093
106743,22300.999771213334
101866,16263.776312161091
95817,27798.7535222866
108505,15188.147662061274
88722,13174.578446289994
104371,23767.489907206742
93879,11069.053339629616
96038,17313.173899387424
104690,11433.5578191276
93199,23138.543931851636
85967,12308.536764920591
88714,6032.321145725964
99467,6007.950161291248
85701,8988.397286358297
103450,14098.09736848669
96943,9625.547604197469
88526,14168.998675305245
79326,10863.255959293325
92314,34545.86610734193
106373,18684.298065198574
76953,19161.755398344918
89741,6884.650322448595
100458,7631.602438600698
91895,48152.04054347789
92356,15189.32202765909
80632,22110.06552562199
106959,12346.090684942841
96251,13411.416106322933
97996,24066.28850794545
90021,16598.849784815837
94899,30988.14631820412
93093,16638.683854107097
100175,14103.073622899063
89968,2734.912812821676
102132,2191.5560961240935
99121,11134.06930363299
92662,21940.3073294445
96612,15271.575863739325
77399,17367.805567468386
86443,10167.067939512144
93198,32726.768462066706
98001,17698.298252085544
97764,12399.277138187626
94983,37674.57238177712
82703,8817.06671279294
94794,26599.71861123228
79793,17355.413602794913
93376,16333.115505284362
76374,22069.04089339579
84045,7019.057111271402
106780,14471.998512591934
93213,16988.60161403258
97870,8345.86802795069
97748,12436.890579265937
97255,9359.694112038283
102668,14958.638421975258
105898,12171.401483773003
101786,13073.670380433374
87690,13504.884713448888
86329,9975.254996212698
77696,32227.209594718413
104321,56330.102847902985
86782,16399.23697998525
97134,27973.454031745903
86684,9724.268873533325
95509,30642.345399333426
82314,17740.24552952885
84124,12408.791808926122
87597,10130.062795509186
81357,25895.993199189583
95055,15744.712097988282
100244,10032.737880497594
79271,11504.88417691668
82043,26075.481600941486
96348,22629.538599630647
76594,14420.462868373039
79552,14459.747014800507
97181,10871.505717419677
99147,11672.669734964507
90786,6090.05762418869
96203,7905.231505425205
100288,10031.059694762842
81529,21772.057781773612
84229,14764.628934190028
94332,26999.208171711947
92714,19773.14888450697
107716,14935.050365752955
107685,27377.490960800897
97836,1440.3115664646648
98284,21735.86460081816
83128,20248.57037365234
105500,10569.938062871734
97781,8874.219325487085
99341,10278.43882669705
91793,27839.221860578436
76224,15283.032713391183
80840,24339.7362389713
94587,19962.99994899106
98667,9253.347253150663
78973,14038.31263766599
85175,12183.103256828128
107489,42916.19061002516
95790,13031.69444733113
108044,8631.434738148184
80652,23991.18795135471
76007,15963.39273200135
96039,9292.055184731335
102618,16375.485002451122
80863,12560.867978012731
95695,22264.05328459481
78815,25820.803441341825
98063,11570.671748270886
83732,11283.761689726765
83190,15785.308616327557
99504,12558.49295566601
82372,11352.751084617066
77977,39053.86118162469
81688,15192.943473429177
80154,20454.083096330687
108106,22757.49493934324
80724,12729.478409380477
89190,8652.763492917495
102321,18780.740858967692
97375,10074.378660692368
99379,25386.76089079945
84767,8689.937220580476
89470,8216.279297257388
85592,10481.01047833915
80381,28389.275757722615
92149,27522.44107050717
96044,20144.42809865959
79041,12981.320715796202
103108,19102.801349422407
91118,22123.01482472362
96434,7165.874068043988
86875,11967.10841252387
100326,8386.779892748462
106416,16615.351549393894
88074,7153.492063804334
91579,16636.97663258946
96819,27668.472264875192
80373,26523.31062594486
82681,10499.31611549545
88450,10041.100905637031
95040,17488.674850992884
76720,12002.960461753913
94576,7999.796396890091
82502,7299.188378454321
101100,9062.596584393474
104522,17257.89286957322
108039,12645.73173626828
77894,46388.5551097695
80888,11421.140639094554
80366,39616.99622405188
87653,6420.996328127367
98083,22539.72211994944
89042,15729.386464122963
102520,9492.566729769393
101620,8128.1627753526345
108340,11466.745639265462
98465,5579.071653128631
82307,24777.614554496184
107499,19949.778581692335
101440,10310.890611469495
82392,25118.38053971179
79371,21904.856387132444
103916,13425.24934306873
81192,8734.512005528512
108185,12946.937122601903
81811,16987.625609010698
97993,11712.820089912158
80214,20387.06781273122
79896,20171.142755127774
86793,17057.498371543737
100548,15533.394504991633
98986,8179.707665662564
82411,10310.839262782127
98467,5317.2300607306115
98645,22746.84401227801
84530,4703.634493263893
86479,4845.152367952038
90655,17749.390324800894
97319,9562.537052357202
107749,25865.370318490124
77199,26435.115919029515
79255,15568.30498786852
85072,7577.087285821233
99421,10210.728960489996
95187,13899.926781173272
103262,15841.544568894074
94589,31556.75031499449
77608,51412.1157477748
89729,4126.9052711149325
99171,16315.483370902655
90914,26645.81305817794
83250,14248.35359176722
83275,7721.00972467805
91269,26751.381281488437
83003,9368.613775442129
98988,15680.966200412502
105748,15418.295603528359
77688,16832.270416961106
91090,18513.792716386663
100544,15840.508311765587
96608,7786.555291529455
98784,5973.798917986858
85655,14536.446745236633
104236,7466.183558272162
97437,10906.989216442842
100150,2632.813435892791
96911,27782.968389208632
87126,17073.82278074063
88544,7773.023860603671
97889,11998.223734608091
76768,15574.864525244115
101722,8409.307345412444
96407,13837.128503764394
80640,14810.631276940898
88000,12831.850253587872
103451,14349.485590450397
80542,39504.04736558003
82212,11571.109412413909
102407,8565.845226212987
79895,10058.89256318129
95909,18923.982196576577
79646,30997.23894969833
77051,27891.997321054456
79375,33039.83905562185
92023,28900.697559019798
87608,8298.703856355443
77731,9335.804178260958
94671,23088.62059986721
107804,15274.104210634801
106359,20732.052131584995
102758,5403.140852190321
76944,35136.78434437691
92103,17093.711744511573
81188,14808.660312851249
84157,14535.732246364882
77509,27611.684423200764
87332,2932.2092359007074
101597,14023.38047277992
84021,10336.367136165836
79820,23517.81579154131
102505,11462.605887162914
82887,18966.00889397578
98676,15254.9325326921
89288,22095.5698146925
89410,13039.33242800699
76489,14163.576059366875
85587,14654.757033800579
93752,12506.66717188237
104857,15209.617591207465
91582,29286.98406596788
100760,14075.69615392515
95388,26867.281661432236
105606,19914.190971124208
93352,27795.702746609175
102452,12173.305009064508
88997,21066.80252574387
107478,13673.50232856158
82604,12097.497566765855
87188,15296.69810156482
97769,6898.495164092383
77941,26980.077521345447
91489,12359.732316166703
84501,15948.464766584406
97428,17832.334736291552
107961,18524.459751463804
106520,6192.140066222784
82860,19498.73601995409
93232,26158.207965432022
106592,5102.655737853622
81719,9758.858188625009
81658,18704.125587194147
92676,22768.27346632976
102253,9026.677374571322
105237,13846.792691610985
78527,20332.985982775645
97452,5878.65359574695
106530,17931.921549614126
84118,13068.11514372969
84314,12717.014837312276
92313,26753.644922272873
91271,38674.85224124543
86067,7454.904390541945
100751,14033.171234259713
99647,29502.856186045567
79872,67260.72967972983
89703,20765.372551850545
82985,8545.293535888779
86719,4772.210338151912
78249,27639.792483439214
94826,28509.026552383693
80867,32511.29717940758
88405,12194.39915688424
92596,19396.028704646633
90699,6352.67388954922
97504,23892.155484608083
88236,16843.053074461517
90859,6322.76342593556
84327,16093.998498846828
86926,8201.146627950202
98478,7779.712631224591
82435,14998.03028596897
105477,14053.27288979475
91685,17266.160634827767
77406,17152.064039599783
79806,26401.50154437217
95728,17219.25560164901
79181,26561.09462414858
89777,15196.053054104194
104090,16196.239657768607
106849,17543.075613007954
80612,19661.254494738507
78114,18235.722816643756
93850,25244.0586992603
91913,13177.172889658272
104359,23160.231743658293
103818,-6769.083767332266
78505,5473.983179403307
78147,8046.308837888235
98618,21441.02363975478
80947,18139.721477029336
104926,8363.62210817653
87266,24858.539102077535
100085,9873.497807465716
99550,9401.39281095651
100618,16038.20249048878
88609,10236.334167707246
95379,26415.980376227533
97130,19068.698565985458
98078,29390.61174830918
81543,16841.693671631587
94442,14617.753857356944
88513,9743.947040947729
104084,17283.367428118112
77862,17518.779389002702
83231,12187.97569678411
80020,28195.452020737754
88533,44387.324703302555
89260,15088.698554279066
82264,11210.254228668166
84569,10944.922501366776
94361,34842.16143599463
76511,20943.860880795717
79088,18818.02559210025
85645,17519.329174177095
80492,26254.811440302226
82092,16817.849935696155
80792,10321.580575986674
79022,16613.144417682557
92175,20488.212741642463
87149,14338.705159898025
94676,26966.48530392823
82453,15834.999810011175
88623,15397.33736885893
93157,29147.90065802924
91767,21173.119392402135
82525,13679.981146965976
83387,4663.770658516478
104711,11384.417805418158
82040,19988.644067083987
90973,24445.815516113456
85628,17250.005413907216
96701,9822.87459162263
95441,17595.76570089907
104513,11797.026279067162
91247,26626.584860480943
88940,3652.4743375491344
77571,26182.317663646514
104299,14015.589828389118
92609,19998.373498813595
85134,9862.648014431878
81305,21191.344033034606
77683,27767.525553408275
89313,3673.749997142755
85999,10167.542364993376
100266,15603.975479170505
97102,14108.595455823992
101321,4652.009241969827
108299,9029.382535063502
85057,12062.644623281889
84995,14500.866009751659
84612,10851.621919125453
94300,20527.893784564378
93656,36917.55818734921
89647,11452.214099133798
84389,7575.678185205663
90197,7065.7325006560095
80844,5772.959531152608
105331,21421.84759538888
98831,6804.876690041143
89697,18901.473105955676
103351,14105.383536820038
99969,6250.835299972725
99325,12939.969915256508
89198,15555.718231501607
78239,17385.250000471206
82481,7764.891512439666
83655,15379.865354509458
83006,10069.362898645006
81067,40152.47712197392
82451,14922.552281120072
107390,26569.30318902979
101406,12197.290776677048
91715,25923.398483532175
99989,12117.186610581222
93206,26655.018929469225
85902,13925.696645866348
85195,14208.753481728418
78130,20416.156069388053
76552,27331.22131235666
89420,11507.071836732903
89566,11933.088153766874
94682,35004.637768609704
87373,16611.443065241165
83481,10183.379404963804
84348,10316.435482240315
88809,10074.350287984114
107886,9211.686021262274
84976,20073.966355508575
106340,15222.379410185895
87849,15939.51121710299
78363,6879.780366580733
86657,16049.882961467229
89773,20033.60291390024
94449,28575.177371747268
90861,14608.933393521755
91749,27162.655866955705
87090,13590.19735966785
80200,18647.495405669753
79369,20463.999196448363
101679,7209.945079017836
88080,11241.773521919367
103400,5095.631805710038
100960,14932.31372079821
106116,9123.740538039317
76678,31501.525892007943
86832,1978.453330646631
80278,13212.994180029833
92718,16655.336790290967
80121,24957.902150233203
84360,7828.560230470291
98000,10930.93929067677
86852,8098.865851823185
84665,6668.673017384655
104032,18668.235762218992
88348,6408.439038852588
85919,12955.98973949901
102408,3859.620410003148
91678,12730.168717761002
86965,14150.998004113215
99748,-6381.385431313318
79192,14906.167491285598
100469,12564.96191389678
102772,11501.609514286742
89526,11825.554610086918
96191,6983.664886679637
99222,15774.40601741198
77086,31220.289226219407
84447,5521.771983193528
99981,13852.895771518168
106052,22868.407084738064
79612,34575.048278409515
106792,20083.676663746526
99124,7431.68144344173
79678,24468.171708991562
101632,6919.732167660501
77692,16660.440248125982
84345,5302.974931818744
95000,20837.205971750387
83015,5000.894073379708
99423,22154.030642204576
107480,22082.410786810276
93765,19466.493032230126
105419,9273.157516053292
94052,22116.013931224566
97432,13672.91809902343
79133,24036.576073645585
93225,21373.566163740456
82956,10331.426733892815
101231,11361.491651315086
78727,18078.899530857452
92150,29685.562512893208
103869,6641.057911380016
98266,10022.533798566998
85017,7244.196320247595
76853,27649.81067460977
93027,13798.307293014173
88493,13312.875916854367
104829,27748.194769543064
87800,16523.32167015102
94723,19020.540770633957
77219,16934.976604674055
94891,16549.460017881418
81656,17233.84843301466
97239,25332.73380740718
83620,9285.570767121437
93312,19412.168464228125
83441,9489.117376486876
83959,6350.505249068025
83653,13460.673619103804
103364,10635.001127931699
81279,9074.768686691776
94483,19253.91701060405
78683,15838.718195965554
80423,21484.012385259026
104442,10659.175231870111
102026,8204.361012370333
105992,13510.06911110666
108007,9007.888815220203
81476,10650.404338248314
82770,4999.082349464201
97979,15120.554254658215
103866,4087.097872249651
83147,14973.150061765667
102902,7111.785566420573
105918,25369.185428683297
100265,11611.039109075353
86165,13117.287485195666
107697,25372.03981760398
94497,34981.29949141181
83540,5938.902304268426
76617,25850.38309893563
88133,12524.632061816163
92181,26867.248775556924
90065,4647.7002492376305
94177,17099.58772693444
86942,10662.914357663298
82629,2946.908400080343
92087,22652.398877708794
94508,17395.223528095044
81678,10383.358837143212
88106,16611.820598880608
82869,17524.731471571504
81744,25201.045381354535
89208,5517.583434927665
93035,23770.34769822062
94656,26999.42713222764
105571,13090.471643016226
86332,10569.061529289696
76711,20101.220206145823
87423,9217.525226994203
97343,25847.56060090357
89591,21949.953517066635
83291,1255.8361038508483
76146,25013.483984903054
86683,10334.534611162986
100726,12767.862351001237
102328,14002.677041771929
100991,10936.281816619497
98049,13117.48952191887
104948,15216.083639364333
103129,6973.904402151929
87892,15778.044486502396
90770,23910.32127030663
97113,16431.943923189192
102422,11846.511839885536
82462,12435.442116495069
99700,18148.651110226947
103799,-571.0644118192431
96959,12921.14001215565
97715,9700.700790877032
90880,10338.369621219244
106632,12861.741759693079
102656,17088.585223137252
106686,9856.771709396053
97346,5710.985453830981
88283,6781.217159109652
102248,10846.88928474859
89091,7608.142786396146
100474,9961.751471769794
103428,7282.695898252222
82698,4474.060221645146
107510,7048.955046121324
99122,9219.47807873504
93152,11506.783047980292
78084,20220.13509094724
103130,8556.533807325874
95826,37260.60544959753
94977,25207.118429779755
90104,8007.844609484452
89105,-970.0169225252739
95397,27410.832065315924
77476,13232.761689830535
80208,11701.002776230078
96744,11239.069863656357
81310,25820.5753260076
88688,7152.521056510639
100514,8262.25310754191
79490,20578.896112049064
89236,12375.209703111097
106677,11467.181219231737
90882,12369.722724609826
105048,4507.962991807637
92458,19300.34749788195
91682,20440.787792919364
104659,15378.69969041887
99559,9379.1954880195
82608,7502.113481122813
98793,8413.140906023798
101083,8417.208604650981
86469,10589.901195576633
106304,7728.660077532088
100515,5345.206932973628
97006,9963.292135705116
87531,4823.183189181578
88873,24163.927737812926
91700,16002.651953302195
90471,13565.725921021522
88077,23514.304956740703
95546,36562.19066481101
77965,15613.67797165184
91548,23148.11386886864
101360,16907.554587466264
89845,17930.98207845648
95934,26129.76801374636
103745,8595.23967738861
85862,16394.39012556834
98424,8942.970270586815
81736,30024.123574569567
93391,25831.684912852335
76523,25249.293546758112
83573,18639.400065800775
103118,-3269.75577955086
84399,25795.933183061716
84864,8701.576143178974
104282,8093.074234547303
95389,21266.093058236635
108097,13730.12973538143
94999,9627.385696427438
99345,13682.141963535309
92946,34306.88474859299
104048,12910.036273431067
76817,27036.00327990364
90448,20128.3686626373
107837,8587.155786375199
91182,20160.940399090283
102654,5790.103367603953
95298,19962.040582018002
93659,18614.254496450696
87866,18596.566687813
99990,13469.601163851075
102469,7360.739580454057
107351,16815.560004257593
82490,7849.355089963237
80756,15954.407206210211
82365,24717.97007890103
92332,16657.025977958452
77456,37567.86673009911
81007,34019.26132684472
82391,21496.22591897344
84647,20915.238510483894
76296,19113.828624652786
100192,6934.502158637144
84547,12921.288782733103
88877,17023.110686878128
84254,10312.711774790592
87836,10094.76024217032
85970,7755.3174322847235
94834,14628.606005387343
107159,11562.538868022732
106800,10525.514756336797
101989,4833.378501505727
95604,28936.896690035355
103637,18751.088788149693
104301,11164.50976185596
83799,15515.964836207284
107855,14482.501172690838
101506,12056.87864800204
86644,11927.714583378307
81902,71198.77803582532
90490,5841.626229502806
76314,17671.756510328094
95360,28007.265912939438
96272,6901.859139412716
103911,5257.383335585742
106553,7592.19352856376
106063,16576.811447767137
84179,13997.710471405602
106912,12794.597148304918
103819,2687.8355432671397
94009,34700.58698808371
98285,19186.585434966604
81101,14173.271359340475
76806,20436.478369866352
79127,13459.424043980018
107416,10889.320351867394
93786,26740.0718079872
101542,11731.47157389995
101640,6749.045447496197
98800,17221.52899807539
91451,34777.632139161215
104033,18834.723542411266
105550,19580.63449736981
88203,15291.441118851428
77481,17289.49710918436
83704,15872.840016683094
94474,21697.45030405694
101924,18683.03341114708
93203,33987.773768832034
104628,16906.871467892488
93308,33601.20567669299
81984,23144.478228572825
93228,23782.52168962617
94247,20501.61015271151
85162,11889.163067149293
104670,23981.076415564676
80875,44043.15706675191
80850,28564.412467198374
79475,26820.171973430548
87229,11914.574081173632
79162,15379.40996126033
107652,5619.590893441942
89835,18330.396656786543
77430,27711.069522168546
97568,15042.512614666584
78947,35240.259682635784
106692,11414.398173014475
97127,1639.8780121704222
80876,23090.83706230757
100152,11313.487220225315
88949,17798.858756128648
95804,32482.702722505448
106833,6941.719056518345
89283,10967.016827715539
78115,40969.02423431445
86941,16074.1587371229
104794,19565.59062490386
103892,18356.90796684103
90746,12515.339869981011
92996,20500.074711724825
88679,17659.48230554475
101007,4412.078375538016
97824,12594.114113710704
85138,8788.492341952446
87869,12179.271271580667
84266,8834.89945679775
88682,7766.804160544517
84543,12343.62081772375
88967,16943.365863025596
78831,17163.622788893037
80227,24350.36515192416
88995,8253.013264040015
95761,22861.821194618424
82060,16955.816588152888
78253,19391.90680130351
81193,24636.230805126586
97309,6827.480649165376
93654,21559.597927380204
91399,27743.285809379086
107195,33696.815055815045
82137,14336.888212601321
108006,14603.379382355655
78534,50043.52325798707
75979,41557.319471104856
78847,6097.099862282523
94746,13459.993587313083
76591,17588.06360251649
97366,13507.346476462228
88756,9784.828230683013
105074,18372.538986542175
107641,25900.6980495446
103717,18251.206111671367
92559,26861.71412153206
85453,2244.645143951073
91736,26174.41464177238
100632,11441.731409633663
93314,25765.665857688204
82593,10894.496020192204
105791,18252.241450958976
104431,23563.910995585287
77967,16405.57972657362
91373,21805.608626107973
86095,7170.2214379949155
90950,23650.41377118536
105410,24190.002113215443
86516,8272.467805572003
79221,45006.08860819048
86603,14799.313102695765
84058,18471.14523928438
101017,10168.95679963563
103065,13846.208385618851
102817,11652.980997387403
106443,22502.93372855725
96455,17496.304708380223
103514,9316.302037521818
88407,14894.520122734944
104658,21612.985021280652
83823,14471.805312391589
106801,15260.827866188207
100859,13727.320495617363
97156,2522.1716996905943
99816,9709.26178899638
87726,11816.63357236467
88783,13040.589728029812
107654,17772.43459932098
102420,5051.12119320579
104147,27082.62951855338
76019,10631.986724571263
86158,10226.625085225587
82852,8850.216394649913
100871,14832.149755095805
92537,18357.87638950967
92028,15486.377626287693
78319,10270.442542834218
77111,22936.21105259904
81426,14301.4572452539
108336,7449.249749307988
106048,28106.41333911049
108482,12841.472499554922
91336,21052.912360708295
101242,14131.248887241345
108309,21172.61964783767
106397,10681.404562168405
82413,7156.572492801991
79355,30488.88333787762
92826,29677.62663554775
102020,6541.943183095493
93857,30568.49926655704
88875,8520.91287948394
81926,21657.731670624373
79236,22309.27329275253
101106,17545.678502854127
99069,6427.203737028705
90017,9271.34963616835
101706,12986.464769343886
89701,6997.221827992114
96760,31457.43660460043
103901,15701.86354614366
96780,24181.814276075747
78905,11932.582086251798
101894,7743.098598968714
94657,15233.09228614123
93703,18883.38159304136
98690,7142.913873039198
90597,14473.27692172362
80138,24748.136344309147
97044,12807.060879746366
84258,13761.999873806797
98543,14251.053629085403
99833,13196.876783336533
99848,11855.016443612083
89178,7616.041523215982
105598,20086.73534460138
95971,26299.07432833082
94875,27588.942098027343
96048,5539.065911286973
82606,20172.659222095594
104545,9150.317756839053
85571,5460.971313483158
103757,16468.51643796173
80192,15098.560360780204
100422,5528.705976061572
88065,16604.466215865104
83544,12107.751295179869
76851,32410.9475062794
90464,5201.718092871284
106501,8795.185901960689
85011,23446.669212647103
102308,9003.711036429333
82241,67486.55991387322
100655,8405.882408805064
86477,11556.434804023975
90830,-4194.408607883042
83274,21056.677399261964
83251,9646.961978150097
82122,23095.85275505374
105600,16344.509249408333
87514,7854.760202184381
82184,34784.66196593194
84829,12438.62539053988
90704,27925.335748785896
86306,10760.632686743682
105655,25418.4255075814
98964,4061.830026264328
87189,21461.813783410777
80116,14214.737880828714
78366,25173.036347892386
103668,4983.484792163319
95799,24408.46718251134
97496,15085.278751900285
107112,14568.356925273849
79698,30848.264495491483
78946,29755.16407146404
82843,9706.367224483954
108537,15864.393626922
93675,27268.01156745317
93629,20234.55292140026
103134,14318.593065174806
76458,13953.940534947329
79219,17363.87479859929
93401,26549.233675110474
87666,10141.574934056744
97697,11809.753757956785
77945,9197.366427527893
76173,27191.640306957535
94835,22602.693474129013
86700,710.8379327835064
105682,26036.403651888962
88546,22699.27705247949
100486,7365.138597856803
98187,15187.902543807697
81395,16282.359006754767
104408,15522.52061854351
79922,18378.345775159476
102955,11692.350988972696
85515,11777.003266742875
100490,14260.35699103805
91070,32154.70207955138
81321,23456.59001911
90925,21430.106842096222
91291,28752.159197187528
83986,16522.28273570107
91729,11815.05624224239
95830,22773.58456614243
103720,9690.949054705627
97023,11616.400860100202
84892,9357.473345089047
86618,14315.144592001463
93094,24351.91243639061
102487,7907.112334244277
76952,27991.313667744624
90121,8070.956004196476
89687,30480.023019516084
82663,14390.920696968686
80253,17638.02866742117
96004,16790.195938283767
102267,7296.817636718952
77777,25352.357398056847
85135,16635.32719718334
103806,10093.558440678615
88031,15870.849975091456
84252,9915.224590205678
80246,22859.583681416832
83445,10748.99926133811
107528,8817.71374051753
95161,35193.561581896654
105132,23590.102999742878
107504,13979.340784472286
96720,23154.60483396029
86060,8339.177216963042
76370,15588.511291221987
102092,11810.451298158205
93523,19989.99961252987
87963,9803.95263459476
94183,23608.6418563247
77548,26992.901453698323
91116,29307.302544072558
100013,11869.538530082085
105525,24080.284388324253
104210,17549.5346364811
91137,14554.54238568095
101960,15621.32667866821
80662,33457.86736072007
84914,12877.73380873624
107857,15376.07318432683
94916,24024.57761844848
102858,9949.884807519411
88182,10619.902513140083
85339,8727.392646403901
98692,18754.855612572428
98460,7399.094054115862
101787,5584.328927026223
105924,16981.53423810643
81440,26830.168514813922
107043,18940.810516052785
98747,10447.352055814223
76065,18234.202000284135
103452,13986.92502333093
87162,12074.300264501115
85972,3893.103706125954
95159,28528.639830082255
81106,24645.472504191443
106324,24323.404924889146
86957,6288.183037231625
76900,12548.349007635976
99319,12762.096496361393
105884,24396.808459496428
82889,7893.169717265813
82253,61018.959294550266
80818,11194.277265228193
97074,17734.25431976907
103269,17718.813675705314
78298,18077.76799795936
87216,12779.192120194533
104853,4695.839686144189
96298,20016.99967404277
86803,8162.046169197898
91326,13043.813498080879
90948,20640.13846258691
102795,14309.050329457228
77163,17532.33346055717
93519,41556.93214744889
94980,12485.07315827869
106455,30032.22985925152
88860,9045.44103231499
76536,27672.167877917753
106556,24244.759041461224
103002,15588.014286342883
104193,8370.20364283979
98247,12048.996808178643
82529,9103.161579582766
90499,6455.253425719784
89400,13810.947904053459
94595,24175.09268046223
85870,18956.349572733525
88424,23465.86294606851
82715,18086.912966033364
76324,20560.22752595758
102259,-635.0037912366297
99192,22073.826207955917
81437,13623.525034593145
97208,13316.55621843517
76420,16130.139747627492
107557,10634.182392449824
104202,21071.583554408913
83400,20380.05853493778
99664,20856.117118566825
87781,10852.395468223975
105706,28473.826877764164
86320,11742.919353478916
81907,35143.700579130025
84881,9247.185648475357
78575,11214.669644813324
101857,14316.564154310363
104378,13970.597035948342
80281,18837.283569198742
88208,22728.974909347882
85864,5033.081045198593
86973,12548.029795261911
101072,-2506.960081358271
102664,2664.8304949388166
107949,9352.825862001482
88832,5769.410159988121
87046,347.4008236379432
98930,6147.397476767366
98721,19552.434721630674
103249,9595.96116336954
88230,2653.829505491054
103604,2641.14564636829
90645,8299.02441930327
94246,15442.82063008861
93604,22095.919844951248
99287,14720.74076812058
106684,17155.704209584226
89506,20751.16659855481
98726,14077.568287368766
77060,17118.74587459442
107323,16677.160710754208
100559,6975.240968142627
94511,31192.921114292025
81367,24983.611012497677
107185,14847.802522305756
87243,1383.0880298656139
93241,19048.521435358925
90899,24945.28899041252
92791,26792.48763334519
97429,5397.169045784698
81883,24369.358242645183
82428,9715.83200181022
85224,9925.750608039682
90818,29500.628025694485
107186,13224.123108354615
104489,10645.706894640003
77026,16216.990491432942
103119,7647.120652659933
79360,35215.99367586431
97763,6851.6191386124265
81434,20370.88641124155
102270,7956.2060913660525
86171,25426.06228177988
102255,5824.098644509453
91018,25857.392618502345
93219,14155.18410577548
107667,19698.94490966244
89301,14636.13888694262
106869,12392.089307363607
101867,9579.369297994019
92922,18699.191863165972
80057,27765.20667872412
93951,24069.867426461286
89450,9638.4443653913
99681,15198.04261667006
85661,16235.552040662038
76072,28757.772637649716
81693,24767.88215164569
77375,12195.531001461788
77649,29111.698442649416
105904,18176.895863894864
81679,23309.637451665643
105555,29136.895352564294
78762,19805.996452069077
78590,14849.536972402257
92784,18084.97511273226
88497,2928.6477763390394
108413,14227.785657908149
88994,16623.090307450573
103426,353.36481714302863
104394,23366.227268719602
88703,8598.841344282648
97376,6441.609881928087
97470,14919.654316344944
88681,17363.934814026325
76599,23683.82760561299
104274,8341.785438744984
89590,2263.6158118053954
79749,40990.46724789712
107386,12118.99738576117
94829,24681.26771500524
105123,10350.838014405363
97602,21333.550458455746
93900,27285.073870271503
85986,7785.422247472803
78014,25062.65407598438
90073,20939.294125587574
91815,21170.0586081984
88067,14049.110812329514
79079,30500.6102517379
97590,12113.252701613503
84491,8619.956813721265
81997,14033.522728867587
90875,24143.184564061514
88805,16528.371678956653
84708,13916.021232039497
108010,6611.821235719321
96549,13081.505718477769
79023,13308.698097422737
80493,24142.067412789816
98860,15318.884494182588
99938,8787.090948512981
91154,29101.874239415927
102202,8859.994582553658
76479,17116.767732437933
102548,17393.93444750143
107979,9633.825884868129
80905,24071.062097546055
82630,10607.264484714553
81130,17897.381050341923
105382,11674.196778856927
101905,13175.338503262545
103353,2032.5753933399355
88275,16589.452572332444
88052,16585.87593351058
85537,21118.262366154337
82742,4996.8760457829485
105960,21534.97221017107
95151,31828.109492080795
102555,8870.04569750117
87742,7703.22635563865
107219,21774.87719090981
106170,9909.567938682336
103341,4402.723890337942
98947,16754.87685285964
90933,19215.104123477337
107651,4651.819490635291
107937,10399.26186793255
92742,31071.97802027819
91138,20427.83367960874
100134,8653.01871696346
83718,12708.90152238023
86977,14538.671539653755
102165,10871.631024453167
91372,20879.10240650064
95812,23620.034737353344
98911,42900.870594815926
86966,6849.434395579317
107280,10053.300852462562
89020,9797.46537576569
85167,15766.364142087266
100394,11605.553909941646
93450,17910.35494537787
86838,9148.060553229894
107563,16879.59489797209
99692,20477.998457203095
103946,7141.858131260974
89586,8495.75896697852
90733,10688.327014879675
91071,19602.973583130813
89142,9708.266423815992
79359,18439.468308767395
94435,25275.74526871353
86980,8491.750939634778
92661,36051.60661391047
84734,15818.562339441505
92829,21804.865031323545
78925,27624.37075285676
88863,9633.207352695199
100507,12892.129002819365
97469,15903.860080127015
106358,10675.106629823713
94446,20122.55543957058
100068,5659.477691225311
80005,24864.699346671623
106548,7728.070444711879
85323,14294.254417634416
92629,50976.935779882486
78057,11982.902999004735
99591,13127.735441159979
85307,14878.00006777477
92660,27434.95632421229
89525,8005.0309022132205
90953,26169.062183584858
103312,13471.735552549399
107912,17632.529993224172
93292,20640.69885347108
81638,35885.416797595804
105433,14809.897375938877
94804,31374.712313088246
85666,15823.770732100464
87338,9337.004176746308
98818,21563.46797786814
91960,29891.042524791417
95612,25624.718588950767
93399,17655.332327788063
86492,10116.900261218456
106169,15853.987450205095
106699,12515.00499190541
102175,24954.3532172005
83555,10037.124619652657
80941,19249.5757614755
91366,15432.993436788214
98045,16972.868199873934
86988,18833.105039955266
89139,14155.423060676629
106277,12809.568086026411
76317,16725.804061504004
101300,9871.750560288436
93086,12750.719084745117
76936,18977.08557563308
80711,17812.783743800635
106659,10383.67310454461
78296,9299.404100211663
97527,3724.3541250588733
104494,24820.824965067943
77982,31702.23402513165
86456,9288.089509528647
85161,16939.182134680774
100583,9945.756143030896
93063,16174.65595645307
85331,16002.833035208427
101731,15495.7904797134
97389,31958.024684426346
79902,17241.470696222223
89643,7156.646334247737
93175,15341.37621630687
98389,2231.55052233865
91334,16782.557921603908
98514,9600.302389183096
95382,22356.782283376895
77018,11797.747685198561
76437,20331.663008742096
98250,14630.330512797558
77104,22556.73553461771
103059,6985.946140937511
83308,14291.722497576324
95106,18784.511960308053
88684,18931.73590998126
100870,13867.091767427435
103498,16344.065910001427
105342,27323.13151594789
81398,17125.833989235467
91833,28057.628631212305
95311,18873.65510715167
77369,28686.959289436818
86011,7893.182795770581
84952,10834.505738557378
94056,19668.913253788887
104796,10887.88259373204
101571,10322.892875595488
77188,15910.314342387497
94304,18414.81846937033
106008,13393.951331404018
79849,17912.470906139046
106099,28406.02900959593
105086,12369.372347191551
85658,6289.522717058529
102040,10031.13900736676
84343,10644.631971632938
104882,2406.087974851893
88582,10963.898146011561
90328,21724.509947280087
90536,11210.757264106487
90805,16621.6221936048
106058,29052.319202850762
78871,28193.034307853268
95489,25617.940610019927
76637,16393.225842480108
87818,4992.502689494762
84478,20519.347220515614
108394,18503.09028774168
91676,28848.063640521686
104964,-1314.0653192575064
78506,35128.30753345111
92557,26380.626596081267
90715,16842.09019198247
101721,6425.542584118881
80715,23863.161238974004
81705,19826.42312731289
94219,35827.61846805984
85893,16512.291501794156
80550,13965.265339694628
86662,11946.168435982225
85271,22294.484474320932
107075,23382.772738731393
100992,14861.627968244182
97396,5183.18109884717
103943,7287.375872104905
78916,20097.16694281024
94516,16777.74702725409
105411,8515.855270325996
78377,22940.86954739487
103977,15968.977062116293
106716,14717.700895885824
88465,17141.032370252076
77421,13184.260346660823
88866,10614.661676726888
97787,22647.746819887932
85063,10719.292965776123
92555,16658.999061555645
83695,8322.344336887063
81797,13759.242461380092
104241,27600.84719244486
94730,21632.635497722335
105191,15037.675554886066
84112,7042.410453855653
90379,11013.941192079441
88992,7741.126549809085
77423,18471.201675733457
85126,6408.828602513277
78691,35455.07219346293
80320,24955.357185447305
96309,5592.180202364645
92577,14458.599135322025
78891,16441.947792055114
86056,15990.506859540372
82129,12675.146661507813
102436,7886.345892296953
101469,4956.486627082757
95885,27201.094986140568
92879,21531.222405660068
81484,6006.449906866352
95550,44605.556031994
102726,10965.737652894866
95252,25481.600867846573
90695,14192.009653993253
95863,22994.037123888258
108338,24224.396218582464
105327,26552.43732825822
91616,18226.219682150946
83077,7386.313599734682
105582,16404.95002137833
84382,9294.842648829352
99666,15181.91425879249
84818,17034.440899760117
78498,48189.14354161689
78378,39104.410911885876
82799,7267.853258878006
81429,1608.0771718560354
107572,19844.58464933367
91279,26423.698205929868
100475,5226.454232557977
86325,10138.710202403505
76825,27995.50284331743
107657,7929.166249467744
82346,6611.7556655425415
86687,6024.191358385206
103471,11791.73108876334
78209,21273.063714530304
95328,12441.224750071118
100363,13534.223934081248
87672,11168.782052399838
98994,10014.417785755208
83549,9386.131834019647
96370,14379.709858045628
87842,14304.974250148869
86297,12511.159295923999
96716,19494.089829257897
97492,22274.541709927544
92786,8825.65397732679
78254,17582.556476031787
79291,21062.459870078288
96050,20786.52078870774
82240,21258.663936382247
107938,10157.298303507854
85258,10952.347885658566
92512,21843.624954885305
79919,28272.014182704712
101410,4071.8143144881888
88700,16832.857028054757
91847,42278.473448134835
101835,7117.923587638032
99878,11743.287502093246
96318,12358.699050941734
96245,14034.608322196324
96194,20020.462993088106
97973,6185.851495135539
76985,24269.07280979181
100002,15180.85520989493
91364,20985.87579623068
106980,6688.286734091538
76285,15264.013753118707
101396,18723.992920405362
83368,7600.717565357525
92820,17087.197441849043
92264,14435.611463142208
84052,7700.243324652631
83928,8579.133661993405
105324,20998.985665131833
98502,2767.594448143409
94457,16742.942296302535
79073,20615.764597764613
92738,39533.25192014722
91008,39659.16279352966
76447,26724.62084097298
81627,18484.888090485576
97016,9482.679635358534
83182,8460.824083476879
95791,28530.47510269602
87449,23909.674255243408
90013,23136.660773930074
107223,17050.69408835779
96785,18340.93142391328
81473,22545.39194142662
85403,16138.99317244107
106473,11548.443057987937
81568,23248.868825258935
76748,13613.940560452222
77020,16284.197305442403
93210,27660.474253089553
103955,6516.419007183991
86509,15282.342434146422
78291,22993.45408956132
88895,9195.048265413807
98026,9113.80661599793
108410,23244.124211249673
88039,9240.702356931113
91193,41528.77175123667
88087,-2568.7158420370524
88708,15857.311368877945
98485,8548.740695837128
89847,16905.92636596188
81318,44826.91918792587
103971,10017.006861746599
85649,9750.80476551165
96137,11273.499724019734
81112,21376.552346082804
87825,18181.119758507673
103890,14399.37442481186
92845,40688.147562925275
95649,26122.24816998976
79000,8801.479248587184
91668,12809.731652670727
94544,26768.15167376258
107024,19560.132916569324
79725,11590.052699310529
107343,22951.232215392785
107612,16300.635860773704
76647,9774.362852927046
100922,4284.867967984677
88583,10664.649211446438
90425,16504.72848072477
86258,8057.194917413699
81973,15603.808917886747
85370,15193.3981605814
107854,10091.436967637219
78195,14383.711818648108
82124,28285.73245825429
79050,16357.624518968967
78880,30177.819527808246
88596,15278.673012888921
89033,13957.120890896047
78792,17248.669228337872
98664,22350.31380079768
78544,9880.754260176138
89184,9906.055242068718
83109,7086.216221027985
101759,14818.851517588475
87164,18136.792770697335
104156,7618.31039535878
107607,25731.71269339427
99705,5972.527283406338
79398,22258.774484397225
98401,8462.057265811132
91911,27518.819322652256
88175,8483.456438664107
77275,21705.70549753556
88946,12312.285273923098
98293,8603.033298748504
95991,21477.642410152257
82196,10854.733399211102
78514,38717.13809639645
102853,16177.764914432439
93984,23216.096865722044
104689,28369.34366267744
98534,9845.828580758141
98744,13290.111024702821
100456,6966.802566130409
83468,8979.198429809394
104432,22586.190381572957
86752,20322.544728946294
89762,6830.589278708658
82788,20770.281360485053
105604,14626.127307836297
105490,12398.180277503852
79447,14830.921553981703
107405,24450.42029439339
102782,11140.800669273192
82786,7656.724797013105
100557,15302.699189837964
77711,20335.013394621164
104935,4150.446535057896
90750,15469.691182712551
94396,26861.40548218579
99628,18009.06604701469
87360,7438.001072631087
103238,9930.055078344705
84883,4960.175631331886
91450,26880.28412134449
96221,8072.844137973225
82400,23349.527826294616
91940,11816.748058725198
101320,8957.005924319712
88653,7176.254679448338
79446,18798.195676359923
92672,33271.17719034013
85552,16180.93496630622
89858,14383.707247102528
96610,9950.982949836529
90447,6533.245818047066
90357,12582.599081139724
83266,10622.055927426487
106259,29698.808060523763
84489,11329.160798095014
87875,14724.498411254137
78430,28877.454611207722
77249,20287.46086591646
84094,8644.397797292819
102218,12482.277371007
97151,18278.090199531838
102064,8148.765205514666
97655,12801.064128381477
97387,11224.014218933004
97118,12346.438327257074
101804,12218.223728376208
81888,23296.598042807454
77455,24924.337688537187
99638,15828.682234753105
76845,15734.692816399698
85493,6045.581385080664
99781,-366.48156579509487
79322,27135.113552440795
96766,19639.61051494041
80513,43267.21298576724
83907,21512.031896604396
93217,24413.69427581282
77426,10582.201544053874
105044,9077.202646261256
86573,8776.37738366902
95251,23570.663837790045
86098,8399.574729439733
93674,28875.629198213097
104392,8678.418728150831
82340,26294.833816428556
85899,22201.187020184614
85579,3606.94843380571
86725,11052.056718480797
104810,32817.04873427115
94570,18665.06354213875
89607,8196.671168991472
108478,16996.081202616853
91464,27093.995378187996
77613,22412.926496142936
83067,3851.026945836973
104585,26043.25602303988
94473,20585.749339392074
98756,10083.641702132412
81199,22046.033285580437
83741,16205.632257668829
84972,10784.182487189712
87486,13141.122032761776
92290,24063.316178460984
97049,6759.294282926818
81960,25336.29540286422
85765,13894.666139945406
81319,21965.214644569787
84335,7815.970975823484
98897,6239.250051038685
83649,11293.882003409355
89567,-2116.151555830691
101958,5722.265404830223
108211,17256.381721718546
88326,12513.47242110738
106424,17852.869153318734
90848,12070.928936871212
104944,24936.43368693575
81300,52605.99777229637
76804,104781.77463904151
93569,20454.747394069607
76839,16058.533416972496
92611,29451.81351164753
76006,22946.024923419907
86953,10384.230914853153
107767,18215.13212041368
87949,11288.67673717679
95782,27675.480344064148
94414,30005.791999630503
98483,22832.769123964237
95988,14013.954105045248
98640,12322.463817105896
102899,-75.9012045248619
79367,48161.38037767655
88430,14773.638626320722
79428,18883.568720037823
76247,27538.180966334257
90955,22243.57045983407
100711,2127.8194628999045
83720,17147.36649228271
93618,21293.637676954517
94754,13933.510226610939
78740,23127.123278967723
106522,21484.044874928448
90165,8890.572109961835
99615,3698.918657404176
88112,12070.034894034809
90759,23123.559997340988
91835,15993.129647347949
91563,34133.14252634835
92736,31127.466239745492
96939,21370.371000958385
100301,7896.2911970796995
80143,19238.90196353346
108141,10162.71141853289
99743,5788.239621337649
98627,17214.561212570377
86233,9979.552824421917
104568,17812.28109128065
96489,8803.568563551129
79018,15948.60095397408
92173,26348.231307566144
81198,14504.352700322701
102450,16119.881922723966
105038,16739.91216554709
93284,19590.642396516378
85848,14724.41608899745
89587,11199.96672565967
91457,13997.945364108671
88804,8953.525997289848
97228,9730.216430546516
105841,31576.133318191438
107331,18120.77231093269
81008,12060.297958523443
81853,21914.501763521108
103283,14312.626845184666
79036,20696.73752392008
90376,11422.725655948601
97271,3380.936789017438
82967,9911.619474318253
83663,6623.009957953931
81640,21189.212618245012
99076,24509.22815881164
107790,17753.445199608825
96460,7702.265253961843
88286,13915.147098519414
86545,11183.068980979107
97634,14164.531681015727
94452,14912.313690430457
94409,20272.858622045715
104877,8965.020128710537
102952,11295.77191153571
91502,17603.054097103137
105695,6377.237157302679
78608,8969.369790486486
77384,34618.829690714796
82188,23245.661635341803
81054,14897.770625522739
92709,20222.4422324319
98260,8247.690294282025
78996,17681.685527383655
103868,6350.48772046864
81809,34124.043108185724
84251,9950.549368875749
103762,6813.34500469625
101479,12217.225610274501
90533,9294.257628261848
84636,5822.0655359413795
103208,3403.1765127988856
90274,11168.772397939882
87517,15029.428713178853
79671,28943.510269528117
81486,33790.74986059601
89338,21423.52863921695
76912,12682.632278687626
89675,12143.73150584801
101294,6847.477612930275
98316,9384.437909399272
82457,15129.793239631843
78558,16129.719399904345
107933,11067.494461117667
87555,18347.62443566708
80873,14587.969200720394
94717,24984.102771377988
78922,19089.77219128819
87376,9602.702819209833
79203,24449.148380655686
83801,12967.905738522753
80314,17735.55962618228
96011,7198.84004815644
106585,24928.604677237152
94122,22749.01492830499
101723,14378.029773998544
95561,23073.146800066377
82751,13211.649837683757
107424,25821.157094865273
108316,25328.891036095956
79229,6376.1822298444895
104835,3127.2357238991844
106289,10808.736703569848
89876,11019.561557912184
96917,9554.215777112904
85982,27939.287385783406
105023,17188.370421209544
76749,28844.098075214002
76453,25619.622939586116
98954,10409.57538502491
101783,11246.716157964733
96734,5972.415927641683
76884,17993.209528109554
84277,12004.641815458428
104756,9172.631720780648
89268,19819.15781925997
78955,21973.9668037369
99279,8206.149369738796
77361,27439.921878597946
97823,19783.89560050717
84313,9181.5571109782
80520,22420.818439276634
105472,23557.727137562077
77671,17359.656170165686
93098,20883.981557110415
86559,17235.372319976683
86582,11672.768880315802
79414,11667.250825385574
97179,17204.58805330834
94617,25792.176953137045
85780,4040.8354822062356
90904,28855.607548525302
103178,5622.245526815614
105752,14344.661378498751
82636,2784.4729624706288
81069,14465.617653410634
76784,2255.994330456395
105061,41234.45402562539
100732,9797.588115203687
106562,9409.162605749409
102833,9268.158995265028
79029,16955.181894792786
91944,31754.953082490698
99849,5706.296809881151
85213,18892.597986525467
92653,17004.932584858376
90824,8449.383657590644
102752,15398.532822234753
106732,18615.523288203047
77076,13707.873162879736
101825,19470.037229309455
78920,27145.418260975763
107404,16043.270271868467
80053,7607.402791062603
108062,12706.941750841506
88256,15903.982995470982
93809,27471.61272438847
97342,11838.597653591054
101308,3637.490508952931
94366,22707.39762649607
88228,9291.121776740176
91471,23493.665810844825
92294,15530.564109758407
92018,25734.28948256867
77448,37100.2468016939
91091,13202.102792459453
90892,10692.9248377356
93754,28093.14641781304
103644,7656.693443838187
101170,-85.12815398998464
87238,19356.82897398976
103651,18325.80959207293
108015,19962.023022105983
96704,9361.50335986982
87938,10479.4030860899
82456,12318.476905862304
94735,28023.410895153567
79831,17882.319173432898
99435,17143.768746105045
77407,20619.99005527282
105163,12402.22664298426
90450,22618.310173843987
101144,3571.1649132724997
85101,8781.0728874856
102152,14037.886135655912
96445,29470.861408241566
93062,45642.164506229106
100172,9848.428277023078
91519,20001.334172805982
77563,99684.95700447849
106245,14234.02016009787
78606,30100.244802980465
94171,17403.059643905945
82263,7627.396786021256
104528,3695.651697039946
90918,27839.215000945005
85512,8605.30272637725
88317,10090.759201220066
77807,12771.004747539659
96992,8971.725221578987
93802,25170.162328711398
108022,27841.951734032722
97029,11208.901766509332
92027,34054.533715268895
88331,9714.586198844987
81387,11870.969584458717
78465,14034.90754438281
104119,13945.581367401395
86438,4472.760632464891
78315,12825.15709967781
102212,11814.50691936474
83625,16508.71204540361
99983,3748.3868186254495
93838,16203.213942716859
86485,14543.854395946222
99164,17882.295991006184
100640,15098.508435224816
91693,26809.497541544624
90195,5946.970090979838
85076,7846.514015853554
83090,6610.6026616606305
84161,11188.946459479183
85985,16052.499485462273
84759,11444.287918842758
105838,5439.002184894636
94748,21402.129021898672
108188,17274.886332352715
94465,19484.904102988115
81856,13213.834793356757
102715,11508.12872393864
106448,18646.101225449805
103923,-999.8983970010686
79482,29161.000194798016
86062,10232.419045505208
95217,21439.431519658643
95712,37228.17343277138
98498,5790.698455562397
79175,10919.40465158698
82244,16652.928610788294
91792,33125.217230527574
81626,26133.194816317067
83185,16610.109979319957
83134,12781.850765637175
97667,9863.827480837861
90780,14911.581776175613
79383,26547.60049933313
78440,30063.680394307354
93657,19335.536817450913
98771,24067.96075688016
103569,17857.671485103805
84696,23944.653389519422
104235,15893.40414955209
89916,12438.471128763067
108238,11185.072357115623
97737,21632.97094404515
95184,34178.82951752173
77985,25542.468038690793
100680,13524.125301203136
105919,27477.045291904884
102177,11028.482378119588
99133,4639.438654548496
85097,7744.917977649447
102464,5920.11192580951
83036,3206.550014748467
82142,20655.825271058333
92118,13470.257911340526
79734,15472.118195098974
107861,19143.144050964078
98253,8871.8649402693
103183,8717.740115345856
98112,11129.886935686412
82339,20044.988163516442
84875,13869.577527000158
99774,22170.473350487
101808,3458.0449764986915
88731,10611.373242177044
84055,3784.322345720102
87777,9506.228287184076
93362,17294.500358834295
96195,7102.4364994554935
87650,8854.185058125815
105329,4619.815149187891
84167,10282.387410796255
79667,19469.770945563865
85111,16120.706458068555
79561,15928.013947367164
81753,26816.688168219138
99584,10938.093739536484
107389,4027.6619125693123
77634,48118.58134037531
97353,9960.300612456736
88362,6200.366273077698
78923,27066.51451883163
78687,21245.65838404715
79611,12472.362333428024
97264,4889.1032484849675
104372,7118.8513297230875
88340,7982.958606535651
81409,12262.348134324351
102716,7877.825638082855
100489,7702.485952267993
86616,9797.115163663657
96450,7405.067708452449
103898,8979.474825116984
78965,13487.757824886929
77910,15020.672507906333
85534,9133.63867601833
81814,18136.156206123323
88537,14535.579295888387
97930,3538.697060433373
98346,12397.481627408242
96397,17432.419132926625
106812,31804.936370237978
88599,15884.398085451692
102760,12533.98563819068
94884,26502.4095026442
77319,29922.396131743168
77255,8794.725813106195
79483,19150.488595195275
93869,18657.954252281525
78283,27407.40506936687
79491,10966.32394939189
79679,16551.37635009488
104817,7678.195599140636
81355,35683.25107676743
102513,18122.469714683633
102311,9261.661724333391
94639,28628.511973473993
92057,25017.52053892865
108057,8989.730773928555
78415,25378.094123530424
91755,18834.075607749375
94507,17246.152488566153
77368,24971.9253726346
88838,15362.85496789011
86482,11712.5776099018
103032,10151.428127743126
101482,7490.297366463414
95744,19418.314089142958
76424,65.80290054134639
98537,14342.29157665192
100039,9799.066457798646
76025,19847.29600125976
82426,4239.613118476393
88387,10702.100105359916
100785,14893.076293763414
84030,8737.863275258836
107046,12415.82589383307
80159,6548.207629098952
81743,29198.470842755265
85348,10120.352341021844
79901,24489.765989850137
108373,20950.235439727563
79436,13507.87989284941
83626,12477.963217024959
84211,10646.166634021198
107879,10671.044176954276
107245,15019.670847936552
102868,14294.92791169685
98034,11960.116234756131
101634,13927.973677189264
78902,18853.40785126172
104908,24456.878344372883
108265,12688.835132075514
89613,15448.899341528151
100852,4693.608375623246
101045,15697.246214877705
98194,11783.491443634222
87876,8389.364906186074
88436,4666.678887306065
103563,12094.305426793524
92679,10675.939559451548
97639,14049.681906377067
101310,8080.597067950308
107398,22542.031216640284
98740,5461.001796766686
103081,5368.607841412473
93701,42140.17557541588
88341,9411.593724750504
91276,20401.540095049044
78877,18275.058458075186
100579,-8347.926140218917
76474,22467.465231688526
100963,10458.954741788315
98672,1571.7246813951915
94737,21720.50656133214
106382,7437.600653121876
90771,21891.494402361022
82118,19526.31470467215
104839,26346.932346675894
88881,4962.7936386524725
91400,30585.13506545782
89615,-753.7954583211922
95916,33272.81196504368
99952,9481.056240221369
95605,21401.211750676004
108251,14290.630064580018
88507,12295.847774313695
97142,22100.954808400144
97129,13970.417905419497
106320,879.3848296082015
104569,4421.534031267021
86018,15994.025007022421
98054,7592.252064724184
85925,16861.30293459296
82859,8849.497139484067
107329,19714.93291500332
90943,26823.87430529158
83393,7235.438150779688
108091,16140.318916973582
81571,21271.608630950574
102704,8188.372465223051
89511,8273.835424132683
86361,16507.117271172567
86449,8254.899023197566
91048,27582.1432179931
88932,10391.826679682312
97096,12776.544487533589
92493,29206.173903498966
106005,29581.105032162544
92101,21543.42623620347
85618,11655.332482100457
92275,8781.72126755243
104354,8015.356828762597
100165,5716.099929717389
102137,9999.514691950633
92251,14669.247500015415
102299,12065.470413110172
93358,25911.544712253097
91807,38757.57845020926
108402,15021.377260306426
77155,25841.299058623525
79195,24525.92504025493
96974,9578.202128062065
105848,9699.00504658552
105425,8657.751024479236
103620,14185.76807202337
79238,31056.451063919067
82292,21069.530032675164
84451,4327.816606166278
93942,20493.779508981497
104577,6850.705383690565
105690,23705.695846163537
93421,12704.435582031161
94411,21927.573582610024
103746,3894.787143296693
104927,13884.756940994059
105798,10151.53721420992
88601,7700.7915396480275
87898,8282.876073283238
87580,10956.362691669783
106294,29392.071082730523
83194,10296.119878262394
76073,19687.65339880115
98161,8035.8971921654065
99152,5449.990661292513
78180,11836.151983012202
102662,6704.928089564606
98915,14269.851577309582
103302,9309.688157510569
107764,12093.893684921273
79227,19348.28659176588
96799,11426.99662957148
106081,19072.10251827451
107508,26125.563371228294
97995,15908.67474026194
97586,21154.194057617304
87104,28909.24421416521
92790,36358.03110795309
101900,13293.025960803056
107104,14935.974777611782
93384,25569.76377390192
100649,2719.701792953687
94525,27249.554832608083
103004,15490.561156161968
81477,51486.256516993715
94774,17228.852920772442
86403,15307.781468830322
95958,10633.16234205653
85977,18315.870700249674
106000,23576.418125411266
80189,31053.293406638306
105330,22671.09343706405
98119,12169.041471700963
108242,17628.802670399215
86122,8120.421960348689
90847,15428.18749321485
78649,17917.618701740197
78043,28764.069224623338
83454,14668.999597676422
98842,11687.134745169771
80378,30376.510646996896
100525,6474.0429360262515
101979,8851.186506027567
93192,33208.046785608196
96062,8720.15284922653
96319,8589.813058998687
81121,45072.69015774997
96527,13970.293811820582
76762,48465.0481013841
89658,8854.016482962104
97136,13116.374571035258
91941,25454.508315551444
107113,8336.423381702783
86846,7679.02128210232
102674,15377.107070343347
85905,19171.32257394266
78034,13924.448512938785
96919,6625.739636159418
81474,24308.719536849752
92121,15120.490662526747
108308,27936.807544268424
105113,16329.044085542599
77939,30342.203061250642
76253,25544.25832512741
86272,11392.425768443514
103786,14308.597576633358
77663,23948.834533778638
90143,16390.51826984658
83487,15683.673016587913
99629,5252.476837109956
78016,40016.05157291946
97062,15604.238132050747
87499,17884.188039038425
104580,877.0506431688027
92086,21131.907722077405
81704,23999.72925874278
85458,17466.64103900724
94697,26388.82951611623
95730,39435.708816998194
95533,38729.82611706253
76852,11828.906060772151
83813,17441.57378094027
91465,23198.488086570338
98380,9302.283596077283
86923,14968.531278976014
81159,30621.460207083575
99462,12188.758866469983
86553,8317.525929481699
96547,13199.359163203942
77542,10547.98708410915
91704,24951.03943271163
103567,14851.785823066173
98508,9541.534723047893
94989,11997.182354690654
96305,12345.695045818218
103772,15516.650592630795
89923,10022.586396748342
84616,15615.68613958069
99970,10254.97305927291
100286,5930.0388398028845
95785,14030.165338817715
77239,9071.842541832752
103828,10063.258897941894
86204,19764.156155044082
96855,8022.867627602009
90132,6399.283745181245
83949,3587.4898527882197
97042,8476.429417032039
81439,4250.7325336891645
78200,28780.592803996708
96583,17460.124312208907
77935,15137.445570925747
91759,17171.158334450527
104912,17514.296541579988
95613,13513.555246914679
105447,9178.773798545142
89828,13811.62722893777
97297,26152.36581355772
107599,20063.59732783921
103109,5712.857506955872
76094,13025.885478998975
104324,17337.40842007349
82877,17583.961067610213
88953,12236.505137788692
106644,19574.50261942535
100086,9691.761119610586
103949,11182.821944240954
87447,14621.152782433819
103384,10251.550332244386
108506,16764.158662417118
82045,16709.556693847117
86346,22116.433165496266
92643,28881.680525280943
106532,8115.875249657666
100209,16567.614533540254
78371,19510.5309515965
79815,21854.676894814213
99946,7428.560105431405
85965,9911.921071431643
79558,22231.97819399598
108318,20156.912583828474
100907,5254.941506408604
85301,6366.302208135659
86214,5380.700636107209
76307,14383.244634087463
89487,11725.539408097377
90272,18943.330400817285
92470,22818.8306900685
89056,16137.01483153277
108376,11010.673612071707
90393,20458.437555533146
90202,8538.854250040076
95164,15087.769019273977
80501,19625.694936713433
80614,26954.176528788717
86354,12752.149344304757
103851,7027.816032832576
91517,56.33789444206013
80179,24680.89670523943
97710,13555.384622284822
94083,27691.226809778032
83733,9374.895508571064
105032,16016.703430041845
91064,25796.11737343322
94799,24976.1128372794
105548,21862.38166694835
94248,42865.294799198076
91984,27604.950981594033
105390,10425.412602270535
84137,4142.257796905911
84643,8079.415518355993
94173,25163.482361152805
89789,12570.133582862425
99329,5800.830713029136
107125,13126.506594534327
81011,12402.565334501236
92062,48762.79413225724
76630,24474.016225641764
89022,7939.736980667567
91463,28236.384697443325
101563,18224.1051717495
104307,27584.205394798613
95572,20185.18725058648
91019,17147.52246127938
76966,16779.070224188486
76916,28317.529801793382
82319,22478.219688683796
93863,21732.306861879923
96798,29942.650633013654
87072,17714.978535522157
92771,17896.34905275723
105915,7424.885277566225
106830,10520.771214925271
88798,20192.992141260675
81750,9182.335994162902
90415,10678.116883911516
91110,26709.747542786616
82187,30095.173082771165
102386,11382.951130370813
103517,6428.677303149449
86270,25551.20548522532
83526,14031.349347816658
83728,13682.729400113516
76878,10648.106864930935
99712,15966.580302431703
92556,7562.47940929775
89879,3241.812886262367
85276,7795.412610807076
85272,11555.949272606747
82645,9992.040017195442
81445,13136.395249867119
97841,16805.85822991631
97088,19682.846958295115
87735,8403.083924957227
100748,18517.979975957056
94315,27036.103623556417
105218,21248.430150835087
79295,20268.00111210757
85482,10047.764392832207
105112,11268.84831786026
98458,13326.12001095689
98177,3524.2181263949115
92392,20062.60953765903
106885,6861.098814805551
94239,24991.320517761487
98355,4811.746246793444
81111,23786.997329756367
101464,9862.030937247247
92070,22131.788806481272
98707,23005.638259503507
91095,18459.39787023545
84486,13532.802756853056
82898,15290.371479139409
108233,10250.288738879448
80001,25170.610870985223
83538,13140.246143171367
88563,7727.251469755345
98871,8136.117830749701
80645,62511.903945343955
82054,19808.70546458683
86397,10387.238598973721
97865,14131.975791366849
81700,36158.13541570639
100417,10386.829378682558
91017,19118.908953740734
95218,23383.007201636137
105519,11220.140956730324
98097,12324.944385869137
89232,10203.080119355702
104997,13947.127373829206
94952,45399.58657948181
87017,12170.36459904867
94876,31381.12214429563
87741,12457.964607786404
82776,9458.321543933002
106221,20691.289476422855
100602,13548.56658588806
105337,10177.298147807787
94476,20862.846440268007
82899,11507.588896730884
79145,30220.103787281998
90481,18885.570692233385
92396,23855.275500716176
94605,23008.375578693493
101668,8509.474795499365
79742,8376.129021217592
84465,18543.75430160996
86828,11374.618228729909
84944,16672.707651737444
93680,27827.4133916696
85778,2897.9480778147426
82841,10057.989878143026
96597,27758.733529723486
106852,9807.132122470615
88003,14692.864615724651
90461,7038.281482938208
91184,16516.794149716086
88055,15393.264165153785
99180,10347.363640258405
87766,14572.00853504893
86691,12329.389569134812
107751,34074.40516632366
94882,26861.40164296425
78637,26808.26360056665
100601,14309.313081133783
106271,8004.359043125929
94355,26196.21161090125
103261,9833.447715851444
84449,5652.482306921762
79799,22192.497616336223
78481,11822.274981337043
76569,29699.473115688994
90516,20200.81863994166
91054,29645.378178289393
97435,8912.79950744574
91203,17486.021817962705
86130,196.824307357796
93768,26194.11977998723
95494,26994.671863281714
94319,37103.25143739659
83638,12831.596129326757
82289,32513.97718562359
107990,17068.848129641105
76261,13488.212311460069
103466,14381.703570091151
91403,22637.561546959874
106025,14838.460712984695
79465,26027.014167013185
102871,17589.006591641744
108446,10781.318409605434
107305,25422.863609564218
80190,24526.844511320684
81649,13891.839409937747
104611,14325.326693817453
79821,30615.834563585282
106756,10353.400412404948
94209,27568.779462937964
81524,23202.807531933722
102947,9188.08252338945
87868,10972.221861211212
95933,16898.876758703518
86850,6812.896729451428
108381,16087.550968843689
88771,5847.431438556412
83105,11546.17921880219
93264,35525.400205643426
93240,25875.211309946288
94060,29813.215431523553
95003,15936.642069360338
105812,21951.59625986591
76675,26785.525946718066
91421,19097.896927953425
102047,14025.293337142215
76316,19853.351393473662
108385,37297.84024917516
80043,23590.92530988082
80122,10406.508507275827
76885,12137.218481905831
100765,13429.420880368458
90748,6027.074372729938
90799,13490.346152429214
98792,15553.364880031022
90085,5921.945580703903
96967,12886.245996584046
77008,25995.935264033018
100132,12785.131104864282
90720,16923.193672862064
105966,12681.290067127928
75981,16270.58926502142
83312,16205.849221428096
106478,15595.123452714759
107800,14503.210792524233
103769,10656.529395234797
91814,23458.045428137615
92683,26131.471952574037
93319,26823.30583243965
90670,15017.66959508957
105982,16063.804212712783
96565,12560.240853899642
89299,21674.311584287138
87406,7693.305423674483
93260,35420.158629316946
101201,18764.88297200586
85414,16226.498271924906
87273,12156.580720746297
77653,19014.63532674597
94848,27926.308766178903
81983,12111.269695986515
98927,7545.344270389933
105078,14381.905985761632
102825,9546.597157732172
91211,18089.692599931514
83862,8482.608047881607
76624,14972.379032781351
96502,6225.743491470877
93149,32841.557636058635
105761,18977.134958109127
81327,7636.1172017599165
76688,12663.147304694263
99302,5809.979344502015
89052,24150.86920339011
106892,16695.839526288146
97157,15733.381659450766
87715,13004.607596256512
104669,21234.306438741507
108522,15035.12291526645
104725,30633.56510091947
86473,10690.494368326446
107402,23618.008790451957
99376,22385.485529743855
105473,7468.981834664934
101761,18778.374724346682
100229,1980.0373637658613
104122,1640.1900158031422
103433,11509.003754895804
95259,26547.56162098755
76691,13483.246465952085
81526,30567.860445273385
90817,15246.26597943164
106577,25237.9974733428
105900,15935.834631931764
86342,16817.969643551074
100902,9523.114011922167
84715,6739.198259472512
90605,11796.428351953517
80255,12170.229291443615
84484,6267.76947997539
82894,5444.215636023302
86148,8697.561315320629
100981,10044.51257100825
104559,25642.64838119958
96603,7372.200133274628
79461,14339.239793752844
83864,6593.569698545425
99364,12831.914173915917
98182,-4698.115658988789
85145,18883.96836747112
102591,10066.827457419633
91416,28704.12094493412
89032,15672.127311903669
98530,8908.37822465068
98214,11199.383351148386
87931,6196.51293759528
90835,22262.59504781622
82398,26353.701962251387
104749,6051.786456077281
90735,12519.967197339154
105444,19046.553044404413
90324,14389.091791838206
102500,14185.78567496311
106702,1736.8162195355308
90727,7151.302509828733
97427,17281.353659181445
99844,11358.639886611092
94541,46551.36058259681
84483,18223.816525157807
100773,7684.68160820849
97910,4284.348600922944
97461,13812.041853457675
104846,7008.451967018304
83951,14913.189878980678
90276,14092.11680692909
85508,14290.526791747394
90153,11171.33234613432
89830,22015.145360744136
89708,16914.526077968254
98504,22180.294483289224
80397,24378.005370532977
76172,31712.04464697277
85446,12405.627122711961
96732,11317.655759231666
90781,5723.328109382275
86208,9955.587342167859
87814,11168.034825813553
90938,32511.852520555018
91231,23509.853453014548
80979,20184.668564789506
85098,15463.734751506034
82160,45018.75736838864
82809,22085.243989825933
86468,15306.805475382684
104758,2168.043964427823
79772,30882.910457576385
94343,21981.327105474844
91304,26514.828989531678
88751,12760.48453335612
108437,42099.08738667434
94059,27487.42891314196
101856,7814.707474422528
76319,15605.596769242904
77918,27550.573952035284
81976,35950.43226403693
108377,19897.472910852783
95984,27626.9929946317
102208,13858.519878929024
84420,18293.72751163389
103716,11238.963711120403
106428,9045.235769465511
94602,17377.97720243528
101119,4890.159169525954
77387,14235.566485347092
107227,15380.704024937426
86164,13224.983534813193
85096,12989.335268595061
108198,5848.120158441936
86401,9570.276266194323
86386,8323.053771530798
82726,12676.763943112615
91977,28929.574685652224
87805,19050.832694095196
92810,41324.8412833554
92387,31541.862697750752
76117,19549.413120192527
103862,12000.95233905072
86962,15478.749861071366
77023,48168.86103924714
102863,10655.463105904892
85375,10114.431192044645
84363,15700.62363548864
77485,15208.314517321647
99266,8017.787235610025
100253,14265.357143212274
79037,15377.385093393641
92228,33342.973280371814
84144,14559.159326934754
96577,8971.246387648192
81837,14262.315317822366
77791,20218.94480002774
80717,17448.79950852739
88865,12322.175510701138
103611,15465.779183172683
96150,27770.78760241611
98071,28506.79992638753
90964,19089.861263622533
108523,28034.13631175925
89431,12503.124912497366
107595,21027.578252493287
94778,23856.636569055972
91385,19197.851304886408
99288,22349.87076789363
82885,15015.217387524663
100437,10930.922195377068
88938,18105.675761623337
98801,16966.49861159828
107023,5298.2147388877875
88675,26960.97496380457
90159,14483.960909179305
85804,14240.102877088202
80088,29134.702001513353
94929,37157.666213169534
100421,13884.376082322053
90603,10045.925217764818
101899,10668.456952030305
83201,15613.299916814327
96023,12662.085149501874
102019,14303.724971585076
106863,23122.42960972245
108263,23539.193559792213
100605,11708.912001087341
100998,6094.706296198374
105544,21103.83289980928
104343,8196.250597101833
89692,5608.590916520656
106309,12362.877737976518
86065,6315.835080434785
86436,8544.893200979976
103991,7272.821096824868
92712,31353.49500504304
89709,15812.438977359896
95415,26502.559210547668
84959,18428.913478523857
89069,14430.661288717387
85580,16317.116723363775
100728,10606.774048966821
80638,33399.26735573702
105713,6714.836615982369
98494,9251.31263100509
94819,27295.729161138748
83800,6095.632553056261
91085,18154.893459502022
102276,9824.792036805327
96111,13962.756624566167
90891,22029.726511932393
80010,7916.903096420847
99501,9041.91206029313
105431,15054.08238170295
82161,11539.473595005922
97426,5817.86320291538
100242,18797.31146131298
102470,15256.24303545256
94769,40251.82416387476
83472,11330.61689017676
81138,29245.373112531546
82719,16416.221740024794
97305,12944.01536660127
77744,11943.914902608567
83536,12290.568690620592
85355,10698.316979631603
84273,14382.141849057502
100061,9962.480655006344
78109,29545.888503429847
86119,14648.380313947266
100274,9592.253140057977
90390,16349.26850350937
93338,28302.557545931573
97460,8058.63671957625
87833,14884.381532812586
107064,23789.3025754674
80942,5274.596652158936
87473,12722.603816363815
105869,12232.30093829038
91776,30295.725427142752
85853,15987.653722244675
94909,20094.466977186934
82407,15778.82370962609
97633,12063.779488781924
80176,22520.66574675316
88572,4340.982532014385
97971,46460.90891000496
88633,17534.892231282887
76234,19638.643923256743
98579,6317.6910359080175
90034,14533.193089956792
80857,26667.6288138284
85633,11313.403990699047
97760,19051.02901471797
88831,8859.17935225222
101303,6616.150083049137
104373,11759.239301282218
83512,7160.154773267011
102692,10577.564600339045
87092,6748.029769554785
104305,20181.96830652626
95344,22706.050926215554
76629,27203.37316960233
83699,4869.345855334632
99290,6915.941753025418
93528,35870.045879598714
107251,9259.168017018535
103980,14190.817558752944
94469,36734.24243327189
96448,12719.129036187313
93511,20702.49926005739
101249,14823.27893464023
90543,13494.308884560176
94928,21270.224473745453
102623,14594.488479797476
79505,11266.56346401803
90175,19158.483562701847
77417,16117.900134883746
80974,24544.29184675245
78874,13529.930898797986
103376,3958.7761542312874
106490,24497.664825133754
103267,5832.207812209726
92434,30204.504141091013
94016,34449.44023521869
107217,21934.34577813745
100783,3311.0786015348785
104306,9103.240271245508
107691,42495.45665289065
79101,23460.761615573327
79607,15652.821481361114
96910,14470.827648977498
104648,17449.337061810453
97752,8011.310033884114
91917,22314.669962225307
78307,32616.197390977075
77462,9705.108817795695
92958,39899.56767518805
92148,35044.885317329645
93317,26154.02615546294
77824,23469.407925018844
81043,19525.126228264613
77339,14903.06399528165
95942,21574.093750642514
106865,20497.559603411322
100781,12036.886134077093
82907,7130.80807642169
98541,26224.263689312036
99032,3923.021283898508
94935,21702.874813171224
88567,14184.150696307624
103765,14037.370225047955
82436,10633.583665911878
87940,10628.582664688915
83542,21010.199044617893
80229,34372.47248596545
99988,14684.62314211399
83379,12716.6928283409
100404,11257.002089039936
76340,20459.344324062724
104105,8499.035404270426
107460,22191.520879843352
83058,10185.374165282214
87987,9370.046517814455
105926,4484.632079216408
92263,25835.98570008782
76100,16117.663244733123
98059,12903.146048275994
97622,20815.639552563447
100124,11094.246359770461
85132,14889.763662318006
90849,9226.944060440659
89461,8377.832155730997
104144,27293.031088370248
76429,31508.775756301475
95660,34642.17248516449
93649,15255.869364657145
86295,16920.085658532
91313,39331.282290460236
77778,31347.5691670336
76003,14958.765501805345
96131,12520.474934720145
80441,22151.545774008606
107065,20937.651958609677
87237,9106.07310479178
79135,33934.25052748367
79471,14176.149533131596
88444,10014.541695677399
80954,10000.000577295086
87030,18590.13745926377
82803,11626.491053247739
92307,18210.47913719991
103846,9431.372409477895
81505,48798.54643121105
96454,9249.164923012786
92723,24391.591644649492
85406,8445.619850222767
94692,22435.929425216636
96459,8177.449167494347
97045,-611.287371993847
88125,12483.025289868416
107173,21606.727961936722
86708,10783.848363925525
104799,8612.626525185473
99726,8890.825295222374
83300,8274.951665701898
87117,9695.152523987064
100398,10188.152485806142
82731,13751.793691741143
106322,31038.0249698277
83937,11127.825748574942
76509,22915.014646863772
85158,10507.963774028622
90411,18397.46833020612
79751,20182.417182880698
103864,7020.804598896015
85183,8437.108521462653
83429,8659.65821799879
104401,5553.134962454013
102908,7808.285164420808
82107,21149.656167940004
83546,16510.352112120938
101326,8570.74099154096
83489,13585.746759123816
95464,15346.58185018677
95312,22662.189395395497
76958,13104.920448661116
87284,4610.213909973378
93565,33686.3293522331
91521,29729.890289097115
103751,10484.73555695262
102806,3012.0657084789364
83404,16255.780058322469
78539,26600.450614320533
106376,5819.041795021174
84742,20108.09463692586
80991,13942.700762453609
99185,9160.216977223281
81160,24926.153776641382
101309,5989.0017715777085
96620,23814.355491549737
85514,7535.951330082718
104504,11329.978706452024
90442,15937.271495703031
78824,16055.49333203503
93907,12281.610031196851
92574,34818.231175584784
87966,10009.871058518871
84013,5251.335007555008
76192,15573.309503894592
101039,15059.097218855008
93377,26096.302416621344
89911,12152.759508147688
82649,6947.505840771262
92244,31160.772299047356
79456,20007.00608642285
84577,6774.1088107343985
101829,11775.056047984235
82454,9436.226060074985
90738,11019.168981804434
78614,32086.322569219956
105723,14783.442383974303
92281,10057.689884497258
83361,5323.421586930455
87484,10275.972869823821
94268,24541.047249680018
102791,7258.506882163923
80098,36307.798825540754
91058,16542.35694998423
94029,27482.27505381297
88543,11742.183094323547
81670,20111.39734577251
101579,14140.664901750879
78436,17851.552445400463
106875,13872.777452123382
87655,16248.330469929078
91929,28941.73240801183
91251,19964.83700167636
89471,10721.830371836357
97578,7825.34965557567
82672,11689.92073340911
78444,22426.18019299676
100808,13960.841130803969
88869,10502.776705558255
85357,11076.255668270242
89167,13940.85127317588
106862,24624.351143787328
91281,39353.59824276606
87788,14584.58640687995
95287,19208.27099122883
85680,8023.673060368392
94781,23217.955177422256
84268,11836.116661099983
91867,27631.837018689177
77714,22862.4434052726
103499,14307.569637338522
83996,10404.917384495278
84187,12336.529236568927
94237,21324.185000425452
86917,14627.342081936447
99891,20593.354376340314
100901,7569.034122876068
78556,27670.31602479689
98139,21614.89964105377
83447,17217.554478065987
80732,23281.046412528278
81168,13723.172102255632
101789,-572.2408945275492
96183,17216.991441627775
104888,22189.426296955935
79944,56757.4151965189
84752,7278.2828959728195
99274,4921.623760951983
101601,11677.044981693058
100509,13851.318419992407
83579,19414.223435435822
78657,16861.784991644367
97894,4261.794989985183
98305,17089.611204780216
81298,15870.791788451013
98132,11970.51188634098
83681,12230.40630998345
103875,14300.399017259591
96447,21911.811946853282
105060,23793.1093921169
79150,46800.1799521871
105628,21463.11998837388
84027,10362.87111233042
98984,25248.354968909087
103343,8580.460025298107
87304,12060.679534300327
92483,28848.729752621206
78555,18125.91401822588
78697,38919.20700363217
102830,10465.881746544868
105192,18295.507020336518
88749,10325.045652888526
97670,24667.78799204062
89034,6023.371712278713
101691,12924.897895564976
79307,21900.52445436379
92856,18043.340864384616
85540,4609.058445387045
86841,12378.560036153947
78144,22483.541318690368
106175,10008.907755380562
101199,14321.835046371514
106284,15157.679267368569
107920,6290.408680672848
85677,19657.302458664126
80672,26245.619055979456
87751,11154.791601203726
81660,21807.52611946269
104608,17411.24705131056
90356,15126.719362593525
96037,24412.230095497835
85376,9547.208484585928
94596,16685.079820611976
88457,11079.323449665048
92475,16010.74566578482
81195,19975.428738594845
92529,32535.19787939183
96471,17129.174675170627
107840,13099.052285002668
84210,8968.316749646994
103192,15854.510785729242
101468,14356.940875822911
105529,23495.461044339863
97367,7367.3528788484855
86100,7769.355670175817
106778,14279.840798547888
81881,27684.470311499237
89597,13212.634647195497
95589,24878.624582538556
78552,46716.27589849884
105240,21963.32181123871
83448,11730.339435871896
83290,7234.657174706772
93867,32316.46260328713
104187,23864.561724575433
90760,16309.246060686513
89599,6757.322763629487
94415,15194.54436264695
105080,6144.741909625785
100371,12121.981554777063
80360,34554.5367709755
101046,4933.954012802948
76264,16060.30024396179
93041,25306.709163758464
104160,12807.05121782429
78058,46905.40102634293
93770,18856.3592529755
101223,4319.801777422577
101983,7492.588500939555
98730,13781.420694897199
89800,12319.1218273594
88196,12622.878399161142
97641,4982.136297357816
103870,13960.964597254126
84704,5590.21458182505
77526,19325.282659295066
77738,21166.71666451392
90078,2331.1541335361035
94292,23861.85673294295
78838,20563.094635349258
81836,27206.739636755323
80276,26946.4322092555
108312,13717.47781510456
107467,24340.374678577547
79713,18980.161782786716
93468,33863.62881398122
97220,13166.17654523738
98297,12290.195309371426
91141,35642.42700836993
105107,18736.720043330803
89334,12140.254488470346
80077,23199.329898442425
85326,13828.861118416882
88677,16419.65005713691
86517,15596.228431015788
78770,26613.112374041848
82840,16728.248457005087
84256,10910.064166705972
92318,23940.791018417716
92119,18939.133390406503
94970,34014.66087447994
76714,13039.905188332781
89170,10412.373620026458
90548,12104.071668315068
92194,27648.964267643343
78522,24035.288761613338
83527,16727.93230618331
104239,8062.169158910775
98128,26527.95420435343
80712,20628.26817283625
80259,14621.94527627219
78469,30591.368076214265
101923,879.631356166532
103655,8020.179849349634
101481,8895.169751656711
86550,15371.1178186851
90289,15397.633902899208
86255,12214.832100956199
80411,19305.631503055738
97263,12712.783886179936
91086,13990.728652457317
80675,12785.40537519882
77800,24934.42449582234
76613,31056.95676425266
87002,17493.296926137147
104952,14195.706285447737
94790,34158.902672587734
89888,15143.001728332496
106268,31719.94561502988
76926,11113.015051342634
90503,11114.167927065231
89083,20380.8941139627
92741,8792.306076591409
102911,15994.41127889714
84601,6147.774543719706
84846,7793.2637163317595
87884,15527.810066550594
88305,15455.097836169134
85335,11177.778287771336
89396,17061.84126174565
101992,7897.052631517383
90693,16368.145000581413
83262,11260.001412036545
81620,15362.464742303842
88435,14184.085536360848
80013,31386.163104666382
79539,23453.210447392055
85226,15526.923133574277
93522,32586.01919357256
77175,47342.082290201906
104947,9192.489457164113
100869,10028.83305919451
91575,34924.06064071518
105880,33633.88243796347
106564,21125.417858092645
100585,3597.2219104233427
107332,8149.038989400422
77295,27873.68326582676
90575,8374.730857742834
102261,5268.306570872266
108080,15085.529324404011
80364,21935.555734132802
92476,13003.24379112348
104078,20267.932204857338
79184,23601.79508166448
107575,9455.757177933378
79281,16460.90486617262
88560,15190.21240604735
84166,19411.50939032972
78054,10796.93328536781
97324,294.1311988860052
85558,12637.258081899567
95710,26475.587534257662
98600,3578.789801571398
89622,13766.262668921676
81838,13279.8802216056
90646,16214.805394916193
88110,3433.725668062669
104085,14215.835007112863
98242,12453.561883526378
106226,8546.818735972984
87500,10352.916074198944
104807,18181.53457821203
100160,13744.406323023022
105379,9715.416563552031
96754,22917.58060463731
84863,11715.320309101679
100130,13050.581310377403
93462,30890.806891569402
91640,12340.571247749549
95922,42287.95226516772
81137,26663.632916393653
78194,13400.682602590034
87308,11242.61126687906
106775,7640.11379468118
86629,12073.575256637245
87659,18187.520435697053
76404,20912.16272747941
87258,14819.731510809295
100560,12465.81087678083
78660,17432.331341578007
76485,20773.36293835689
99545,22034.571312846725
103074,9129.040121844322
77874,19019.054623402873
97514,13004.22816654317
103308,5908.630377638237
94753,34859.515875196696
80045,30857.17525048905
107089,29759.539531258655
101236,7313.613809994024
103264,18765.61818094322
94387,15172.048377661431
91926,18279.440986480324
99972,12046.45260787251
98651,5870.699142476344
94873,26653.73777504226
80722,14015.02687738356
95907,54436.60456537068
87746,15786.252012611585
90574,10207.59242135741
85387,13116.989322120942
84204,7675.444045908887
80453,17031.431975578605
95244,30468.444360649228
79952,17618.04492034519
105770,11317.259063352443
100419,17845.99071811319
84200,10124.64643714902
88059,13669.609436326771
85615,6291.515888303387
90795,5359.657113798903
97219,8404.915838036432
81380,14017.363070318184
78928,18053.367582021354
85613,19302.036731146447
90529,11766.732624930017
89825,12638.662773542588
107431,12700.03900602625
97707,5564.449327955619
76203,17124.77916084326
107808,19592.38779025346
106497,8155.528283493211
101925,4404.45624145154
95434,22012.83863707515
103718,13600.809746798539
103544,6527.117064379758
78735,20977.57909730375
101803,6630.157249356258
106491,21631.84484000662
85594,8620.73719182259
99930,14493.14167027102
100927,8305.00852341339
76097,21373.258868232155
89406,16895.248246753414
103773,6991.747510544437
107843,10868.869372679874
83507,16599.80883670117
89693,4983.0158433888155
101441,12984.689576188568
91438,10145.665659604434
82189,22616.733976412645
94224,24305.039888799532
105046,12392.72891710966
105441,10169.272762617617
97014,3152.093087838217
89955,9464.879094695281
85532,14326.907510496945
99916,11903.623775578442
103336,11339.224466826825
102567,18036.10688995858
77309,16273.248772770148
95074,25381.39218695731
105279,17293.47046670978
77443,37675.96900927845
100797,18762.297049144137
97954,834.0018687975953
104854,8739.415872057549
77615,15761.002779587072
99982,13088.841980258181
91956,18438.48902965236
79467,24752.102957123523
80293,13826.160823570626
78335,11402.229351552916
96252,21165.94422365669
94301,26394.057478004375
97832,14707.627671829132
103557,12254.137262448961
86997,11523.30450246354
78106,11491.124965061457
107176,13476.859383385106
102079,13222.223838728463
87624,17006.909566642036
108178,17415.607934234627
82226,6437.468013425965
85709,12229.894738869572
78061,40874.6421730916
98092,8941.900381940948
77846,18200.467013103145
91751,21606.927530511577
89344,17538.106095098046
78458,43921.918589750516
90444,13332.462028927053
100411,6023.731029010547
76272,22421.484101055757
83891,14341.793917746234
87391,25333.15045594092
83460,8577.40846306837
98018,6402.261262936181
99334,15778.780545432015
97352,14425.80361560188
85704,17479.683450715627
80151,15751.754008793865
83044,10873.796665479022
98476,6429.3086979617165
82495,25794.88757561788
100766,4710.298678637419
87429,9327.70059081175
80457,16874.844386248595
97923,12774.543330704622
84002,6256.711439926505
100461,16105.790023422054
101414,16157.787820969192
86834,15092.053183548669
79455,31180.057974070354
89913,7213.05219397342
88592,5898.4708519239775
90339,10044.187147640017
94894,31039.653289590624
76725,28002.096127880326
95859,25471.022951603554
92694,17203.461105361814
85619,11075.163229308135
107634,11494.94042206203
101014,7766.313021378585
91174,26025.23903694636
79521,15588.101592369429
97334,6869.750692273545
80761,20469.92890657045
81867,18180.894631010247
96925,16907.949370841325
89478,6798.467015427446
104606,19163.2453866763
77120,47973.569373729224
94436,18881.982255723484
96562,3403.6370372044257
100076,13969.48881996075
100900,7909.34234272757
87706,10027.650274242711
84868,8005.040676369071
77447,10052.895682351109
99633,15774.974645672117
107182,38003.22525679163
103805,6130.086148711789
79968,20148.906619271955
106861,27429.606029893046
81356,29734.430786097044
90962,36453.11246706401
102794,9930.627387764693
102702,10175.619279321192
101649,13703.961275137719
92766,11717.901970647828
95750,13523.631736310697
102296,18769.39963492848
106629,15028.928914588952
98746,11608.11656649967
95417,26009.631558835696
91178,16451.16996006647
103915,6308.395735942482
94148,24740.987961100655
92159,21575.652510243905
89562,13818.738821787078
84575,5131.0340607848975
98654,6931.830005415868
96212,21378.37269986283
102653,8191.035650942376
88269,12561.831668676801
79684,21734.374978394844
83922,12642.898247595433
91288,33061.20685630693
97422,12790.107849108836
85223,7916.659466438869
101422,13161.952018078457
80295,16908.53158135249
88778,20192.986003475482
102400,112.96679469961782
106858,18848.845702160907
91510,27192.0690814215
79257,23667.0388760549
106694,24778.225921087593
86646,20647.78389477128
100380,15440.98863228918
79631,27822.015910511578
83337,16441.050984989757
92866,16257.431366484187
93764,23060.80769747391
100701,11021.71293974929
85085,8629.075387324976
102731,2891.1941959793003
107928,26527.741659376472
95668,20303.64026670986
86229,12363.904871202312
102872,9500.09429763547
95063,39151.35560094281
86474,24701.589892717682
80950,41715.53879611173
84432,7124.014539281533
78964,9695.00881489708
86914,15387.786550051758
97272,23713.283786800937
99757,8196.709078001299
92235,22972.667997507935
87764,12014.953775620412
81233,3339.2646256361622
91506,29987.082290502694
77920,11312.50793990653
104487,25943.141161836218
102823,15825.841019974883
96590,10448.450922015381
101069,10555.292749084723
82549,9611.161691303405
77585,23468.45341836984
98854,49834.186316075415
82501,15775.915232466134
101386,8553.66578689857
86959,6330.429745559641
105135,22402.545914492435
100304,14071.080030046003
76999,25216.411269808592
93936,17513.722722630017
96755,6050.228229841225
102115,14924.3900571034
81953,7224.69249894931
80238,40956.12267546071
84324,8566.263400125135
105850,14300.370459228749
86327,9644.369108753119
87989,4456.028116950356
93530,35660.65578412165
99610,11881.117179298144
102129,14118.697391160533
100985,11191.586173780237
76008,48039.70765481732
77703,21887.546262836262
94691,18792.169560179354
103293,15534.34673091543
84439,12542.825692563241
77444,16697.69225015415
85455,11079.634859261576
93989,45276.20867235678
85336,10257.69707746494
100517,16189.662699316807
108179,27322.87876433119
77395,11464.454265070432
98462,11818.12739092682
84943,13233.497858543578
78028,29202.783265791848
81596,22746.894224134714
95852,33798.149523698725
88816,17028.105808983157
94448,25601.42270953612
86470,11110.827829026992
102503,9249.175894194192
105474,9377.261042351533
88119,9786.872097011033
96141,12448.889440577752
85763,9884.268403752276
105011,6761.056887810431
99747,4653.193597195501
108392,14824.355818567004
90949,17060.094594888924
105446,20870.846817741665
95792,26748.27776739542
94956,20674.783923462233
102277,2158.006188978632
77366,31682.41561596781
91112,22595.640227185366
76355,25397.066679493757
79142,22638.984469493204
103859,5405.963756911422
82352,15970.450307999039
86826,20521.216334315286
86754,10137.718773597177
104363,6664.562145464275
93154,30539.321255027433
90930,22300.235042518856
107269,15383.24767272438
104109,1258.5979307040925
100487,19851.951223785967
106527,14267.501833388176
96225,19536.893654496515
89925,7687.211797172944
76775,26973.61842782198
83082,17331.177978599484
105115,24286.482722787652
103481,7552.60781585479
105642,18759.59799311869
92703,21792.262242153556
90864,11147.193732311032
96072,6243.335766584438
98628,9926.021837652752
102378,11802.306038877008
85185,9086.548712951131
93707,31261.63885501562
98795,17062.415953596887
97577,4913.6635620527595
79804,20107.407312318228
95541,16719.89515014629
78568,42727.00266165096
79608,22341.314098118593
103860,13630.358441307993
98449,14299.661086205362
91377,26676.648504486082
103436,4279.67845205509
102582,11059.363660538696
78381,12147.597490951735
90999,17323.423356210846
89764,13674.40957263313
99515,8860.855584587747
89133,6807.081616026373
81859,31648.073343364005
108005,9576.49549680965
103733,9758.021515400222
105155,17586.440658041603
100185,2239.9407154019627
102347,15368.2580893372
107943,10058.02646474071
104445,10798.895891736433
90149,21854.41858425073
106593,14105.808761368495
94733,28343.22845807603
91481,25090.14854447966
100201,7310.696636047862
94149,18669.185170098994
101639,-3146.366692829788
81577,30747.55178354188
80120,26820.296695488454
85995,8689.267832791016
85199,8659.7442671521
85909,15740.066769734072
78676,25419.10450116969
91948,27726.45640383438
88041,15174.937269454138
92848,27471.22552059037
87598,8588.533842707262
83613,10560.710103927631
85054,11630.15041102305
96903,15311.9940424849
78725,11050.078443827922
94869,28954.504478635426
89121,4594.127208743597
79858,43579.778306809225
89079,14555.720039401574
77639,36921.332750807196
84498,8441.42337942115
90431,15827.725291874074
80553,10504.963128081148
90257,6138.147123132931
91607,26235.248349925798
82794,13328.547984304405
79243,28873.65373406653
93687,21355.69187001467
91774,27787.17883655375
104622,4608.082394036577
94152,13140.80866723259
107441,17560.76282305307
96359,11616.967335104058
105873,19925.544945202895
82415,11601.610627138827
106807,9211.17132303361
82732,18.2083172546063
105350,14786.941210424768
107206,11985.558694988775
82693,10158.318401450268
101998,13867.948407521044
107032,19999.90191872943
88200,13526.040488265127
105801,10952.83065619879
86649,10092.579186385223
104334,18586.295586592685
101972,5380.651126744691
99530,4351.212283368628
96201,11959.278177231357
105972,6593.203791993525
100425,9982.322024062209
106763,28440.651850898175
90434,3553.6467584073744
88690,7124.172593060811
88747,10320.098084918727
92158,17354.697452488024
104298,16766.248804984672
91527,20912.965424744893
91731,21457.44400877838
89575,5203.422047069362
107525,18834.163127711938
80805,21308.394339067818
87001,16522.49644541464
76256,28519.919586306947
106726,15376.451320537439
100912,16186.646072530195
78223,22037.841693279624
78232,35290.9887845283
79424,19346.3997501993
83551,12825.864469991111
98945,1873.3330327460226
101673,4391.040891081166
108525,14324.858683989194
92543,34480.15048954953
92373,18085.842476627688
96994,-4913.3396614288085
80957,22968.203893809103
104185,13902.550612370633
107318,23570.20403216003
89348,5718.672725863491
108046,23903.501507768106
107385,20530.46460172248
104247,24923.749389073826
79675,21441.33618062897
95374,21223.192796577605
108422,10627.49736828436
76584,28446.64789106832
94645,17454.651755443392
87779,11576.59297998923
76043,17852.23755426595
101605,10468.640626041215
83501,17200.749938181816
95444,23082.980185319713
92724,34236.21716332882
101099,17902.67108070295
105469,6772.540615657588
78289,27495.406124040113
90064,14410.53922259772
93527,16169.32965245342
102951,15353.48626689073
95138,19637.34998470796
90436,21126.357709282434
86900,11360.581564280934
107779,17781.867864152133
98096,4974.061883454444
89305,14913.723772681456
81735,14604.434454820052
91537,15797.286707998897
79302,15979.211073790917
106769,19021.757698188005
105306,10484.7757596242
106670,16719.343639636936
80113,34153.73446121993
87168,18483.328105628665
90710,3450.68789787863
90995,15715.516126626588
96388,12165.293489295478
88029,15059.425233740303
92389,14704.431867455432
102649,12206.919929311975
97530,8825.001617625312
88501,16190.46034803386
80998,22440.80852543925
89624,7096.85503930244
83063,8261.419153065846
90128,11985.029403390323
104897,6741.4442037300705
85490,20088.453078684717
99453,24673.97256532769
107743,16167.341507999632
105662,14869.800509987124
89186,14618.134749277624
93355,24370.314178981615
100497,11656.48980415794
104389,15244.759735882722
104476,12989.943892689214
94822,18211.127528274057
102639,7808.378838862564
86493,6411.319406547687
95602,28859.702429333003
86924,7191.782394614477
81852,9367.765951848838
102319,16302.544470186462
107863,12219.434268828683
82938,12425.105740528965
89666,6891.632912161947
92812,28235.219708483084
97393,6090.481993498755
92386,27136.957895454332
77152,9440.538410564139
107259,19838.94304083162
90094,8399.802428590481
103704,15407.887845481828
107194,22853.110837578166
86326,8094.114233508919
84993,10808.729322191703
83853,3374.4187843432937
98484,25313.750880960055
91880,21540.46848661834
89715,5336.512062256948
101393,9295.354646684727
87375,9981.302934285024
81722,13821.949818466555
91249,21315.562299961402
103603,16373.663845405063
96576,8064.2265603129545
77094,13710.655043014365
97706,17666.643261286154
76932,13948.19540297917
86648,17078.63645502691
95671,22227.37197507438
87831,13920.641501701626
82577,11922.550898679398
87475,10222.781200784746
99557,8697.117681420055
82882,-53.89317358531116
97798,10665.372941380982
99009,29528.94299737287
98120,9456.085563618084
86637,10797.896996470816
91310,18794.568833042336
101677,16086.791082493444
105146,8293.533354558436
99727,15681.792919190022
84169,4410.422663782851
91121,19536.820203782638
87151,13341.01104092941
107732,23982.72619975377
77136,29193.2790127481
77148,1591.5697735667673
104946,10424.626948591918
88249,9575.552119596612
105127,15804.005797868705
89504,18519.9929582339
81927,28608.085162960393
86452,17118.497632493265
78250,16982.628108257086
85921,24652.26986727262
81378,12822.031624013636
106286,11678.819205552249
82085,16476.72563250307
100957,13425.964945617628
98903,8765.53446427749
93994,39638.956548838265
95727,34880.48280655454
102483,19491.34300375285
85566,24498.773561644975
97406,4344.956050993085
76120,6922.070406658337
101642,9484.94405524468
86245,6467.675868579465
82830,16612.944320000235
85386,11395.889952862792
102072,11103.637555350011
81015,15945.40241231419
76016,35216.087501630216
103157,18879.512732678013
85980,12911.310544506961
107548,19393.420193819104
83411,17284.761423677268
99745,8581.504427542548
103338,9283.812001089515
100366,9727.38558740183
107718,24876.999982693946
91888,20685.470097251495
106559,11199.77096919227
102293,16283.438811444601
88007,14607.451078716678
100545,14462.30804775424
81498,18702.811790284366
81632,57568.42709664994
102626,3992.875439262809
91621,22150.10871929362
88591,6289.322675014502
87743,93.41645671415245
79289,32461.404842228963
79813,24981.479158606835
93561,35599.203776666975
99218,7700.055407293186
83575,18761.294392164706
86909,8859.787800334436
81952,8192.102946469393
82101,32025.20038342591
79912,14156.489526065025
106129,13254.071354757456
103614,11130.443837273717
108271,9982.743918246275
88813,9837.258303918034
105533,26595.05966946928
97693,15767.65113349375
106423,10432.232007733191
88858,10318.518265258168
79568,21330.86014876
78667,38486.50827591347
106744,20968.243566278943
79183,23150.481341266714
92329,21509.02249297713
93551,63310.41794062575
84807,5553.340255712294
106251,19701.6691013047
86816,10374.188723710507
85547,11167.111209287214
101577,8833.029702578064
103281,6473.868166541915
101919,10213.708398651412
97281,10991.10538214579
85353,21562.742479549728
99143,5778.83412994671
89606,17790.435814324865
108144,16504.954116071487
94628,23209.290305800903
78418,28834.598455747015
90238,22097.429873513327
97412,13938.431102863604
95368,23115.247408646497
80945,31793.283534946444
101657,15109.4926869901
92454,27055.65576630032
79075,12041.028630069804
81257,14980.940073960273
99019,11160.114421641978
91946,23637.59085250069
100356,8053.804170285096
88464,7009.6316464781485
82081,16320.479661855765
97199,10779.605183974105
99762,9375.600568085956
101497,6077.852420654546
83716,12316.900551401715
99067,18999.37565224225
107895,18747.641954507166
84198,-1275.9523192074685
106770,22012.551539025408
87767,15837.982116472383
102945,11382.726477907001
95956,22040.079530745592
81644,20352.106834913866
86278,6521.9870156994475
79399,9666.022872886278
80474,16838.74020302855
94588,30371.091231440667
108471,15106.567464864842
93417,15551.060287132335
104702,23442.78097756725
84151,3085.439818206527
76589,13487.414309155714
104490,8004.252513963627
86365,9115.497996355414
90620,4310.954434646475
81071,44785.290254398074
92311,25502.16473293186
103019,4011.5818301641957
100231,11164.47908972377
83298,16901.623084432314
97958,22156.949041749882
95436,27914.714946341788
85413,16707.46967696248
104619,14790.039203971428
84835,3168.2656475867752
86314,13715.673863003618
91780,37788.061621811226
88338,12306.137605908661
98012,8325.41165489423
91161,24228.185422635237
108156,3342.143514053847
80607,16563.11041207871
105607,21552.40635476982
106586,8831.432861230724
93442,9163.437181338613
101779,10386.830638804742
86324,9966.18128996102
101056,7163.374004050082
89524,5941.792883228743
96619,3403.2977418041173
102914,-4564.48702772875
105085,24585.323140557804
88414,15842.062632669955
94174,13487.607118375832
77296,14013.209244976491
93567,20913.7148857428
90823,10062.118062576144
83440,8414.810892607793
91053,24606.422688232204
87349,15941.691053676528
93853,16161.40249031021
88334,7684.745268346097
97251,13944.11166616124
108429,23555.471877109405
90331,13688.501859076701
86234,11493.92177595304
102632,8077.660286085684
82553,7106.515872188447
105227,20468.98821122741
76476,12321.053999765982
99277,7859.722767217008
107214,17661.816636822565
101622,10154.129406944556
91446,19835.57682155471
102009,9522.962781457165
87852,6965.5110702883285
93868,23632.310937346643
106100,23112.952612763995
84477,15894.663927349713
90371,4832.281529607806
101643,569.5704783742221
92270,34480.92099669943
91036,26794.351253418434
93120,11595.238095277487
96986,11055.034332802501
88712,15549.41820212892
107673,9513.963420476653
94689,38700.41304814211
91664,34159.97780367936
101139,6408.844970718723
100211,15010.885071451165
84843,15833.109564883329
99077,16444.079400340484
86601,9180.018107452386
82207,21966.650037644467
83457,10444.911600646234
78306,32837.92894867243
102397,12477.498974118902
103423,13481.09999906399
105818,5407.258494928334
97146,14491.61921749206
95680,18732.150599030574
102459,4235.108083834757
107092,13909.197659050806
92734,35217.542147803935
95647,27059.329960487485
77576,13345.860166284536
101530,12288.184695334618
87264,5617.7445959235865
88978,11798.410264508242
86197,10044.549178566813
107810,21579.388655283008
81681,19340.975670029475
105951,16182.631181217437
103476,12359.228573975575
100268,2740.5290892699213
92647,21859.710807247702
80498,18860.20581798565
90634,27205.1499787283
86670,16108.958256583985
108110,1372.0786713145426
83881,11769.029901044323
77006,13997.877602126595
83528,16844.733101938502
86178,5575.438814242943
105430,6673.576830557948
84321,17489.113940463387
90491,13335.030905646243
86339,13522.524346810313
92286,24201.278008634217
101926,18548.702852864437
106776,21021.426395989154
82619,14758.07422887651
79817,15592.900456205045
79626,18874.489713163657
87043,13656.786139006523
106571,16346.951300355668
87059,14716.621649781324
97729,10602.311147686896
100298,13624.853423913524
98256,11971.066579456765
97907,5799.889670065913
95953,21635.01524405635
91657,41423.623603125576
101343,14820.513509231096
82111,65755.23127976657
108388,14804.496102625853
88818,16412.14574761342
77029,28466.072292623077
104074,23209.44366193811
86201,6800.84647558293
81545,13989.22253792154
87713,16303.523674450389
92371,23654.129190081454
77156,8672.321825109873
76880,24315.76557149765
88282,11981.677203805648
96654,27569.012545842925
97866,24734.41540424004
90293,2442.155495623143
91292,19630.79594630006
77320,16624.78920794803
90383,6275.941239768308
100241,9330.806163556801
107973,9232.730223139344
79074,27051.331340320983
92862,21200.5257987202
96379,14941.114894451095
100683,11261.555480164134
76236,29165.700637834707
99113,13825.595308030704
100305,10980.352161741479
86570,3471.894774722634
93251,13313.271672273364
95890,16037.676784947053
104632,25595.69560496357
84213,23384.8024389883
107818,24157.491763292164
101521,11935.407348632536
83053,14860.031368435293
92890,21555.32122531693
107449,14718.351483782852
84022,5542.413998439535
90915,20392.147219660077
80324,45292.99709537834
81352,20651.16895610813
94642,18086.24277841957
76123,27776.56292579355
79202,26378.405937022355
104174,24992.50144081225
91030,26736.1937781132
107033,14603.241019498411
102759,5893.179288462265
102192,12329.680282731417
101885,9702.51785447839
97716,14045.014666097417
81631,13751.637554879426
81759,23663.9245480069
98702,9707.508988604408
105784,22009.749994424063
81817,23935.750711991004
86529,11803.276099946623
97857,7899.503710333567
82820,18859.233076119493
79072,24018.696193813426
92301,26831.305354522105
80309,13849.93530876215
102835,3949.9617229854375
93599,18852.507610657645
90253,8400.465678152332
92875,25277.72808324831
83698,11258.777331657233
104398,41773.05662780603
96860,25482.295538700826
105925,31643.021691605856
97861,7549.23908519778
80226,21468.23629086963
92699,22265.558976799708
85949,10567.13617278893
92215,24418.236653738088
84214,16680.040171392386
106157,11564.794620280498
87047,15319.145543160965
102413,9430.249656384676
97955,11289.442047531915
81441,24657.621322472725
101029,12373.945513575978
91634,22258.58321857392
84859,9135.02279729681
93328,25878.356809725283
97318,6784.984841268044
108048,15270.158013122593
97815,5805.246549940488
101921,6990.434517816342
96260,3612.6519479899853
93491,17936.40535301406
95257,16411.871452197487
83326,29520.648736395247
82475,19438.702463437032
107393,10487.952709334964
94132,23810.63692974172
103233,17842.613501966807
88140,9262.358304634578
88395,7932.163561346082
95094,54781.57698230746
95939,23480.32436062111
108234,18298.513668036423
78788,25939.809526829646
93021,21143.83214128259
98301,27697.808130664227
104221,9461.653684232424
92384,25105.777120069368
76288,28401.054758606453
99805,16412.385595299067
90900,9047.463126074326
77888,31224.493971791147
100126,9430.533840994121
82197,34538.50169818422
90987,14744.528378104751
105383,20532.073016474693
100476,5372.259737928132
104238,7940.96888232144
89211,12087.340976031934
97794,1813.345622548566
105692,28954.32241557777
98699,10513.862444332291
104212,20370.92086344037
107544,9349.44695510469
107748,12926.33030679725
103427,6462.141085736586
84063,6194.420157438126
98384,7029.598032041869
91209,19012.89712776227
101379,9784.948880141914
78090,57840.26144559926
88321,16786.575904019825
78786,17634.26818583636
90751,8480.672578687381
85706,16758.98447673644
100853,9148.279857879734
106131,18075.013968290557
89397,8138.477146362994
76263,2291.0829350440963
108441,28387.602706856233
88221,11548.868929042088
92526,22384.68985065206
81169,34178.261431736784
99853,11501.709028280595
105516,9015.296037261376
85227,11843.700370639443
101567,7739.645098554172
84331,15897.92619886488
78187,21251.602621785154
94441,17217.5196160361
100067,5050.449167959503
84660,16276.847633751451
98951,25672.813386073612
93815,7490.26227730477
76848,18365.909750880906
83378,14256.205823215196
79966,8834.361354633984
98219,10853.508359569645
89076,9656.124520216326
86619,13137.28579717946
106225,14971.264793833578
76793,33021.30400508004
88351,9533.51635822321
107927,25057.59134616182
93374,24881.94360604239
84067,13388.887590285969
100355,13516.424213705746
82099,33339.76112285648
96457,12143.723086585316
103061,15645.845379028851
89169,15680.76129607693
97340,5539.945538454271
82912,21703.55005421688
82266,15645.060141498414
78561,49435.05449142917
100839,2563.704322522475
85302,4427.8004458497435
99375,10844.40544948784
99881,10621.777136521341
88083,4266.928282952158
86412,4512.1633815360365
84852,7718.5509427614925
89087,16315.692813001642
77702,50170.619706500336
94308,24001.33312440195
100896,6658.631682504651
88225,10215.838521810803
89796,1782.3443811232828
101985,1230.1328193282407
77360,20903.447613466262
92220,29803.744070844456
83866,15988.578172296724
103140,1925.8550810559882
78348,15075.760443981058
95353,25848.73232252612
81413,13976.581021595573
77106,24169.162012159388
103700,18368.177293212742
88524,11064.446490512459
87461,13738.578735976631
78565,33252.10322487518
82507,11407.298886082468
95578,11903.995456444514
91998,23578.35764712417
98342,9691.414506556965
96413,11733.999902438012
78273,28232.600055565414
105735,15128.88396291253
83640,17674.46883561895
100599,9431.877850993194
108024,29975.43158169931
85550,20223.94916824381
82875,8616.320832588175
93272,13961.662066430305
87870,12147.027809845644
83279,11231.428372823422
105742,15197.126467035583
96152,25586.82277472139
97215,21234.293424713713
76322,51495.5268429798
104938,17870.04882107091
81197,12883.56679894905
94638,13168.348198231914
78474,29274.292633755027
78282,15490.104233881146
83765,12916.227957825138
81798,21026.184339948133
84877,14813.369042029819
107924,12743.426979347714
107870,8689.96605234425
86640,2032.0239164003397
90317,10990.112434331408
90787,14042.696727632227
102045,6624.174428670574
95893,28478.733535593357
104067,12043.50116305177
83702,12778.10171481172
88581,20953.3537723447
76140,19996.998278238094
87782,15335.422142053209
96924,30951.12755211017
81993,26454.597026243595
92440,23586.442100434826
97803,7496.954724856361
90468,6869.586013237953
77617,27404.431795364704
108325,11935.833556462487
78387,23980.07829267643
93953,45150.38102732962
87120,8826.470382366755
103344,13162.832802810008
86899,14778.862588228098
79585,24405.034770003003
86908,8138.3326650153795
101362,16226.822109362978
89150,16272.011651718563
92083,18633.04152201008
81913,17460.43159283784
86370,4874.719573159531
78733,25167.10119963976
92552,24809.64221372336
89154,19569.873582745382
97775,9236.371964289829
94930,48800.49754697401
79476,12557.768103051303
76220,12379.569581980688
98869,14089.192824443591
97474,13199.80027980766
99008,7455.48872428086
107702,25303.33378851889
102495,12326.996719186565
76423,19091.061576722674
76460,10877.761350221997
83918,10894.092596469469
90937,25415.36046169534
98893,7752.4607625995195
95015,42121.638979077994
94231,21251.09095575974
107866,14189.792781663633
91935,19192.68579167541
94141,25975.702645605612
84712,10730.535198477854
85125,14600.494140276827
102606,18671.255602323323
82305,15242.295241716069
83086,7654.342909834082
87329,9391.672172650287
100213,9152.32300297311
93661,26876.118553714005
95973,27440.4220455892
103243,5460.34558319851
77036,14198.800640991894
82262,5156.253256780075
103648,8893.14714126988
91920,25848.818315145618
85960,11739.866043521408
92632,31364.21667318655
97381,7652.82695097119
100466,9766.094250653005
77087,13390.321107257354
89734,15804.163430732351
83766,10972.758044655773
91812,49515.508974792836
93927,39543.546122450345
93439,14649.915487820952
98318,8963.703648769919
86863,9833.905116853897
95233,22868.330697160658
78974,14881.267349409349
89793,9157.243994606255
92799,28188.71206912976
91635,25498.712685527153
78414,17181.77589592815
90596,12168.638486719094
80519,32781.06656230063
89515,6784.580036546095
86481,15405.632793140085
92047,18570.305706776657
77635,18579.656292966305
98546,5735.578889295019
93556,13719.917465699955
76764,28851.679284827886
104600,15382.32112132525
107170,22340.22179930446
104809,11655.513148022468
104957,34210.44812722785
100565,15989.882216544527
82733,8989.990623851836
90487,4327.603253856027
104778,4082.840305101545
106916,26659.603005351935
85771,7481.360700842482
99896,10329.260879127725
94796,16176.442666302946
105856,18562.283294339588
85845,14785.72712817556
102590,13092.416480290454
95913,35082.02212435181
104395,14909.032634578447
96422,14295.485463904395
101279,9498.159976301988
98041,3243.374513660003
90702,9281.73360307148
104988,15050.683193394956
99996,15247.288743154673
103713,8630.093507042478
79170,34696.04321991505
80452,13584.222526935237
105657,27733.971409993435
94986,21125.15969570515
106339,11771.780270828638
98568,5585.3380635543635
88304,5502.064674351626
87628,14910.965078156712
92003,21456.466720508466
97111,10873.996391398905
98892,15325.03571275488
97778,10673.020566570794
95960,26781.767845736787
80575,14466.254987499637
94709,25268.471711948812
103647,7367.366175253714
87784,7642.16380449498
77344,28286.80071708474
104068,15253.510872350225
94747,23825.532165654084
82797,11889.003891516744
77079,14920.719114750615
99217,9137.558851212167
84624,11258.160458029055
79999,48874.49622351962
107791,10588.085844848469
86274,5753.581175461524
92407,12237.133701399462
98109,25296.224041233472
104428,24838.170641712506
76693,20731.913180349293
96321,6490.572950622733
107222,9687.071395392697
80693,19576.908483313386
87795,10440.593068279564
83814,7161.843444114139
85548,9905.903306961456
103252,10075.556746467442
104453,17999.286553777067
80578,27346.496770898666
103826,3565.4962966027724
103199,3144.54005545395
97338,7706.03321697663
107287,11619.71697958417
77059,33619.723184293325
93965,21960.192653274178
89513,8664.165799595241
83064,5964.217611706419
103490,6962.450943387086
99116,5371.623863022904
99690,10861.352688975567
96405,9858.102076590909
96969,7744.884325719379
84317,18178.716654800213
86480,19136.370176692006
78305,43356.886508474614
96458,17467.36741001632
96847,13610.642493822716
87888,9579.012591641034
92753,35647.67892562523
84191,7455.216623138833
84830,9114.990558106772
100910,9037.014138505861
94969,50737.43086495948
89103,6373.127491523215
93092,21362.24745966525
106511,15606.817399340485
100549,18257.78061741897
90741,12018.787636369212
78118,16826.121668062322
94087,17020.626612896107
87584,15108.6056100181
107254,12144.389186907256
105985,21033.760502558274
88323,13089.951133116505
105221,11668.447759686069
101901,14087.896109192521
90944,29573.476175362317
98634,8577.761671897011
94057,20350.980469070415
77391,11756.781985248905
77284,33936.976922805254
95838,37313.17249799757
105720,11413.04249028168
97257,25135.52020430936
96339,6936.260364077716
81848,28521.956934946662
79581,25656.728687684386
97762,12697.590828594666
101710,7319.828310522613
104892,8132.985396790726
98689,15020.017111725698
102340,9060.378407786575
103335,12494.603788447766
80348,20801.43494391553
101717,2502.6654816077807
84797,14974.787829821453
80101,19363.078115907098
83224,15038.909525621279
93736,20237.794884838306
78612,14780.931726949379
80009,11563.63865104788
90246,11985.300009834064
83348,17573.157638388893
102263,8692.593336126643
84153,14785.917242584996
90556,19483.022890147902
83726,11878.300761704533
86153,5884.687145498667
99219,15556.899230755742
79008,20937.62863233056
76574,17892.229857684917
93345,9973.72784988304
89271,17444.158629632646
84424,15304.879283098073
104788,21972.810166916624
96178,12714.34279889632
90344,12073.546129221457
105532,25317.95453785074
83994,11557.444396421732
91151,21476.969933532055
77889,33472.43932271039
76382,17672.521377052602
97738,6205.829425531305
86371,16018.205327312819
79800,41612.19219567434
79323,25413.10367743914
88652,10756.11481432271
94397,24847.816772002952
80125,11103.603220950023
103621,8276.190493410393
103073,12244.494852563774
104977,21395.488138175886
101232,9760.37249693216
92921,13959.74950839131
96524,19484.367399816627
108206,5715.287673962119
98011,10925.092093496907
82282,45073.88795273706
92162,11738.329440977208
91162,23676.360959639187
98222,3659.6814745034844
106388,25308.390045620952
76194,12989.312375708183
93165,17186.91421906031
77080,19386.19007892774
88188,13867.71773490227
95987,14138.917288946846
82919,22102.907925534077
106334,8682.47294795746
92868,29020.531093723406
83314,12488.521680927479
83498,16562.886692066895
99081,9157.339807685286
101875,12031.48378995479
76353,34964.63785571273
97969,23977.64257868848
86292,22737.58726512982
76622,28198.145494307777
103480,18734.304254005056
85818,11257.178002063578
83971,10610.834207707725
97382,15759.626732479257
101439,9519.645990493722
96661,11544.738698913567
77795,16349.629995613435
105731,21073.54475062692
91696,15379.016054596324
93939,22105.834429772098
97415,12239.901129109272
103354,13750.790298687034
98909,24758.975971593187
78125,18665.012070342338
106866,8456.822808234676
98910,5865.420398412371
106208,23877.374391857327
89885,5964.482738635172
76580,11753.882703075156
95892,16793.845559561683
91957,16960.435729724057
99645,10852.368944466327
79562,44170.815059885776
82838,4501.701307504969
101076,6843.539159216354
81361,21478.166390853145
108419,18569.00453608011
93085,19819.508705044813
104426,17923.924853115896
88313,12969.178633436193
104866,15449.372321305176
101788,10518.124878943458
103172,10683.627577026507
98374,23777.329670473024
107111,24627.898113947456
93480,19103.308196767568
94099,38336.62761715013
100358,10639.848862016717
82106,25190.53217387949
92783,26512.706608156113
95978,15742.60539059771
79394,12748.826885153718
81521,21216.064570843846
88260,4993.311498827583
98649,8711.512362548297
81422,20163.769538572084
86500,9627.683484769363
92997,15783.631584409777
107940,9395.576437142467
80225,42644.45018032554
94805,27212.60587287909
88709,11708.410373848594
106470,9257.173705884856
78835,18200.965943096904
90721,10780.639690591237
105429,37735.65774253981
107998,25785.157311680774
89287,9257.898144078441
77311,14045.265171942607
87200,19452.28203393482
95348,13563.158680562716
83148,9612.606381665018
100616,11403.888937577429
81487,44942.7346049856
85031,9881.310714024412
86761,9556.813457066313
108219,22805.89960867624
106290,13618.0858550605
81428,8247.554043040494
94572,26926.32146080157
99173,9914.680909858718
85760,8533.680060543005
89013,29242.775602829883
85726,16540.794373789828
98647,9783.7737358509
76300,42893.90967248814
76204,12917.657681521965
99199,28586.27892118232
81833,14962.478596949326
79245,25334.887462503888
83196,10882.14890475919
85013,2744.7945431673634
99200,12396.411425340522
96238,17729.130496364043
96548,23248.047767566226
104251,22761.716023799752
91169,27693.215926267178
91530,21116.24620512317
103143,5958.789474461993
106804,11566.378984415283
108066,23870.259292391347
76048,33097.491275097156
75977,13578.381555300006
96347,12322.205372384704
90190,17710.88790206441
77081,29882.69869008213
83861,3158.2855746727564
100546,3727.9433045306687
78182,28091.7151992371
89589,11115.718757588373
85606,7216.834163229065
78359,22925.13032795996
97559,9478.169801674692
76721,17638.488727635056
88097,21222.675623941534
87435,3958.4607190480983
80798,14690.149763281132
90537,3731.523206520831
100528,8157.872444612496
106401,22252.13453380749
81910,15479.339860917877
92691,25550.526391012543
100615,7366.453326880566
77234,47745.65947219559
78332,25282.47116069875
77572,8076.330224461692
90150,5861.149620622062
105917,12335.647018244585
76449,23042.59499135885
93412,18110.258949589897
86269,14107.944699797054
87995,6212.877152847046
100075,4462.4835935525625
80021,43852.05587729574
90343,8950.798459890524
106349,10544.110123552371
87255,12391.847101950128
85507,16678.156373399164
76232,12369.211333350528
106308,14185.42298474221
92289,21787.589274210008
104499,26794.53191493792
81788,8913.399023729475
100405,15676.185336054172
106380,11499.574779774437
81018,17523.940488934542
83259,12091.020465807516
94489,27901.55993259234
92430,25848.999358171168
82401,11699.090687800108
79510,41442.09559823402
84456,18497.769275167797
98445,13195.125670304215
88466,16045.642020053889
94340,19786.804538407065
104411,19013.285294960227
85378,11037.631069394243
93363,26387.860106316773
108217,23206.4445977677
84003,9596.772901235934
78674,13343.001333125323
83754,8613.651679832812
107659,36815.78869948329
104134,9245.640646708633
80428,14508.716105617139
107034,8945.345719193043
105024,21208.260766292144
105501,14579.178702535553
100183,15940.949147440087
96262,13431.697673319402
102419,10889.946213775103
76520,19421.036544212457
87564,5872.662251804355
95034,17079.132946530113
102071,14987.948839606539
92236,25946.948824172083
108245,10887.153048717202
90472,5197.127960980008
91733,23352.33120364088
86418,11903.48172841052
91544,18796.301613089403
108294,7851.383525801674
103067,16702.850545331723
87683,14146.33499478943
99427,3938.2673876165827
78592,15899.86499418718
79477,25172.191988425715
100575,4967.54331919705
103629,20217.922930672823
86341,16441.631117926518
87901,5964.248641787515
100467,9939.30215864706
77769,14882.64049696208
90466,9341.022914748415
105120,33119.86483199315
94434,26320.217310376072
90333,11897.165574887104
100483,7149.886928729242
91083,20918.16023547961
86536,10684.76574236732
108361,15208.87014787605
102652,14207.657086476498
84120,10727.462586664782
99541,10640.45438989158
80658,12434.873054450109
96028,22598.343221862182
82478,6807.843720537037
99296,14551.580628137823
92923,22671.8019616391
84564,13458.480204272928
83515,10891.55007464725
80070,31313.76374504711
104027,21935.546713895495
79391,28823.97673472696
108108,6447.404876459937
99156,7766.342402112981
94668,18514.40361224413
107534,10747.99203657845
88509,8948.627390578797
78713,29302.883664536792
95033,23575.13061316345
105878,14966.659226285195
84590,12713.275359819965
104297,20066.94055566645
93140,25570.29783662528
95943,36013.57730848227
87298,19091.021347897735
105774,9768.31695681209
98658,3842.660063457901
87070,18937.645732809655
99465,10097.20932034872
105845,8148.571810076301
85369,22672.81873839602
83600,4454.289758965004
93030,32532.33514244957
82159,26393.407090649634
88527,10813.340903917604
94866,14509.254448812757
81680,27748.207588515197
85293,13792.645402523858
83020,12496.605614652104
92112,17193.207214543345
97809,7918.218174955708
83970,5424.506990100392
86745,14803.037586897266
100652,11982.150099604005
78837,25809.76849573192
96354,8075.872279066689
90084,13868.962523036076
84838,16241.011992204698
90416,20809.89179471232
82908,5887.82901407733
81469,22309.970387193654
97939,13548.992292132003
84109,2762.137073013346
94042,34929.601609937235
78843,18219.480021270134
94386,31337.09363888682
79961,41158.08184935247
98556,12565.661798420062
78323,12399.501473578486
98349,11221.657111909357
104599,10663.150066514918
92804,14777.30071401613
81485,29219.473127654815
86984,11069.297938398951
84902,10310.254330002801
87230,16625.064608334742
101698,10677.624758336704
81187,30177.967239191777
91728,24104.77760996334
90136,20922.969058718707
96483,10955.889176861117
103424,15263.601826266713
85712,16230.67177956835
85509,6145.845162721125
79976,22271.693051021583
93406,21488.953362159944
84108,10955.260084860533
82598,9251.4569274581
88086,7986.043728376559
78975,43523.64435272445
78989,20229.289800366336
93597,17694.78454736724
76707,33920.39441407895
99370,22508.03107482945
90372,11325.15637117206
97227,14637.290581755085
93053,33829.399445849194
99724,12298.695008782466
101261,6561.957858155505
85273,6870.754598908017
105019,21496.976558372186
107234,11914.755852004462
80816,39596.303547212076
101175,7229.505396315199
105866,36905.367059505326
96858,10359.644110401476
96226,10278.532630413269
97454,17027.375507742527
94540,24038.238640836382
99937,13894.292753651072
96637,11222.828906611283
82607,8547.492646227485
107708,25068.95423032425
104404,23855.184597539308
80758,15209.394061881027
99346,15821.831886999433
100310,17412.675435986977
91670,23836.827241861676
91353,25904.68605606568
96061,12098.047329171994
88206,16839.517652247752
101814,5599.802453177948
82298,8188.578065361518
94958,22507.592366021836
80444,29066.84204109767
93957,28908.867379396237
100830,11545.637856401994
82523,9460.507920604308
96073,5842.19727738015
87933,14555.601146812187
100553,10142.338655346615
86623,13818.713973600898
87445,8999.890021965814
87890,10812.986274504248
103149,18760.768642534964
102862,9677.978393029109
77553,23105.819289583316
104728,17349.53062375541
77884,30301.134228816998
85105,18436.88686453441
76064,33337.21223369949
86071,9235.587107860523
97148,21506.82098765203
76161,18305.285025774523
82950,5168.275095591496
87334,10130.957903682198
104120,14493.826391272889
104591,3066.453201372855
106665,13422.326098194782
103766,8075.519265203472
104087,9594.077314000395
95947,33533.14603325017
87165,4170.310816679232
76294,25582.210424835157
108455,19265.031414190373
85399,8794.816367451314
84698,9595.283219431716
80713,8495.618661198903
85799,7132.7191380632685
100254,10167.46286125114
80264,9826.43374289694
94211,11430.687450943662
98839,21182.961051904298
99631,21892.515132310946
81506,35985.44073098128
76167,14444.53563762654
91308,36429.316197131346
78803,17935.254262141483
92010,17760.05240825786
99424,5412.918081777792
82042,14216.561465320458
89760,8014.796063214513
78489,26613.1800251108
102712,8327.172906202912
90935,27385.57454230906
102912,11318.89927387919
99041,5377.761298422618
79903,38604.10956215549
96670,9161.126907404605
76729,33244.95543895501
91107,27182.21034586121
87286,12493.646868426971
102303,10735.248627886029
106623,22923.27745984393
86955,12816.554790805925
90173,20861.769920837745
99829,4991.432334140389
106155,14925.34859142064
95426,45657.65688768814
82218,27131.498776843604
97534,3877.4106810801386
104186,16310.151326629464
94450,17350.263531038985
77720,31551.44784095967
83278,11055.861050063917
90401,16191.308004514465
95842,20895.712457169084
77025,16829.88073184986
88288,10699.91921259213
83552,17949.067061305228
91467,27427.802099131983
78417,25283.391639291665
81312,25930.8550395844
106656,15599.164056840693
93396,20715.298972968427
89063,9833.737528831953
94830,19876.87230927362
98183,1116.2553872442713
101338,10248.020392535722
86784,8385.88078525458
99315,8822.11109672001
100058,3582.4990304625735
89181,13212.370444555461
92271,26365.34072537857
97562,13287.529283935759
79601,14273.353738176727
95361,17780.829254672084
82021,20312.739731627153
80766,13110.217686108965
107591,18225.212974456335
97689,8064.979100515353
77322,17863.10679599636
83942,7831.8092264199295
80703,36669.1173753004
84304,8781.97295842216
92976,26720.063771412715
104652,4588.514350209738
81684,23586.47573301522
90189,16341.883768809605
92960,36106.291974555905
91335,24324.420967418293
105310,15169.742536299276
97940,8356.050104937025
79726,24108.03975979486
97677,14196.114148824383
76868,29049.755391442828
82008,48009.12815394963
96078,20918.1070577734
87835,16579.213669272656
79247,17386.444779495323
77781,9969.494994692359
83214,12580.506724830075
108215,26853.89111326926
93824,29550.649642004002
80787,13783.046614422443
91615,34660.96390316672
80389,30374.93465589989
103596,14985.970210885253
105821,20790.65474060622
82476,8975.241444858255
95265,15701.011260408037
98399,24708.325842429054
76238,79059.32032543035
99100,3461.693811788842
104714,8906.564251696136
90919,13049.877946172426
83623,24627.87527712658
104865,11053.624384841918
82002,19167.630273194765
78910,23148.396953722608
95502,28679.646275716288
103857,10449.703709153517
97624,10990.08571030544
85720,8901.725406446572
96531,8161.295801523017
83085,13179.46322648447
107580,20543.428617019326
100283,9719.585627884077
82635,8528.543171343827
83319,4459.376286202001
82752,23851.66499327561
89036,18000.62410941285
83309,10768.98875041198
91103,25071.888949696815
78064,93471.48034079537
93250,34827.60764266475
104512,17457.282965783223
79857,10097.89020847104
105526,23213.469177729305
95901,29691.832442655228
88558,13478.70250635852
106352,20785.897465605907
77802,17190.834031973252
87315,7809.354124117863
78742,29107.625617253303
102737,11046.742631306517
102515,7603.6995930310895
89811,5200.032560668169
83376,16766.99710635447
81478,27145.38344680104
90640,11085.488939376886
77782,11973.992092155953
95954,17413.17563228921
102593,9409.424263530309
103795,8319.762457308108
90806,8719.442403370122
89657,15781.436498256886
86003,11816.324894653695
95380,22503.326834308667
105152,26862.53500910246
89783,9563.783589918423
94941,15362.01204799145
97059,11205.790704754017
94104,33455.27262669589
108398,9364.406044759198
84930,6449.956301649134
107156,22270.912280323042
95687,15683.859388116793
97033,8343.286695019284
103036,8516.569875458255
85849,10565.54024755519
103638,12596.181421280558
76938,27912.571121850768
86884,6124.372856777911
88711,10123.617689674948
105179,25844.51407038088
103858,12806.812196262417
105362,29871.870149688053
77038,16782.268885399688
98935,16559.979814517144
83763,14879.514777009757
106254,23484.840028821032
96326,21723.483168720184
91225,28781.011454133404
90336,16527.76681090059
99070,6380.0079814899345
88213,14969.5377744439
80925,45228.91176059829
99202,15613.740178608583
98190,4121.108864970902
93632,13233.961570863768
103377,7016.693932121516
106788,20926.120127961025
104266,22614.158305347337
97957,10181.246540500524
79055,25587.05839347069
99963,12290.132892986208
104883,14138.346154500261
77565,22244.70367606061
104641,9060.688454636816
92456,25235.81374915316
90989,43561.618455037606
96336,6164.3252827009055
75990,15178.233274372764
81685,28050.541069495204
93610,28647.322610522242
92156,23709.259573559866
98823,16449.481412246638
92141,41146.65613460077
87756,7854.126869086579
87211,9925.582827681439
93983,25442.563073202713
87098,4908.263149271588
88453,21840.734481171155
78408,16918.40742094118
82661,9345.944074867086
105658,9472.13919021674
82377,10415.826375976561
86738,14044.151424424881
90498,7854.6868716616555
96128,17616.709411541065
81136,25369.942205280735
96840,9891.3003604402
104970,20759.040411208207
102228,14057.334298416294
77466,16445.530036950684
77981,10956.054472726162
94406,51936.70038878812
107110,10284.525635970997
106442,21049.562346451505
90593,12356.273596077082
85731,6310.571711748786
91243,20881.191628113662
88327,16417.709181461916
101596,12151.423400635813
91216,27083.360601425804
82093,33648.05006735611
106882,18000.552842810117
89713,11407.377055446648
93144,4128.170604369248
88299,17140.2672665901
78242,22698.46635626472
93200,27209.787308794897
97874,11194.093264534724
93836,34935.05304749254
77774,22404.241709030743
94322,24897.536171005573
98230,11986.734261096393
96006,8302.500268606405
85959,14542.904915526258
88398,16193.160870955748
99305,3389.81381770181
86936,14329.628207004273
107147,14067.631806337371
89432,17684.893170308835
104475,18116.929174329907
93164,18502.674918368044
77276,17610.39450419548
107454,17892.038159425665
89979,22814.24008258913
105360,3457.180600805379
88586,9784.925328926876
84105,14380.867472979104
104625,14261.670673800956
78707,22555.636758266155
98962,1225.375839424063
105679,5205.020910030742
107418,14286.93730209565
93072,42125.11239892292
78519,16002.991686493342
98281,22127.517843540078
99872,4662.523445783467
99188,-266.9469884485825
102719,13352.408156289195
107129,12442.123054477592
86785,14485.681948544398
80533,18806.55615665172
78168,20380.50707372638
96300,23212.439882087205
85605,9797.223604150447
77676,14641.105601003004
86360,8601.595111021696
95177,36315.27987235038
77263,8870.617909176472
83488,17117.43091827623
106949,21607.956726334894
86400,10887.142769802786
103763,11499.494138423051
98495,10798.758241310388
94363,10129.266370261208
101940,7821.991903608794
81366,17638.979350251015
99546,12199.441960814025
80651,18255.626158212315
101196,15191.382889931509
102050,10016.361212682023
99804,6548.093549970561
87153,7576.382163484434
81225,13182.32010190199
76181,24151.740932616194
98469,16561.304538198063
93979,13860.098021219803
87480,20567.32045720672
76369,17132.14741226791
88375,12585.524144097875
79983,9827.1605352691
87393,13321.741952961998
88732,9668.435614948112
85383,7205.154448738564
101126,6902.80373847806
95928,20525.686626060437
103011,-1797.1782138309773
80083,33265.62021712088
96118,10874.646356171757
85674,11841.49837129107
82917,20180.040073766075
91143,17334.05861100774
101645,10153.718847850741
92817,13579.964500941205
97402,10680.398538884583
83885,24844.05928066343
101758,11255.263357809345
98594,8827.574535540767
102018,-12808.046256847772
77568,17601.97354816469
92202,21543.89735864788
83954,13598.198384369634
92567,13637.927899419541
99006,29645.609205339377
90732,15828.591528640844
81955,14320.99931081303
82585,10712.292255566212
106285,9777.920621901156
93620,21927.039157204526
90725,13874.323893215656
92088,16358.37976099978
107174,5511.537376982875
90304,14261.270459836855
104127,17931.047180346795
98880,9121.980393392485
83303,4761.012933670894
94770,27319.26514184329
89074,18288.959604460957
107549,19448.417272903793
99624,21799.052277583396
105181,5461.418694160815
88189,5909.072295199521
76455,23726.522869574488
101020,10620.842988363087
76745,12559.109403695347
89568,16267.123061587024
83478,8901.86434683923
85747,15929.352240661221
106272,30402.485831518163
82872,16562.59004109739
107532,12335.076123979676
90049,14775.43037384436
81364,14464.333231791741
98040,8864.1861286444
102958,16587.60028872591
79260,28265.751599344483
92243,28479.17372230142
88478,16042.088590043204
86621,19369.601205177438
104072,22950.500655635882
90813,15269.688928571437
107620,19413.242698453603
85958,8481.640140811525
91758,27241.345178429227
92388,34355.87656687202
95940,17807.102822802386
95423,26969.725667192346
78205,18351.738215697587
92781,26100.613084542063
76964,17747.901965467143
91309,25712.56670048453
87312,13359.537654174364
99960,8664.857527642598
105615,18214.649289503068
81777,15553.06894131918
90088,7143.077561754693
101916,10132.62102326758
102032,15344.116923208236
78757,37919.07130125889
85089,10032.43418818926
107536,14588.245601590728
79554,11035.851726432897
100053,11959.519453919356
102087,17971.717555905147
79180,38150.70588243299
78292,9914.002363319176
87547,20640.56645746566
96714,11443.379405561269
101388,12400.358010266831
98889,4327.70875001608
90037,13421.374360572283
95831,23701.86703859115
101678,10108.057212488391
77780,26577.660517888384
104014,16807.341994126036
105304,3952.1797186736494
77837,18391.266936732416
88541,6208.749105604968
89143,19117.60607226947
90294,13607.875525798747
94097,24798.71578472032
99108,13318.818374306476
107044,11893.862141797219
108467,21876.143184600398
88739,25536.17545321581
102441,16222.911229153608
86183,11021.384596742515
106346,12833.780970615293
84130,15016.785832970249
107757,9848.184043841322
84412,14258.24922866363
96522,27703.390220947836
79372,21673.816702236596
106945,14658.739147767474
88312,7352.506103517444
97814,13733.669877750424
94724,45127.593247918776
79892,17375.23800583721
94500,18720.27622512417
102161,16203.109511588118
85073,10853.816732785846
103316,9706.063133249172
81537,14782.46069172841
79187,25047.330069728574
93646,24220.2657866925
84942,11468.855814765331
105305,32609.091720880555
102440,7566.535023060424
99694,20665.60190190049
97189,18398.244868325182
89680,15176.302356302569
104471,16198.958410024483
98066,-550.0425535510713
104541,10468.304760339783
90039,5227.724879371615
99640,12589.76774475223
85034,15028.118921184738
105699,8513.637011633928
103097,5938.584077341029
79154,24756.18420050858
79730,24259.200133397804
93954,15549.469687940918
106821,22539.455875568015
108129,15750.56379698586
81433,23175.802096068182
106810,10317.76675823248
89340,7229.515310421463
92137,28217.744078642245
89457,3981.8868499938308
91797,24857.64338700501
92334,24708.32439041913
99141,22571.864669862523
104901,15445.527961137395
98189,7570.607113421262
95071,16278.939499461707
85149,16109.058683542884
83164,12292.581079747782
79589,6955.653558562675
96533,23771.126717799234
79514,20347.543475258346
97024,19992.04273467311
84010,4895.465560103234
77716,31103.998975062255
99999,5876.515404408961
91937,28705.077031423134
83222,16781.527286458455
83874,11993.606230500904
85379,5828.513473974608
80923,38606.841693979506
87263,20408.47110794343
77648,15389.401057392251
90784,20322.382790453164
76092,27478.93470084671
85877,9039.817206561602
108297,8515.684171706484
81020,30699.682353046323
80092,26665.811198039948
94008,20229.91263989038
101425,4067.0310455444524
81218,23810.896670915325
102599,15497.737419874142
79959,22278.015616580935
88223,15972.822196898795
97792,16354.31214373929
98438,7058.440972514931
107986,33501.352635532676
83947,11502.100833871362
105867,18673.30333581182
107403,18371.793278568613
88885,13103.187015619518
98450,7772.169683063958
83554,4334.351810072554
92398,26788.6323789085
97238,2062.5917784780595
79115,48074.109695840154
92394,14421.635397673537
86813,11950.34503879614
106364,8695.156309301794
93974,24197.19825450434
96921,6147.904179098856
76493,14725.291316397852
76358,14635.056854591778
89895,9346.87328854167
91354,23635.380128797868
105589,20740.52497729665
96412,24815.2716425146
98970,11153.400983380056
103020,8623.655582858359
87261,18455.730160093375
76112,25156.69308640746
96166,18034.1572172721
90696,16270.031859047713
94089,26214.21463019849
78422,15173.412498643946
106298,11844.321955491894
105489,17563.07076342163
108304,28836.544239144045
102353,8213.389685582168
76411,17370.31355339929
84847,11669.38748767645
91646,14070.33964456662
76141,18456.135103306406
90730,4422.592338827744
100429,11241.904571074228
85989,9850.111523911688
105539,12268.908890974473
79951,33867.91037603553
96676,5838.629009734661
100762,2229.01471843095
92509,25438.723059802367
79582,27644.828791747983
108529,23417.620572290445
86542,11485.343080506289
80669,19598.034347168694
99953,13292.462977533884
93023,18887.77555495174
102223,12472.283167693182
102167,7527.250637021716
84525,8100.4943639619905
76654,27480.73536803422
96998,15187.091268180073
94337,19402.27893719617
105106,9604.976336659567
77494,37403.47567404108
91245,26338.459328672267
98303,21171.960100198798
96838,23439.307876148567
82064,16878.524816680212
101129,5522.947729230265
78108,14813.873546009876
95497,20237.930709696273
81175,14282.509491158497
89631,29355.60324490312
93976,23766.56763079585
86199,20077.06452570419
106842,5462.263669876218
78263,13388.32615823262
89187,16278.177293590408
104396,23198.748732650973
87198,22659.048618562352
78994,13912.461008349388
82655,11448.869963381643
76432,25729.703230874504
95404,20722.36666601416
83767,10397.205215595146
87719,8835.076349743904
105980,10091.992027182001
99851,19181.412663168292
80432,8329.895847584401
80344,32603.25620482696
83694,22330.556942868978
96247,22780.409094627816
86395,20351.514218714216
103276,7224.446321489416
80262,16110.260713679074
88698,53.95486110477759
101575,9831.88232411458
101293,1186.3447268161253
76732,17005.736960667287
108287,23160.945735895824
100140,9722.772181324193
85239,10269.604676310995
85252,11477.57008089521
77174,9820.575135519053
86250,18321.22977814151
101740,14247.870987597833
108134,2825.55313048724
82406,25609.76795037734
88667,15522.415555084892
96978,6603.984349229955
78635,17437.68478535528
96572,6651.188407039917
87841,12244.552662852835
77951,19218.498436027374
77253,9055.359646930312
99102,11192.132360508605
105959,3827.722324551987
91687,25145.16957876664
83483,8850.861727164567
80361,43255.171628547905
94647,12104.78458061571
100857,9077.85037135064
82465,13569.467883964659
100672,10390.275688364232
88369,16060.994634749026
89345,11527.205512625715
89610,5555.525168985227
108452,40973.903351869296
77913,57649.54061772964
94990,34260.34431573966
78501,13972.594181795086
78393,12011.090598455525
101975,5846.112493677263
93585,27549.94446491055
80079,25527.68447473493
92292,28159.243642598605
88595,10807.371200685506
107865,22915.135839081915
106687,14725.227261010648
101741,14602.490749714758
93999,18393.564799815445
107722,15338.393425875924
80167,25543.052160371928
81844,6132.453305239991
77048,17220.150406730685
107873,21177.063063339527
84939,8722.23262852121
106486,17225.630780053827
84683,10744.316304087635
83721,26193.181978773144
95371,17389.058583113896
77370,24989.7473164001
81285,27188.39114945777
92306,17113.393018171962
107739,22542.65438360913
89483,7767.787941573566
78832,22757.76422613807
95190,28452.728481534345
100747,4884.702721010457
106957,11914.230023413213
101143,9340.115059781998
92745,27731.45483234652
96890,-766.26698568758
76809,11826.283091214558
101202,9819.467193641194
98845,16943.78305080427
106599,7822.530362094323
102195,7635.279711044244
92630,25277.09248722106
94558,22112.170415420747
93959,26586.603173052245
77993,28465.428238854263
105814,26789.570746004356
90144,13935.947161160615
102474,11568.950604713633
93582,34971.35300950097
95183,21752.103752626077
102451,5791.256578876331
90109,2429.3682947659872
78889,18288.736897203096
94338,15453.306739119465
88104,18814.325836642147
99955,9818.546745759384
91274,19441.943833600348
82254,25250.153998914946
94279,22512.580314529816
84677,8686.701927607319
86814,15141.11743512411
107316,19079.92404635057
108497,27433.813122851934
97403,12599.55502527198
104859,10231.7908119473
76106,27752.87463341419
77307,27905.703796936574
105083,15376.052858716852
101644,7430.6619547722
75980,28427.8889628955
80678,26911.3475632896
96987,5926.7840808465935
84261,12966.609549491943
103391,9673.778506931842
84290,6704.933319687099
103179,7757.030196772114
92887,18705.142777523255
88486,10600.71049367724
95325,19796.045780065553
108122,7083.963778423653
85364,15884.989287568054
80688,35263.08819839744
84356,21151.490921806835
82717,17434.316300028422
95166,26421.732527405267
81154,12559.381341870743
105294,19688.971972018044
101409,18957.58042957755
90808,15059.71091834264
91000,27299.923641015856
107931,30242.803823831422
80058,18672.634189680153
90511,17278.31728555404
92525,28007.10959783592
90057,10358.842386793896
80266,13151.654903910521
84467,14038.839744484249
90576,20966.208252450142
82575,15831.947792509749
91601,25457.707274211876
80196,20575.252035677993
83418,10922.564663803434
97121,17320.102194471994
102024,10990.331425710374
85225,11914.97020787618
107001,26159.292832480412
82592,15722.91565210044
96681,11955.046002362853
87462,8308.775965584997
96787,16073.716567934822
98868,2790.6064724220323
86472,19337.581937504016
91250,18194.696160655447
84328,10104.653872024655
101840,8878.111736976936
78225,21004.485537166267
81026,10008.901666016669
82325,14826.266452799486
106596,16571.42829069069
99810,17757.124822759815
88054,19082.820159618237
80041,29305.969328829597
102577,9968.82769158476
95870,22170.461766533757
76937,17328.240898396856
108359,16742.062076349834
102482,12027.619419756942
105228,21617.18911675657
94110,42099.15350115273
91022,36563.80618049453
84243,5036.375247023107
88868,19930.254613655547
86994,14419.553691529833
103924,14003.242973750735
102415,11019.347324464869
89954,12678.438073648926
98212,6709.214920392269
101117,7961.364015234962
103865,7562.210622497843
81944,16578.91457446373
87371,15786.468469214957
103778,4340.483773118454
84310,18075.36587433014
78146,24637.3279805281
83910,14841.091788832771
96498,31280.492310754744
103937,399.0476288087266
97439,16676.55530683062
85156,10828.548915488276
93197,19580.67465546911
98573,5786.373165987705
96816,12557.399035867169
94610,20834.64539481452
102536,2140.952744220871
81021,14773.789499400744
105037,23653.11495583663
82891,14690.90263046399
83601,15729.232246790909
93413,14709.506096920139
84517,11290.527392455024
98296,8916.356707048826
83442,12059.126399942419
83641,6351.58129403471
106454,22998.035544640403
88540,6447.799336760236
101350,17013.811557992198
86741,22057.257114350956
79411,41510.78449193393
81400,18438.74696971637
92460,13213.275869415836
76076,26873.561380206294
85593,11137.537997054153
99476,12480.245212199496
99991,17550.017721754986
80184,16667.472776332776
91365,36102.26178185071
87967,9259.258017981421
97960,8260.738733644675
106216,9083.780792232305
94470,34846.8213129823
105054,19526.595837905443
76801,16553.08326496054
84376,12109.092396570948
95818,26422.937167910706
101354,4324.007700227317
81184,12306.219685230766
95386,28045.98302801029
94813,18784.212211846836
100188,11670.172503362286
97816,16569.538489050927
101948,6253.799462357723
108229,25398.149702507224
77604,27781.246279678744
103052,17875.06927040742
83998,5670.959565933879
103163,13621.436759641152
78407,22146.25052232816
106267,12646.324223923128
84808,17900.400149692487
102176,3628.277436353046
103807,10202.83095243193
102936,13506.075598078465
77803,17652.14319662205
91153,17820.9556259463
96806,25401.236630237763
107797,19387.442856677582
92654,11151.79040264837
82110,34973.053856990446
92570,20023.38647338464
84350,11987.565917331978
82022,32524.400735466887
101036,13571.456082407933
93012,19728.603114355214
104053,9924.29007872718
79339,17509.486783769626
79767,15793.074801485616
97252,14487.65352043781
95098,27601.48283408017
99791,22944.424106703278
95121,22495.69623589421
100598,9713.377788171994
88806,16419.412454413537
93433,16076.302679637418
85064,22174.570666535055
103820,5330.30820498492
86190,18364.781963913134
96438,16875.31395482341
106282,9258.34822493609
93667,18705.85980417508
93191,19286.35170532012
103899,13137.823799379805
93568,34600.155206017
104546,23531.481355380318
80852,27659.856093312796
91782,17358.67369579131
100867,13641.97433608285
96727,6926.792645562735
88787,16153.598746936026
80175,17458.670280602488
106215,15465.046265127927
82884,9130.396127496388
99701,8852.556316335762
96972,6825.8761464540585
102844,14342.756058498868
85912,7147.2525501097825
105580,14114.352689713909
92949,22018.153501315457
95794,28317.33798397222
81410,15861.843380955163
103413,9452.391300273097
94880,24956.296494091024
87634,7727.356262971639
94036,21866.86411586529
82130,13461.203424961628
97256,14595.65453162406
103817,10182.425128462128
104456,7186.5960869620485
78003,12936.894174359273
104097,14515.155904061423
98797,5775.824688524777
107315,21399.68746939854
106755,29141.091522686867
81147,17371.40782445701
105271,1916.6028997636586
89017,7829.412501003684
90194,19024.291625963986
106608,6237.866746564952
106146,26601.617945268474
105471,13384.978398062714
104538,8273.02657643687
78198,35533.70404403479
104720,17031.652647316103
94900,29053.08596237337
94045,28637.953813396525
100816,12163.944150063191
85400,8038.156435838317
96876,27014.884897335854
93515,26691.533768426485
94077,25999.43908290872
87247,24015.261979977582
105067,21201.956664444377
95538,34604.67546943365
79301,15798.41648147847
89679,12475.932304603688
90677,26619.7499566579
100348,20331.227453491505
82373,21918.020053464053
104030,14940.265554955982
91200,24550.683892492343
108132,8610.84540981786
96587,10432.973075991333
92498,20425.576211586085
103409,14366.071300805841
91232,23277.32745309266
80016,21923.885376474558
98705,11925.34021754659
94058,92173.25288446268
107248,15533.806949891712
85165,3161.3994206845964
87202,13768.651212485354
84291,12284.23793660513
96682,23959.055690598496
76451,30022.384966736532
91004,21803.441276770354
87541,11922.87504286829
84735,8571.96595311139
86029,12281.267557341815
87675,9672.437870986185
79434,32716.236034344227
104691,22872.99608004449
95401,15470.004721427074
103975,10416.913645374461
106441,14845.041858549368
105335,23634.79679069734
86453,3300.544952233766
84490,22332.541980116825
96908,11514.405638950408
87472,10520.975257680275
99908,-1014.3072675438907
84898,9628.1337590034
87539,9745.480170866664
100666,14667.988648253446
82231,20764.99550127451
92648,22701.665228519603
84694,8015.840027770935
81594,8473.797508931553
82685,9838.694297859696
76620,32905.90157665524
76943,18315.020460873726
80231,21309.642230549303
94782,10801.480730950065
83815,15082.869069442702
101713,10231.34132220624
86358,10166.621697093544
98701,20002.206934791735
106421,10996.388556032016
97920,8251.692347046346
108072,16984.56786546497
91315,23611.05973989043
98550,11544.23235608763
99263,2825.5600376628227
95373,17704.5987077103
80445,8445.609824195824
76982,15712.64216164119
85544,9749.911265154837
101977,14962.823232131894
80279,25650.18380767724
102808,6070.581808032155
107325,14722.686961111001
79988,46075.69349528288
83473,5507.1998042270825
80074,27697.298031830287
87094,13198.617431817205
80523,18016.1320579337
84129,12734.77697795781
100159,13390.335624350904
94256,24238.52592851786
79199,25388.136220239096
106674,16866.579213871377
76299,16007.342028531957
82217,31547.92420255782
87294,16541.04490092467
87361,6158.229766480812
105782,11713.06944104881
99109,15555.079527814018
97733,22540.692977359933
80963,19109.34432438184
105129,16791.56091803878
103322,10556.05927472258
90068,15043.993874757503
93845,18218.90877037969
104956,23415.514356104257
103473,6808.712745187357
78167,22077.469738175154
80718,28815.707534896712
85621,16437.73273682593
88490,7905.000440646803
105456,11892.792810801186
98490,9259.006939478913
86488,9537.90473615308
107303,23369.306599027474
106463,9170.812372267774
100403,8349.084766663322
86991,18419.011502740992
95381,35327.49895358054
85219,10856.137294903641
104635,21033.033156909685
99004,15179.892623028096
80747,27337.68140354877
97854,31109.128999792105
102646,9299.2856663911
93364,35830.86571725901
101209,1928.8079483004203
89140,16158.31647155268
96244,12023.516826888335
93727,19577.47386297275
82138,22646.196252412585
97759,19472.7903136228
86015,15835.760334251838
81090,30870.818624712832
106085,5775.239255097364
101600,13877.507544504304
94831,23342.07519705067
96566,9832.547201575488
82361,28443.437214299098
80479,20086.185339538868
82068,9930.23010584433
104750,11053.383023925082
93539,15624.811878917932
98127,12188.390756126173
96971,14320.793275873779
94105,23149.861044229896
95326,21256.820261518405
107438,15277.894894050605
100536,7256.698106581512
92659,18827.44312867773
94809,23692.075355426903
84186,6275.250369512956
85631,10632.74426707355
86381,14734.776333968335
78721,24529.204676049976
91773,21814.12406636926
90453,12397.083308139234
107225,17231.500312377102
89949,10482.156410158175
104531,10261.91623639276
76979,13911.726619642002
104743,6512.15176094394
87731,8112.760567397492
79915,7186.197750193347
105072,29033.30205788082
99332,12469.960057624396
88800,4109.933398471012
89522,4709.8568445215915
105361,10037.146642262962
96528,14282.940633196225
101546,3206.2395047353657
78680,20773.718498582864
87029,13515.665213224947
80591,45395.741260279145
79887,24289.965360212187
76107,30802.315622708375
78272,13488.366304594456
88116,10127.108785029246
99644,15906.610729262004
87595,21305.2900171278
79324,16827.303901827378
76408,45699.468143162405
79173,15864.389935627494
95084,11295.0916756812
95455,25643.557632550437
83809,14416.692655374007
107320,15699.635511617627
78828,23434.24299212947
76284,15668.8707360537
105622,10840.426082854403
99344,4183.230758747653
79395,19290.011321604834
86906,10969.257355860093
107576,9820.683316443625
99418,11342.992108126487
89050,14252.189138927324
83758,8401.802184430217
76289,27805.846140682297
95798,39795.26090793677
76119,28199.93959961331
87583,18446.679221677336
93110,18030.03119432211
92911,23247.634606115713
99758,5790.835615123835
91697,27301.46304348843
85260,20093.586496685475
108475,17475.490017873086
84184,9614.035691611149
95737,17402.835087501422
105286,13051.028570767729
105354,11480.353227494623
101587,15215.068538430773
99526,12990.94195915569
82328,18274.360666416425
91052,16993.55806695847
81332,44274.69167087191
84562,20335.72261686445
86175,18554.498034126846
94828,28259.235671197464
76792,33743.2113070425
80436,17720.92056730964
88143,8866.701027765312
102644,18754.11629521985
79459,25559.564265412977
82225,14239.965153159372
83772,12600.456231751265
82109,19654.246167092344
102803,9725.94937278432
91947,51032.68928243944
88498,4722.754107184795
104204,16519.892893159365
103303,17852.334318668156
95989,25643.687590754504
90917,27465.949526658922
104994,16505.269306458576
91408,24348.603965343846
79084,23816.768653067687
94840,12529.115891602876
103127,13384.951745449594
93504,17354.23150284511
88642,11988.843157649893
95535,34236.03589342138
82775,7022.109197262011
96490,9776.355882046699
77545,43387.1526137823
104939,6090.212663520777
97679,9422.269528857087
95462,16294.810453312466
82601,6476.738040592993
91541,26394.535980874272
82997,20128.498126714243
86757,4760.829968068358
86498,15334.16610510365
78468,21391.001610026702
98262,21913.28802780194
108488,23558.194527792693
84813,9027.970498131384
84965,7399.564403089606
78478,28327.409039054983
98819,17331.72755595285
101543,15820.778365424445
82061,23674.392970258537
101359,15622.196127459567
107203,14011.638848911176
98811,27718.326761180877
102982,14099.234176803155
89603,22661.364220742133
95083,48692.56167410191
102426,14302.179809677247
88264,10956.558983861549
87119,12826.020541740694
86554,15925.998999081323
103454,17871.849059756078
99382,23163.109648155358
84255,9275.643298305073
101580,6863.092282065905
82690,21056.54507464916
103650,10704.79844230488
92587,54706.33484706154
92831,14798.761298223246
104410,17007.794995395456
89264,11871.872811077621
82865,15934.134365763632
76984,22778.38035186643
94265,25802.956874755408
76786,10233.966309117492
86379,10529.343907566365
89735,10771.972011133192
97066,13180.965246514232
77007,24653.0672946282
89137,14623.574310328322
78243,19074.500404849772
76669,27508.477371861016
89281,21782.335945047158
105621,24710.59908889592
84020,10425.162254931423
90142,20366.763821331937
79677,22197.95660580586
101025,11691.611181435124
101821,10185.423448008703
77424,14267.57057685497
80188,22679.96220798658
94655,29837.940487067382
85282,7513.468548574177
78763,12194.233250372386
85774,16180.831490595923
79278,8906.259234765497
84460,15321.216737388311
81489,26453.24999184023
90788,21561.51231249923
90191,10724.991340404764
106772,31590.00602358007
108112,21601.13194660721
84380,12390.435944458543
93636,46277.76128993733
103749,9225.643638882364
93435,13374.075148356615
81394,10831.304579289232
82146,31106.668863277944
98362,2752.8651295962336
88250,14948.232924351509
107041,16361.538725314367
103478,16208.143212325856
89273,7737.008369550993
93583,30683.913103355982
92107,25887.210367239393
79557,6030.2737600488
77861,11279.075799000178
84591,25070.626056469402
102756,3070.259943195104
91798,27337.424651678484
100309,17914.35423013803
94987,33710.848367719125
89991,14463.393455092524
81523,21092.29632978695
82815,13144.350932107565
84366,10395.229548711057
105609,5627.371002966314
89695,5585.826292827256
86242,15214.921628654125
82477,4100.4705905629835
83774,8050.904225528261
103676,8546.130338807812
85371,16884.432271116733
77386,36325.75569813422
93572,8696.87665606922
77535,26338.334565443678
97174,8347.779340973098
78330,33958.01118810408
94032,13733.59341724973
97537,17305.479101381607
93975,20758.54408454376
80657,28574.65672601958
85971,15210.207528187077
77536,13491.242654380294
81757,14418.75738489917
81232,24459.23409405657
88606,11387.651363879733
107709,9858.348771249362
79596,20937.275799222596
85671,16659.95638315939
93617,27482.377694730145
104211,13861.79232178991
98843,17445.213166588885
76153,47026.01868323757
105258,7437.961993504152
94812,28341.92792932901
82892,16625.102428907594
87816,15443.548774559993
90058,6076.113523887889
95471,10219.092756613278
90419,10970.830818950462
88777,12954.838645352498
101559,7169.8921540796855
86808,15307.909445091578
93637,22455.503943811127
81562,25116.88491426975
76442,31404.024288593013
79967,25397.3876608899
88683,20398.186410129892
78139,10146.044606693269
86530,9878.609795843071
77000,25463.602208452576
101915,10365.928643786552
90706,8759.273715574505
77396,18657.052665340278
83475,19608.279371182187
104217,18455.476245228638
101461,5636.672891576312
82676,9777.285273267595
104438,14602.64657966734
94757,23298.63466997695
84916,14591.426871928415
85934,20613.454413744665
93051,19995.071411807396
85136,9897.557930698073
86448,9469.07589919987
102828,14032.617752936108
101564,8208.75259748395
85740,22662.096990014128
107725,18487.266321227562
77165,22092.821725884634
107859,12177.968856230873
83065,7089.006319390505
83470,24992.070623549855
82147,22000.142743243865
103691,4440.109857017591
84024,12678.503975841984
99630,7968.13616387161
105243,19066.983714344737
103804,7677.715953302666
80130,11141.726897295484
97317,5865.194733096003
78532,33484.64077900514
98989,8086.544904086759
87716,9080.574332542385
103640,1851.203988449699
100541,17742.213168653154
101428,5322.820875829917
100899,52.559399461917565
91739,26590.377615669306
94502,36220.30976622372
93919,26700.83923936233
79707,45173.76132069297
91516,30665.007562857245
93156,27566.7471566031
93340,24306.533328038407
86892,12930.318091805584
80420,16479.00964329634
91660,47239.757728414676
104006,8096.282901019217
79833,38559.25242382834
101663,7620.110414841702
102471,11811.894074107877
105380,7211.723224725526
107076,24254.095116209224
97009,20319.06890822821
78577,31528.032318707264
100281,7322.011274018931
81075,35589.60744639897
105712,29411.045689228406
90807,11655.269521556482
84240,14074.653207923415
96951,18846.90168091078
77270,16514.78314684445
81760,15058.675755240765
92040,33922.615672259235
89339,17708.9080996468
95256,24905.265789138135
84788,18782.476956769686
83686,11818.320545817389
98633,5421.531094163078
76608,18863.51302588485
98918,13190.2989599185
100264,7497.984628064658
93998,23240.62613002243
90051,7396.737052121591
100506,14082.24478552744
95747,13731.87722713394
91393,14949.831779100923
101051,12779.895100013953
107844,15030.220138668876
105479,18040.71801222236
102468,10699.568321130182
106785,15836.758127124853
91577,21187.001933872572
80832,9380.462712394246
88616,2614.364486067245
78897,24019.846821871455
83228,12802.842788101723
90389,5577.143513959794
90154,10266.370654906666
107664,23090.804251684032
84602,6098.931496674291
103155,6514.258597640632
94290,21412.529286251585
84292,9821.965186545325
82455,24499.278212440797
84453,6041.007077842041
89161,16353.170776663865
104207,18667.90393654364
85660,10004.987353740727
80032,32246.25552323187
75996,22216.07006599102
83712,11460.508058448853
89784,11592.630062034521
101364,-2370.8407525712882
79099,21728.653159122434
101423,14081.768892365157
89977,4583.280116905158
87688,13254.801257135292
87401,15898.661226218368
90723,13346.067637420392
85875,8872.471659341107
106387,25819.376445222577
76002,12794.036657060662
99436,9569.555512853878
107239,16602.937479458993
80251,23465.16122656507
85127,27945.70212281942
90351,9291.120217993563
95526,26799.174961092624
79335,29235.0181416087
104754,12112.03642192742
91081,31471.323811820315
82005,17570.846188024625
89414,23714.996166798403
102366,8465.68945924489
107017,7476.576714150257
88810,12570.390671112398
86694,7099.734070639189
79641,5425.706850963976
104863,21997.035330971194
100526,18105.13772994245
80318,21025.76162224038
100931,15617.093411403923
102375,15246.110601094779
78617,23077.70741699892
103552,9247.633566262784
108268,18108.42869935273
77842,14041.998773961375
88774,9510.059468354306
82323,26532.05033361413
94125,27241.560713651816
98661,10894.881462581652
100997,15746.932083798514
76933,7966.195431894627
76957,38246.96591267876
84347,11633.662634020719
102000,6924.459568332457
84626,15727.586696205322
82214,39586.004827315424
105909,27695.030890350296
107442,9467.408462030548
102342,7745.094652744671
104461,20713.755554581425
80095,44551.223539746876
83558,14549.151380817471
104376,22618.901153768675
105494,13417.523530453182
81702,32016.55156634844
108056,13994.679855925891
84131,17884.790796242043
94242,25087.263646821673
102987,6780.211992812232
99643,15636.372315112209
78954,31873.508567935904
85511,21145.36245190231
85380,11728.586902716685
77232,29476.025838931506
86585,8110.822596720921
99729,14289.413334038385
94946,29682.480619790917
97768,18973.438615160478
83855,17783.767432757308
92397,15400.1833942022
90311,10178.888586332858
99324,7411.762507045396
81167,15201.332259212822
80030,32910.830833441134
103679,7747.40075853202
80164,11271.851336603133
103198,5689.081747225768
87658,9511.781351774567
102090,8301.709654999608
92710,15778.540087790188
88551,9644.507666947367
91001,26677.824351219766
100653,13586.90644018742
106050,16605.371835389757
92084,13523.976977977236
77402,20188.609515655386
101296,5971.744658782591
107242,15545.401128295298
95646,21016.183776951933
99126,5694.426399952477
90982,22115.831902178357
94896,25062.937657084607
93011,17541.29784214874
84607,16566.488141452264
83352,7743.75505121294
86097,17488.52486285933
99312,6502.140849794001
77584,27315.407046295346
97372,15126.725191936135
107179,19035.755619136777
105835,15271.457119259278
92924,25507.919154995932
90798,7444.451634047022
77487,17136.165640297404
87523,7458.741402135524
104328,26119.06044330221
91404,15740.133734615527
105702,20764.83412696797
86051,10611.28781103338
98136,8350.216676554479
91149,19646.540560589136
84015,10532.091000434233
78227,26184.213652063372
91810,35756.08356898578
92345,24746.795214638543
102647,18477.12228646847
106549,12389.396845947402
97007,21227.21425893776
86887,16283.255592635942
103983,17669.78144346511
89554,12808.826864248747
88066,10757.474081946268
98778,19875.518546755502
91459,27183.74802684357
79659,26914.065114731566
83978,3849.4624708376286
88036,16385.17051735638
80483,32711.44864019238
101770,-2749.3161336886606
98220,22186.517164698518
84427,10884.244522124802
94491,14504.699831403896
83782,12712.344491464522
101945,9983.403472661174
96613,12903.0377330068
80126,44729.162084587435
83381,16101.989987163157
100263,10937.812509071873
94953,23344.82607729633
84413,14004.63208993712
94816,32967.815417436155
78578,21445.933148239506
89766,15092.697791874896
78560,27972.56541809254
106444,15463.844291347468
100883,-1201.0711403956248
102769,9017.382292634436
106426,33222.82015865037
92404,32802.88816094359
84800,6745.201482638329
90714,9089.477073134845
96274,19780.864579556615
88259,8239.605412819692
90683,13247.423543272864
78878,15613.092358723912
78675,13738.044356056384
102189,18647.162413291975
97959,15529.35566859956
78324,25016.119373896996
100397,10375.170382401178
89808,10673.535752773168
102920,10280.714098613242
77724,12211.66233920775
97183,18766.29377650952
102360,8059.579563981815
81748,17713.449673116145
100225,6979.716244391979
101411,12984.720941162012
93887,24455.698043033815
94437,15740.663688313305
102317,8548.329018208648
100939,10219.777332932048
102016,8302.418734044302
88651,7553.933856299373
99340,12839.96201031173
107078,25358.290482489596
100937,10931.854957260868
86922,10547.564948264848
77864,28301.748045911103
105180,15209.101290530978
85599,7585.487736637497
94556,35321.66836140285
88368,20979.409964942635
81005,40762.588694638296
79083,35717.98925467036
95200,28274.63011284986
94374,25187.462474589658
94160,22574.825186428374
104549,14726.075913926865
85933,16100.513243596368
104848,22008.910008588413
104424,28007.213387528107
78183,15350.890486171977
99280,22164.085406316834
97928,4731.714363843781
93122,16566.06361488132
107991,2774.7025478908363
92468,28005.856809476492
97451,6607.232384190187
94463,17949.994793162256
77629,15496.199976454296
86008,12152.257769540865
106210,31075.179403934948
106181,16220.225714720273
87485,10438.05816155794
107645,10311.75453421633
100084,9414.75732093332
88201,9434.45035115665
86236,16649.329052238696
97090,14125.454729178193
83909,13172.266978855987
77686,26881.61051500096
85505,20720.091933773874
92046,25255.689897003445
76681,11831.866851621638
102648,7460.919576259779
104998,37821.657504424125
86349,9181.201311304456
77229,17442.151466713476
93379,21602.78436758492
84973,-728.9680136181432
80681,32449.187773943733
97876,9714.541891346904
89330,9013.048881976967
106836,22006.58636096446
96449,8830.450788874647
88765,16630.83215807313
85710,6940.664579387349
104002,28941.722538680937
99224,4721.060295364496
96767,21839.838738015696
91035,27112.70406445551
91531,17176.0919830257
95857,25018.321246560943
81338,16248.677039252918
97921,15813.906654606926
94040,25705.310154319042
88240,11475.545061420777
104643,10519.695114798333
84702,7647.379732242578
79809,18135.048396074533
82171,16378.07346008977
102481,14319.051245538838
99514,8745.52092850939
76656,33214.923554343855
86176,12997.96166273886
85784,10202.945494225813
91529,23864.72885684287
96184,8653.587531263509
94982,27471.443397369243
89887,21023.35512605094
91306,19935.331911657617
94801,19078.244567626884
84873,12911.24315247417
105262,17213.23133600305
78755,19375.484768388145
105378,16185.699111217345
107314,24760.784168381575
88401,16018.237700188603
104523,10387.027399201435
95968,19255.858434967628
106940,15762.71324290322
85854,12402.858053531469
100090,16213.928460826693
94299,26145.396783069817
95815,37224.35410305694
83336,12743.444582744389
93357,11051.309010093772
83671,12485.93782836061
95352,22615.942846155798
81447,11029.129798511596
82530,11609.541925393893
84072,5782.543666461719
79590,43687.005529078895
81072,19886.59909164955
100894,16212.632257924739
94501,26766.82469860697
98410,15191.148103208754
77356,30319.211901644318
89008,8229.179995153958
79270,61510.044101697065
102768,10128.835736501871
104671,18849.174937414664
91482,25050.163961927108
93496,26748.987669136557
89699,5009.313818984187
93711,21181.053878095998
92768,25185.523089157672
102118,13777.037152211655
99410,4873.201574072338
101552,7167.536378648535
105876,8536.264800130142
106386,27602.580199880624
94563,22817.52881559136
95860,16382.488191821903
83636,11385.83380997807
98837,2852.8976655978186
78724,8597.52223098947
92579,25416.652614682418
82223,26905.234091902406
84289,9188.165390584058
77579,30062.34661839724
83896,5561.674054752051
87389,9778.343631054891
88139,6842.545888277897
106790,26870.08372696804
82260,40329.32202405797
101627,9624.170469638284
81876,24435.424013259133
91029,23233.5147001163
84583,4055.6630434624785
108158,9727.35743396546
108203,15226.299726286641
98582,4929.599023547949
107003,38476.0995565565
107777,27312.096320524295
90308,4723.329111659768
76799,17829.7496944484
101387,14144.284755087137
79964,21467.876313069737
91606,25489.760206154606
103952,15641.902689178103
88622,5786.114476193201
94559,39263.95870064782
76143,18276.255535297885
94903,24722.6663359582
104486,16248.139082811249
87551,4539.987772906114
78063,47574.33484204577
102556,6497.917816565603
100052,14331.023060344378
107074,29452.69274612148
92069,25741.721530935043
107850,29480.463018610353
104540,14723.810220850177
96846,22751.61991531371
92391,27574.611418091892
84659,17751.468662707674
84117,16295.680240226822
79120,12687.35366881952
91389,15451.72594752276
84349,9387.99897872689
90954,34445.775504167876
92695,18041.436851672715
107811,24319.079899038356
81971,21627.401582843006
83450,10348.7085515078
75976,27876.142091906142
102965,13741.348161846885
90287,24509.437024700805
77605,46452.336460800885
91214,29864.398005238618
108303,14964.796731570725
94860,42637.403873074225
79366,25640.43934493827
106091,14196.55074346954
76439,33226.5718842607
87417,28992.40864779312
93478,14922.522219423341
107216,22397.663526680913
103764,16943.82727519233
86879,11094.561175232837
103625,12013.835174992128
76402,9556.601636141377
80311,22580.743340272053
80391,34915.19171296856
100880,12427.223488996253
83171,6241.883819418914
88078,8703.00869347861
84318,17592.23339567287
93526,25615.434952374846
94190,16340.110599346293
97052,10701.568862763042
86101,9128.203469284561
87543,18943.2479741879
85029,12258.85241774311
83740,15825.731024620643
100089,4221.85804757981
98227,15342.834449658098
98248,5234.335293217369
107138,31339.16067027534
86854,9158.942716573514
102785,7539.528018154191
87839,13162.836754349348
93906,18549.626512637275
84661,17836.974700955998
87432,10200.830003961768
85654,20583.465375960484
90678,15682.304555290917
95299,20470.28355409256
95236,35196.1207891059
107608,29945.682493542503
87004,19474.32490824029
100566,9662.32225495955
80665,10074.488342968678
88010,7071.821818508355
102663,10565.614031743451
85485,10185.345094852575
101269,13887.211768221321
104674,23335.445859519772
89263,16426.296358617157
95420,23856.17046006101
102691,739.6405500249293
86663,8697.031285708908
106138,14673.889464780434
91571,24896.090603307843
93819,15804.46865097566
78571,16718.459555184905
94985,11607.465488433958
93301,20240.06621200189
106718,12883.012634059196
86771,16289.130062243785
87704,6091.624540370998
79666,13848.708559761264
107584,16166.724959496913
84895,9569.025853613024
108408,8322.964120517863
98171,14100.609313024712
83310,8858.89324324029
86673,16294.144185205107
82853,15143.755441984042
105650,12358.353914338972
98670,14187.888537302571
85066,2815.2010543229844
83794,5524.008551073668
80583,12388.41353401177
88130,12307.067715092955
98999,9053.189074021928
101330,7373.175543633104
94984,21249.977512191403
97990,5255.45909533777
86985,20761.01648992177
105865,20164.465130772343
108519,21185.704580147773
85264,17255.235025644208
99920,16090.683074777335
79757,22549.626237003216
102991,12144.928551975147
82734,14282.796797968542
93798,26218.674019373055
78739,16764.58372244321
94102,26729.640139458785
107720,9927.183798929038
104818,23431.753320942218
105035,2446.5981069095997
78882,10220.637172454906
106768,11517.526015569372
104488,20451.654004385233
83401,21671.893531971993
96513,10989.14875437857
103742,7382.246531442607
85746,16741.212031648556
89503,7098.389611053514
86162,9272.060644048668
90081,10992.607850244774
87809,15098.014953757149
105903,13050.805391697566
91476,22808.515505331117
77323,22106.77920455095
79344,37490.35069246402
86967,11561.641536852443
87631,13825.214661357955
91478,21024.443147383383
87477,16620.74773481647
97456,22897.672729563437
91210,27287.608601792832
88841,22883.366390921692
86262,13404.806542939543
98038,23311.82533496873
108461,13409.182880657534
95645,22955.907536487895
91233,21046.461811179135
81480,25305.50917201498
82671,16805.940004475484
105275,10104.97011781927
77852,15504.260899349725
90565,22441.107288673156
89172,10169.816498127111
102384,13073.055470411962
88944,10263.740872952487
80531,22592.53833846746
101795,7092.50871061583
90744,2824.4251572590474
78179,31618.1162003597
94388,35134.89268394639
92546,21089.780935566698
84282,13236.284592794034
87078,16524.39449734416
93190,28150.039225919732
92014,14163.765148032611
104501,25121.471575786032
79523,19763.6010562878
81096,18818.362496442394
78193,37947.851978338695
94720,33718.823455769234
97242,7432.29506418048
103784,9070.05886737376
100186,7753.052806840233
91494,14896.302198837984
98765,2721.17285047736
97370,22242.980473293566
76295,29328.63413416509
105840,20797.358956751123
100641,8602.714961179117
97160,27727.50593437621
96440,22120.60661224191
84853,5996.995000440185
105223,6837.469650527899
105879,8901.487352519649
80347,29310.029191932073
84534,7949.36274215087
85045,10111.492157990855
99348,25525.32697078153
105487,19481.680293464087
101906,1152.4130104771302
84905,12879.633838599522
105810,9944.991217919069
76346,14059.529841968502
104163,8080.726459338055
91997,21340.702491850476
94182,20689.33251830754
98583,11621.908848958385
78048,20452.0423406131
91650,18561.3620121671
99045,24636.99627398106
90167,11522.441190244059
81936,2878.5219298879147
97322,6380.597357569079
79506,15243.313422174802
101689,9937.997465152079
99677,2197.0144499781727
104364,5765.337387153104
104493,21134.656508263077
85811,10658.03279546166
76088,19927.530214197373
107014,8566.00844718581
85517,12107.17425342933
100065,10218.79342319656
100700,6972.940085483726
100178,7756.1939643420765
86072,17731.6740867991
89071,6349.254002739808
76027,11640.336605959119
84394,9140.502125720534
97989,18312.752687163145
77527,11259.411254192406
89342,9735.151840412916
94118,20132.874933536757
94468,34682.84315855715
76061,19071.796827163515
85744,9417.758761872396
105185,7990.457058346214
79043,19283.772739815027
103948,11656.962880644782
98325,5483.757012090677
77056,18386.771624995854
85262,12129.676732237265
94885,29192.738087487276
92436,48119.69505062587
105339,9425.262787137475
85288,11381.466766446738
92944,29571.64474903173
83145,14883.904292144358
87905,11044.827444169146
89188,11753.946882017559
90245,16512.230523502763
80370,19572.60026933409
92165,33896.4173270526
91638,19457.581185545172
103657,13092.849201182424
81016,20981.593443641366
103792,17674.66747289586
94815,17173.031695480957
78957,11185.468412136386
83141,7614.211015583689
107365,12442.479388608479
95563,23259.716811572813
76918,31578.654394309087
87215,11961.106251298475
108328,9805.501906009235
108027,20310.523724994207
79325,31779.222691414587
89545,13298.363688736572
103967,7579.686738873914
77530,32830.817995758174
95330,31268.090417407533
78671,2526.9416361595595
102103,8454.726254058387
80024,15498.568066462632
89481,12421.144292058127
89138,10379.039586148605
98762,7016.856989299222
86166,17817.53728163654
91396,18807.397193821515
94749,31870.42192407763
95788,18785.94732220314
99730,15305.543781376433
102801,15705.185607905521
87208,11469.348422542536
83098,9746.660195557764
96015,25985.7727347255
107970,23712.250588952054
77471,27019.25855727477
85822,7161.501223600678
100518,8766.406916847576
97282,22588.261702754764
107193,6551.04031565267
104825,8543.65686899985
82687,28818.669058119478
83026,11829.66200040318
77470,17822.349642547106
79254,13288.126684161725
108020,538.4252162057619
99103,6243.567783128785
78665,37723.32741142797
86932,12113.770616852944
79269,13847.253715519446
92024,47443.0293573602
95652,26606.120072001133
96170,9608.697736677568
83586,14289.593449315777
100804,10034.40935417305
100758,12429.078308307668
107628,19539.896633181503
108337,8513.82108402408
83175,16227.634674006105
90838,3805.4914811404888
102741,17407.058897647898
81263,14462.306857798494
97071,8065.0282908803965
95004,34370.170486213116
107019,20967.286106645504
95503,19125.885998187623
86249,10917.275629456091
106921,29244.48950336252
89972,16910.976690122316
77660,28512.61876168829
77328,27227.632251646966
98264,9154.657748492828
86800,16265.686066281316
76661,18085.28793346683
81734,40118.15178275052
84741,11080.741482488702
89926,30121.361281812206
79502,12818.14251091112
96963,12543.404845337544
97855,29669.44899790328
86877,20334.067957876603
96814,22546.082751630733
94648,38204.263017123936
103104,7907.388407784674
77999,22810.946195275043
77500,23420.92408620599
108189,12032.914608173189
107124,15602.529197353077
105320,17297.881470366847
84589,11199.842985906813
100502,147.27687344026708
84272,20889.927960188044
90146,4581.544417201452
89016,10938.898014413766
92360,21678.04876714158
97341,15101.38315207088
99635,12470.329761256307
93758,18836.092012473455
104345,21558.1034990428
104346,13346.972764981503
103219,18395.32341732123
94240,16110.792119544894
100510,18257.739218391904
97788,8510.403084793585
87877,18805.2449600073
83993,5612.898709574756
95268,36411.87241438193
90857,15359.897673090185
89897,19126.474247704275
103642,11648.143033420936
79712,26625.53430120794
84733,4414.4967596151655
103510,9353.307033159468
82151,19223.247741380328
89275,3233.106845415914
97022,21108.172290659062
89964,5298.146262847695
103169,14288.742183241622
98586,10385.679073179164
78199,6589.126377068691
78507,19624.922342823666
88856,12427.764092865102
79309,20257.203606143266
85685,15035.430164036341
76527,16124.43046668332
81636,17737.66620715543
86638,12469.540769146362
106517,20416.769857840576
102023,15495.594286352281
91620,43200.39745411104
101886,7726.75665535677
84887,12700.59888583851
84751,7440.307672998117
92613,26093.64141261275
91825,24043.759454758583
101895,12055.355043324122
90560,16466.465019348616
105545,6238.746789747669
78700,18343.124967924457
82886,20843.510239084877
105649,10550.721081722262
77577,17398.27907142503
98003,22222.645843773487
80537,23125.597569777812
87387,12959.474260539977
97626,5529.7111830574195
92948,22133.831999767943
104000,10035.79194969876
78385,21754.294383707336
103301,9983.182322055172
100102,5673.770581968174
91401,14314.970617853807
105726,10274.033324793396
108002,12880.474876408514
96055,8040.469377975756
86533,22089.72443594651
84966,13541.410018942173
82750,10593.570485219225
84780,14546.091034640423
99760,8844.776117538768
96353,23145.63250809564
90252,20568.783912580646
92114,19203.77467883969
85641,11378.301746775378
78846,30945.28467396796
97479,24008.786426982042
100657,1544.6173299177117
92553,22987.349543611643
87684,6465.306565709594
76579,23772.607017072776
104441,7553.431304063479
102915,15538.067918124365
98255,10986.429251332855
84716,10375.351734424434
85426,12353.922089282602
76829,16451.89537153704
77899,37203.48043687014
93875,16081.549626734039
94170,33986.88328335775
96206,17072.682880177224
82777,14175.587704993532
99399,6430.247842747933
76017,23640.555622324777
78785,18226.405921398706
104195,7487.417258679157
100767,12116.246266184153
93500,17140.92217900559
103248,5552.458723198248
101828,7694.735068625145
93209,26233.31953889494
96665,7802.030871482349
94208,21085.12770040755
81789,43855.649637391216
92578,15254.932747318242
84750,14244.202445430607
107543,14062.095984609155
83294,16237.709734402079
82408,9341.352782595412
104836,26874.72659357067
87366,9355.059700919903
100488,8506.920266439076
87296,16304.733289822692
99820,4050.721895310122
103856,6280.306787804531
80536,23709.992244255212
95407,23939.300101156405
78024,20526.36291348227
88166,17376.966900262527
79046,12972.473846150833
100829,7690.574520157063
99250,10846.14963423612
107164,8079.040920756619
83857,12147.372429382141
90031,26235.098860542137
97531,29745.099280738796
78237,17518.737104898828
77205,17961.194229078414
84796,17446.868582720086
79769,17802.83649079567
79899,11450.436640310178
81570,25898.139882792617
96209,8335.401065239786
108012,13114.851827277713
83784,11652.9629826499
95293,27530.359246238782
107894,8585.90955940501
90118,8242.805183085868
81548,14525.363527561607
91246,16610.500266457508
106066,28941.990168177166
76349,57817.16453673154
84792,9855.851819165182
94792,19931.55709349078
98772,12447.747922177838
81023,28917.211676247774
92760,15468.080379973542
81049,28741.495361518515
103697,11186.254121855154
82248,26754.068890496426
85475,24644.301052895637
80927,24465.21445623238
93520,20143.736872509562
103034,8683.633407497622
88006,15348.554725360675
80697,15378.9583437462
89565,19811.334213790888
106983,15333.903404661067
76042,22497.65470199433
95214,22746.875647105866
77712,17521.730556987517
102226,7274.104369518676
106128,31157.22606460369
94347,35795.06441852239
84176,9417.948355386452
92633,30572.533344099873
89147,10074.405790010778
76200,14244.131949782703
91972,24849.03985729233
95624,22802.0810416376
88237,11200.32826293135
90626,20053.372731530937
79402,29786.2480750166
92751,16167.97756054489
93494,26071.30467628003
77785,30979.887139091952
108502,9186.167446522437
76356,9891.947868848989
90256,11492.94951343568
76286,20314.223821580203
98835,23755.14963823853
78799,26951.634175934836
99864,13769.061177964466
89317,23524.78026381504
81235,35271.962839091524
82980,6016.503011734252
79032,12749.491985939581
94549,19121.111344911245
86872,8837.842143532058
101730,14436.206666232043
82684,10893.397153422166
99516,9397.703859068595
80017,6665.301235573514
99863,15597.93462255624
92792,38132.58480596416
100593,8577.770276975954
86135,3931.5522703575116
78870,10988.865891997748
107586,24391.697689800145
83757,11965.20942626978
92765,23534.11520688356
84890,8463.711381511761
108290,13354.00516338543
82893,29024.622076456617
89660,7851.731710738182
105543,13355.755200139412
106368,12475.484369422726
81799,38777.619246927534
102757,3177.7629971427305
87520,4849.367112250644
85172,6598.059223263728
76593,16668.74284963368
99431,10886.663306606415
104403,16874.41491572852
102932,14397.7850059675
81998,12453.113889874441
81391,11792.058675825949
108151,14383.177177569027
100164,18784.679908192324
77950,37237.00674583053
100416,14922.154223940228
108237,12294.796395325731
93464,25674.585065194064
83899,12172.100358980206
107184,15393.933000143961
78001,37322.56212715074
98816,5532.9428458835155
98737,22159.131759428943
105432,20745.47051055388
99160,3166.1896908141225
99195,-7561.503477757184
90337,7035.743658474103
85546,15308.875702320813
107128,21112.415020667853
93327,27168.701287296193
81501,27209.34011957227
78485,19121.731413167126
98491,21610.88376110156
91265,29015.412692452337
97185,14912.535034017166
95708,21459.572206841527
92269,22986.251759592124
90122,14622.528889018531
84219,10465.502939694976
95920,19780.884322971815
82679,13962.631200590713
105174,16703.558526361467
90879,12591.805476294398
77507,38320.18659660701
88757,10457.08268670347
101256,6945.930972436685
83426,16847.907003471966
76075,37543.67769275014
76871,20752.608155506547
77695,35596.18121220511
103555,9085.690116565274
94893,20159.531876739304
95836,22951.142592961984
92061,15671.764457018377
79710,12135.62321207519
93899,14228.939271311314
83299,10312.174117284841
95620,27163.423832580876
104279,20683.99748961567
83705,16588.73913981019
95472,26936.961183049312
106260,15387.631685531385
76886,14881.497942322118
97248,10301.803946643202
80660,19444.258438181998
101333,12860.566233305388
89360,5612.01574699133
85450,8805.161938318617
88836,16264.21340987477
77416,27624.597345871356
79577,26172.3992258167
98503,392.2736127788139
76778,14883.322609326424
93681,15995.470342978317
98418,5234.968608529098
98615,12124.846148275108
91857,33765.62342641912
85059,10423.949495717592
84064,12418.208738257072
83511,8080.474002692921
87961,11963.62701080312
89756,10920.1571463373
106904,14343.43497189189
78218,21918.39038896565
91503,18182.151118845628
77126,9524.278704937395
97801,7333.111351936521
87474,11085.383856239794
77057,24537.34771467968
79478,22771.469007768435
90041,13550.833303800997
83374,12049.710578556951
102094,10625.327288773327
103780,19740.611309621927
105079,6517.363112889074
80462,28049.011776424675
101705,10760.677520958232
105756,24527.064406604346
88993,8996.18196862158
89593,7825.637932652295
86338,26833.391729221912
77853,26624.505349023588
92077,27309.351935712948
102494,8327.584067569116
92534,36352.633967931455
78971,25118.12829503193
84687,17756.745942078443
88376,9531.79270095539
105707,15390.706326148656
80939,25402.417974499658
82258,21683.08868862655
104917,8938.084887521853
95086,20407.752638682152
79275,17525.00187451434
104721,8957.41040067056
107939,20758.91416410762
106703,10829.452704706691
107820,12138.534305006913
79947,22750.88818582795
89961,13724.947269181393
106451,8288.363892690972
98821,9421.618248982995
77748,29856.1168510714
104802,25836.69808672675
81481,41102.029925363335
93544,15769.197026843749
89611,13817.503869949218
79850,29916.52402840545
81466,23864.133557797453
90668,4614.827871558044
89743,14364.860382853272
106672,26462.535756541125
76030,15209.047227227911
97231,5036.105097740368
93484,27649.36015478806
81393,11022.745261805536
94369,13704.163883454392
93507,29003.96835489959
100752,6847.1014142899985
95565,24783.33775309877
98749,15780.72512675272
99634,10914.732842606538
86127,76.02091882883724
101842,14578.33976116826
108481,9421.903774395887
82863,12845.038894179323
90043,9819.521825967075
76857,27957.604372010035
83241,11400.59143299828
103197,4883.250642844694
95458,12523.056092336898
76515,12743.148175560995
84987,13868.352194977328
80199,19481.67929762367
77835,23808.639247605206
80809,11631.218828957775
77245,25443.708599865844
104828,16020.376380670052
107338,5042.624117827558
78811,27296.035939435802
76708,31460.051644044303
88559,10780.154887701648
99380,4950.506852716562
89411,5415.961518901815
94532,26662.34418641019
88046,3860.502626303729
99155,9568.305450890313
80986,13255.49048420845
96122,26999.368515914
78618,18896.905124241857
98205,1499.721353835066
98995,25813.107903531658
102432,8559.09442533563
78709,14484.384580870632
93586,22630.030458773872
98147,8722.546798101394
95468,35243.79218637122
95425,14659.840627679932
89106,12223.429334844215
85764,12414.917764958018
87674,10003.559488058396
106365,31747.831053097703
106263,7051.406955776263
97423,15308.157523645368
86855,14189.634444054795
101637,7723.47996571
100129,5528.906104590476
89346,9082.475644945242
80037,3272.778298129633
87439,6056.867009817084
76329,57385.15818082443
101234,15125.517547918
93715,26423.41522124876
96728,21251.71736143728
88023,16075.206206654919
100289,16161.149880235196
93685,11978.826516693192
97301,13482.45291536219
100588,11049.320898920967
78240,16799.967490183077
91194,29182.596284424246
78088,18350.97610306074
103811,8984.080593862443
79852,17174.557907375245
77718,18742.071837174102
99968,5321.231239595316
82937,12878.136593561645
106774,17904.23276360748
85107,7708.1974567769685
77329,23955.794217059607
106498,13492.140395378643
80946,23225.706320771613
89630,24436.316258881125
105995,25405.497540549302
79926,44791.448347164114
93982,17367.318707509752
95152,36278.66654322419
102460,15164.883971482319
86797,16951.33496521794
98696,16969.090355589702
87491,22277.835728453767
93185,19766.920756452244
90910,23661.262680829917
102510,6123.331058946525
99707,10319.596458349079
106468,11197.205949958845
97505,16003.415650480969
85240,16211.77519840442
89795,25193.13797081799
78677,16302.689859355558
94311,21170.65709074757
79406,28816.769730524586
85528,23917.975193519047
95656,17981.221560167323
102783,15932.786115964285
76191,25127.042896500578
96193,9580.7931641545
108352,15458.976345392623
94226,26023.7662951511
94472,22207.377834108396
78628,7400.433892618251
96861,16455.914793455202
89698,13484.008433593786
89021,20669.04594419196
98919,15249.659042041014
107511,28323.385550184896
104317,11803.547931516332
105587,15620.425318962976
89244,11811.042806447713
108221,37936.30036629564
104558,23734.592923722157
99691,11167.211900331142
81153,20634.105341318806
83019,12278.037368659148
84699,7447.4851491134705
92354,36523.488537919795
77258,33719.27529351129
81991,15010.170890841144
99191,13256.64242601656
80072,19023.855199485224
97195,24371.20744448559
83104,14990.41962714427
104712,15502.96658148718
100443,9481.394125846455
93443,28398.35121492105
85543,21880.99664526362
82977,16643.84131920868
92597,27549.836845172
89182,17455.02833020233
89737,11765.59088680541
103093,15946.411722892075
103417,1825.1854751159408
78550,17948.824062794323
93081,33762.31767522816
80992,13195.167684813
83725,11470.65633904114
90755,13869.650969245102
89727,17823.094774539055
82723,12842.30713844392
85046,6919.867012852099
105507,22461.00674378125
102497,7919.7674744840915
86897,8446.754772615754
81522,11211.275790872436
106201,22883.96915797561
87615,9664.530356100568
84646,8951.770769965779
104296,25471.074602613888
84433,1304.7564954004974
101470,12301.818824522363
76641,27033.33444073088
88265,9481.108572301682
101728,12845.118654132797
83541,8242.474330157163
93807,28278.18335685377
83873,9974.482691006418
76785,46325.59116464465
83629,9605.61692310613
87576,15846.971563288611
93395,19817.386091782504
95537,20010.485865169343
89598,4955.049968863637
78074,32889.450569074055
102980,13461.71217147959
104929,17336.181076334462
97395,13658.19237612664
106751,21613.016582385353
101628,15726.657961549747
103613,16259.513375941588
103641,12235.59462140852
95834,20580.137519788583
101797,-306.9124807220669
80042,23925.575071720916
81608,18817.926941514812
86535,14029.692156395718
98235,22167.216412900052
94784,19256.793975860513
79342,10233.354638553848
97906,19597.51687501125
84622,12553.850831946667
85948,19504.53616268439
88274,11731.793226518555
92480,21281.743553415236
86378,16561.671334929786
107558,15791.483536723834
88531,12311.240481395635
103681,14188.62602789266
103559,6984.478999437584
102821,13542.780459704489
77372,29021.416148985612
108078,9245.476943564154
96014,6458.1208503112775
91072,20539.162645440992
78981,15748.296564568745
85860,7546.629560560193
91538,21851.38696741366
100904,15827.160588166133
83903,9525.904219123317
89075,12447.763622972834
87210,3455.9370709906852
95405,18085.19901264146
101957,14201.00887479728
91384,25335.266540103665
91816,21192.114510688007
93271,19576.5470643403
106951,15887.65602296672
77457,16712.018002301513
99216,10892.031488024193
106683,6682.823889067557
79593,14468.264070637948
92575,17563.13812163422
106332,25417.369668782238
99751,11690.238936480022
97844,20188.750494887507
90776,6186.560273609086
107788,28793.25022253809
97552,9468.459869572256
85396,8303.305573070495
90072,5931.028897054148
104380,9632.216749077328
108171,15012.85123060147
82534,16011.527518464842
77917,25831.399003322178
76212,17058.420391773423
77975,18160.578172086553
96718,26936.240732254904
101250,7341.485718044074
102875,19136.141196276312
97385,8781.744856285568
93943,21820.074665190416
76389,18389.68933899112
104653,16549.727911279362
85000,11656.20944576816
100844,6660.58361634595
94384,42529.30279749759
91625,21938.590824795545
92124,26337.98101307141
100983,10246.871776409042
97669,23763.347953457014
76674,19907.946409810993
104012,20593.93684416978
100742,13531.737415174854
97937,9238.201659518314
99509,24677.83983747506
99834,8875.872057538247
104037,14671.001380650325
96369,13820.005998336565
86125,10978.400804571666
102999,4611.45514056122
85473,8568.91458174873
90508,7761.71896091358
105281,31129.327530435443
90368,11396.877422855627
84029,7167.128202654442
88603,10384.02343011003
102423,5517.303409349457
105253,26563.641890532926
76230,16792.73478760967
100316,10134.436676809775
102553,11674.00287682547
76308,35383.80382921652
101348,9877.11393696788
105689,28528.186880022266
78347,22990.875884043777
88127,17112.558275902164
97320,13399.806991347083
98421,13856.39262727827
87422,10725.95399011745
90886,594.6550809670553
82580,5952.559640514859
106420,9838.102709801755
80218,13042.808513508033
77197,10730.95287192181
81116,16102.034135975935
103847,14008.172696568081
76611,27245.146924163928
80677,12855.753824393356
91546,15178.693580754407
83706,9500.750377526376
83288,9374.328259880516
83664,11849.166866123365
81103,26444.446164244087
104136,17743.11742187353
79754,25636.40814053484
80794,24840.413502091207
90027,5634.387918148943
99186,12050.40037253343
79957,11835.909279172189
83420,17878.31845862896
106971,12965.51406104634
88929,16059.118907914404
79354,19953.666521620726
104624,23332.438735640353
103631,-2927.213056840732
106329,13532.394257218353
94466,27697.062505925438
79495,24920.994437830523
92262,16111.573314045343
103626,9526.78043215281
102620,9597.829544190721
103026,10119.224281289109
95440,26940.806119810688
90675,7251.104404483899
92169,22419.24884021037
85598,10218.131445708967
93980,14308.939020864802
89884,5823.077383913043
100361,12888.313157274337
95314,21551.26138005365
102984,14975.785043732456
97290,26868.84792786697
88702,5995.035961601539
79250,23451.330124679596
101218,8607.793789647158
85994,15144.400465797977
91181,26547.017722746066
105974,14740.91325774368
92222,24556.647612244287
91691,33263.65405657265
103472,7012.100887728207
90116,9536.17258405075
94185,19931.4677894348
95705,26324.57690596469
92442,18045.839544443654
83759,10340.727197535194
106311,26050.383504863483
108531,15527.81135956771
88487,6014.7935593202565
88956,11647.258365626669
80477,24035.72870382655
95422,15528.189046179776
77410,12558.755471503962
91873,24872.324136953357
95274,25718.180886782095
90023,8385.318056609216
77204,15810.209582224645
76504,17846.02489897607
105902,1862.742499538559
81820,16506.49219497829
89405,9922.22046049422
92206,13749.802162316526
79328,17725.34141673462
94971,18559.716989931923
91185,37318.77252581585
103332,9854.568186629738
105983,20731.834795427356
81775,20980.31507639195
81946,24668.22034102968
97846,23629.410180148836
103884,14048.12217509682
105182,9994.248654953528
76148,26179.74027321393
99255,21008.921848761456
87785,10863.116092517372
78903,12009.345424767233
94578,27907.479091169203
107853,12261.752325909103
76717,30306.194817851312
99052,8604.969739167942
82390,26959.069157528458
83676,8620.39203962139
87748,20661.355115113765
95443,28405.864295300897
94430,18360.982043227497
83886,16754.78812511226
78492,12685.414803294589
97540,12795.328775117714
103167,17483.62152546105
82621,10897.14325229398
88729,22627.757469414246
97779,8393.43343556782
87179,6958.9118717931415
83693,9858.884587425884
83068,18218.760913420647
87978,10636.820926833461
77547,11829.143326639354
104135,10155.708453044728
91838,22600.39363212732
81044,17714.388444493703
82100,32960.20502863729
79196,9634.845234992943
103420,7329.641798047833
84430,11712.688242813887
95116,26383.715407528813
88758,7717.01197046493
102600,15509.385831052095
97943,25582.161477335867
82923,19533.28776684908
84173,17017.742069297135
91455,23052.74324862866
104107,12663.332268328832
84031,6295.16959088711
103307,1525.331773678383
103516,9895.307985580977
94534,20525.278603746505
89498,17994.913443182486
78100,19819.31170905125
86728,9076.14418110351
89787,19334.68116194727
99604,3051.946368800567
87920,13569.541364712293
95679,27865.87425131209
106342,10235.996845841702
105013,7141.884905700943
94526,22218.40449181612
79217,14226.287839094904
105206,23584.52088478913
80930,12986.063916974708
101748,13581.516972060648
108486,11140.774863817624
93949,30008.619608960973
99658,25917.078202027245
97561,18184.27385252148
101617,7240.094053909661
81330,41857.85810470512
101771,7708.106475975634
97270,3778.109301911796
101595,15748.499799980145
98215,9396.446750566676
84007,11670.311587603479
92680,25748.358677778633
78992,18197.379777604554
107596,21673.130915995403
77206,12675.73384270681
82743,10449.30938116078
83701,17786.574201602794
99165,18991.26599883076
94432,25753.985066900692
86548,15291.933994013945
76397,19941.284376077587
100070,2659.448924899307
103513,4478.203644646264
80091,21307.231075793257
76782,22194.85003860003
100886,8806.908140514122
103951,7195.539506601972
87351,17265.64239994353
85974,16924.798987719485
79314,20113.4096878533
102475,12491.713499093537
101614,4063.5538296862323
99033,8678.112803098791
97666,11305.114147849312
99253,12243.342864426391
91658,20820.570734874014
82007,17654.547404970934
76687,57137.77695770289
83921,11622.254548211578
92186,26842.142242609858
85865,12737.854729650913
78521,12206.486544968539
77902,14312.772013267215
101697,14386.015793478711
98102,9153.631453239424
88037,11102.88566909706
87226,4752.280105648801
107492,4026.868037521299
100723,4683.082826639551
78581,16685.05794631018
104777,10122.06534875605
95606,15671.817428913531
101145,6181.3578121749215
98544,9343.422858820704
96417,23667.23033828367
102714,14303.92843492423
85830,7413.193506399661
80541,25885.19189475764
88142,13267.078417732435
95553,27430.630675247725
107711,16600.992458628385
82572,8872.304642978617
77820,48608.966768635546
94456,19571.50185107381
90433,4211.247922964592
78161,29084.519600568237
98322,29950.537066747136
101884,6004.394509572117
98723,8697.28560623476
100828,9466.895602191686
100612,15216.058512747852
78754,16311.062324515544
95053,39416.74847295605
87293,12167.645936436993
83679,15976.5081742964
102810,7624.383823935543
103021,15376.648928827133
90497,15312.267213541829
106798,11578.82298167641
96234,13634.171942885416
97962,11467.21104564521
81585,9133.787154214115
101255,9404.360580395543
95824,20520.39219363364
97053,13829.60259738587
106657,21833.966743789304
107453,20671.93439378839
77979,12327.047537576229
93717,22197.932709343037
100424,7502.254302282562
105579,25514.374568899828
85608,19291.315259558785
107878,26724.260960205793
83229,16009.255422141388
95478,27285.44180344316
104405,20664.37809461012
86681,4834.679579504405
81901,16749.19956452896
77806,13024.222924572901
102650,9732.27404473126
80845,22811.416349748113
77445,17683.363686669043
79206,33787.81850219233
105219,17714.08384458399
82665,3262.357426609926
79532,22648.637785963932
98125,4271.547388089739
77147,18207.998312332482
84836,8600.041278573766
105376,18044.445779571826
77343,27394.814939747474
108114,15666.752776317895
94994,12617.419668166485
88610,5761.29923646347
99609,4149.889229450408
107243,22406.536002713656
98829,17128.19672686595
85362,14624.165928034716
87409,7843.154696468988
95322,23711.101450062983
86185,9438.857300431537
81792,28790.313401349296
84113,10078.348977432164
86139,15434.016444855975
84719,17803.862306042633
85120,14187.653026248783
101693,1646.2004081816704
77413,16819.416503996934
77179,19278.69709499052
91580,41437.44433223272
84116,10667.570479783557
93025,38726.38591543263
105224,7150.6804693303175
102854,11235.676422608358
76237,22075.503152006928
105595,20483.763424023324
80155,32774.58818579618
92056,26585.929829869085
103229,15985.933076641806
98783,11299.978296312307
106357,8057.508009079184
92305,26527.887264901598
96312,8269.289686634573
86890,5554.579043871396
93354,15411.252254190478
86898,11596.41160604777
76058,16881.705717108012
90555,9174.908024918543
107136,15960.681542888891
107052,25713.19648332957
76384,38376.110503076656
101670,15869.178287211114
102438,9179.974973573986
81063,17119.257947841583
88254,11289.561985418622
87041,8898.548972081071
84909,6788.893361369681
79053,20871.377930846167
88187,9103.55256750428
85814,12272.968532119226
106396,16472.038513990025
90460,15905.61106124755
79261,19248.485521833274
105167,19893.905160564038
84047,16895.092960467762
96771,11591.08607477176
91074,94613.96877985615
92357,26812.62962913343
99588,8733.555872555835
78138,29957.001862249374
94328,16034.062713408335
92019,12939.377423904778
77557,23242.907364859515
83024,16045.005007779775
94888,11655.31803688821
94193,29199.390649975612
97909,16849.51740237104
79111,34423.18685105499
97936,14365.869018489066
95276,34515.69255246014
107815,16125.391162610142
92806,25770.91925889547
91317,20529.981674427807
89507,21152.38271492104
97462,15945.393473753134
93693,18150.327310154586
81331,28422.21083688861
77260,46942.48066388563
105287,15148.787043522216
86064,1479.3236266400254
94906,28779.235903066918
94965,24809.675683322028
105863,5967.996685599788
96962,11654.246081807274
82573,14974.775082317661
83271,8161.464711254161
94624,6514.140230726918
105014,23803.51574204934
99965,14314.407742761283
98009,14967.587496874417
108442,10263.701432754908
78211,31441.302640950882
87609,-108.69118299146248
95639,16674.79235504001
83389,11891.393514165899
84086,16317.607417834843
105956,16187.06285575273
108384,1155.559972794972
99053,6495.12343089336
85503,9191.468813808664
100879,1553.2073482832948
102238,17841.890779789
107311,22180.116564172222
90740,6895.073593617981
96463,26243.225914334675
96521,27618.325435226692
100020,9247.670749592271
86048,18340.7857015368
90310,19901.985767166072
95810,11929.74124221592
106809,3995.567051244707
90420,11673.838863650908
77189,24750.16455652375
103940,9523.67430023176
99054,18500.90266859448
86669,15757.910900588293
108226,7358.681928491056
107731,15316.702778561797
102410,4501.227916852289
107012,11073.57728841187
85117,3516.076072166503
89298,8249.657093156122
80880,20230.38723100475
86954,13431.709819628895
100029,19482.186722988266
98943,11489.059641157757
81089,30216.604537498777
89148,10262.942890570474
98024,10583.72592649163
84621,15484.642229977933
98748,22401.27963566877
106824,19747.92091595215
106049,24262.321873271238
108266,18841.363088434828
98763,2117.7382872893195
100238,9274.070018692288
107279,11794.816572644912
78188,47330.41510656681
90443,16462.75600507673
95384,-5769.64063641515
98928,21774.946296588154
83992,7335.382582134789
94914,19909.272648566508
92340,17372.695054391315
77677,11032.792289388539
90840,19776.76187542883
106434,29767.28419379679
83736,16523.102936473697
90022,12455.998215507123
87633,2663.487496372649
101312,15128.62421400681
92614,26901.825433924856
79410,11737.04070738667
83220,10382.797932255138
96064,13253.23620184012
96470,9533.766784672822
77247,6592.871371561798
102732,20194.702326575145
92569,26110.95138580466
103467,13526.048011037647
102976,6471.692191079806
87220,18836.597619812117
82183,14676.980797120877
88173,11376.309343299139
94227,25138.064074742717
83048,17108.8997170937
85320,15495.73703482718
90217,15146.535528301618
97112,11970.05152776591
78246,8808.824435644225
82000,23166.490581188165
79672,11511.767063932246
93499,22365.219523478416
103355,7401.725926521964
93334,29530.204899286495
77302,12885.764169357672
87100,14358.519907694854
92568,34740.020970897385
102148,7148.63201105679
81098,20918.708101452496
77544,28877.94104796738
92644,27594.24706738563
95996,28293.698504245804
79138,15690.283043282938
97082,23822.36368510548
85843,7731.015335937773
103831,9290.932932803931
78047,25740.72889904872
99184,15437.888955135157
83023,7116.390155452864
100629,6187.659536887917
106087,14312.945552578365
87161,12955.441661881006
97572,9016.66842458874
86106,18349.66423876879
90163,25794.68837810904
95623,35488.500674449984
104349,15497.993898491713
84422,7028.385720940321
107061,9874.739606473195
78175,36023.875742517535
87468,12642.187644591238
87136,11272.475486036503
84238,8627.086839135849
85432,10046.221168398679
85363,19357.32188773035
105017,12197.900979266651
80633,26603.742938187628
82273,26603.367379254003
76668,20787.285462230895
100970,11702.028568534757
104985,9130.959315040112
76457,18042.577111539867
102241,9526.405490625924
90884,8624.202224802502
79706,24598.844680527764
92608,21718.570104677816
86284,8796.842837847087
103990,8798.760357574036
106152,15737.181644073504
97553,15790.895477983835
106477,8105.5379688118255
78423,26863.98597554076
82766,16618.902564629487
77477,47707.73424941872
97680,12074.663657045214
96346,15236.613882817453
104141,16974.454035398478
80807,23646.565981782558
100442,11491.845735680155
107029,16455.537885107224
90213,5456.118957028975
88434,19758.659039013153
96441,12682.916646498232
80102,13415.05627576448
105520,25737.01755245035
78279,31527.636349356333
95023,4205.529486561189
76739,22614.275210770524
76776,30537.861104650576
89754,20904.262012971776
92585,17744.485021270455
83197,8384.933302439917
99947,15406.114121831228
108399,11851.435418015903
99140,7613.302406667701
91454,9358.189770210367
104130,3751.058039331743
108320,14086.934201751734
93440,25342.30507707902
105567,15040.709891589744
89460,7136.954819612433
79662,24360.286806612385
88491,17970.676289083818
77034,15368.932463950512
90404,18948.04376116317
76014,14278.14007904934
104971,9732.043930923397
92516,16305.346623806858
86856,12443.734552892063
90648,19923.611977509536
97201,8949.955577090319
79186,23939.33374052441
98204,8001.3683929572
82568,20988.125178091115
97595,4449.646675882226
101703,9457.444997523504
84202,8621.877734630398
97310,4893.9276926308885
105498,18159.503021624438
78896,32915.9805353238
106029,15781.422026712233
90047,12153.792825450666
83277,20586.937887632223
103503,12712.087229317287
104327,20832.492221973815
78026,29069.72994792035
80909,25028.71138516502
85733,7995.85115415241
103986,16698.63313488835
103236,18748.53024537896
94181,26279.15713299426
78518,24410.875173281638
88239,10308.300943978687
94503,40006.20546537364
76074,15762.65559761105
94424,21243.61836916028
97663,19100.438429752256
82357,22839.893029849325
92631,24294.811600198533
95482,43050.85938701862
90697,14361.28606722135
78798,18678.775324922968
103348,14054.596634164362
83659,9303.366953961573
91108,10754.95844407543
77916,19916.29159835961
106086,14512.924700727428
81928,21353.581482503876
108406,12436.418453978145
89731,14542.115889593317
106178,12250.589728831557
107719,27811.58884608508
90633,20486.37437673584
100003,961.4294825511824
98978,15360.347833823442
88009,14478.118576292934
96631,15500.784536731946
93628,18427.43229175255
87288,11594.518314175133
82057,26047.246772508897
82925,13619.685027480824
100038,11258.23444717932
78420,16780.30093985088
96271,8108.726295586159
97966,14830.112938079
96110,12159.711122783474
80393,15718.728061984839
78706,17803.669784103586
107484,16222.570341103921
103084,10471.174646328855
99792,5900.547976849257
93476,34460.01296860782
88975,9693.157776153457
83981,14803.05985005572
79492,16188.344544780004
76802,27926.90604020774
83781,5725.477888935
95719,28079.163376838987
106177,24379.991853399897
80626,30567.481384445193
76158,13833.386592681294
91434,18951.639034713447
80463,24755.385194407794
86263,13192.301472258197
107666,24449.895894607187
94262,23917.94324535567
103501,11614.348779179376
89996,15708.914319322523
87306,8346.112176098717
82265,15677.847416706918
106825,17734.36032048207
98851,17632.68185742635
80547,25862.991999589452
100440,10953.017827287218
103194,13061.815398284014
90394,29736.91040271822
86111,4927.573594419913
88528,21539.791465780392
86857,9493.581412096071
78099,9658.235814539492
92331,23309.619110140073
96016,15989.582830614512
91750,25332.57147049965
92459,25874.536954763327
107321,25482.1235361758
87091,13386.195329461401
97925,451.2007065223879
81737,16878.446676239633
99093,12173.926950416906
99531,10940.548156727931
84423,6895.389216350604
76406,21808.498618877118
107350,19038.941424669058
76326,47561.704533483484
84338,24144.338109600914
76577,23708.871313506468
95385,14028.788605403372
90391,18484.6423117149
107624,25641.691180068774
99241,2494.521336972817
80248,22485.051340393333
85295,15699.906781895326
96343,8578.530812305817
80926,12340.695220013178
94027,21856.768500632403
79544,19893.892834061546
84425,10753.893866947938
105264,13049.347922158162
82643,8039.4921008545825
93474,12566.761848704964
107072,10694.810460710032
83519,6128.1429745547375
85962,16552.597419186583
96932,30313.272705247546
100759,9502.183760559814
107022,4695.700326879405
77012,34545.18449517872
100651,4277.936862126944
89430,22292.038443261194
88981,16096.641096533822
95740,23387.558965766315
101954,13039.634598338842
103408,4336.544776788613
81304,12369.482921830102
108421,26873.937493149177
93532,24289.936454956463
101576,15774.748871040621
79931,18380.6511658965
108176,10443.26984012121
84455,16680.067737086447
106797,29394.26227069826
76513,20801.54466554745
89674,17166.85751141676
77722,21547.6906386049
84754,16936.723066269344
106492,9486.244670943313
99242,8208.93514972277
107569,16261.865084451445
94320,22426.570741930136
82637,9437.999082578579
96550,18910.572990490997
105480,17176.647959089336
100624,8694.568213717284
89114,12356.582449481986
100866,6294.073339415972
81896,16033.257610446039
102689,18034.088349135123
97911,11305.818645373518
97099,7138.643154402858
92071,17626.009849954924
95849,35014.9439688659
102903,9714.3628907542
103725,15274.629928269527
101176,10267.909684857714
103887,8261.123627796404
80921,20999.420189053417
92266,22054.341920256986
106467,5717.269684103145
92139,25725.585067113178
106826,24901.374491518844
88193,12979.894302934157
106211,21391.294246937636
88612,15875.64212415558
89179,18425.869938589807
80004,26766.710595892808
98225,6844.446322601876
99856,21056.02565188014
87150,23977.538161099408
94786,28626.44060083686
98471,20015.5908297665
103319,15837.86366497046
89393,7609.338037202797
85789,16904.247076367086
97761,20012.355428243176
101800,9144.225755946254
91588,28956.232866618935
76096,8162.2844471054395
77378,19185.60383363628
105010,19284.85245979477
93587,28416.17515124363
90171,6333.562553426631
90438,7516.547981966258
91148,17394.31670823966
91323,17347.2846094223
98577,11875.97471979654
77741,14836.960884542355
87789,16573.776694860775
94742,27356.71091730806
78295,5509.605532913596
104797,5441.632923394871
77425,12398.310919399113
96208,16100.16740790823
100731,10052.55767163931
93163,34498.127031365795
85915,7726.028670636233
89993,10341.600942006799
99626,25409.734394207582
78228,20969.608795577333
78779,14037.051522463738
78654,21275.47201711687
82947,20464.939600561927
99479,2774.8042137152406
90585,13853.987586208681
79933,21758.85412645163
79287,25127.679842207297
92899,25818.406314545882
93755,27505.016034089524
92117,31089.178986048697
102417,8394.003647396923
106587,29095.060072439162
108201,37506.303548754026
88442,6917.188994322856
82673,10277.10597670598
104223,11372.529563988786
86036,5675.889600134402
93425,26151.243392241297
96693,7318.882642174298
82050,30897.56840104353
99460,5869.502482668251
81829,31034.171648259224
83925,10840.924930563822
94041,28065.281343584073
82035,11585.141812242782
107368,7482.283611526168
105591,30437.0593185127
107782,8451.51499022905
96340,14467.837413100524
97566,8560.68892916113
91719,14618.297674747575
79210,15159.028095901313
89898,9508.98516284427
106642,10507.40040430363
93485,18435.714129236087
98774,15203.59758542668
90967,20991.689104554516
89550,18558.081924573442
99247,7820.5000951481325
99897,5360.534284963242
91394,24560.697157641716
88135,4357.812702625948
84111,16685.796119850547
91479,25859.058307569154
82622,6626.763515005088
104106,26229.15148288092
77050,26912.269625004337
105631,11695.23705850267
86427,3904.7944409645224
93552,37983.506937539496
81830,31749.662546262713
82034,19453.064580880113
105857,14837.474647770969
91623,24878.90925382031
87886,16147.905298176925
78123,2862.8997619715883
101951,7143.551277472144
97543,10750.594191224283
79462,44689.471166316485
90234,619.5898554614087
81860,23784.49001603776
87045,2988.521169802896
107162,16025.061314429378
90414,12903.819324181382
78353,25184.377737239724
90940,27886.911760075724
104123,24747.47532255094
88330,8966.228463640029
84769,4574.831296315195
108396,19349.617277244317
89556,11475.196609579492
91348,14543.067041125665
107687,15375.59122567783
90777,19404.631952660056
104801,26432.19965138034
82951,10219.333760628175
106440,20361.13277724185
83562,7451.604130163676
95283,32286.80997084867
84042,8963.279257617838
97883,12698.159340965754
101997,7633.97154671636
82566,9383.560552223895
87497,10780.001175510613
79697,12268.29290099388
85723,19175.02058636364
103511,13989.858783391575
101075,12646.233612275802
108424,11451.85491357502
102011,15667.16268563308
90054,11661.313159026124
105933,14211.804361549199
83807,16589.725710300067
77338,28318.43211283091
96060,5130.877673674386
103133,14237.071263794584
76548,15401.389006344822
79177,18228.196414025177
88937,18159.67852714203
105216,11636.579133222753
80415,13627.855195671626
89404,5288.756369841218
99503,15453.152421164908
102640,16269.117690981757
108003,24361.952196026898
78038,12066.432835237465
96267,23165.056525153905
106361,27278.992668772567
90046,5524.560702391518
81034,20621.55882032439
77832,21068.450273215734
76482,12199.546877107703
103687,10992.019099463265
104148,17444.230731344254
96008,9611.72407309568
77464,27782.4726201527
83612,15997.383227315298
88727,16304.512683216424
92881,21360.06868726049
78787,32263.756778312913
92593,15508.533628003232
93216,17633.525432461334
108447,6974.107398002512
91746,31073.666881607736
78670,15787.03717835651
93142,28418.87608175802
103515,11664.625733700657
101254,13305.828283557845
103532,9958.107511118285
95650,21352.32971994151
100251,16891.528669722564
82597,8019.793500863125
83045,8559.524382528949
95764,23653.585996249312
83685,9520.372542925088
108088,16118.315460678139
99800,8778.658848399195
104273,10142.113817928965
86860,5550.361812702446
103756,7645.149068588456
90038,7377.222510592419
81692,12285.738756427003
76875,11416.43161084207
82474,10765.592118360477
84165,11636.849780078504
92416,21816.811661615553
76486,17377.803699948716
83332,13885.5973287261
86362,6407.884860499407
99000,16946.839189269995
79474,11351.635722439918
81625,16963.234486261517
84416,9712.901283352196
107026,37178.976561758835
78888,27788.334628814984
91402,14532.705210223146
104996,16188.630394809914
108161,17755.515184021846
95547,19641.091335863275
81861,12616.34858974256
77574,31021.87980455121
88480,8564.284405663995
78311,29676.168494184916
79130,27880.37062383048
86087,20081.827060327978
96083,7678.461978011446
102730,5153.323670474658
93459,27288.81931527317
103121,5132.506606101979
106519,10374.533459277678
90685,9914.233489982897
95357,13932.928198977446
104263,-1631.4953915381502
92978,25245.40818572846
85290,12700.086813353886
90632,7757.570959522016
105283,16721.07519605016
77070,20092.103409425163
97304,19078.77400799556
97350,23367.399497669554
88499,8132.979538333995
88773,16540.791014259386
97413,12504.300178625834
97795,15851.2704980062
102571,-49.21837637553108
100395,8874.697829046747
83692,20228.34763050799
88058,7003.653417544834
88108,20203.45837509422
89818,5112.188746362326
84732,12884.473299358726
79794,13924.97319846002
103320,2102.5938830902596
91794,16025.117397991162
83061,13181.598863401807
88593,11257.097322984762
100252,9712.542703198404
87177,7789.478028664338
108018,8246.81064756709
102667,15318.50498475174
77541,23380.91745743256
78985,30913.382132607927
96495,13027.637604007246
91698,20868.839532757396
80282,20244.410752519987
92825,31935.962623030093
92684,24044.827850497786
93840,34033.282142550204
85266,6427.635291351473
96656,9996.824505295455
87600,11058.85544621266
106994,5681.578044096586
101405,12426.391501923152
86756,4691.744655284163
91439,12563.625189540753
85088,8278.992636506984
93892,19721.92511548996
108240,18890.569668466236
91934,26519.152325235496
79263,23783.925193591094
99012,14101.792271963412
99507,19005.86304880935
104775,12761.337961059235
76783,19152.246174604035
98630,3554.082530991307
105799,13349.966971429312
79687,17050.98625797728
102242,14164.29838235601
104987,15357.037118913897
76197,15288.041092832675
79819,43498.67619104077
105059,13704.836986383281
103748,7397.798090135137
104789,16141.613190480031
107740,19221.352135873447
94310,21573.256657369024
95974,23316.642992658006
78991,28976.828632672783
85346,10228.05828229737
104905,20939.156396209706
84858,6844.7821532233265
95021,25462.107425283844
79234,48159.05392100884
93929,25918.39618753273
93964,26100.214954235787
102327,17126.599247553328
93930,40215.50690547819
94220,39476.0964232113
97355,16543.67646636026
101356,17268.373704233105
80132,44303.786520001464
96537,9835.778511350441
95767,9863.145252861632
102780,13178.452722897036
98549,3590.7306106139968
91031,31426.280318415702
91922,20239.62709307992
92327,19564.72793127991
101273,12186.423812287358
83564,8066.542205506952
93121,21299.549013774635
91848,26646.463539833996
99112,12729.090286735996
79484,20188.199477372797
83792,12240.846407149289
88337,21897.58775773452
98896,2227.6172508844793
82576,21214.662459308824
85186,9955.85213181422
103570,6914.135065324152
94806,20609.34056143582
107394,6956.6449253774135
106891,8594.378296180468
77508,32902.878200847066
78851,35741.3144607572
81113,21916.993581816285
85437,11693.802188315105
82280,9321.82906288304
85886,15273.633712406567
79625,26322.10017500394
95239,40478.33783640637
82313,46557.32868395156
90789,19331.245701450607
92484,21943.25131330436
88349,6579.801379359882
87936,1791.3968056403191
96057,8970.95656079914
102286,9216.17932388548
97187,6621.777747994773
85499,7481.598881357917
104015,14954.04422425462
99732,11173.493021297438
87915,10777.059416060938
81687,11901.08531700667
86009,22294.343487267033
97444,11260.27829848104
102004,13834.962635073676
104458,6060.792753936785
98519,4423.454457697979
82785,17328.174647294174
103479,19120.135108619394
100675,12348.158042543186
102764,6220.369957943696
84770,11738.48538643454
106124,4162.324645892559
103447,7838.215718549121
101681,14125.951620680898
97714,13547.299588015865
101446,14690.448359126207
108526,14402.423755891678
92403,16030.328714558445
76218,50929.31964464482
81456,10130.445912162066
81297,32663.419840665018
90637,16546.64862990699
90327,6492.831433210375
95775,16809.441656422983
89328,10864.188742288352
76281,12056.65454302322
105285,23463.339955275806
97967,16306.110584514885
103677,3900.8141123121186
89371,15682.243006168972
93864,9952.396196057425
103191,5258.540461924675
84138,15612.98687957481
88931,24180.466423784725
83174,12885.626797310926
96700,14948.072042207015
90557,5685.656408564182
106224,18820.480318921236
76032,16524.260957945415
93904,11211.957952944096
83233,8052.710258354924
97166,17050.363185102622
107008,13227.801089698589
98411,6870.295323611599
76898,14562.022025406817
77335,24787.28244690904
103661,15408.852349668741
89251,21320.443609745187
107278,9698.10077048713
76306,23947.697010191747
95821,24829.227943637634
93738,27432.093173624235
102085,14303.706601627968
87697,14493.519496980429
95925,19266.409165133256
86432,15845.784901453564
77843,9741.9461520199
91784,17264.077843733703
101658,17736.84834126808
77139,24972.46698091631
82509,8528.57631158009
92105,26482.51241663385
89714,14359.478135121903
104701,18164.22567881734
96529,11877.873767800105
86466,12609.339552444548
91745,13614.691416662374
89336,13212.38057120818
77392,9938.100815496506
107821,27358.48490154265
96431,6728.621695268443
96177,12676.467522901201
103091,5857.604803735734
91003,19652.58717010206
95781,17796.16064463265
96216,12844.584182262366
78178,53396.104261373264
108259,17880.647123742747
81909,7284.932334029042
87054,10992.634941577446
95949,20311.767941472626
84912,16001.781945091003
106750,9871.620647425658
105535,7315.062634864422
104790,7761.415285083103
82394,43187.9280897846
85536,8844.47204658583
88663,9026.043681187255
95114,16080.44161568453
87720,8827.981553891274
105355,4533.248123342086
82633,9833.340099573245
77178,22455.638708237537
82650,11017.281020317518
88354,17940.168903370064
91594,15854.12887810235
106838,28562.633953985063
92201,24582.02618658662
86903,16715.697384955423
91790,31126.213075021522
89435,22340.970668806043
106192,10327.49675516917
100291,3847.366037746853
80263,19079.536931463736
105259,3566.5912482883177
90581,10763.508768216816
82168,15100.308243098905
78900,22304.05625810305
92927,23496.27856774501
86035,12597.621117381193
82812,3980.8479552993613
90960,18342.02159845535
80564,25388.362539186637
88136,13918.086485343958
81598,9161.552381845875
84515,20189.131339075688
76559,22899.25501083192
85602,13773.930921871224
87221,19079.85284280439
103271,1947.8999670863432
94627,14104.757721443537
79016,10132.841016549111
89875,20174.192225958355
89037,16185.258071843105
100203,4843.047887478919
86521,5138.201690205275
100287,6105.344252431007
100028,12121.765580469919
99993,9908.424629178971
89572,19344.602112037723
89439,13450.540505567466
105686,9162.870402599565
92939,14991.49097819168
94055,21645.17675402888
80380,23121.80238664862
99967,2947.0427785068077
95543,15160.305198791411
97455,10663.099276458566
77160,13193.2528711735
105212,23250.00730351091
100236,13680.431329712477
107291,11190.368713237147
104571,8851.895862366851
107474,13712.926935516154
93115,45332.318956324656
92068,28238.384088637136
101225,13193.580475424944
87087,12508.548733097308
98133,14490.11527543692
108494,22753.520701161455
93501,27240.436162707396
99785,10346.067391808769
99377,9386.795817388625
104791,25762.577928098668
95521,25648.574549670127
98752,27231.39799288749
100191,293.01649110740254
86298,9674.361214749151
85617,9983.004313832678
101651,16976.556394636806
93014,20176.67834705585
89934,7006.372273753199
85334,14266.976796239385
97879,16156.09629841828
79690,25373.417389679413
108126,21692.050884770924
77117,38846.84798509022
99027,16694.22010036897
102822,11820.625778330523
80603,12704.829675997069
98014,6210.408755747581
77131,46602.31611422384
93449,21997.48063091474
96996,16264.213417330338
86682,5987.068560495925
88766,3259.452821340825
89860,1792.685894239583
103646,6065.160509982667
97690,18165.722613190217
101168,8430.736688953208
106415,5740.356171701773
83711,20196.528400663887
87996,15569.646871182082
79855,14422.325002167003
105266,14800.41210249146
92717,40166.32456432585
88833,15589.541012644766
100290,-14208.08044610225
79845,12294.665734673355
102781,17930.904778189648
80780,25613.722457289055
95643,21790.083929410554
90478,3252.0991115891484
78919,40635.35393033274
87599,15705.253497330345
83576,12636.476821187298
97582,24746.216995390423
98560,-5723.898596406832
94839,20920.88575665258
79584,31769.226111341108
95009,32543.69946911822
86194,10115.961069253572
81291,18559.097392726195
108264,6183.938358694675
91618,26614.425522641435
103987,-5533.546759501447
98687,7521.817186413045
89683,9373.35414569025
80178,17364.106560625187
85041,6835.746778526791
85795,6017.606149795205
92667,27179.840719072774
88648,8720.253283772536
81003,22102.84647250436
89530,11777.372169655813
89343,19305.613226043144
84383,10710.19808128228
95447,21191.8101955937
103195,11225.465150206703
87916,9246.354201581064
79701,3572.4390205204418
78939,33058.7314008565
90700,6884.033389525477
92770,24189.39291822422
108076,25901.976919919027
76716,22080.899052809327
94223,17531.18608758582
97551,23105.157079649256
92126,34079.39383732368
92616,25188.826197771767
101680,15227.02719024313
91237,25451.929013242792
105108,10495.54069141397
96867,3812.755121575112
89088,15657.691447020301
92402,21734.092150049284
94049,21893.228202954964
86720,11149.963686523253
100554,15296.05354166661
102551,15483.213739698334
88297,9475.174989478784
85365,8672.13729022134
82994,6593.6689080575525
79914,11454.238795274729
108258,16890.012337146625
76068,13882.032386385543
82252,9114.970038987849
85769,20062.391264358055
90927,35994.91055907054
106917,12212.112175571365
97051,7661.397126156526
89757,7710.689564765369
90517,7623.206584096124
100679,5408.366496913832
102698,14944.191600152413
76935,14971.945148139335
94802,27103.504653614025
106017,27356.002678727375
105400,9117.529495475126
107120,15772.519437088567
102046,13984.902254582774
90067,10878.198934840442
82781,12625.593839887508
95277,36578.15441713985
95689,23410.41205402795
105027,20655.698830005036
85236,15874.06472293332
97380,15900.069539817268
100285,20145.6227271893
98812,10457.45162196642
96265,24230.774442038826
101336,8759.091099950538
107335,13706.488075166242
96385,13310.85879013661
78322,34341.12551769232
91805,34974.46853219781
106808,12979.973504788602
91272,25962.39031376991
97409,8404.016694063814
84801,11056.819430740958
84783,18550.838436867503
78594,23251.628735449594
84618,11804.8039992216
95162,18651.97812464425
87803,14085.208456117818
92565,13433.982557308495
107155,21910.50800446178
93075,26783.225940278433
102973,8303.18035107225
89247,6969.159316134095
79555,21100.512110800664
90326,21134.724488615604
107169,20195.5965096141
79268,18797.793695311353
99954,9608.725586982273
80374,25178.03005355389
101695,2756.351925687881
91260,41532.45519105793
78376,21121.483172723096
105554,9480.461680527103
106897,14232.064540442932
88890,21946.567761455954
85043,7839.419417789664
90014,19825.89236746376
99924,13777.966300553366
102210,15662.007713047056
102041,9404.34359393517
78082,43222.56901498189
106653,7966.256066953041
85042,2651.2036483979155
90502,13763.604062164286
87396,17671.76490858622
92489,22055.609587835996
76383,13217.93679176027
82522,9860.50051412912
89906,13314.515302091775
103260,7767.7104950851935
78162,13622.410800583166
102594,6384.592957524697
103841,7524.947664543881
78789,18598.560159631998
106717,10133.288629055405
88775,7408.262759397707
88109,10953.648546977773
87997,16444.193696464576
88027,20586.23091104144
93890,20723.419880061883
94101,21503.07379978948
102675,3888.090293733074
101475,10804.610106978247
80558,9537.629841358716
87171,6029.047966283515
88266,8927.064373248837
101850,15683.472286265176
99649,17051.53189348239
105512,13691.582084607302
102290,13231.518288156341
80390,19291.56121998263
90266,5185.490270906459
84938,8861.476225901712
93151,38891.69105830409
95267,27020.589372583032
92188,26173.92342492098
80014,24994.161512742627
103390,12980.080926463079
77627,20962.246109521504
104741,6677.8045800675245
107297,8245.800437855021
93101,25710.405476442036
94142,22660.20528300073
93814,27508.245226439365
92300,40690.36983304537
89616,9102.411349776386
102876,7046.702763603091
106731,23700.918779525855
97653,13576.85320750159
86484,11754.629426992175
97041,9722.969747026731
88263,18471.825445245653
79035,19719.66322698051
85171,21308.648109328817
99949,10204.126203142347
97528,7282.119740848152
89333,7249.972926135983
108420,21114.536614264784
103545,11608.4102446992
87578,12316.296354105729
89794,5855.983384322559
78220,22685.69160679912
86074,10516.036271757137
82330,18129.00611779134
77108,11394.832140600249
90682,20791.813655219754
105643,37954.51983214435
104819,26477.096943559598
98722,1422.632303723336
82464,11630.914831522421
80687,19256.678944790256
101340,4136.581105082709
86763,15992.212856983493
103549,4765.157946871615
85520,10268.62246947343
95658,37627.105713514095
98745,21525.180681806836
102751,9402.9648942018
86044,19921.71722244104
87791,6410.67886459199
85907,8243.08585197882
82976,16650.469433851733
87738,16537.331838430266
96035,10327.214656546654
88577,13871.747735878998
87932,6792.9787665667445
100197,15229.327765812068
87983,20993.183620120522
83455,14916.503769087136
100627,7587.011195280114
108491,7265.880280382431
103896,-4942.661353440033
100166,18711.446509599493
84224,17716.65088263125
82279,10486.648004058003
102695,9994.632566141989
91730,14221.06636023161
91520,15353.837250771421
93441,24065.571287471997
104061,14677.554914474873
85328,19759.825898252657
78431,12369.900471751578
89987,9836.619080706569
89785,10934.250357224655
87524,14655.509717325553
105313,21548.203180234086
97204,23510.03164097524
81190,26085.25578163998
106185,25642.239462272883
90483,11416.810030106204
85436,12062.68227287885
89422,12952.136501771864
94943,20779.867537475515
84834,10168.64420835482
104864,11285.174112372904
104593,19219.262434748027
97614,5661.80201935707
105794,10955.743016146786
87647,18274.946772248648
79445,24887.63628597494
86179,9980.39401637817
80653,33401.18822158461
86987,8713.02723103193
94399,14978.888270465764
85016,8261.400545166332
97822,9886.456293081314
78119,18824.783865582747
100744,7283.759540881663
105979,9265.222663236726
99994,9533.53033818747
100774,9991.432419541075
92935,20140.214704501017
98288,13266.579041247142
76583,13776.79956875461
83919,10752.143563520593
81696,32742.356923856358
82491,16444.27958535392
105912,6566.282138244847
81324,19278.444683634167
76616,26494.954365863035
77437,29095.252995822717
87372,12317.770468213965
92668,23889.47747373394
89936,5501.379130955062
103228,10686.290075155819
97587,8892.393817194818
101465,13911.65045037611
83831,9047.5387321641
106127,17740.96316554972
81306,31118.259227568247
90977,19243.37927385212
104439,20868.963420428423
93212,18402.028480817702
102209,9259.328205667749
100072,8979.658881132316
82518,12335.019828051654
103988,927.1423068425665
89788,5952.006661027124
81061,18880.58930520705
102430,5982.522084601429
97938,5221.430346422918
82243,24665.69597760991
98210,17654.63915484578
108342,21695.777953106608
83764,9502.42210687861
106233,15905.033022816742
99659,6113.81256016859
99142,11108.692822237226
98655,11988.16744532918
108449,15350.667558162293
104515,8786.813558539234
97931,8948.476333681052
100995,7543.744915922101
96070,22382.549813559144
76333,14524.438658086036
106307,11172.025244555036
92092,18166.26887272924
78883,9331.844509296845
94921,33888.744862113395
78172,37906.922690707455
96430,23688.382360753378
82844,6324.768147903529
82378,7024.900744338347
105297,18722.9258245418
95050,26292.708884764837
93124,19870.56947121051
80112,22862.586687223305
86478,8054.158526438876
83917,13489.313219799582
100721,12142.747305433939
94123,26272.321826295913
100693,12976.096314590905
106688,20024.745294214288
102131,12308.544784101918
99935,4825.085789720431
102108,9426.444480676004
82729,2335.60170522296
77495,16018.15823259882
98827,12261.095284948726
97526,19227.47682314209
104954,8336.93331859547
78155,20008.7181564981
79469,10249.5467831234
98055,11125.103143860364
102443,7939.410435515105
91468,22594.29958273808
96944,10833.268059057453
90974,21415.435584610517
97294,7514.353399111145
98347,7499.792278601188
96505,14731.00371151242
100542,14843.974115231422
79348,17907.85319502504
95285,25455.616219537616
103440,12443.700615184296
91432,26552.481846223083
84815,12115.338563998987
88959,17373.46066767975
96017,23913.04487369002
105760,9439.93693374534
102874,10569.560042124886
103528,3129.0436427901386
87558,10963.960645407034
95691,23000.67538428231
106122,20234.232471334144
92479,11852.322462362823
106673,3099.490346616656
108143,25768.976379446678
88298,8118.163941686424
102149,15331.117828048216
87765,16785.995500842768
90258,12140.215899474015
96940,12389.321476719455
108032,5879.419232575559
77733,20337.070081954975
90186,5514.098245815076
94702,24652.587756375047
95120,27122.29336509489
91144,16986.78954898371
103053,9171.224276572564
99408,10852.556666431596
79533,26401.94511679439
99369,9387.609841841402
105062,18486.539120262372
102029,14244.947792220006
96368,18964.54455878534
101066,12254.715272097897
100088,3320.0318939506105
84869,16164.335830905151
100736,18785.8686598651
85981,16575.321826670686
98872,11692.958147309728
84037,6155.156805617997
89217,9705.636857173102
89775,22788.015417591763
88379,22104.523643984492
80011,24197.508227913342
80836,21998.80107095138
105215,12606.681834327552
93719,34892.51679441675
107968,17092.3772358208
98967,8734.062597680471
85591,17061.964929318787
80478,10512.727661971287
92882,18091.970776931834
89721,11996.783106193501
101878,7647.797615588192
102301,13497.592833970692
101408,6486.654505769742
81446,14580.122675175144
100045,8225.44871701568
82986,13641.660860659576
78772,22981.71529589356
78208,21264.054276746076
81689,10433.71233277979
96791,16439.79589221801
79141,12469.119550724752
84271,15964.345699193354
94879,17000.402757629043
107759,28371.13788088328
83675,7188.444012372964
88258,12897.415829348094
96976,18527.436799900966
92824,15372.93887177653
98414,5463.656107702973
85028,12206.191867765296
97506,7346.201195594509
92767,23798.64398158146
100210,10405.198639096729
84470,12997.929472594024
90627,3569.564597402952
98768,3463.213145256934
105263,7122.293518290637
81662,32498.90264721567
93787,18424.351757660275
82688,7657.020796828661
88923,7038.991683729244
97463,9269.106783493626
93008,14855.825623577271
86807,7910.0577146771575
79997,24673.770410880465
106742,17522.00509474955
94777,13671.763708497941
86594,17894.90068377891
82991,16681.11343354307
102203,6515.125395255876
103539,14788.245162138757
96264,16804.386457432764
77721,13120.162291111272
107801,13994.672737758234
99511,8186.146523621183
92801,22110.84503807206
82658,6568.248700998227
91732,21126.68336880272
76557,27934.482200691105
91314,34473.47657707554
82198,16362.643074147392
100607,16416.876336002464
80984,7627.090346887757
77901,9803.606443913042
95736,18322.782139541192
86809,18050.463721941036
78288,22486.904431530085
101339,11476.329060281823
87249,8371.871636452523
82143,30538.93938754982
83850,15598.892619831437
106952,13912.156009879722
106504,31859.257396961664
87341,12880.10077407658
94165,49750.56388360574
79986,24141.18411183441
97235,13069.528353708643
84860,12341.433532855643
94913,19647.12757277745
82439,8287.814280274626
83066,18875.107945136195
76993,27631.909684869708
88803,20905.99341970875
77506,26116.525839291455
76456,20643.18849828228
84599,5606.009052415198
76680,23543.167552219544
78685,30732.12577571073
80310,18221.623272705987
107412,28654.928626914552
89792,3917.695223479326
87421,8961.70611956461
88821,11694.009392945434
101930,7852.498360389996
105822,11132.11853090173
97642,14118.188108850052
107339,9188.517415855065
76550,20262.06949668105
88272,5086.6237664643595
85777,4799.9805042210155
104995,13437.967753090017
82640,4607.903577836003
80887,16042.833737135119
105022,13893.29063444301
79920,17116.71999503398
96724,15460.565758619563
87654,10565.03015594372
80242,33219.185376431415
103464,8668.61726253302
99537,9200.335750858627
92524,25592.398012239486
83634,13247.453367902875
77597,16686.531591035066
87830,18146.60317363953
87700,16794.189467488053
86513,7586.742207653029
92891,12653.527777952004
79513,6452.938426773977
101087,14650.244129754286
85729,8733.910948000554
107672,29303.523428903336
77549,33712.195631450224
94307,17872.360181582007
84500,12640.435565136508
98867,7507.828194865842
103039,14149.899749200036
91192,26055.721986333498
82205,13407.196172010552
100369,10734.289923529514
107529,15295.362719251232
106073,13300.06098340146
87934,8237.50040825149
99978,14145.381373596601
97512,19718.400777000672
78085,23669.867410707564
83329,7934.311894058765
106679,18989.161109918798
102680,7499.045040882849
100260,20021.242432535702
98100,20441.159996269405
79452,44877.810934399495
94814,23381.592542544666
83431,14363.05004542448
102298,-1068.7894519848069
86411,7930.887929261098
105783,13118.794393868142
79588,19331.958256848047
77976,9323.666721719235
103387,17950.158322239713
93070,34445.556150968965
108393,15636.776604930754
105094,17654.01964336048
101152,9119.309874326389
87464,11793.309067325154
92410,18741.51861308752
102395,7736.009689968487
98531,13469.618235736927
89945,9342.174046522752
102454,16392.249366977696
104729,16392.67912429078
89493,10723.451103177395
92058,26827.63629753
93884,20837.9285723654
87594,5924.871449921164
100891,12017.297593024998
81535,23694.343543196177
80847,29987.266134093414
90120,10018.745707142529
76004,20382.17466369104
76670,16341.580921149456
82018,10466.821249812401
90007,16743.9815680462
76604,10190.459944870665
88324,5722.782062200711
84260,11888.711117817718
104662,17694.09263000654
80740,20380.9337669377
94973,17837.722053626065
89099,24823.228841243297
89528,17855.124803978313
87947,23547.60696930151
76967,24495.02966184388
94126,24271.669757603424
92187,46614.00899347537
104140,7508.359176230728
80573,18878.690391294833
99372,12937.414651877878
79790,26631.722156770353
94392,23883.38655165791
103573,8811.329977733847
96538,9787.047407819124
96774,23766.369195623945
83631,12922.855634204763
89532,10580.123924510042
83991,17293.51706316197
95769,28098.766226678206
83263,16015.611442706337
87065,9381.180252624385
107642,15745.400961797346
85968,8511.846956732832
77321,17553.60902856937
79237,25189.696759518585
98975,23408.885782765763
95590,29422.732040487575
104906,16884.76693209134
103289,11589.603104066751
82134,19370.22871048487
108432,16130.779919067292
79361,15631.767021044909
79283,17402.899259633807
108270,10829.63282553721
100333,-549.0708509920496
89059,6303.700386369639
96852,5363.1985131113415
89651,20756.927133314788
82856,1872.4632998177967
103072,18587.464069480448
108315,18350.027361352266
95664,17375.258080682186
87882,16983.85745806141
81682,25057.09263592108
102981,-618.1225784312137
104776,9169.149382240803
97621,21867.695981067118
100451,10471.901388533537
94393,34250.998551210214
87416,15846.845112034869
105999,7613.431847511605
91075,5594.4171256613645
104390,16744.977311003535
78471,40999.59664922487
91077,15320.72990464108
81733,15976.048908795474
81475,24761.537733964615
89546,14158.171201974268
81968,17252.514535715087
82201,22633.06758412512
100703,18441.146752941142
108173,8069.172795634502
99283,-2998.025303464472
88618,8195.09903167556
77172,17169.40946917396
105813,12116.203612589652
85410,8104.0457296120285
77665,17130.83259155262
106427,12733.146289514056
100684,7880.047972349403
77682,99169.90852666821
106196,33.467455218074974
88627,22970.178960252066
108029,15127.033800864845
80142,23723.565002405445
101534,12764.980497562603
106737,20850.41130571555
84776,6902.79827860355
100686,7739.339627794034
100393,17746.042242175303
95593,24565.1124855816
106482,27308.611649735987
82594,17801.245933697584
95052,19552.66038720334
77581,27638.74854576857
105894,17189.4910299341
98981,18888.20819456379
103791,7920.731292608623
89035,18537.39953013245
78988,43062.11466919941
102284,2184.7758716664284
78961,20209.849269308077
100824,9870.815470033282
80563,18349.795971526266
106006,24042.258362832537
98874,2541.9841761884218
92004,28084.047232071774
76541,5659.164607642286
76087,10375.73309813778
96383,9354.995376496128
89403,9762.892778205045
85502,9381.21192505498
78453,18078.64955590442
105672,9172.132699623224
94086,26233.00181414061
103223,9175.530437842619
106894,5900.07130171077
104079,14863.627644640455
76659,47836.504404691404
78970,11149.349516766859
94467,17723.637019629037
106317,16191.240833534988
90990,22470.907708462277
85168,15034.679367842595
85329,19911.958354974035
90573,18195.975446979166
87552,6479.247422111686
106650,11162.563470350578
97658,11230.086094163977
103443,9537.643933039642
108293,10639.697760695544
106230,15679.998227764003
90762,3915.702502775499
90385,10670.149200925269
92892,24782.324077190482
87166,10428.528114918225
88217,16412.31118914859
107357,13065.033556557175
104588,15302.864672161988
106711,23592.73160306161
82117,26368.757240885134
76811,20866.543232651587
96629,13589.045673462724
82497,14001.505865858479
105204,8475.51050376654
92020,22359.043788769617
103534,8948.608541204572
87801,12333.962563470473
76388,21707.592201962983
101512,4444.6618992117565
88523,12749.854127887036
82847,21138.018425381248
96295,23657.772939226976
104555,14125.229814270715
82459,7011.364533435235
88896,10856.308998257113
98912,20490.972001901686
87904,10811.694616418885
97899,8206.45693500073
84404,9788.813339712107
83628,38312.275224608056
98240,6575.5602709715495
77405,46779.245959972395
95241,21384.681546999687
86588,13303.064711581894
100568,6577.241384683746
103330,10843.43805615348
88168,34863.942222390615
99695,5597.597116580335
105415,28770.33536340821
108291,11054.402814493898
82483,18549.549173297444
76215,12175.861015254597
95883,13237.879807137215
93944,17671.244979833296
80545,13598.315341202691
87133,12029.870970835866
107929,15476.240469346312
103594,8191.61248561255
98090,-2294.850982189253
85950,6246.844727576683
97817,21977.983229440397
80349,11739.52386831881
92065,28409.35988993383
81419,24566.646757476192
103547,17835.173094127655
82647,16599.012279426406
103287,5675.22738066075
92620,23419.216641406834
97818,13806.231373030743
94762,18422.288264449864
86986,15028.440528627038
80244,13750.423363058668
81808,25814.812848995272
101955,15661.321838040309
100277,7407.151847867501
97433,9423.009297109844
101701,10075.180968646991
88891,17558.573160037125
97998,7114.303171201703
84676,5786.158551377557
85102,10578.297863518335
95997,24144.033296133042
108269,18648.647374941334
101745,10458.116438792624
94167,22431.554482307474
100965,4083.1112417593577
96695,6564.167738815535
84077,11046.688328418903
95666,29932.69611240439
93525,26185.278177215296
86442,10368.529670094493
98856,20161.379471878223
102762,12912.441278904284
91868,22381.056995097413
85895,9248.528751342576
83837,12136.47993310419
97933,25485.680553831437
77159,34535.42656620973
86267,12813.81581967706
102669,784.9738605861767
99058,26852.27114284759
83648,17064.99745676836
90586,13609.268899652163
96303,11409.05902201079
91599,26631.40169772481
104830,12220.883690624782
103867,14300.463101053647
103352,5217.743773338827
85911,14358.241622304633
86215,6271.008526540807
100026,8784.460920440502
87347,9963.603352243823
95363,18319.516363560062
105922,24971.699768448605
100582,8891.621106158193
90707,12437.452779920057
89442,11403.934003859284
107455,12958.121145880805
79441,29975.187147115357
99119,16246.287260990553
84855,16951.67715092971
95694,25684.462638906814
98802,19397.813330924233
93759,23103.205289787275
100855,3434.461264549296
93601,29985.77002674189
103425,9732.777730472419
79810,30649.16085830661
106082,11438.900236363015
96555,10165.279522265744
76273,15423.69870180835
81265,14466.946944432764
76722,20959.400525678295
87080,8905.321243560273
85477,13843.203074129033
100688,10510.664526256443
101612,5974.675796776035
107135,9029.631643431747
82754,6628.586953084197
77167,17215.34660780977
95627,31279.85311284245
77685,20452.82119942891
81835,18288.950777901304
108459,14991.820449784824
99976,18689.00055677871
77873,17220.758542333337
91574,20984.323602031778
98487,13576.149433333774
101067,151.08946902847129
86888,15037.680260519133
79051,21593.659448042876
105704,14320.588114152923
93009,19986.793713776184
79182,24684.63060508576
77226,20930.89934102601
83439,9608.84958646927
106093,19123.533471829927
85243,16865.69865333412
77181,16167.674375617884
85451,16103.926552478193
76412,54759.23861873266
87990,19924.73867934929
82077,25582.933315222737
86289,17473.516047687037
81566,21100.393130883873
82864,9343.522122812536
99130,8398.47175350038
96176,13576.352736416398
102269,9317.270083923739
91841,22187.951188219457
76041,22570.484482116415
104840,13358.45215463826
106253,20598.78919590727
98245,25166.599588282515
77039,20941.5078480955
100730,9832.659349135865
87739,1642.0309747081465
107559,16103.915282379698
103282,14844.816965246693
76646,26375.892742652966
80252,12034.648314752616
103895,7901.5148373720385
92491,24448.98102510064
89765,15779.596642440672
106652,15646.534615303757
88005,6919.326698409885
99470,10227.355293249953
77069,17551.085713705892
77955,20602.64698429375
90809,4592.737704064237
91610,21985.62091214271
102774,10536.015939090235
78231,7613.7441113704535
101171,7041.063924932927
94420,9424.443403274394
91378,29039.982227028537
82771,10312.531131014843
99918,-1355.9904600874052
103574,16539.404463480623
86799,12577.642773760424
94318,19936.498184008247
76950,27827.366164429084
101720,8111.69487506074
106698,22791.349640608878
103488,13733.152841707793
99153,16697.281593233925
104945,21022.386181795973
82708,17461.70520725543
80674,17101.400796211023
84122,10179.87668262854
100375,-6529.792434616231
89456,16993.127357156292
82974,13844.089219524623
104716,25706.462831666056
88124,15873.499209618312
101244,8138.124921360586
82069,18868.09107463397
98606,15394.252309930569
94412,27267.83135625394
106030,23612.752290563967
89877,6308.042078852068
83349,14562.161678368606
84253,8884.743351706336
79774,19870.018860230295
87259,8023.503494967645
81587,8168.195761122395
94407,21472.222225072837
105889,13541.864931236865
90829,14331.356907791898
90286,8246.418029616267
90162,16798.01395474884
86022,12172.049406113852
108101,23066.05777647576
76814,14880.126738094395
106162,20422.38828159481
106605,17316.254477577604
99590,12788.72620368806
102676,11863.572905198702
107658,16028.727560355528
82396,12114.373451488887
108051,28112.882449667624
92955,24365.888397903458
83520,8450.98069949138
80338,15608.612488796252
89312,6364.934749923039
80751,28467.512813088586
90622,5644.313052952659
79431,21403.386037754353
82870,10827.38957066491
106446,22029.430011797955
96223,7040.8935008171065
100491,1942.4390533620062
90125,30011.292528189828
107869,16388.490054082176
78278,26751.34129436787
104244,13571.344616216715
93810,25919.852369516288
90911,25084.727262167704
81869,30929.950635543653
100472,18346.876705135124
101927,12551.065890803553
99713,16038.030939061071
108184,13073.309391437982
99764,6068.137273473658
101286,18378.78376547918
106534,6949.291154744227
77461,9231.306600691909
108272,11095.499268313355
106010,23132.08235873584
89193,12722.357725169342
87761,9013.496024730113
88154,12483.508864550307
97789,12251.02929165673
98271,4967.0063914728
84160,15659.36738400643
80752,11211.649561406834
106107,12862.208741438204
87260,10500.177530932577
76549,5313.5218705204115
106619,9242.14974765551
93849,32301.578481889403
96045,20268.549767836907
98306,7763.888419603136
91896,28070.075215892415
94048,21373.47907375808
104918,9411.822009767235
97720,5232.597074264651
97482,8479.198005976403
94156,22712.11817900752
96469,12018.80642693528
96918,18862.52357360591
97241,4934.672107380449
78150,12544.751240493828
77808,30333.41829503644
103265,8046.6937075874785
99485,6977.2069204268355
77860,13773.095711947408
83834,17594.3629261978
82565,4610.762489708732
104344,26041.245340088964
88984,6918.327117491886
92161,21370.74624274536
102199,18104.626582487374
103723,8994.837827205818
94677,21043.391405695784
104806,13648.519986742205
87148,15561.315407224949
78411,17905.74037927672
97856,13114.676354005602
80535,21648.71675372502
90156,11911.963113858552
82176,31762.884581381433
76790,12471.569332177674
91762,29413.484107641678
78650,32118.862178306867
82763,16138.420392972512
82678,9931.16082482447
100137,22873.508352146957
78365,27411.818893816122
88768,9043.270059191456
80346,25143.21943796066
106682,20837.347461139983
97171,21188.98452131829
81701,15608.663041774864
84073,11921.537288800202
79549,6372.361420024934
100269,6389.55293835279
78466,29668.219811741837
80489,7342.964295057962
100009,10539.045032226326
78769,14183.973394438917
96821,21092.664635121648
107253,6468.711646136495
76045,11617.276218612964
85567,13274.44606258698
104651,9598.341691668105
94428,8741.391744685674
90549,16396.172022255632
100940,12225.304723414421
105608,19437.08808138046
105280,10768.458809107953
92200,15442.39643505238
91082,12066.883412955594
77298,25728.773402062336
99432,12202.889177770323
80426,6819.816626037753
100817,11675.82555796607
98552,16698.689326894528
102428,4618.1782281254145
100978,10487.569800500967
96371,15708.019491756368
84334,8660.166831312927
90196,4144.845521100586
102540,11210.213633153686
96914,6536.185719233446
100895,8098.4688290667655
105296,22945.201981072074
101888,2537.140062873059
104077,4729.121615979819
94267,27570.97365137573
96803,23322.32338221158
88905,9683.042877633965
106132,8197.696308669543
104388,10152.07496949397
92704,25781.777918120453
86345,22553.36076511947
98326,50483.05928760167
98572,30757.584867295078
98754,25948.262580709663
77794,10664.487016179482
101082,8484.29089220227
98455,11450.9340996647
95796,18038.110541658523
98861,18438.939154227322
87570,10400.757684478973
91904,20478.605281489774
84147,13316.879298416992
79470,25030.58622818556
100012,6287.202165502011
78698,19391.3976115853
84929,13375.050078521776
97808,13829.476034893409
85299,9598.934976399858
91297,44216.302767145666
100772,4562.836609399921
88500,7702.2668104629865
86077,19521.191068878637
91891,17672.801663475813
81059,22734.271961919865
91023,27364.51397446252
94693,27405.094256634766
83779,13722.284663857314
102323,8197.877627903965
86078,10304.74022732139
85595,17235.209845225163
78582,28127.81185332033
82311,29887.69183368446
107228,25348.367113563243
90613,13169.03908378584
102643,7564.45906231266
87044,16492.28226709408
94680,22572.0343928278
86222,16544.31149110275
92844,21665.042032596546
107625,1418.9938658402534
98155,6625.25027773201
95145,13551.29881312076
79545,20831.744995304347
86312,17873.154709574945
106466,12892.423157274818
102721,6554.671720957682
82720,5394.840744335925
89908,14027.079102165597
86593,1217.3838787532313
86930,6857.137576046913
80460,15429.593871697416
85235,19483.919768142703
103331,12724.401192275123
96526,21358.54518210265
93359,18472.244302267376
104761,16127.633017424028
76684,32838.85231668312
76697,19171.10472706099
92488,22152.057481618005
107148,21945.474443539402
100685,5641.7932496313515
79407,19944.847363120287
90983,20810.44953315675
80435,14085.709365129205
106658,22056.54236570739
76894,33612.13926650411
77367,15447.533615770273
80301,38211.182149134314
81032,19191.568067190703
107900,37927.89295671646
83046,12839.377708369793
102331,10527.467658068048
94376,14061.118883296693
83559,10955.018051136578
103509,12242.365896968378
76553,20033.07490746013
85897,10637.173974329835
91644,18140.6390910749
101598,18441.10497170867
89707,14939.512190529163
106964,13989.122401039882
86117,6409.733366483959
100179,15031.689217776217
98605,29838.007611286994
99719,5292.539352104715
96764,18926.59687133695
97262,9527.21300279802
79645,26019.78844880141
85785,12189.275939965899
103444,4654.4936217579925
105639,15043.261285518205
106379,24074.22105791128
94283,13935.653202779404
80195,14564.148610872384
84709,16944.850447802703
106270,21069.10197957463
106321,26589.792635719306
102975,10092.166054727
77231,31573.810683876458
82488,5337.768180103374
100406,15541.630680629452
79606,10955.546311788623
81036,15974.928301271944
95806,28158.293505945083
97217,14959.184686436172
93696,25907.432566986463
84438,7521.9283153270235
108083,15081.791302876982
94109,27419.94010779955
81873,24718.170986265584
83535,8331.801846843462
108253,8571.94948549569
103572,7235.199436044982
97782,21705.748242834812
85759,16652.660984024482
101313,6489.685976198698
98905,16132.46780516562
96344,22698.787235047945
79144,18982.47302986225
93593,20926.304958828347
99886,9199.122511060265
96085,8428.082552444364
91717,25916.137928493292
100170,15786.42746602189
101760,16200.550968817382
104762,25804.58657044587
94364,17066.06752630872
81819,18038.950939150513
88720,10617.632456243666
76810,19622.23638723999
91505,27787.15839986886
91740,26872.7369004509
107115,27938.55083534134
79860,19449.56155663813
103392,8862.760104965171
107926,5743.2484823994455
98206,15118.4031824612
91551,36059.23933747632
100331,15617.642776677201
76115,22336.185638471754
82255,15029.933386246139
104007,20040.247344084604
77667,5602.961668501141
97247,14199.78816924083
104182,37605.56999220144
84802,10595.76754648945
82517,4951.120872969843
79978,31106.832475347826
104400,30014.06882677524
98809,16955.10571495486
96889,18153.103706219063
106291,25000.69511624134
99347,9115.800725612105
101462,5084.401289767804
92841,28639.549889289963
78210,55865.66197871116
90440,20058.483814763113
84119,12824.913773144885
96872,9970.712018110677
99411,8038.290019745651
88399,15316.840210853297
93645,18011.980900027494
106472,10964.320226518523
93223,21007.022199181803
100761,9500.770246796326
84396,10022.384874130701
81694,22959.191221999798
91499,46085.43537801292
86428,2241.0581919410306
95718,19143.471110153565
102532,6450.793467387244
101976,8647.605942865783
101696,10018.0617396943
98887,5587.224209392865
88660,14950.844362098605
88640,9428.680515484437
84379,15826.988600790984
84581,15291.89286741594
102278,10107.665933782708
87590,9351.913730070373
105244,23273.54918657826
85140,19710.874871186636
100212,5647.612020553483
82463,6534.941546448705
89649,10633.261899382036
105119,20957.86773049092
101138,10789.62190488886
97613,11825.031951967943
106323,11481.780144354723
102910,6908.231609702674
106664,18953.151837065336
78285,17979.52372844145
90102,14001.698041372403
96386,5456.988270418613
90800,7638.64705879362
98566,20582.56989003586
101815,13111.62640372353
101798,14130.735986528594
97728,15173.662708443306
99174,13674.872291406398
94250,19013.290923800232
88827,12659.1436483441
105493,8106.913082545525
77991,27179.98883633176
106003,10347.772587299944
102938,14246.332736502274
80815,18019.70346090553
102775,15500.65215258032
106108,7818.135763617146
86213,12301.834643397353
97119,17866.572573216847
90341,14952.606266264647
81713,23690.708107989878
99887,5384.684339973857
80067,40894.578313356345
104710,23539.962734345216
99374,16940.290950122617
102685,13176.359015539678
88454,10066.23176667737
88121,17634.15468796208
104607,15037.220973822246
108321,18547.350334754294
100788,18793.436784179612
79504,21869.864005595708
108273,19202.12534960789
94291,27164.860125715677
92974,20752.675815284143
98506,4378.37005260052
92238,22919.047743378025
101214,7446.119293975881
92872,25429.68692366089
92412,15025.498147708271
99487,29267.90333487616
95246,27657.88364395347
83843,9138.255985461165
77705,18418.151032657177
82903,15163.935848926612
99335,15618.416751780602
83112,12475.182122004157
82946,9868.725468583074
105777,16965.506948072027
87013,11372.26503577344
96752,9233.36192716624
106136,18998.278969589443
79867,29362.590639673952
84377,10456.119966150227
100807,16193.257915275008
77327,32738.644661266168
90531,12503.090508998695
80907,10711.738069307436
84019,19865.98258394308
90542,16794.95401260609
77431,10569.310488595347
100648,14007.107623835982
86836,10181.504358478105
85657,8158.386016044589
104881,20993.241738904344
87108,3621.122190699516
103909,17400.66150953286
101363,14388.480994989128
83894,8131.016950941308
87239,15699.254772666805
99880,6079.664454342297
101105,7896.3713625992605
103682,13835.170953978459
84580,19375.820726589678
103278,8302.501821237858
81972,8525.020111151496
96088,8079.356167123241
89815,8358.316688706407
83189,12716.475361017272
93790,28819.478924010014
86893,5404.089805327923
85632,3091.1708213663114
84891,6792.434901385095
81765,26838.520998511813
104808,10609.310182197663
78274,20728.242374872512
104323,13397.136619854098
104215,25898.67510762323
83258,14466.42225115013
85415,8826.926191779374
76352,16398.04145160036
105843,25264.818567838163
79923,7404.431426952078
86788,21487.386411979336
106140,10911.129077985537
107298,15431.553868696777
80097,53545.3240181868
84584,9659.333622436476
97123,11677.607870671862
82024,61218.39196557234
80482,29603.43021232056
85092,13224.863633766829
107615,8337.194896584455
83158,18925.34189422382
98377,10949.51241883489
101038,10285.373457377016
86398,9987.71270182
93257,22284.83310495436
76372,24618.440267628514
91976,27956.63581187642
89914,30138.626338871632
102249,6198.6747021048905
92223,19336.139472743853
96162,6781.264781432408
78476,34250.93974766996
84032,21021.11708826664
87790,7670.201600779461
99047,5665.854312665591
85743,15980.953960883848
100359,10346.950243858772
105381,22324.16972420756
87011,11937.822603435341
106016,23907.60730704676
104246,16962.19245648419
98535,2458.838814199231
101636,6453.84822657288
86057,17306.000821105215
103082,7928.264302954049
98076,4039.782983249952
83514,4603.850019286861
103770,6651.659824747549
81344,17939.459914826228
95622,28690.25876967312
103797,-3105.1731459184975
93056,28094.743994660726
78395,20003.106626564822
89628,8857.109071666191
103060,4725.430984740908
76440,19234.093387319488
91172,25888.61966804901
92399,27407.89569647712
93498,24922.93140627809
88211,2214.824541655051
101974,4443.997278266839
92110,15877.847432437295
108282,11197.944492115224
91046,19896.1141601344
87325,15634.74655753334
91442,20615.279290246635
105058,8828.304988952448
83755,7725.06652363437
84596,11171.287579546331
86642,7385.307960391578
104884,33732.42469826347
99464,14972.836154161316
76380,16704.860094017215
84398,9452.802135668251
86695,11228.635044662833
84967,17678.402961978958
91413,35173.549966899955
104536,24715.608621149822
103653,11139.687235170455
82660,5801.538578259311
96278,16075.5361278325
104281,9205.687548208707
96493,13323.174844757086
84816,17322.654422683376
96248,6211.710218921809
84910,15003.09832196244
76150,34578.50142227533
84168,9298.528177272288
91284,21454.16810570439
95359,16966.721433898485
99809,19121.330978518494
97478,12018.346516733971
90354,4854.353082396519
76268,22799.130895513306
99017,2837.2440682927554
92966,21894.88663035031
98031,13191.447411225052
102949,15119.778387758372
96793,11338.364899520504
88706,5713.279192385862
100609,10522.756162376592
89116,7913.789266461636
85861,5227.888631008624
81217,24537.697191351814
93134,21935.565055094197
93383,23270.909495537206
108417,6968.009704877657
84549,11982.876022199638
97741,18909.07108479484
82038,22997.116399883045
104696,14160.783662703447
102985,7409.076702546641
76015,27215.297917853437
89233,3038.2443810325894
107693,7886.344423845265
79543,17287.65784326719
88941,13443.052262421175
107133,17983.669592446302
84262,8347.509529097715
80022,17012.28559540385
92947,5145.480474084647
106355,24744.659023123553
84561,2962.5688880806792
98987,18686.55834522246
106383,21310.60531280024
81784,11346.630886207098
100364,14503.534567674402
107310,37380.11258314372
95690,28247.37981678143
76393,27185.68139795783
99698,9939.444431848899
92142,27300.071194002256
83931,18777.800447312355
89216,6579.6226407548675
78447,11368.619067589396
88380,15618.458205663557
106609,10439.850708899485
87906,15964.366872544364
107946,11739.735752486518
98084,14409.84091750849
86920,14092.48082186238
96738,13475.915239971806
90639,12568.332166614899
85170,26017.974854534492
78613,22462.472177420343
105247,14893.696171469757
90641,9868.25452293572
103803,9341.16598845593
101871,7408.699384600322
84737,10487.773977531902
88357,15227.547352953387
76060,23535.173755351738
96081,6496.328934942438
95771,21021.94501571281
90465,9797.317862518588
105795,9443.635027276385
99716,6276.057935304323
86627,9296.417952845914
76452,32188.888762135655
106972,22200.559937714937
85032,12234.496746496476
92339,25552.65739655003
92906,31804.34853920259
107476,28989.932505577224
98693,4377.585801043562
100745,13765.537512307223
93962,26544.663079927057
87071,23529.830473762144
78456,14605.0205336135
98616,7024.864925236829
89502,12649.015900753082
84812,16439.36576088965
99278,8351.738646101228
106760,29167.01483399846
93843,19807.07202094887
89686,13469.807164565487
89459,12344.548584473316
86882,21570.471573597268
89055,12821.486209637857
103280,9643.4145720583
82388,12975.849660902892
84322,20246.741468324944
99763,9175.28411226342
89240,6496.009384416448
89369,4472.9245377880925
97845,12404.65235901518
98505,23581.434795587178
83594,12875.432684363881
76879,24790.87662087021
107542,8772.073865445427
80047,18473.045663666908
103396,9655.337755227903
91511,24428.199329175237
103680,7538.6569619154
90952,27475.65027943797
80329,25761.506379216655
95213,15038.527653081104
93454,18835.054573795274
98790,14576.808412458031
90991,48940.085632313
103576,18689.217857681488
95054,17886.321294934292
91254,40213.85996279884
78354,25176.37360396858
82354,3778.614905294042
88849,9993.699550509104
89577,4268.185990674361
92417,19280.278314419884
87390,21518.41159357404
90610,15342.777230621541
76083,29535.244925075487
81716,14200.978797168553
91781,32340.974517528906
90138,21140.286316506685
82651,7189.623608853587
97872,8591.485732113044
84809,16873.171555650388
107232,14082.998297938719
82070,15111.612470419956
98299,29619.758516281312
108152,6645.921650680932
81894,13160.714291711613
92170,24959.576544175576
76815,20315.909784978314
85318,16345.344101790124
101609,15869.936096438647
85681,11126.97204001799
90628,2268.3292203552974
81278,11051.890585735406
85022,10034.904328103901
106237,9955.505363820306
99060,15916.445617670583
97068,21482.073816358137
81590,22972.800532164045
87125,6334.388303556909
86034,3817.0130660856357
92154,15898.272987133192
94085,19546.967791961863
84555,20462.121797527463
96138,19479.468601529938
87289,14901.31331844005
96099,19071.592019553016
92408,19152.196106974247
79885,24324.888094144448
77403,23346.52018516149
78502,35734.6717327768
101012,16293.700228967911
87470,12333.307123621551
85394,16272.028147217501
90467,15240.521656416215
101768,15661.973665191066
82421,11775.72994907821
85707,16804.954721850823
90630,20116.193565621106
83619,10684.464888029277
102793,8754.020188807797
78299,18130.09379182352
108074,9601.029170144382
80894,44108.79521315688
107622,12401.630539416323
89930,11824.26154903413
105194,19290.119722777818
87228,10544.769706183772
87821,22185.790888662523
79921,15112.272267384718
85109,15511.465228511472
104039,2613.0884772436584
103523,13557.61786238031
84724,11016.93619346149
101351,14015.702907767969
76444,27711.712167980368
108202,1094.5939667615603
92774,38302.51816201723
97279,17907.134738821358
94079,14757.818767077153
101938,3685.7540366692647
105071,21456.30811555558
91761,36717.49250964057
79296,24892.316888015353
100769,10362.65728005493
88597,10751.180269183431
85935,11536.354413937242
100302,14351.722888458851
89081,21412.38227783382
86282,5011.686562120571
107202,7380.110137993089
101999,6414.554808832525
77135,20632.005697469904
99417,8721.53570200952
90406,20842.058600871784
94752,18694.068475683398
83342,12925.633919761718
98973,17390.433333920053
79768,32908.39528559059
77192,8727.947539080857
80500,10276.998309352093
76835,32823.383977735466
86983,11456.645128078617
97069,25667.80853889727
97193,8578.938366054344
105073,16114.929488176265
108405,4380.792392457321
90739,14624.244634643215
100079,19163.070888747352
97513,16259.400633270285
108004,26617.92042215768
100330,10561.145775846531
88508,18238.93261500003
81325,29576.707184480234
105920,17436.854971096487
81530,8854.816899298186
86776,9798.02248045693
80384,10989.883592420769
105020,17919.645675738437
104228,14303.858483084106
103926,3449.6092509632545
92044,27490.63880653461
107049,7383.413431064916
107408,20717.39787715869
97280,16981.62685644808
84121,24030.77523310081
107517,15610.826832138471
81847,10755.95434567345
93671,18591.97832869079
81276,21779.46057557883
105034,24310.60567311704
82559,16277.304429138414
97468,25459.41088898653
101227,9400.876274124024
84614,14190.554984953418
76259,19945.311847600857
81329,36183.20022969757
91999,26582.8047850201
83557,12275.22992114382
82819,9543.489966252337
83735,9130.33051394793
103607,3907.0253417195872
93256,28109.474247984857
89255,12209.565449919548
102147,8940.191234981728
86853,13909.632051908495
76266,15003.958993144794
85025,17323.986833123818
79566,22253.862251591723
95663,23109.440263868564
96600,7137.883916696294
99798,7150.8976732825195
96922,15371.562535243444
76888,34735.896653405485
78701,26281.493201624246
108246,8963.264784271696
102309,10256.541595600971
89158,13368.896438620199
95309,20410.188508923908
90997,38502.601142360014
88930,14379.375354484899
86235,17104.793513356093
86159,12452.920811670085
101049,15603.568350553745
81773,26832.748220158413
81389,29168.295225957074
88802,9778.918877432508
85702,9069.36248278008
98780,21774.081415316596
84786,17130.857111712612
85683,11414.973804205945
77857,25860.314160111695
88429,14851.33376319797
102069,10918.996895931708
104862,13338.011201937832
108204,24470.53382185844
105476,10071.598692599422
91778,24978.514750575836
100851,10564.147549019124
82960,15275.61513558675
84799,16942.91366271349
86912,10747.87684400318
101533,88.75352988371014
90657,8675.042847656696
88912,11633.574280185549
86715,15355.509042866131
87508,16681.15635605051
87984,7320.632033946862
94852,8809.104337511679
94905,20045.569346790493
76632,22770.345321608398
84100,5450.804335724479
95802,14321.750666301114
93740,35924.568157127556
98565,10360.798865539204
104153,11049.517731569405
82480,4690.21192265418
100660,14720.463832427857
76089,29014.039379714683
104329,10889.564024885225
76434,19536.620074409162
84061,15972.583967305613
92097,15581.836847778022
96236,12660.295744849951
78908,10338.210930063231
104602,12678.791532337667
102750,16153.49879545745
103394,16929.343562058028
88113,8852.947744521158
95654,26650.10283992831
86372,11935.062143710149
103110,13276.293008805733
88378,17393.183197034195
97704,6485.831538544555
90821,16323.846532043186
84901,23681.00678516428
93956,17709.717108107023
96320,24105.16454163732
81148,25566.72835919015
96461,20680.295695462355
84615,10178.655170927905
108104,26067.39078071741
78039,20053.184414248615
91425,28894.904070811775
77044,13504.30461928817
83049,16873.08579914041
99803,28128.3644000251
77693,19493.792635922604
95508,28673.827469922922
101593,10517.037694409766
101499,4254.851353993052
88319,18864.31386512699
107344,31350.183993521365
88590,7721.687115293866
102740,6205.349313990102
85931,14508.468458841333
77210,19986.849212606383
104732,15359.91646473596
101802,8675.202719479874
106071,9561.364165631903
107867,9902.216191033664
103449,-1028.894725640297
79433,24780.138153342254
94897,42331.34155326623
79851,16912.506535753895
103779,5483.483960479987
84206,7290.172547416984
101707,11517.20528411962
90924,16770.514957289397
92910,28792.097802999913
95774,35513.91022811074
78551,34821.06059793961
97038,11623.271597651488
107852,11570.730908557232
87639,5549.9628708380915
89958,19730.377263017894
77096,13547.407884666995
80491,23437.37869528463
97835,10005.38831165511
88697,7411.583228946845
78196,47554.242335909046
100662,9735.411813794173
93739,16139.039885334993
101433,8573.922124863622
79620,11315.858300378462
98914,5395.08577494991
86750,12431.716616954775
99223,9526.668677276353
100046,2179.7564633342554
77452,25282.712904130596
104703,14191.818664011445
98198,9109.157491918584
104049,17956.106637645076
102264,11240.330533930086
104967,16822.82886516776
82009,31642.94737069815
79345,17329.167116684202
76063,31946.150545923083
92506,21826.93023936473
105509,5488.770429592785
87958,11702.368146148507
104150,18948.66973180238
76395,20639.858702784135
92933,22295.630442546695
105564,10656.597735715704
101877,18310.68257522317
97863,7666.43926678103
98886,21813.234014931644
108166,25515.846910458036
84870,17170.134971632488
105095,17393.35855718767
91461,20608.77021933277
89581,7121.637659466171
79917,13674.133710820257
86396,10070.222759508579
77190,23439.5718294107
81287,9472.989565675027
103138,11921.31652380922
87123,8168.450538597566
103793,9999.995055761172
93077,21901.734216702283
107545,31428.065005970813
99055,9133.63682111847
101183,6863.192505326944
100713,9104.769348137608
94948,26107.989750625413
104333,5402.968667583818
99987,7186.807764923864
85251,12291.737848929672
78966,13455.261569384234
106038,16660.24591090429
80139,22766.42412253288
86167,10012.9961668839
99261,12457.771540476055
92352,13016.933195127103
106505,15921.652839783555
100845,10368.97456483022
99620,12336.01510868665
99159,17392.34720342581
106476,21968.014102212157
98980,23375.543313369166
93289,21187.455747635995
108209,11872.050991667307
83126,10754.578299037643
100563,5232.916220838108
105255,8512.009179696679
94179,20571.483502235867
90552,6869.525210686754
91267,13325.049454209675
96812,12872.004688145455
88257,18277.00841594675
88718,11132.409805466774
83854,16224.249506369748
94902,19272.35770708724
92523,15505.491860474807
89821,12768.546416523433
95400,35174.94882727332
84369,9946.926387079282
104199,10903.63041903111
82116,26500.578727741937
100708,12954.14926001497
82790,14624.090850364817
81821,17342.808072789638
88277,12790.63574229723
81500,34210.38766145412
86835,16914.23032762602
79378,33380.413872450095
91295,21368.339305207643
91973,30051.87157410918
104856,16558.04242280955
77543,17315.35999296729
108162,7076.081815512374
91217,45359.4998399284
87896,18259.42732169481
98107,8600.204419840842
100169,14335.85657780412
90709,7922.92255305813
80086,29133.836861635093
81299,29563.275934452486
96112,21073.73385607008
103775,4551.409947870434
95669,31638.29362386233
78443,14069.233608638875
83136,13554.17238112722
103945,6356.446294488511
93010,27898.08434373328
91906,27767.631717803342
85113,12071.357284924608
79454,18162.08616878844
95079,28875.863250856673
77330,47846.84923065068
83798,12221.841166854838
90237,8440.262646675541
90782,7239.960158733313
93557,26100.738882134057
80716,20559.972935335787
103222,9952.35054300144
88529,4826.834115951722
79327,16632.56019338459
103525,5199.306741524564
77294,12860.346173418991
86934,3727.723634750835
83687,10227.83579585329
101179,10542.11012403481
86285,14520.539972126038
108225,27585.953011870748
79458,21726.089005199057
79962,24393.251646227443
77878,28075.554503632316
79980,28639.22853417209
78111,22541.34970714628
96878,17877.76475766882
91368,27494.622508386477
85298,5035.641856332881
85082,18397.95489743281
91369,21045.06773939632
96485,23250.76347122163
77644,13971.176959567227
87187,16417.673080205954
108438,17100.408098866872
83884,13142.350766589629
79694,15624.190416259014
83581,16979.694682511166
89661,20164.959309728936
91756,17588.542929513616
94344,14869.494252165388
104700,31510.124571091917
82382,32502.55340549314
107594,34250.08055906743
78751,22637.66814594971
80127,11417.892082041712
99586,12254.080775608432
79871,19131.957503370544
107372,16750.200976437583
108028,24269.892249368357
85904,12589.346552682444
102788,14437.6987398487
99942,12055.37915112441
107103,15778.291772949831
84087,9838.487220161878
97292,10736.076224726505
104542,15640.615647438895
94429,23206.64723796182
86335,15949.57654747837
82367,11559.536968352253
86457,14746.075686920845
107346,12759.520207305442
77766,49526.74568338855
94768,35386.47534150823
84426,16810.883941069325
104173,22442.70789536995
80165,29578.73487552729
80521,24689.550361569523
95028,27489.275606481337
77278,33333.63594911164
104940,19264.752879884596
76864,29375.593528307072
87845,6870.977588523845
86391,14575.860282098649
85488,3517.5908898171274
87274,20152.01023505148
102371,8189.177671190644
77811,16142.331507518886
80166,24010.876214547076
85693,7371.666536456398
86192,17433.716776935293
104128,21361.036613785414
76805,11618.366598691262
76360,14777.484165958693
100706,4751.600553770708
101318,15475.394319559422
99579,23228.13401710187
77331,24862.335945785642
107340,14639.521726252638
90662,22376.949863091424
83565,4896.524404987897
89664,21119.44401437896
78421,22491.898992727543
85006,10414.098481219306
93876,28936.250845469855
97786,16528.050862106968
96174,26909.222933996803
87729,10149.231837630032
83280,10908.500165822818
102207,14885.540562761369
100949,8279.963955397405
105703,16639.1955748455
100936,56.03658628462108
80419,26562.043106205172
85990,3278.657823038071
107505,24629.059718774046
81337,14506.378192888085
93683,33557.138206247444
94646,26206.3511048265
93987,19826.095431664507
80512,19077.22300979961
76113,19115.006238363418
106835,3957.3726415037345
100428,15818.192783783543
105624,26413.65069721989
89652,9416.312640276466
95108,25592.33615766215
99206,11140.137959020329
76036,17456.75353651181
86230,9360.27671353484
84454,17820.713121977275
79349,14831.819037353687
85609,9613.09413782733
77345,15390.56368550131
78726,46148.78642080082
94445,29721.734073743224
107695,4152.472809734711
106991,17153.610967971075
79308,11507.335291435666
86486,7997.345632435299
80429,33446.14912898536
87107,17016.51118237245
80582,14211.738712546687
90386,9452.584740931692
98363,11564.708824041558
76705,20814.409109738877
104824,6700.222682495467
104154,1098.321682263997
91270,20496.155768156153
83116,9170.68151684379
105710,2177.730221778551
95042,17992.177939234592
88001,12777.868869411406
85212,9899.168961206207
91875,22306.21863463473
108248,7671.0918359628795
106378,15403.549960816636
89950,20214.128646660938
108165,6022.800517370888
83958,13434.024717391785
101582,4187.972331951734
106377,14602.97589647537
104057,12462.40783907321
92245,27224.06133180533
91187,29241.00012321992
88022,16724.081659085386
92561,21664.64502160714
96757,6811.02300802141
104597,28270.20164183937
101485,9384.298511153767
88381,7390.660883267037
103776,7513.115549068396
91215,27417.339563005087
103022,15574.630743737216
101933,11001.01828131943
93174,37551.07208326234
105945,7544.4766444151865
78879,17218.213358449626
82065,6703.26826285238
99235,25843.72194970244
81250,23285.687649135878
98942,20698.63133475562
82966,13130.411186707539
81141,20795.806226569897
101325,14579.2723711029
82470,8481.84143949674
79063,28212.02578233331
95324,34177.70805112574
86407,4144.680401192687
94026,39008.08404503191
106390,11583.963389682958
105069,21607.17143587789
88045,15259.715718010266
85356,13041.398581780919
80298,22713.15389790111
78479,11159.423915337044
98197,17846.36747857222
76490,22814.63997185888
77678,27902.611397106375
87021,16464.300239480857
107215,21683.697212539773
81404,24056.431064466295
84641,12123.21874426676
96328,19238.594061596214
83845,15312.83143743546
102745,6218.303834655464
105081,9792.268616498177
92135,18003.16833599799
105888,21487.449945342734
103985,6059.730180444876
92091,19151.41820065653
88090,17719.760469234865
106712,9957.346306846855
83446,16309.661451660068
84263,9866.080433319079
87277,11279.429361726034
90625,5605.7005241240695
79466,19530.644823909326
77287,6410.0559483158995
91628,20019.448888199855
89171,23443.997412329016
78750,21785.782853169643
77085,26621.728649132434
80877,25011.337065535343
76526,25617.918826742705
81085,24559.42970775179
107918,12926.811027728503
89072,6292.095525276203
103832,10600.400094094553
90495,13354.111375710552
100430,8257.85542939158
94346,13186.487919959345
94350,19870.22417078688
85431,8532.43308435271
105851,20461.646872198096
106969,16081.956165233469
95370,18412.70807482721
94611,18869.378038151342
79129,9276.263369831897
76596,24166.99994825166
93211,24268.5045145141
102753,12839.403747862183
98370,15935.643748069277
90773,10666.324336318441
98298,9346.185699049425
98150,5426.555784375381
101220,15183.225618965811
80802,33248.28154239187
91398,18754.771144518738
86010,18455.508793534573
81267,39716.77840591052
79745,16830.887191608712
105864,14822.863640290998
99245,16693.61390297913
77308,15674.341949018912
85341,12321.981537846794
78845,12184.32507981338
78542,19640.45781617776
95408,28684.73862022752
99562,5436.454271691582
82748,16667.556125688752
79419,35121.04846982326
107846,15428.076363835065
90929,20224.138982584685
77964,20282.117163974704
95902,22848.455312122456
105576,12408.217593525822
94067,26354.970121866885
82322,16517.167143490573
94533,11827.265410765533
102326,9543.96046804537
97048,9203.55557775571
84908,10551.17167566118
81143,17022.178396878317
90090,9883.770093988302
93029,22568.715192925065
85943,15763.516282778139
95392,17379.618348893535
107057,13482.515432606237
89067,7166.5187721273505
85202,20328.159260135337
81457,33319.03694473411
77074,12361.66849563154
94378,22010.36996236148
78921,14432.251017625924
80414,26518.942702388587
78653,15174.660783748111
87185,16304.145501610998
103928,8759.428188737813
77930,15788.887684110141
93057,26341.4588480432
81986,26939.752645751207
87505,9069.223260625238
104258,8866.515086907595
100795,8106.703481251159
82702,18879.40781468792
98156,12027.61715962907
81155,22659.020328608414
82204,7999.102581648669
79859,10260.927140096806
79501,30932.420013658877
78998,14272.688788089907
93846,7208.3784020722305
83490,16024.900322042886
81890,26691.32319139742
78672,18254.386291743478
79310,19817.76155446725
81889,27453.806166895207
84975,12052.254210366973
104001,19299.319062916693
90374,21916.84262244554
76586,46097.28564673533
80099,31211.674094542643
78984,26331.647903283567
76198,15120.374719492827
106595,17518.424094736587
78327,17635.22018978727
88954,8914.39609629558
94710,43745.15115124388
82380,15937.23961631943
95780,33076.28984065531
80440,48327.89740294334
103715,9348.202918013778
94371,26704.96840906218
105793,18755.14833447784
104941,9706.667317479487
77499,13974.573430614797
79776,14881.086366099282
102456,-2621.3334751009843
87034,5712.532387321762
98570,15179.188186548912
86294,12151.424998268849
86579,15638.283390867022
78767,26830.162290053406
101407,8453.494306835855
90427,11819.009698089327
86604,11946.91731194713
104481,3079.9256869425444
102055,7716.747897286851
76565,31548.711183465442
101769,4877.900470107705
86849,5494.512340812356
89128,9505.585283068991
77119,12924.367324830633
94623,26754.29031221944
94988,28261.37327788365
107071,13994.713295541529
106724,12042.361803239364
79938,22991.520552728405
98217,13665.3751992506
96660,18600.325713393122
82817,11103.573914491972
89810,9328.132657211398
108212,10304.58610534605
82851,20601.190098853822
106739,19801.92721929268
98224,19310.17105394112
79457,31039.693753605585
87381,11317.322831167938
89127,4079.441432682099
79388,23206.118462746424
100705,4935.140047820001
106385,14253.574438172967
76142,25923.65420200763
79007,14641.771283962975
95972,39267.097784004676
100737,7007.827315025483
81958,25090.980962196118
100805,8846.83730929927
81226,9883.120470523505
94857,19901.662934611664
103193,7280.12064215108
80622,23010.318719905063
92116,18921.177354690375
108228,7196.413547900364
84744,11020.551933298078
90654,17115.923303629137
90551,21724.281227381347
78428,26231.677938192377
80781,26248.620311935978
87118,35107.920604541396
90187,10886.615698466827
76110,10881.959318617432
81102,20117.296963614404
89957,13039.324758869565
103585,10614.606158409366
95786,23368.8479850862
90883,8713.156992055863
94705,45975.03738143434
98890,16238.588701091467
91766,35471.474000610215
95207,9441.390145630463
77002,14878.313634321505
98428,20969.71502738371
85456,13644.162063841688
102472,16520.711267799183
83021,10313.673488025863
94063,13667.218624800082
94665,24726.27468047206
81432,24639.63171174284
79825,28539.710661315454
95008,25914.402201725672
104634,26540.859946233228
89960,7219.598067632
99162,10187.147593132056
99269,8594.038532252234
102221,9042.738731157868
88075,14527.517955393854
86981,7649.08172341095
97144,6137.5377427481635
95073,24406.602744054773
107794,10039.221125342185
82837,6511.5391669681485
76265,25188.950991620288
102416,14861.972741715399
106292,25555.20857432577
94162,23824.257855208594
85715,7660.581074259154
108484,26993.85401586666
103120,6432.653768071448
98178,5820.011955726524
92208,13053.30379524965
82800,12664.667493459354
86660,11152.197549500852
94811,18889.55781703619
95020,13279.223575160768
103339,2567.668098911874
76719,15722.213326950143
106391,6261.067642284006
95855,37980.40897147961
107989,16098.795101950782
82154,20150.119275862126
77767,15905.46461712607
102776,14306.79737428459
79642,34950.21292706759
77306,15640.332155737702
98007,14727.535235353826
105538,19512.970861170747
84076,14414.392430477728
77749,29690.025413227508
95734,20814.318863210236
80602,31160.163056783753
100988,14634.493191826597
83690,11212.23650219267
84882,14367.537954564177
101699,6536.191061416675
86025,13813.295059770995
104331,21404.548819778982
93789,18107.977046810163
100427,11318.996252828103
89980,1855.834544846146
92989,23556.985814656175
96820,7592.111242458037
76354,20574.788722637037
93143,49329.24659531204
95045,23302.28856435513
78135,11964.94078277295
85841,9435.167099530627
105453,15506.176552575373
86843,10606.340744875251
76450,48867.90337685
94878,35483.87825294392
85792,16393.159088869357
92518,16326.459332090231
91382,22803.55372075199
91966,34313.11862567469
95486,24896.419616017956
108090,20752.050027203033
83588,-1723.8847918719166
101240,8853.32262670292
79797,26978.21459743796
101978,13901.329160958365
77559,9349.876726007129
84171,7805.780626807214
84012,10439.033356951777
78716,20065.859587024795
100485,9290.401481477096
98908,8820.22596366594
93238,27737.205221730736
95809,22558.15269763018
107070,25070.40744134093
102546,6820.357100314874
104507,24493.309576946485
92943,25606.179088083984
90241,8834.72315636815
79542,22568.23273690707
82510,9809.44812324351
93255,20371.711238386983
96559,13084.021473268505
108483,18950.203856655837
82288,24956.67054739418
104480,12833.703450312745
92328,36502.0589574065
95793,27710.377964946634
105673,12162.428621874576
95841,17532.213028626218
98338,7496.9448323816
103579,4210.033182693118
76861,22188.82103701056
84414,4132.174933124961
102508,3969.1962257082305
83622,10283.051229397071
98822,11094.091650617836
86291,6929.8882388442435
84831,7299.684225377652
82626,10965.97737502565
105508,15020.942353324133
77130,29322.773150152047
94652,26959.491954394805
83243,8045.280901758379
80908,45428.69485335547
106139,12372.102471507107
91617,22468.953774581467
83524,14614.74883302676
94486,26516.230754161195
106044,8224.940918633347
87195,9041.200266015541
77450,20873.031271345302
99239,11157.936909711765
104813,21735.67157629062
108254,11071.867043072325
105150,13356.79316934109
88390,8446.47808742387
97902,19130.18429746378
101186,11700.222713789417
79116,23104.65854146223
77214,22335.701669945494
79298,10065.151234641358
91370,26126.025214754292
84827,11586.584565198566
107282,9523.301508562912
97678,8065.4058720217745
93570,16392.56329850023
77654,15161.737672431529
77227,25156.238682322262
106789,16042.65946144789
78869,20148.09215063663
76531,16486.389025031087
83469,10761.467333084654
92278,24401.168469738004
105949,12293.661560949278
89026,18321.56844593121
102066,10656.952124675849
96352,14206.19635032937
77819,28698.623546329058
79655,24718.937544160915
84059,13634.944966091267
96541,9617.383036157004
89319,5605.7636791713885
107795,8939.951290584617
96961,21551.777341385434
78158,20738.866013567233
77428,33867.22299194428
101125,10438.932308411457
95105,20341.55461705203
80306,11901.089686929427
88903,10607.321525414722
80574,27034.8201567117
76321,29007.19855900219
88786,21217.632765438513
95682,20671.40655178089
103135,16077.635316828804
84241,12913.853048499246
77809,11537.076284438983
92926,34493.77537839826
105895,29116.80253008996
86247,6055.623842888184
103470,9705.400630514521
98865,24149.778444991578
107363,24451.64387078043
76516,21731.61292486428
96506,13012.219550959131
106306,11517.773452932677
89093,12909.825257310084
108123,11155.500587546485
83510,4797.322187382104
86792,20183.09545756002
99984,14334.259821217458
76508,22301.93229847845
86580,10647.439767650327
88428,10885.514625658701
103922,15124.920313530218
96703,26642.643021478216
107626,20988.373201312403
90100,5461.670955851878
101987,7347.276029374349
88615,11141.818525470895
100138,10629.997611967688
83743,5849.0911860030665
82321,13508.800000943118
88594,8400.494456455654
93842,35292.15936329601
89350,15278.321050875995
87643,14384.310310689403
105892,13307.010154625286
105711,11541.133567525965
95657,24636.96080525196
96330,15979.522918438168
96906,13217.646121270602
82247,19467.347324505718
97125,7520.649497778735
101306,10807.658933084778
96708,17416.79830494257
77250,15849.347086228032
95451,21468.222478979624
99405,13195.114827135974
94758,19885.701134222574
101101,8659.165544082045
77643,28116.204542917203
90209,13153.764407660768
90312,13801.405815595803
93955,22572.58077184703
76334,26233.3984626062
85190,13030.303686746538
97992,4561.835051153295
92748,47671.25847000448
79843,22429.78590561816
88769,13154.429304869522
97453,16987.80939316967
82550,8299.34188119735
90775,12906.423818736734
88190,12090.07482297
100712,17228.71041310489
77237,30093.726626544456
78997,24630.30135032155
105656,20945.24583389157
93368,24400.525107947095
93469,13725.540287676191
98426,7495.041757376997
96832,12088.810810531824
85322,12883.85878987543
97139,11716.996746328608
78678,18450.41655608249
97821,15503.830393892673
95410,14483.874602408563
107358,17260.979466239834
96750,3349.973298492998
102529,1925.7286497290206
76433,18482.45626693718
101626,13905.093018605312
77790,18002.56704578468
82932,13056.115501145681
89517,4917.323435888988
82905,11858.32741516567
88552,9638.066848651433
103006,16021.583257537273
88811,16452.48891023259
101734,7779.978905571352
99230,15344.087328357233
106537,20555.9166269052
107114,16807.976461731134
98513,18185.441509150376
92795,26791.04883578114
98563,14045.160157899845
78599,15471.6882662723
78911,20662.75753803146
84652,12391.386437646663
91014,27944.859519687365
90901,16060.52876168194
82041,40739.558582666934
79218,27460.315351422738
107371,39521.15784072142
94767,20514.299551817894
91910,49403.88559873148
103462,4355.616050159717
77125,17058.75968755176
95567,35868.80443997914
95039,24134.712393160837
85065,8150.37768368179
78252,21509.3744397846
89580,16493.180697890744
96742,5852.541115891761
79876,38610.995742238694
94674,22197.34563143612
107822,12789.1352525569
92586,20732.912260848992
78107,20707.39315165746
91241,29833.499419539323
79077,18464.750839943044
86212,11445.939460328613
107527,15407.594174142854
88056,9903.099196322535
108480,17629.635823451266
77620,12656.466618202143
97188,19837.991389418232
94979,26185.24102104159
105541,19795.077380571318
105852,22460.88115571656
99182,17227.713780069796
91355,36969.915803131844
88516,10606.491925811679
76101,25513.76136267998
87097,5563.812520800417
96299,6427.605894778875
100944,10054.098092365632
83995,1950.1025272002025
100407,2004.1676730677664
88255,9909.13718047821
93935,22239.895314343485
95442,25489.355234929455
93571,20639.01139909593
78642,48757.865445041825
94545,26398.451095775978
97746,6775.316045973803
96419,25754.17806701328
102851,13036.450398946192
102356,9811.724501097431
94962,25427.186378003506
89175,12288.822952388564
104139,10367.469565234533
103395,11583.347390700243
97017,4406.7289063869775
101358,6768.890493067369
107417,10485.878228345173
97977,11233.862857756754
86765,17065.907510418554
95743,19526.67510287853
97804,17736.237433474846
87010,13948.621157043654
86791,6604.775496348975
97486,14655.371526569885
81124,17038.624489871145
105391,22491.484140138713
90275,6882.067198938779
104855,1380.5434645539299
82804,15533.315283081953
94810,21482.08101608578
79517,36733.17691987227
101826,12234.245316587148
89848,20842.50676563531
90432,9535.347849221518
83070,10580.014795931447
78270,12719.804093897894
99275,12151.807777236467
92424,31043.556970490576
103334,12922.064363652466
79160,20484.338381416546
98830,29280.708261306783
87956,10937.058698232853
84523,20812.30926523701
78157,12642.254788845781
79460,22424.53129021961
81918,15160.198482731412
98433,19119.624120097826
104582,10251.086064340567
80046,37105.443208846926
82135,19714.734852003337
89685,14451.91120511387
100990,14594.386219982567
85624,14932.342318757992
88293,13486.596024984465
82215,9600.653508800799
91261,27732.593327815324
78018,10480.202679761092
78266,18252.522401036644
101074,6909.168613078946
97075,19180.928614094097
81806,14344.414928123033
80743,23885.54781726282
95234,22221.417557713736
100410,18444.102109461764
106840,24388.734577930838
89637,3988.3004629615807
85382,6104.822397212185
83832,15134.87561446022
108331,5500.3924296293135
82026,11724.482065442844
108448,8130.221299061588
90028,13605.641971124178
107663,26147.324123874085
107477,13079.652361956978
93709,10273.61844937797
91327,37501.0958816825
98548,-1430.4405349858407
79064,14687.239422678416
100670,6842.316035001693
96494,10088.843744266665
89974,2600.249883991133
96107,8395.16988909533
78151,20176.72100342284
79304,17699.57182147157
92842,38847.17951607254
87813,8734.294575307102
88762,18248.319456500863
90399,14508.414511020415
78756,25650.26477130277
94019,39211.76159176924
82073,13342.070084660376
91846,30216.842781059415
97414,27263.218215785095
92758,22898.349641386045
101342,11135.64712511127
105987,22516.79721255147
81349,16477.73071161177
103712,15606.825048080234
83627,13142.49569970704
95247,12544.128414277719
92833,20108.74763722178
104587,16052.27372757398
93265,24307.98278093282
90518,14854.042680840445
104256,13669.965839002558
80882,19232.798177657165
108148,12502.612923528099
81385,12849.386367687097
87860,7575.324569401659
107638,11767.725942115012
103947,18691.184978328278
91049,42538.12950809609
97916,2743.9185675454246
95433,22369.70274762192
95871,29365.426493755742
85779,9062.76469045863
103360,534.7381010253921
80203,26778.908379590925
88511,10255.770198329148
101672,11231.237171440549
82992,1141.655371742836
103889,10288.949568909782
103630,8460.45384414685
103366,13615.758424848818
97200,6694.182604608508
104563,12257.733308700535
85824,10065.110402212285
91924,31079.35673943993
96499,14120.31190449996
99026,13517.993929671953
81965,23924.622716359685
91604,24148.06387129311
77552,29797.273032627396
93750,28445.84759193715
78941,32256.405481053378
102717,7283.817531376737
100534,13017.141540054105
99036,24354.91667728033
101961,3829.900658424167
76940,16316.249028098644
106310,14708.931537581708
81520,30945.925991840202
91800,12802.035434310113
95707,21956.400322898207
96395,9914.695511227033
90505,20306.12140364276
95284,18380.971282199716
98094,22058.001305097383
97884,9708.331143109599
98933,9008.161103161334
77664,35136.09887131516
93941,23980.878308275867
87812,18327.835302678468
81266,23677.246206088872
103825,10361.25857146502
99494,7010.572137812402
91256,15380.591248830398
91703,21740.699322173205
99971,4120.171903735902
76631,22043.49331041054
103612,-3920.5364755615938
98611,-167.9508701075265
94591,26068.483275878534
80518,26291.495785531893
94000,30453.79910045622
85010,17153.131708163244
87369,8265.109297998015
86714,8223.29511797688
79985,11403.842593610001
88051,4240.68217088597
97065,5534.57861049108
91307,18400.294272324183
98365,8163.330464749362
76522,47059.05720350783
96638,17638.573158890384
79703,11941.44291543043
83107,12017.441719531322
79104,17913.46580416468
93563,27266.54811666393
82599,7159.343851239218
83486,12420.71600063609
92895,19014.670306154003
108343,29310.438013565617
101774,5836.185771778846
82612,18714.79217500801
86861,5433.083575210478
101902,18340.692375924988
82973,9600.54555762816
89872,3211.0659251295638
105616,14096.342288608099
84876,12585.931752151439
105133,9780.266072290851
98877,21755.7072110677
98515,22581.35281047527
98327,7980.7907320067
106633,10780.404517876017
82505,17875.057833088005
105007,10686.377418996937
97269,8220.880040607359
78140,23868.238168144682
82318,14551.514189310703
92993,23732.84830490862
97743,12480.957461367198
87763,9172.134004081741
104942,12059.047039239424
92045,23056.41000304029
97767,26059.901607595697
108348,20565.386148835856
89665,20520.87895084746
96862,6434.235746055163
78597,18441.87126653745
107574,25724.34918509253
94460,19521.747974590362
86944,6585.913711793686
104505,27772.649180986904
94837,34009.35355958164
84576,6229.784726171225
82427,5530.026854897347
80054,22189.680427712097
103504,15310.229698299989
101400,16824.056124302027
95904,23300.203313432376
99877,8867.703220589734
87554,11347.313592033624
81180,21098.574353913882
101239,14416.743231626348
94258,33482.94642883634
82942,12615.155053663922
101204,5814.697133434764
98516,17958.589989450647
86925,6615.256819597082
104724,5141.236775418052
84627,10862.580028421155
90133,15229.39531780852
100320,17763.529287727844
88358,15619.121007657432
94280,16494.623661478632
95334,19697.06290960202
95899,24325.921644228496
87270,17435.695948865938
80723,20796.34047997029
80469,10481.563597450293
80280,24686.147431656496
79493,9352.272893757483
92221,14601.808564323675
88547,10439.951523746236
97994,6111.4266004547535
100047,14340.386373903635
96172,5833.918016122107
88933,10486.27375353099
107059,16716.843677342225
104280,20254.44549703554
94714,22339.934924122877
88671,23317.114672931413
102414,12695.249894187466
78051,27742.534311414252
89512,9541.88216737129
98524,8297.961538433872
88047,9074.409283900106
84441,7678.8503477226295
78156,23792.868057031123
78648,16264.535429881129
78364,13254.869832034346
86764,13135.842876670657
78495,26433.987131224756
94609,17853.25984855444
83449,10613.428527782831
102392,14344.909071425645
102455,15044.207108253147
83713,15700.301154175397
97475,11229.669259189941
93371,16297.563933943602
94199,33110.229778946166
85023,8284.936626883757
95338,14992.131260458775
90965,40488.881690174225
77195,66211.26854502913
81875,15067.808114161371
104416,16095.285538939857
87203,14948.243447301847
91239,22726.938638346775
78127,17169.78900081516
98386,18003.683670320584
96497,9678.415945321209
83232,13247.760687661788
107692,27784.568592330244
100734,4347.561105660006
78271,28947.422681962897
100136,12241.070762052444
86004,21191.393600261217
77776,27578.681541623846
84950,7721.918688767309
84323,9174.499153887227
87033,16812.63013455136
94088,20617.611449748285
100594,16607.167608171978
103071,8565.156318737823
89791,3425.5587844286583
97852,8932.749809069646
105601,11319.147700246318
82003,16202.577488519059
84872,17049.873890870458
82701,14634.477786283307
92469,27098.05752606212
92873,23341.6144080403
82114,27311.83862397266
101316,9614.015621725766
85697,11277.809246671535
100885,7793.197729085381
95305,20332.735995980038
93741,11168.11596339375
76178,16655.782494772095
84999,18924.702366973266
104143,17778.4689960834
105483,7268.445046444018
86136,8820.62304862477
99292,17406.794349360378
95024,21537.966893505472
107831,9530.753917346727
95035,31519.06746674707
86842,18339.91078037657
79511,48871.24048368575
99852,6862.0055162625085
92478,21172.940359855136
93704,21263.690847223792
101664,11320.503081894924
76931,38301.365452054386
81674,21765.907905529908
102597,9759.534454499528
100630,3019.403308761006
76978,27896.986645411664
102490,8342.844524222357
100842,3534.169815939764
102990,-952.624426357348
105412,9538.87417916728
78744,26851.58706894805
76082,14628.634762730762
82773,14482.198221686036
107285,17986.16747697353
85211,14058.855293246219
101093,4715.568222860307
96626,17835.280826838272
103089,6930.172916680338
98149,3229.398437516762
89290,8169.352273866276
104295,8390.430224852662
106958,31083.638649261396
102661,10255.33575829044
84082,11665.094291398478
88521,23999.189063562415
78312,27350.43688342672
85481,9518.317674615408
88961,10618.629510837802
96432,27905.45557291404
77539,9822.054531764066
88374,15916.366198111304
102919,1982.0053317639668
94335,15470.676199298927
85305,7476.263868864828
96360,10579.34600760872
85471,7417.424270254916
104566,11398.777628145996
102100,9698.233045413363
80170,12506.514110732955
103347,17006.523472743404
87487,36640.47992159647
84090,14120.445967198886
100034,18731.600772784946
86825,16473.49095324458
80018,44877.50078379472
102611,14807.274865155805
102665,13685.073584963837
92920,21817.92820189389
89381,5198.616455552614
105151,15586.222875135998
84039,16032.190405619567
102217,7951.429769803403
102388,10113.5212016006
98820,19423.664287965494
100665,9954.284380968544
90384,30214.138003012515
92859,11688.000200541805
106356,10101.604126134816
104723,14962.454476054681
93244,34291.48280862915
77449,28545.261374778907
107911,10788.336238351789
81721,24309.074399115707
85237,7497.051536580913
87601,18427.646294412425
98578,11840.666081034786
80704,27407.308792620228
89078,2334.9462660296413
92042,6812.820980862878
100450,10775.840158696905
95304,11322.508747770222
76023,18719.097248299695
90609,11862.554371733637
95170,23790.840730843585
96870,9135.864907304094
107247,26940.26398697379
100484,7550.4519483387485
77659,30901.14136359907
79832,25208.69758841014
91419,4940.220624931742
80371,19071.581573327603
83386,15996.456291787388
103919,8778.221192967621
95201,15393.832872192026
84155,17291.74495579441
90743,8600.000195334105
104381,16979.612904538462
89097,6431.593840792399
102033,3802.712241791998
91725,22886.146143857193
92999,19467.583935871233
95835,21507.498279043677
102206,9794.61684263398
101763,6977.325559690693
81377,17651.119279320606
105683,11814.82112551507
91033,30707.38682996422
103314,7863.637840249532
105070,10960.958521649702
86950,6740.8151785967475
79171,22905.90265219201
81227,17065.495223948925
80197,14859.964662965032
92037,27570.458913955583
84688,12062.296135722678
101952,6838.332154348445
88604,17779.56965892718
104058,23555.460618436155
106274,3246.548389658905
84985,10521.92845437743
99085,6094.037099744906
80801,14828.629162538684
80233,24308.832271575702
81000,35039.40876899672
89057,15388.470061217005
98382,12475.107297092642
106493,26740.489614544502
95057,25956.243292531788
84556,8411.2780827237
103037,18693.535503306048
92174,23270.749259396867
90920,15861.248748147678
93409,30046.405783850492
87113,22372.200442230227
104981,28705.42697772081
104556,9667.219629390955
92782,18857.650023337217
90546,5844.993740353768
105506,13483.540748708641
84787,10057.86887874559
100399,9949.202674404281
105911,9048.850190845842
101920,8231.898637993032
89224,11421.799095517363
106787,29036.53353321959
83083,5560.1728552633795
102399,5036.90860626671
77196,7184.387389991213
104889,5663.479594250628
79598,10033.743796268296
100540,6761.21880458713
107792,55705.52923126835
85758,12482.202036461986
79333,19825.123554583028
99351,12295.319441431173
86706,10022.454317752972
89547,16992.90927538075
88092,20047.978166695313
90348,12007.7855653617
96125,15416.537805501583
86921,16578.742106984315
76903,33214.8667123022
95539,14351.057665516373
89841,12617.842551716087
102771,10659.150610468692
87174,13028.246540220895
81975,41232.473363258316
95289,17950.26227038765
77318,29467.1304447522
76955,27627.168148455028
80996,44864.03825719552
87707,3796.367967463999
84519,5419.877856556677
96833,17401.312772591165
97584,7895.016511313977
104697,13053.284710742835
85510,6095.560977822239
79758,29728.864091896554
99502,2168.670933307976
80725,22029.002833422885
104108,9052.491952633976
107802,19694.927805818414
84871,11590.735692025293
85817,7228.128374757759
95473,6315.540850560543
85629,17249.8155052733
99641,6126.825415219731
82356,13843.020680142447
96335,24754.23834016276
103623,9280.151921730097
84233,9539.904229438012
93708,14358.614678901782
97947,11474.675106837723
84368,18097.25024067467
92108,9416.64371938748
86099,14149.083127422185
95173,24228.159991115193
78389,25313.998908350797
106219,15513.894287013116
88823,15092.295673120654
95608,34146.991545066245
95876,29450.971095684275
86433,12951.769532703354
95515,22141.877135275587
97503,17585.72547515647
89163,14351.95991803946
106479,17873.40979888892
83722,20279.58676333744
80644,22155.69041568471
86002,21737.38572588394
86783,14692.675779524574
91928,26647.347437975775
102142,11470.68584788603
106024,25061.577999181718
76022,20558.82630071457
95221,15032.204460764191
105051,22967.723810797535
99939,13341.57266454167
103202,4753.334290816107
104770,25612.831054544113
88396,9193.233388898636
93666,25883.950454989128
100763,8694.937485139322
96842,11704.43563327963
78807,25163.7329857972
85559,9843.937042462185
84384,22048.69078572848
95619,26992.153496016057
104008,23792.425871187414
98379,4266.296054618804
90476,9407.940287862084
88845,8220.430461942242
80296,7079.774011875945
88294,14160.625329698407
86733,9214.388994121866
101515,6701.654634002367
107440,11551.99659870783
81834,24494.728415058304
94764,24616.628346334193
94968,23180.993771192494
88218,16958.976819065363
87863,9246.191225115712
104019,8109.090340046418
103369,8404.076447396392
106979,2224.2525244980425
89717,3908.9255680113893
94504,6418.054781245828
85722,10364.535058046042
85311,10573.816048160686
103162,7604.133975764531
79834,30644.08863840407
102283,5576.781019514407
102686,9939.794367412538
85834,10342.145133904192
83633,9132.652023905594
101178,2578.1611892847413
102859,19897.614828434096
97691,17948.828533228727
99575,8427.576809386946
81921,14901.205366512257
88114,11315.112874378268
100101,8891.336688426625
101736,16284.192114591473
92763,18684.99279364461
93514,27757.72525723813
86322,11930.498238150602
84924,15746.718979003359
85898,7123.979073751673
93419,27152.38262863913
88784,9646.820403625532
95012,38790.594182967
81858,20298.483539641966
101610,11012.284717661332
99190,7106.723773714073
87530,8417.309194380616
86979,14486.824169906791
77670,4541.059426720321
81123,11453.034968386492
81724,9069.909365863887
77870,10351.17711403533
84193,14838.58257178502
105928,15605.631978977546
97607,17134.179566328286
96063,22468.30465638967
77962,15275.747693178697
81560,26822.91296527953
100204,11805.059540762326
89185,14732.484105705737
91744,15383.972358223484
91470,26885.957301653296
78412,8309.69827307633
96222,15835.467831587699
95148,23296.29927330841
106039,12398.799585903438
79352,9334.177308056032
96602,7167.231643388541
102798,9589.754940098457
107301,25696.424425832105
96147,15631.965093785047
87382,16849.597955827558
79907,23940.8032895921
102924,9735.063981129093
78012,24913.28229431068
78333,16050.04431969527
105989,20963.92259000316
90607,17837.771671829003
86110,12010.32187148252
81540,24280.92481357226
77937,19810.508145005995
84630,16781.861085506254
80988,43833.83390242021
92519,20637.87605504087
95795,8866.170881290163
86837,4777.06449712687
82642,16071.288228813712
86017,11568.466972319322
84772,16560.173516505907
103962,11232.135060092929
106264,11891.354878239887
84934,22897.158544471953
91598,29158.312401766016
104102,10013.350980613093
81261,9607.713231572945
78425,22261.181174654997
96508,12584.278357217481
98668,16342.388380850172
93948,28792.29859120671
82909,10869.70486618171
91514,21901.551066027365
100969,5853.360251136388
102102,2505.746752730738
103465,12642.757228965093
95072,23166.844289581124
87535,29047.288927491813
107564,5136.530883685111
103297,4327.304677573446
106528,9705.0345689093
83748,9476.916161094463
98195,7219.914745950511
102113,16552.36259055479
94277,12442.772200533229
93160,24015.06087327157
92063,22224.53668491164
81037,12188.039114859363
92602,45848.2090109774
93096,21979.715184417073
97243,9665.26986727649
78019,15068.580345384
107604,8143.750065282415
101438,17770.523266067845
86439,7260.786060405049
82300,22027.71714073757
105142,15071.769362106896
84429,5912.052603412654
98958,6721.856952111613
92197,23370.98600670125
82096,25567.996820491717
81536,28470.888738941
101623,14207.616639999535
85596,10186.969728988162
90600,10902.479179477445
80089,44968.71643456039
87224,8998.255605271683
87685,19896.318481572358
90958,27230.37429484514
81004,18386.937769481472
91667,21509.76755717504
77877,23703.919895553794
90956,23733.159053900694
87744,14619.12018775788
96817,8381.113677342506
97163,11028.976943580583
102517,13622.305490947943
83356,5853.237693519424
89415,8850.306468887373
100153,7741.5799182418
96024,20758.41191982904
92043,25148.458327371474
100495,7685.276157969965
79653,19555.533404615064
88149,13482.41776679361
98022,21029.763671044813
84983,22332.23790072731
98394,20109.02145340689
78062,16568.922011897066
83656,15420.43700123746
93963,45666.052246770094
81988,30338.773023738875
95992,26151.035017337308
82620,10060.77893355201
82149,18521.22129520912
106199,10401.674089125521
107884,28208.90255022439
106607,21347.21899770368
84212,3560.0080128486934
88234,14896.139611472367
96712,13774.876902879945
101058,17086.823197700753
81149,27039.768290729968
92670,20762.751499032078
101383,10537.104930215728
82563,12658.862931003248
100600,16553.27364675076
90826,9978.761222980844
102364,7645.41300536027
80759,29248.65860318047
79628,22117.20566730418
86113,17709.44340691015
96607,7386.509947879678
96462,18103.819779188703
88668,16910.06245797727
85575,18210.98173131328
97718,9419.611897884923
107322,30499.19775605639
79948,45457.39764804134
84361,19976.62938582221
77092,22159.313095731795
82359,22324.393610979125
87495,16246.878062093538
102966,13928.661791893996
104309,18957.74439651439
106312,23620.685812494143
85152,10922.69593241665
80835,10965.164943790744
99488,9050.947537542579
101023,13543.262188651703
82295,21785.24741086171
94330,24343.721117211746
96446,22035.09438978793
99608,15912.539855701172
108305,17608.163901771986
106512,17787.641357323664
104003,8244.189411851818
103550,15348.208600392107
86253,7294.25178517034
88355,10714.558084613413
101629,15292.560680764775
101460,1529.762189481311
87820,10536.81472546224
83140,15035.897383912914
89804,9542.227896420954
101738,15209.783448694849
101121,14822.023821793118
81810,37353.432079666
102106,2732.2820868168947
80437,6137.405712290458
101463,14327.621776508364
97919,7583.566297209205
107407,23253.107120380435
76258,25789.051383407554
100626,18243.19124091892
92755,25717.43228507921
102655,7302.872310737233
89223,17741.239456193813
95180,61904.65818429581
96372,6164.162004405105
84089,10058.771045180303
82203,33051.933029941
98785,6805.807737910771
95930,20168.652179534754
92151,31419.27584123386
105149,18154.178415431517
104517,6986.224648981717
85727,13017.07846369559
104769,11114.618325437059
106796,16730.794984788823
79021,16345.72542141171
86121,10710.064295495084
103139,7891.916365583216
87918,7666.055558359209
80634,43924.88203884146
103033,6500.949606456617
80019,14432.264566730602
108035,15661.38056605116
77891,7504.502725090306
95749,26006.62083150798
86617,5860.523906662545
77709,10421.895161290086
77952,12904.97037829619
97083,13343.152242173375
78040,16357.738221685519
96041,27157.026513581513
101843,4785.969677229123
103016,7942.377205024359
86049,10788.728775480595
98228,6874.0563272615545
90554,3808.4069291465803
103311,3374.6384697618323
80418,20803.88039413888
81866,42060.99953660591
101259,10410.221684207081
92909,26412.32489646878
79034,33249.60501308593
77129,10679.809301752059
99018,8032.595962033285
107391,13643.93285520498
108170,17972.203333260997
80664,25062.60114409966
94438,37149.98813925158
100436,9692.80187466243
107031,12182.9570494562
103954,12966.179772943115
78892,15159.939619085335
88505,14310.399094057875
103329,11286.711768601363
88345,14273.2315955319
105950,9873.608960609687
98331,4768.131150224432
77666,21905.165703780185
95383,20127.37532539134
108535,15815.155345873964
78705,14054.40965253178
79597,13677.143498442225
97585,25633.720512792017
93832,19724.77899996106
97348,11051.410328213842
87291,16629.732734785317
96291,14097.404626008305
84851,10801.758448864799
105338,25146.20117433123
84514,7891.757911639812
105830,23638.18107613241
78819,11586.576522304193
79728,48206.5115460816
105993,24433.314334823648
104822,24023.452281109203
101141,7249.962284269674
82728,7543.906712897238
83273,7198.82954146826
107233,16864.847907926716
81943,43954.12096116364
105637,20059.39777272237
81203,15666.821457881733
95127,27839.683505767556
79994,30596.940740080732
96025,21492.690419563543
97390,30136.304663733266
107522,18248.360761133474
99674,3750.5896036972335
83001,20251.552561870718
94573,17901.062719473717
91983,26959.13898478442
89935,15285.613637691979
83115,9895.729174878292
108439,18029.47283989264
82297,15716.077105935901
96542,12836.330761665577
78269,57742.315277014684
104124,11099.486818457779
90435,8279.762084976659
97520,17877.792030429337
85468,5233.037176077876
83566,9299.506690752622
106890,25651.971706935794
98124,5362.915877060479
85866,12334.83938261984
104379,25153.730953879276
99616,7835.775589275281
77346,28673.850977881804
83668,5922.68795044965
94488,26978.86150043874
87494,8260.486659186874
84099,11847.106718841238
78345,17511.547418552575
95626,19827.444038917376
91044,21877.884210506953
91343,21112.380510454714
99823,8464.904808592311
97197,19337.29679356979
76399,24240.85418469747
95484,28649.34790149748
89728,22377.132992930317
93866,14149.615718834899
94053,28135.18669460513
103190,12166.366235191008
76312,17764.666280578393
79453,23410.05167521461
99956,15807.216933633672
96811,31376.463572475594
100537,15727.876222165276
98142,-957.7743146926096
106900,17557.749728135906
89474,7424.593535861572
76696,12427.162863046364
87479,14163.727588116994
84806,7816.059830223006
85385,24891.27947991126
93372,42808.07241273909
92860,23906.603624024727
105267,27788.00624434516
86951,8728.478346507372
79622,7070.933243832351
95103,20546.769595178877
87138,9714.602514059232
91912,17767.03159538223
78932,15255.24740082414
106494,11645.197801222133
91645,23373.379769699593
76102,20023.08424190066
79636,24847.309789822088
99416,11276.67260335986
95715,42012.84784094424
81323,23152.23060276504
96273,12424.482377051514
95585,22674.90703378524
91885,23616.391588137223
80762,26631.037065718607
79167,5333.998898612648
87173,10076.840211978877
92719,26729.580586845448
87482,4617.679634199654
95215,23332.20337756864
104054,26771.242210936703
103066,9675.989405230259
102449,7275.349875297863
93985,23556.94165985445
99869,13641.93396482244
88347,11485.549708207469
77208,8887.704996550985
79376,11065.484213568154
98451,11473.060097484362
88983,16470.20928262702
106464,16109.09247953661
89146,16570.937976278743
105833,8515.99240043405
79242,21880.32782307954
107738,15771.008121263836
77626,11992.907076812407
77415,16851.1370779423
82458,7868.328278955443
80995,23122.192788384917
98434,10963.739902084493
106938,23310.678719800348
102349,10049.770641250721
85791,14998.945220659167
103622,8647.829210431437
108149,8886.181555854964
86450,20893.64804191763
107252,12965.73272772041
76034,9402.34576861353
82259,30233.796006066717
76581,31749.172222558416
95499,20780.587334301395
76648,44080.978215544885
75992,25232.075074291366
81407,19884.53092459562
105954,17223.91230152597
97001,9524.671545116082
96179,9055.711651402982
77616,18455.9405818293
108142,20984.348637560324
89107,5083.998239850911
108236,23512.0670326517
92520,18002.706353805588
93186,16577.839772792595
96171,12643.588357678324
78460,10685.644871559762
85417,13001.434228269063
100064,10327.960422698698
92393,19812.655998330083
83360,16511.019135721865
103935,12151.043780304753
106977,16571.351909056175
107965,15348.477539134432
91921,21117.935623208636
105002,12075.637765365798
93968,24904.20560717779
83088,7265.333195491856
92707,23606.795230617223
89001,16732.42558867937
95856,26411.764300054907
88962,20141.01946652343
99828,13468.218658993004
87980,9865.902112864223
103861,14859.523700208912
90588,14714.885853428797
91508,26236.24851964198
86131,7374.644565700671
97249,6411.831807675562
88232,15366.797526214268
78451,26776.543603308506
79773,20300.92899644885
82873,7288.3037835042705
104116,23560.766753877066
83673,21802.08323530698
77622,34350.83703477678
94936,19297.245432782736
93795,20939.42583225879
96084,6054.129611735583
105406,14531.991318731178
102280,10748.328963144933
83867,16497.786512270068
83621,16665.895998019816
98536,4492.952595507433
101889,7273.27217907137
84479,12426.513368695189
77956,19247.026825493056
99484,438.7390673346399
82140,10733.261548897432
79005,40862.0424529341
77513,24554.271219907758
92211,24283.137405174897
85245,12274.892975102073
92239,24994.014967230636
97205,1771.8292883529884
84822,7661.068541462076
104413,11037.615882015489
98704,22772.021339586587
76724,18470.155616079373
101457,8527.198286028439
85487,18312.59587308478
107392,8862.742065696544
90712,13261.184059619556
105823,5757.080597379367
100345,12473.790328432271
104219,16601.08365117952
90297,470.3401715786986
77122,31181.924264294063
104805,26233.477626061394
94490,27826.69565046919
99948,11585.837963613978
103562,18219.484427521857
93378,12066.922498215677
92288,16626.803319533275
78059,6488.548739157326
96096,10462.130836328419
95732,15839.626950110596
87817,5779.962626461724
101084,13738.877332049753
90506,5693.886881807606
95676,20031.261090296954
90249,14225.156485241738
95932,38487.17151275468
103254,12240.019064414668
99286,4532.092188675691
84918,11241.608932577288
97397,6712.644838993001
88837,9688.436611890009
99212,25173.51066127357
86421,12476.941097249253
78337,29998.10840525489
76020,21255.48083299512
88038,10255.449030071683
91409,17553.14586553989
95205,6642.396162663124
108031,6269.206871146476
105386,8811.718617217473
100613,13421.928133886271
95685,23702.708082352598
78731,14165.332252108135
87310,19836.542688661935
101113,12315.573381033533
89077,11528.089657908036
96672,20021.399182438283
86775,2862.836791643229
79262,25008.981205466276
104469,11477.929541407402
98351,4552.992315900217
80728,21218.246392076115
97386,17115.75848142505
97417,13494.124851131022
93911,21315.150688714264
99842,4741.89781728522
97191,15897.921002506131
103152,4747.587132708864
100093,10306.374415435675
104319,15268.95389419675
78419,18453.09915267914
106929,7417.030582535837
107427,11074.905866870522
93578,23240.549311653027
103404,7835.336034438689
77844,22849.763422927725
98068,12159.882272597744
95709,34253.11510695263
87946,15932.180297151292
76391,34545.606991335095
87096,11462.60851760941
77186,26111.076362915403
90698,10705.862366469464
93367,20110.777009724145
83133,10397.629045338808
97840,13377.054525306805
87605,13356.787619842138
78472,24936.208222117348
100925,2641.150007767106
99596,20821.447621019925
86081,7333.615323110761
105725,10446.336407551411
94362,17137.86053092092
88579,8910.605320304474
86705,11724.15111367785
80813,15045.743784770973
78885,8425.657248892825
95548,18936.65006678312
82342,22251.292311682264
77011,15212.571928305511
83904,9730.139396486264
105485,14001.730233624454
107922,13365.30055940789
90200,5173.123985101369
104534,16141.135002788254
88664,11308.92889735435
100499,3286.1539230249837
101035,18901.357009913572
90482,15757.269816879025
108068,7084.445629630239
81709,34661.96127297049
97618,10841.719770007709
101931,13831.599890133273
100284,8386.143001530128
101027,12567.508105495512
96674,11317.622894597387
84856,15884.009033957916
105326,26115.608777806345
102491,12596.174408273171
97616,16216.853323191064
100667,18770.657690692115
108197,10262.549342160084
94844,29441.102409724175
104934,13471.329368248435
94116,28216.198052639025
76214,21061.803420277905
90916,21941.2346811741
106013,14543.119269862913
103429,19477.99435215784
93335,17882.27210831835
99260,16728.169734501967
97043,12551.002087877037
77925,40994.876322742115
86716,14492.088467249614
82230,10641.560934706544
77567,52764.22414679333
108496,27931.58827632571
104871,25430.81961801029
77957,12228.774341852119
96401,10308.629575178624
88284,12251.632080060648
86845,5539.559060053773
101349,435.9409476206074
77015,16447.79200185331
94471,19551.498247312717
108380,23253.29859897554
92533,27246.60304282763
77756,13092.070168245617
76035,20021.79422266975
75973,11246.745944643275
94675,8756.442477388848
79435,19914.563949889474
106542,24025.998193316285
96546,14876.148119588684
95946,18307.732293349567
93188,23606.281271766522
78117,15971.562805519938
102180,3668.0708849588664
81825,18287.024472108173
90050,8039.5623266680595
79638,20868.482671497477
87579,13159.034958890523
108103,17404.349860952458
76578,32460.635444617452
79112,18449.53977481804
95959,24916.717801625076
78244,21252.10545813825
77851,36356.866149861184
87052,19900.87468163776
88538,17897.983856871735
79011,24427.853289210434
96381,19361.976398681538
105358,17028.831527740014
92876,22291.4853671545
87699,2640.740402490994
90203,19792.60706677981
77001,16782.55418563196
97974,8060.039232536477
89985,10816.642255377352
97810,12951.00084884146
107459,8872.808718517437
104861,16293.283941728196
82516,7660.563210494873
83497,9871.99612627591
80194,39824.91383851919
85730,7924.5309669061935
77914,24872.170160994647
88779,16167.145342977634
88366,6974.936276034747
104300,12180.055711727247
84300,13782.055924473176
79422,19298.93697608822
94910,26750.151595972246
108386,25386.170984964258
92708,-5366.0925359939665
90802,23621.791188185438
104397,25429.09536076582
98039,16768.382546801757
107887,22199.362820856477
105290,11697.327207332535
102575,16730.22242743864
105040,8824.507029472585
98430,7826.273604042209
80499,24610.733791613413
101694,11914.376633523083
76386,26811.626988451593
98181,15140.906091271012
85340,14663.718161747962
90766,17641.095707501383
93472,18181.233210023904
79927,31898.26101225517
80854,19467.28197767958
100180,13790.387831662341
84437,5168.668642208508
83358,3614.012064050061
93108,19988.220911104738
104330,7047.245801204621
103518,6665.034418913119
89006,15902.448155350205
101611,5052.257469580445
92226,26537.2974778466
84798,8410.488069493202
92840,10497.295872979263
106054,14115.974968812698
78261,25144.780987832724
76071,15794.497189940468
92246,24395.713498461082
92296,17540.230848037536
89469,10953.959037784822
98079,14825.754861321588
81294,12402.114706977745
96301,1552.3931254658874
83888,9799.500137714109
87403,6949.09067739051
92192,34362.78658363795
107592,16502.83147936172
77496,15731.592168739164
97447,28383.657192820414
103131,13562.742914263581
104590,24302.473328081018
97597,8823.891254204302
82167,21982.896670075526
91027,28012.062592166498
78607,33176.31719271612
99587,8825.999731816648
93937,45231.6030946602
100307,10010.558789658935
107613,15013.280805744993
99773,14119.996855525293
90044,6645.012462611481
85578,16640.75656683403
77103,11779.222826891675
91386,24807.31011750659
98955,13158.880011238618
95927,18460.031379240892
103188,7875.659419248436
77389,57911.260942848945
81822,9334.646344956154
90768,29018.54319313248
77594,13778.344136796879
107085,14875.99321787444
87692,10160.180895047713
77813,7343.595461651585
81414,14178.37074116242
102900,7953.764872567887
83150,16418.135893377887
92414,28786.785214042102
105321,7921.280314973495
92658,17636.352112501427
87160,10721.659072023329
107827,15200.1568694228
105790,21018.8123618237
87463,16466.182692833463
91532,37717.3582493826
77459,20205.788334957313
81593,9662.991361627788
103719,9569.41228858917
102291,8119.692029541533
77211,19889.89438894835
92956,21938.337026777946
86578,14290.832578941105
85882,12881.905463740875
82082,18069.398333951936
91811,27504.50297972023
82036,25184.380603671307
76773,17159.472923607485
99406,10158.60969782691
102289,13067.527031315216
94402,20854.480643456693
98621,5540.972279759628
96476,12371.239773355835
93410,13769.068894221939
84989,16392.96621980687
85123,16392.120839678842
88492,16914.297302782703
95128,27286.26202502037
93047,16279.701737729834
84587,14157.257821473411
94856,26192.500375545256
92247,21257.094248632002
101052,15867.775801908007
82940,3159.639750019227
97756,8601.384779340875
98444,22591.590775110286
77869,11764.045668393312
96694,12257.417270451675
107101,12450.364896760166
88276,9820.841805743075
84648,15203.679774445613
88011,11070.742076759057
97951,14895.620992973849
77288,19661.609428628515
104937,5705.391049072983
81621,8555.481894808667
82049,31265.920724341937
98553,10206.448254033196
105056,26255.756666595204
80914,23196.13031483371
82440,16674.631458652046
94927,26577.787426106606
84303,11048.956386090813
85533,9674.864477347059
97576,10672.69998581495
82216,20515.526020320616
84279,17395.841861160614
80976,16438.42261819711
106097,23495.754119898986
83074,11749.29850791593
87581,11458.502349788636
97210,15133.8380039151
90785,10190.317237175175
99434,11804.013098338051
89600,20943.367166070406
103809,12612.21618357032
92260,8407.122983083165
89667,10930.021395718579
99310,3955.3106096049996
90375,21914.175763062256
89468,12765.27719465136
94940,22241.3417076737
97747,3293.8697257057975
97570,7169.904329843629
105994,24889.328306805375
93145,15776.95505093479
94100,19097.085926508524
103226,16006.785709801628
100167,16804.16454477042
98138,8121.089540819488
101043,4960.328571814724
82078,19961.531347005042
104748,10475.541507771675
103881,15160.559631551183
86774,21058.4551697267
89857,7843.820933728555
97150,16095.556073687361
107683,11937.779437925976
83708,20195.47125582867
78775,11794.312570332613
104200,21612.201920612933
107581,13339.774886756628
99756,5168.607504418953
90210,16299.431554763281
78027,29798.44461114632
97012,14501.55674897852
104010,7721.124175575562
100639,10808.50621392084
93792,12796.9061944801
85574,16906.498574232362
105066,12053.78898220998
97307,10240.646895557988
77243,35151.5545480026
100661,9113.377594354548
80825,18814.142250826633
85856,10748.5095202087
85793,7861.0414327696835
107091,19619.280833961682
85836,23091.008149819954
83887,9780.865801705402
84721,13524.698003494308
77636,8054.893554433081
76905,39920.71385419076
104895,13426.460234524642
86377,15626.053376325524
83076,14790.010214727636
90124,1547.163461644417
105661,10612.31152709938
91631,11523.527113138116
79760,44830.158453128795
100714,6085.445937005305
99231,16414.409333340856
82805,17428.553997780786
80714,28922.24350412264
93820,25170.27869398177
85373,11954.903538368926
95562,28586.098081294644
91723,39654.406527137
91501,26493.978903212716
91222,16623.800999195675
97984,28434.464765638775
95047,38893.93790037601
101181,1266.7384522086213
88389,7939.5803229622
86999,24830.640669996792
85255,20689.719593186925
79093,17288.225151464016
82409,17416.64418614008
103128,11468.547558626322
107027,13687.636919875793
108081,13393.82779609622
85698,22256.43039565712
84249,24888.118309821744
101719,4611.072580059916
88643,10477.141734137615
80972,20552.831156731074
106047,16654.949558474298
86779,-1425.3005671203482
78587,29305.044843040596
90179,11011.779174860063
90972,9929.557267832028
78609,18921.68839000645
98324,9041.89972484386
76446,47077.536218382884
86829,15442.569521332556
87796,10204.687523064968
83650,18383.002425350922
81411,29068.216547734708
81963,28758.83186816286
96782,23670.970309384276
89718,7899.432569912244
95518,20953.21070707949
107293,9259.18356448085
99739,8062.330800390533
103956,15255.702496602811
85946,16525.725917467338
88532,18811.81082330131
85713,7770.479729895979
78184,21935.947446277725
100234,3060.172590728849
107715,12684.82070637284
106150,15330.47976229537
77266,13506.395806467031
91067,16423.336099382857
80869,25157.485468144987
81462,12012.156497635939
83382,6641.95784494478
92915,20727.710941223497
81139,17167.273409167952
96523,11144.267315519217
107090,30162.924772383045
108117,18684.87747012325
91742,8140.095224651903
98340,13602.983956884365
88371,15617.584635407478
101031,603.5198094142415
108430,31834.67494020739
77740,25819.150869558813
87861,10490.352079837865
84746,9539.998824254346
81252,26856.056843653496
81933,16977.31999961186
92153,21241.134935421072
95485,16506.52417684203
97686,12122.635073312787
107452,15012.840018644485
95477,26591.47421894657
95752,33105.172316562304
99499,2462.1938775871404
81223,14398.800112856965
83589,24613.56048497597
81497,22102.774280154244
95884,25990.61831426266
87806,8489.846511330139
92330,24980.57160000538
84558,12342.1654688869
82990,10051.696279767044
90851,3695.687476073541
96997,25820.30182352676
90278,11346.190971186465
82417,9168.69863549692
100247,7225.9177108016565
82239,24972.574804692995
76975,23358.568035837845
102948,13292.326053039744
96929,12216.54723222538
107088,13786.286065332939
94670,14558.367183061751
89862,3157.775183356518
94506,14200.749797730936
97696,9435.116304933157
82696,23267.53165020621
103767,14823.855150238314
105307,11457.676651428541
106510,27244.764515518138
88316,15801.794412602736
94321,21298.96727319845
96595,18081.29227656732
83223,6489.426208130139
85551,10998.153766168656
96007,12465.548440423623
90296,8105.6218898295065
97407,12706.972654317653
93071,19058.855741196137
97275,6981.622728123744
86827,5332.535312715821
99759,7056.612213049879
106689,20218.001213049698
103062,5432.660930601978
99657,14266.806769912575
93428,20330.97850208373
88504,17205.65325644955
87359,9168.545909103328
81906,17345.23417967509
107446,9739.518015762715
78926,48293.80478050377
97871,5371.923088983032
94202,14332.395368668054
101216,14356.383608354245
89614,16280.724170400763
82929,7310.688799198857
78710,14755.459791819585
104966,22487.755004458784
88410,13232.26995251482
94382,22200.593807512145
106319,38254.92684861448
91212,18726.362390483722
103584,9480.884330679588
107593,9737.445227576849
100069,12333.20305725331
97293,8613.855043466387
97085,247.85579904547376
78830,16208.533455498065
80409,12599.518600662728
81079,32739.400892567683
90437,8436.09296332581
104169,30087.641882088312
83432,14737.88413505601
86630,15614.076004845618
100678,2871.3155686885257
92564,25025.086372767422
86007,9799.117936159408
84102,6203.543895945304
85324,21900.112112836334
92796,11963.800993034934
78277,26923.775885926316
91813,20569.33124095943
107896,21388.65832246191
80598,24172.059929024923
93630,21693.99260090137
98016,15920.982565577357
79518,45019.42102834042
104016,9486.283516882188
90069,19387.364058805153
108485,8633.672861948635
105556,25902.371757841927
107276,17222.631386173773
86409,15917.727138678569
98131,15349.739744708433
95165,15313.014586272948
92954,19261.04641027221
108363,7319.153727858757
107775,15467.163767641769
98806,2856.3977404898924
82105,16457.690538705214
95777,15138.889708138006
78794,20589.392357774545
77994,33457.79105550598
90061,10961.945052554165
98353,11873.210714681329
86777,12629.809581780692
107107,7471.93321560543
99207,9985.786364353165
92441,27155.747160054445
81253,21621.44119307738
82071,21894.97744331519
86304,8896.7455656198
78529,9831.884041316809
100606,7982.227476524622
108524,24446.53383640282
87772,21126.818504415605
83062,14057.931903312103
106197,20516.052034571185
105773,28678.454498617575
79317,16594.565457613935
103930,2603.352783641718
77486,32702.157715967027
76154,31182.138140323354
89324,3603.7603973076057
98354,13446.652282849636
108349,5236.93944373448
108146,8451.740484117563
77826,23514.276392255615
91078,19232.840609003608
78136,25984.464831832003
107463,24406.353899534406
100749,18792.41841451299
77223,57158.636893128496
92513,20667.61681380166
99409,7197.896353087098
94380,28518.826203434124
84791,10904.915058443183
86042,13777.087430498128
79939,29107.6174976778
83953,21579.545213812613
103754,12277.105489677146
86091,11576.542598038846
83114,8949.76105801829
80956,13461.26907943634
96276,4395.5245264708155
89799,20434.7514015991
87919,9081.020089253587
84054,19024.589418136555
102856,5759.079259412445
105645,11979.794394212064
81207,21420.70730501129
79629,23456.505591074612
97211,18189.726800827957
86631,4765.125590170455
93438,27747.61189246455
96983,19246.28070726394
93914,26669.124479474696
98470,7029.198080897568
76650,10923.766706491424
96428,27929.083521803936
84958,18253.08864582408
81064,11621.115087758797
82469,12992.494973422923
102139,13067.508804326282
97800,8907.108699915821
98474,5788.1306811940685
107944,10439.316688418105
97401,4614.204662299435
108476,9942.006960666888
103189,7956.429478637818
82987,8903.118855521801
80903,29422.457321327325
90854,13238.742673211902
95644,35532.746009865514
98728,9813.047393094606
94370,19985.903918687618
84537,11535.566602672669
89358,11259.242147122954
76221,13021.547086412367
84935,16254.599508545663
107676,10898.25755575191
103154,8970.066273547867
82600,17898.71323189036
104290,19178.027396070705
79972,19511.851502244775
89202,23660.90845112736
97253,9393.171205043078
97358,8452.102264566518
106932,11090.075636246886
101140,1685.3728191027094
100650,8503.487144749306
99817,16698.818955039755
80953,19478.701012380574
93851,18977.295820516276
89574,2477.861884594162
91092,16636.383846744735
78214,27392.999704672926
80283,15416.489568498215
93158,20649.734807913257
78562,43688.34198087487
108498,14365.061166514246
100223,4436.73837963203
76976,9350.221314053344
81119,23546.305295319617
97369,25418.617108355265
95721,22899.027552688865
82271,16106.07287610723
102837,10388.220839237398
94761,22333.716535017677
89200,14242.035884373052
102690,7542.361924304278
101274,9999.804594958827
107682,25836.106930820268
108276,15349.003214209784
99011,12869.386481835987
94484,12485.410880906873
106033,21460.065129509072
89123,12414.31771081757
88740,6356.03173224833
90951,26377.502906426966
103812,887.2922578140879
100056,9620.919811031392
100691,11186.882208390158
88394,16347.672502403428
97620,9557.633253392669
107955,4702.097483220101
98144,19718.618820982683
106325,23722.521331264295
92867,35808.46370025529
85204,6161.940946265713
87062,19499.559834875246
81539,19842.93444670084
92009,25498.419662212204
108224,16582.155248865136
101686,12456.88115839307
98557,8637.118465882859
101594,10543.473126976645
100647,-6251.661080282907
102401,10740.144364255875
86093,9384.544584283289
85837,13160.278470464375
86260,16585.953649093724
79830,32155.620795038463
100041,14177.859785566536
92230,20500.912460043364
94661,20483.98454683335
79450,19193.379894464157
101374,6494.82484979201
76983,32461.394190869076
99673,19741.747189087844
81336,21528.326496267655
100376,13608.204873714749
92756,25662.95595943988
87725,13787.687553163205
84541,22358.450842116876
82284,50250.25607577821
89479,6994.149570901536
93259,41581.67711692887
105648,6731.998880939458
99099,9682.056913582499
104543,25375.559211075302
108474,28109.37908330031
76907,20417.592008118612
93652,21807.544946173006
100967,4049.786641916564
94331,16497.762564600966
106381,9552.832701405572
83170,9894.878156216932
102953,8902.977584966444
103590,14222.451206609621
77316,17085.054253011025
84682,22071.473230575397
84524,15916.25493715447
76747,19136.35713578747
99049,8692.916591055746
105881,12492.724707299374
90833,5651.6299893659
108079,16374.92394427638
107295,16048.633311360738
77121,16956.78241140576
78927,34509.359183341796
103048,10883.796539446847
86216,14364.01702725852
88448,15220.789205816887
86219,15377.510196026868
87181,6797.85983124666
98755,7188.319761475613
76443,13093.685993166608
101149,5592.803246545402
104315,25444.223389205315
108345,8231.604633871373
100156,8733.383756656742
107263,18501.571164061595
83935,4655.378028765255
90584,7388.942414544219
105733,13170.01035007512
88332,11346.533445654266
81979,25989.883210530425
91864,34783.188808508625
106847,7526.859923489546
95136,17933.625834840685
96991,6745.077283454111
105905,11531.278907322092
102080,7177.9973594574485
98072,7522.9089192503725
103711,8935.666932822534
92213,17888.849498345553
106898,12290.51975385725
85333,15098.39071021547
84559,11661.531133263488
95428,26807.199736756542
101003,16371.767541950852
87773,4474.320195748052
100739,9236.505653756805
99885,15597.238693335405
106647,10075.950717700023
98019,7906.703457454212
92212,18986.59815527921
100786,10729.69982223388
85518,17163.436756118102
89849,10536.555777581481
76149,15356.65545766201
97490,6544.791601300578
87476,9224.594025163884
83248,19363.631047336185
99352,11740.668736015265
90736,11594.52879931364
77596,19373.836159288538
77209,3065.0222024240375
82308,11866.148310471162
78207,18719.97045248629
104041,13114.21673303979
81125,16205.289833648378
81691,32313.08083663023
94459,13277.422663000445
79977,15423.88944892402
96530,17948.98898129118
78367,22302.226983025772
108100,33628.93844051847
104510,10015.87251847973
81891,33317.67938327206
97087,11795.937246413476
88161,8100.292034235861
101097,13840.494551691732
81742,26013.776502001998
78409,7282.259695109022
107496,17595.551275462552
99326,5898.231617782087
78535,10082.973695346605
106164,20656.355293847744
79719,23100.014947273223
90418,8388.286611957883
85844,10246.556033842016
86639,11582.999494457916
83745,6718.969101005678
77300,49606.154459663834
87702,9871.157134310044
82586,9560.604775592485
83769,10556.276430120066
81708,31272.286463623655
90224,11764.118513702211
100063,8911.709108491421
79249,11467.999500293994
78719,27348.775917086547
97287,8979.640817902717
84267,21214.987095020388
84056,7656.003317156066
101164,14269.546031281614
85826,15857.65184268665
93793,26826.97915533236
90945,23478.641229336783
98991,12349.001056983596
79647,15142.019387079059
96794,12369.58336553566
83984,14203.908139622574
96688,9662.342210717547
79838,18369.653566082456
105671,7931.598995422442
87438,11946.859989266026
85859,16183.467457484672
91639,18509.188463415987
81134,41470.87578980964
99992,16516.349682807733
91262,26070.270645772493
81417,30877.243169508496
90783,20536.09563178882
88898,16628.011993469827
76241,11696.565463013134
76491,16554.12727327585
83132,16348.133265091801
97757,14690.311759506001
91753,40876.03723555361
82333,32457.626126266536
88295,10730.968177380775
98314,9914.54220970258
86172,9575.329534103894
78331,24878.247740771032
81996,25063.725658942858
83315,2646.4876770519695
92376,16546.67389253057
103058,13380.938148657613
102215,11532.30196125451
104225,27064.46186277942
76910,14919.092388035244
88657,13255.842764973726
104943,18409.527201264642
86434,13232.463591982332
79432,16032.564821751164
103103,15837.3217369852
91456,32491.9584885148
89465,12861.52065193784
107774,10892.805869200862
80938,23851.65989277119
94883,18319.046779297478
94135,26786.383713162693
78747,16912.625607707
76240,20452.564457959328
95820,35060.9216179223
79092,25696.7338940471
84393,7898.631622820003
94391,31756.262960706837
77183,19249.576857028056
105612,6039.304742086355
89046,9813.38086540516
90878,23105.29452206094
77058,14736.038504180922
84468,12555.76713420126
76713,23747.313438766
85568,10610.610928662576
82191,17534.53947115638
84825,18302.044704606782
79009,46750.206516910184
93908,29167.4706225362
91135,26315.127711339046
94603,20939.06565498464
105887,25723.368934121027
103196,13735.878332932334
87544,10249.954782664236
99605,11829.7283508034
101660,14323.912960686826
100671,9881.88405274444
97839,27278.880434903233
77742,32813.35168824589
106144,6356.370872876816
79681,26034.010529259685
98764,7551.745605078881
98200,8650.346683423908
82652,9566.143827078315
83599,7382.939014510179
97776,14253.830401116142
83403,12409.839384103787
77472,38796.19287545167
79535,23000.894252956437
82632,14621.993140154093
98612,15415.554450738007
76103,23775.10357039554
94824,26583.250579131993
87424,21884.69196559865
79193,21722.690481048492
80853,16670.094334309822
87885,9331.368815315192
80891,25525.231547251075
77149,21147.00274570005
91012,14247.846203060339
99259,7645.026977028323
81555,24493.999501953425
93917,27315.411004801084
88089,16927.079522814154
100704,14946.960689623913
77798,30945.893054352135
87342,11726.959541123397
96013,11871.013980406582
93380,26420.737300056433
84040,12458.89094498456
88600,16476.479236843206
76133,16034.639808420443
94842,21416.832622638234
98184,3955.6924582903084
88767,17444.94877306227
98741,22562.23021444971
81739,10105.440215068167
91321,29831.63058968236
108030,25462.776913040034
77680,24248.954237780454
78189,26112.748603559718
82302,24452.132102003336
78968,17818.251582175566
101390,4360.195642163599
95491,18769.23159056489
101687,2275.414502603833
76371,17904.484366030963
100151,13601.418101795934
92147,21155.303885650705
103385,17804.257245995366
86960,17646.63675360191
89563,22320.150002931765
98013,4647.212761239067
103747,-1294.5757641190921
107681,14330.47479679441
82686,6486.684923007573
79913,13509.887013910311
96545,14232.766502186443
98278,12093.867302339157
88916,13274.901190428584
104733,11835.724859002104
103529,13741.863539742448
100642,18780.850901497444
97860,12560.670210744016
88870,14794.100530579302
97563,19581.902003028525
97081,11422.206330032333
89544,7706.231600289742
96332,10978.174016458044
97064,7650.758914694386
81916,32309.95630019004
82148,62548.67501364863
102447,-389.59648014946833
103111,9982.88784744947
85058,12798.905994312629
76422,20377.124994490237
94546,18353.292017127256
96769,12043.781853485189
95364,14882.18101838238
101118,13322.317138743281
107644,16800.333966026235
104650,7758.3631289502755
97300,9011.745535522583
104069,10822.028949451495
84700,14895.856417639934
97122,13170.51482278984
89878,20071.718837482073
82579,20411.251143284662
107967,6939.495556204354
82494,3598.083860623661
104872,14841.92604685528
76339,22142.22271227138
90676,4924.476487323194
83780,16177.92553710948
94444,25736.159946513602
83532,-1521.7233012232336
103380,7046.086711338916
90941,34662.775213310415
99845,16935.888811661196
98053,15183.953767126814
77863,42323.442990379175
81107,22133.113263650182
81176,26580.992786969655
93196,49560.4418296063
102895,1087.6772496709764
107093,21319.684509079532
106566,42863.212331363386
88893,8902.884776133049
81939,44753.51808551859
98833,8506.037671041591
102812,2337.2201888458603
95766,20848.257554184594
83556,18397.252568232383
96725,8107.15082606065
104649,3963.7674932940045
98466,15861.808341881851
77661,25397.56253380176
99882,22034.65871490442
82646,10170.260614533172
94874,21098.48456473661
92800,16568.18457754988
80265,30684.34087967858
80587,31310.60898435655
92298,23009.63704276277
99023,25543.827636205293
88098,9409.329304879582
100928,15944.175825689523
106437,11871.47245021399
83122,9791.120734148928
86614,11719.170264756875
105454,15152.44115799753
89282,22784.748053613832
103136,8789.92376018852
104899,24512.66295855691
92041,28515.583603418338
80795,15078.02404978697
103043,13715.85342035654
90842,21753.013224911636
103070,10780.316287953985
91523,27975.846009852045
76427,27134.771370313738
86188,19740.860495679288
105618,33709.86988583595
82931,11028.06014250243
76137,11063.50517997831
88017,13886.20947496353
82713,11142.566977849834
76155,13523.0673259692
101057,7586.134100142121
94699,36753.591151804205
106794,19766.052942521117
97000,21243.288311302138
90986,22303.604871368967
92785,15481.364270425986
79156,13982.130911370898
107616,21214.92496867195
84264,11921.59290464789
93932,18446.792362006177
102956,11297.555638798742
79715,24087.650552628176
82329,22373.146723616115
86636,11503.509293819876
94479,23933.623104094295
84998,9225.817655056851
83835,9081.76052119126
106823,9012.299873967611
80760,20149.486965926604
83060,16868.57758245758
85872,8984.52028611393
76227,17063.427912909196
103460,5342.673254825408
96989,13867.486898981071
107858,15260.089474315026
80447,9727.06032464841
108267,7599.251562394358
86584,14553.504597218518
96426,16670.84565827352
86696,19433.58013077043
88252,9810.823349392253
91515,46176.136808259755
98357,12589.222941146718
92439,25942.93897417855
92341,28458.69471968629
84739,12710.910203589949
76906,26975.681576201147
100027,9800.95688511196
102225,15887.803333060669
88476,13684.967875344493
81778,23691.282487797384
103266,17898.97807039517
87660,12363.641839824732
89634,4471.695868821873
93577,23028.26754850823
92450,21802.175132087534
99404,14053.128569367938
107936,11041.826090009628
86174,-1622.9635354823713
98273,12270.406238921536
99007,23850.171649338976
81615,17187.816729394668
91236,19560.52351384951
96984,15725.44066458812
92538,27874.571360571823
87039,1491.7126288274412
84235,13357.653493845602
77010,18764.603138966937
106727,2938.102385628901
102933,8615.058138287002
80821,4042.3953064297766
81969,15369.520986565794
93088,25107.228518052023
107004,13250.893199963111
79330,30998.796517131916
80388,23670.32009599587
97494,17561.012833729314
107144,21185.052890277373
93860,19197.999830415272
94845,16009.817163496422
79152,18170.451517340847
95032,26897.11547746272
108333,11623.356028598906
76925,22666.399357485872
93278,49889.40520416342
98608,5940.963643825877
87236,10362.665518937682
79320,31706.602487642296
83893,11067.851470057341
80973,18226.52592968569
97659,5473.613839807516
102063,5910.7543110931
96324,8745.50866648237
101184,8609.513707603908
97392,26121.476313181054
94094,18926.964282477926
95219,15341.246914133504
85048,18414.329714057134
94887,22236.317399935528
88002,17873.797936946543
99157,11837.19709035897
102746,10887.336996244669
89164,12605.564989326695
101079,18467.260361328066
94124,15294.40212927428
100161,12418.296048022039
84658,15934.505431574034
105603,16562.810354850822
90963,20875.554625105007
85012,16084.50405833248
108298,15357.49024960359
104080,755.4331394786859
91850,31970.724917019477
102713,590.8177019667419
83295,10285.013262536411
107847,12161.10414427412
105847,11709.238885997464
87143,17297.96882404825
106090,16572.20169248907
88925,7295.059303124894
106297,21601.6881907812
96596,12979.698684864357
99233,5748.788073741012
103321,17313.385431490322
82479,13954.387780228786
102734,18132.343708795983
107461,27700.994679856507
103237,13875.596136350445
85581,16537.327466300332
99196,2236.951630495081
79178,13852.344839109915
84339,15272.702716352293
92764,18096.734963414725
85498,17109.343003350757
100622,8441.338800034111
106518,32874.858640578335
82821,13220.174304072574
97628,21113.94302339606
90763,9051.380553970479
91567,27539.770302505563
107462,5926.87736468701
95833,22204.629951557
102479,18771.90640323502
97555,11451.99451848448
80881,13726.947270634188
84016,16440.122197668436
94051,15414.16961095529
76277,21389.556540440804
88676,14885.16763391032
102566,8739.309492563003
88564,16117.36647387453
95048,27037.882937736234
82166,10678.446221871722
86227,26367.753685964388
83738,7927.814522989163
103684,11820.586077354277
79893,20815.224479407516
100634,7788.0637634960985
96392,19957.19048456623
96311,17315.89571462422
85015,14733.50142220069
83050,17493.655930027784
81925,30277.864261570023
106187,12276.475431957606
83863,13324.876029446345
82048,26824.038896752354
100962,15362.282351581976
91587,16799.614248279056
104915,16339.286698972759
98779,15314.619156430854
96698,4573.5032712040465
84701,9787.071946888937
92986,26184.409910149632
77112,24264.337150583153
90774,8766.231705651018
88520,7160.003747755467
88281,23819.8721806107
91388,31008.967317428636
76441,29625.411452216304
98643,14841.982150729003
97850,12359.330937241739
98344,-2689.0000787618974
99441,18108.556292664798
80230,24379.308792725555
106370,10433.826515632822
88901,9811.397866087227
76590,12375.293357552495
94998,18670.839862770004
77283,32768.57476779287
104065,25563.637638208522
107919,23263.90371471961
103743,270.33935576600015
100503,2635.5120031396236
81273,17536.094019074073
81878,8685.552014671153
79224,27394.563821872616
90254,8733.705888568162
82712,8210.60205045272
98113,9305.332551143525
104562,16876.928437528826
103014,6942.931164961896
107299,24127.765093275033
99799,3112.3107992175737
87952,1649.3320836584426
101836,8379.275748270818
104896,25413.210890976494
107665,14287.705750453202
96182,25809.82636712143
84731,22116.90553371425
85565,15548.323505871987
83237,8364.179010450916
80785,23244.277745515275
81935,34354.983937868165
90932,34055.77927964006
99204,15535.466227709927
78802,30429.39209477737
105421,13195.89905559276
81831,10330.63284929963
100016,8745.752932868545
76262,31969.375265768518
85286,11441.470030359254
78629,12757.970033120853
79451,18539.286418122552
91132,41290.45801893865
88726,11094.928690993493
89928,9918.861456646344
84672,15447.757294276606
102127,7213.854794393683
78630,15824.973420563138
105874,11581.853062564833
81491,18143.308678071025
108085,16237.343180822681
99711,7479.68150122174
95713,26558.225966197686
79499,10114.703653505876
88373,5280.213624130638
106412,14090.548037807946
86000,8680.951398815736
77849,15474.660371363098
102224,16587.618273824846
90591,6358.767361721864
78511,13951.180660212558
83611,16326.253817089622
95316,9289.704154582107
85207,5432.379378316238
86755,13220.415773745313
91361,25800.875767568497
88107,5954.114936808353
99468,3448.4017736446094
101776,10522.11161473762
97132,4021.5450256590884
106405,11558.673702871529
83804,12370.194968281812
104093,23731.342011117544
81897,25580.341163168865
97522,12567.536907319289
78569,30025.806783867367
96486,27720.217546693864
99636,5341.889427196791
80770,30497.38215681613
91534,26138.17299791566
80461,28810.051674307128
102345,4872.924710088442
95431,27509.106131688917
76350,3580.2309544669315
76330,16589.486746651244
101604,9970.184536108418
99303,14747.135207424079
106266,15431.366128721502
84697,18556.2567085353
86296,8237.959523147074
90658,12714.716026019783
102954,9837.194442014155
106174,22510.95655025862
81510,23528.18033036834
89222,14258.187959374252
104391,12557.19763040683
76573,14280.004133700495
78060,15784.049297870382
85030,19067.077177187657
105478,20672.928737305414
83477,10503.210879763847
101134,11052.264563694558
103096,7030.652660474174
99391,11650.599272264799
94614,18208.966527129225
100110,5499.7436086848575
81782,29624.810268131492
90292,7324.317347531283
86357,6407.072179529103
76157,9437.608799924186
80325,25448.555842582937
88991,13847.552061666602
83117,20664.479610407445
90513,14071.18788039936
82037,14881.019183396693
90066,12702.896051398435
92814,39339.06162756616
93991,33860.580924092006
100121,14151.31037175288
104495,9697.75003460338
105953,11231.83506137828
108089,10241.500709192973
84778,19268.267348766534
100753,15768.67944941669
107832,24758.066358503183
92190,15488.913465875035
82029,14785.359730601896
97914,10942.880270369777
105776,17947.232900082076
95402,16595.616228922583
99097,9599.504029373255
105043,7195.6763849905155
106998,7893.2863793223705
99567,10510.053757533133
85421,4028.2215407187814
99161,12793.223582765704
89951,4616.675998721808
81358,22803.256520726594
100373,9024.466118566752
80291,44243.19124908983
88545,8659.277430053786
92994,20189.910081248716
90248,21912.612003186507
78625,17180.127330430067
81990,32135.75190068211
103075,11900.623192668034
98639,5414.9406649734065
103368,12375.75865522186
95427,15044.635304195208
84503,6669.554825286756
82446,6840.859917179254
97175,10787.508273368083
101777,10457.249126785442
76086,12871.240920743006
106347,12949.250549510194
76445,38352.5388923557
97649,10312.767652236991
99273,21209.193493091185
98864,14382.638909718251
98037,23433.116307449414
107264,22786.759758964316
100104,9973.21509085366
81842,15982.504969649763
81839,10228.399695705712
100608,15783.587732752814
106588,7686.126769863258
107466,31224.397871347275
86092,12791.726314195454
92204,26791.423048919216
107905,37141.01805492501
76821,17976.16334577274
81022,10899.274846898468
105727,29780.472525046138
80544,44650.65796535907
93388,18304.84636873882
93775,19989.47463176302
93733,25185.886999157992
108177,19638.012995897
79746,26183.803697960386
89285,14880.413854271883
100243,8688.10307464264
107171,19892.946991857392
93444,15225.864971699326
107421,14298.44862763468
94071,26468.617171014885
92195,35027.95362871431
76108,15908.810357436276
100603,9331.558416803058
95800,9767.96919785703
90708,12851.970054381258
102701,9888.25565841659
97732,11864.886542134553
102574,7731.678106164878
92237,27573.491614922932
94192,31512.45409349945
88219,7362.028531226864
88910,12580.21595020864
100811,15500.518209096968
103288,5801.963971277077
100370,13580.13077182584
102544,16880.278731721017
107473,6407.453746292807
106926,10480.025237920387
92514,21825.469147842483
78557,13567.310661498
99091,20498.836464284082
96487,11385.459585580438
86252,12149.706411185627
84763,6324.744076684556
82531,16446.102031505587
79012,18079.992409120463
97078,17401.560588543696
96824,4880.388781840453
79970,24096.218839872407
98057,15478.286358422285
105947,24351.294798182356
82539,15068.653868162408
105816,20706.56730865905
93800,21695.218689661902
87079,8080.773354592597
87453,10500.121002529402
92855,17908.756260997925
95805,20936.298297256624
76398,21176.28034165983
90724,14338.622026888983
102196,6747.212629521682
97661,10089.570784421101
105475,14252.500362886914
81241,13829.251864612852
91106,20855.503139920067
89543,18828.05253207248
94403,19463.14406393511
80666,24170.42516430132
99769,10306.500096333551
102351,7662.454530587158
102941,12638.31172882428
82783,19129.738749512242
78504,24988.81554778572
94715,28592.905664838
92180,24000.984011142376
103904,9381.569996567287
102921,8285.429112408963
99685,15904.337550149448
93048,20273.02246505238
82988,21504.54429718361
93279,30911.16720174918
80084,24470.87051375069
101966,14280.195519793057
94667,25448.11424016647
76298,11818.102798838954
87379,16107.468533429643
94212,15778.337225018893
81333,20517.265870206444
85998,15151.577678427877
90198,6964.655129958723
87823,10652.14811528824
103530,15194.81709615422
106243,7834.11078760764
81208,18457.262225703635
105153,11851.163512306191
104103,22689.835618428995
89555,21883.44809386127
106042,17390.934947691305
78170,31127.020957288194
107675,14589.51737071291
106705,15352.594472663077
89953,5694.977416154765
101934,12252.242067806692
104727,26449.304514394746
87327,14597.807969565623
103247,11547.917778533021
84673,10921.22821763554
107520,42446.284107781365
76626,18343.87714090002
98638,12223.796607963499
102060,11604.249707470459
83635,21900.185495772865
94566,35614.21714542344
79207,35544.36140174371
98700,17243.796767526197
86563,16704.068804853618
86891,19001.266856728107
85278,4935.027844878319
91817,27500.013872261967
99473,16941.377382070415
102489,1342.5386295342796
89191,14569.566639400939
101746,16414.077067470433
84538,10967.702927991164
78072,27065.456417241374
99832,15360.036172803393
103475,12472.379489635809
101016,18772.08424117748
100280,6318.411952339242
96067,6769.328403755018
104086,20596.414093555657
77248,17960.11611940366
104269,23513.68071621818
89495,5756.8764531399265
81340,37742.775132706374
80277,18034.235941911647
76683,33299.25337325537
94847,14594.186363031275
99029,17708.934450456305
85874,14371.507607758977
78105,20997.08329449482
94978,21078.098115004846
101666,5177.919112000391
100757,6205.640979468402
86704,7425.517976554198
91205,24125.12043043248
95762,10562.547070781966
93641,22887.31069843267
87073,21883.361159678527
102433,8548.651764723527
104382,19640.96506451326
108060,6690.093431397945
107387,23517.572022650806
85027,11803.382388501925
86014,19630.213074904892
102602,8041.851683864125
107255,18174.679797268273
84269,11674.893434080765
85885,4384.735038535351
92843,12828.891459139983
107862,13101.905687979051
98781,25284.238523233245
106119,19652.796896317992
101872,14378.21705246863
87865,17736.43488348636
84803,9074.132043070127
88438,10478.159918058758
80105,22218.579065753518
80595,27305.78187626246
76539,9155.698155414748
107236,7834.369360595032
84946,10583.466010703647
93772,25802.593122264596
87793,16768.93352530466
104843,8604.405247256038
92234,20481.58629431968
89467,11980.874294586793
100145,18615.260714493248
93382,42289.38630081018
101891,12834.190232402212
81354,22642.660983301066
99309,12839.870928948483
81431,16317.80725332482
102073,7460.702205116225
88468,16739.12648044929
101873,15871.896839357887
88120,12461.972873136841
105714,1401.3429836925861
106015,8474.765813085945
86707,15412.163861597624
93107,21256.25438614061
89230,22327.902073982867
100875,8955.433616564302
82920,9477.034488259855
98114,11751.643324234585
87262,8330.828088516675
104436,12588.62369837686
85404,4913.910154804247
96189,15666.900515364725
93408,37331.82735610793
92789,49133.14308061239
77768,31104.67856619465
99414,18834.814821135034
82807,15362.558211522084
88996,15501.346316585164
90305,3933.008620989591
77030,15759.386246270313
86129,7620.029150232896
83660,13992.734969451942
78602,24479.056992202793
83672,6344.693326313734
105105,23096.891861852368
78704,33747.74201694611
80789,44564.42975003845
96633,14183.514521632398
86132,11890.28177758654
81619,45160.2028250522
104645,24086.499159083498
103853,4750.351335144425
96259,12827.10887049217
104677,18980.703635105405
76418,22438.563637196115
103593,6400.602497754679
84886,9864.382519602139
80773,10046.85017999542
94688,21059.704477408515
103823,6651.135056883564
98757,19626.399885738774
78516,9794.504049139863
80596,11562.409276813767
102855,12868.006410004395
95957,19802.28522297888
86440,9443.393370772714
95030,30447.036945596697
101874,12465.315609513673
84585,11329.701260348094
76257,10724.860953900064
76971,18127.48824234758
94070,27414.16233415286
106041,26795.834899230096
87346,13019.422770748988
80993,25961.661447522172
105309,19090.302163969835
92622,21287.005504385692
94582,31634.131865649848
83334,11618.400292295937
98922,5435.382447307224
77691,17675.826167816274
95469,19662.85072609509
90587,8120.126805743246
107411,13841.092723997674
97489,9214.494854533887
105719,19206.480177759764
89534,12268.095626537342
80741,30945.10612535436
105737,12523.997884159056
99043,17582.35268464829
80254,15577.452186708972
83172,14910.0957524203
101830,8793.508864847852
80506,11449.463217440867
105763,11773.77253013229
92507,21768.281630808193
101742,9734.5515254811
106547,27811.321010075633
98619,17351.360194751764
83503,10773.306995716
80565,8967.759702827563
83013,14411.869824164041
85721,10561.156730434344
87556,11257.360500515126
84442,5972.202009641429
79634,17455.950291547248
97497,4317.509168903509
84325,10517.379233140437
81399,8342.313022949256
96361,10973.91435321471
101973,-3181.8164572097176
78352,12425.391655454354
96564,13658.663476694452
94669,26748.48406515465
76655,38690.938618314525
76084,16582.534186973528
93215,19547.356028807735
105802,13910.540137436508
89981,5085.048905190386
84315,19542.461964231217
83297,16556.10301865996
93291,24251.255823114596
92128,25104.393531792066
101550,6473.270033987879
79384,11287.133370488049
103643,10132.54707781431
88482,8937.29759363769
79950,26924.680253063118
79519,29900.859414023245
80376,18430.884755442512
83366,15685.445328090394
92250,31338.606144242865
87368,11140.140413644676
77347,15861.514911237162
107935,5023.246415361922
95765,27459.40045307813
91877,27051.154999356295
97574,8708.434711185855
95192,14329.864404915654
80288,19718.998639101257
96795,9798.343762465807
80851,26837.67118043977
93753,26983.550789498884
99782,3567.501425162536
83153,20241.75783850508
78634,9834.336290538646
99463,12852.385925872415
81675,20826.838437513296
83093,12832.7787879303
82993,8026.999475909342
86972,15806.405641001998
100455,11311.668875637512
92692,25077.291096041008
79761,32879.45991896251
90624,12143.996489642392
93517,24268.72082087899
99893,6618.4665951940515
85441,11610.926004475688
91552,22740.01371688192
81031,14910.78172909711
82232,4261.658294576353
80062,28644.009246282083
104764,17507.239798274026
83572,4548.234070712384
100100,15675.335136251862
96649,13902.020937080119
99860,-6413.766781991422
81915,22856.332944000897
96284,6722.835047914465
89243,5629.36574425726
95051,18182.50828057328
101507,12834.084235272137
108257,27574.54535836367
90558,20939.576240339185
96913,16350.872272645312
76621,19330.91014185699
99801,18044.189678339728
95155,16670.915600127235
96739,13892.63841297969
90592,8450.997445424524
83307,12021.09468870177
101154,9002.530281025056
88229,10946.723583900863
106301,11672.89602401622
82193,19354.019855392984
101153,13682.34976044351
107721,18743.741823353434
104792,9036.377424501217
92322,27103.04168648828
99316,14118.344469869531
86404,11148.370270485408
79624,24181.027766025065
87122,14805.838809839423
96046,14037.436686331626
83384,8342.358878915618
79657,12825.617070538572
86605,11923.65654785676
91883,18798.43514799935
100473,10106.27737035324
96611,13359.605593213724
89102,524.2202053926103
103838,13926.06850909526
78454,17905.11842268903
89761,9875.829453529535
106275,10513.338099283717
77831,32410.05255518772
82876,13667.334484835977
96899,8002.523367424688
99945,11682.474275935929
83505,16484.12850255535
96841,5072.479172818583
94189,23005.22039244153
85020,8325.599363202018
101456,16073.762016559296
94155,29040.42488465902
77575,17536.18768544374
97904,21270.046653614445
102523,2974.7223615559287
107541,21562.62354020308
87223,8136.214911233168
94975,10157.507611965879
104630,12294.768649292138
102538,6347.076324362035
90345,5794.0352057680775
90170,8085.513341145448
79448,22680.520809091307
100139,10322.516321679188
97457,21943.13737106155
76291,44324.530491657526
83987,11357.474700436414
106283,38250.33873575055
101864,7463.8587369415145
95757,19993.609665736505
107668,17472.376650188828
96696,10349.061119326409
83094,15446.233273338636
89521,6367.953174469943
98998,5659.759146026194
97028,6522.739052136303
95291,23251.64322550631
94443,25528.88783426537
102182,9781.85790414061
81794,19854.987658808626
105003,27506.4353893921
83041,11304.440885765802
107213,11155.52566967157
104467,8634.094838594772
93950,38769.93430010603
103790,6387.115496464665
89125,11166.711672377794
80748,24396.333839704374
84795,19655.922399539573
91105,26024.885119113438
86086,16602.380063239227
88522,12848.657537969864
84472,10365.077194233843
99289,17516.517263972055
88050,15718.723634224309
98087,5729.951842853312
95839,39894.55053421635
76057,24823.475795950435
89619,7511.803510292728
86471,11079.578293851937
97685,6689.967880834516
79824,31880.9118924726
91710,27444.597434149968
104474,29696.61271516019
104157,37465.65444092552
95117,35411.16897599521
96337,7617.022770625394
107562,10990.930427437355
107286,17693.513643462997
101251,8535.46735858533
97688,4547.174873468784
86405,6058.645270995987
97631,15404.259775672454
92981,30883.157136746242
79580,26524.99859869942
91562,16443.75591512337
87048,16097.538194997387
96103,29777.89753744348
101854,10505.571803000232
82126,20582.923351139045
105443,25165.621958842697
77293,42346.187282975974
108262,16805.67110307354
107157,13473.58926779861
99717,11597.44491672004
93208,22893.965354505206
81353,15936.495982206477
81790,18131.313247078495
82153,13713.276791326087
97223,11815.753973741716
82088,31770.761989330837
102996,11550.651726644895
100023,7124.885311747262
84333,16235.988470736978
102506,5712.859670905247
95753,27841.63834069964
77116,6643.953540399585
84459,4108.049297919824
91453,15605.519881561902
76524,46916.334874007785
83249,17538.631239585753
102313,4243.269586690803
90456,12803.280274952513
94635,25996.48283005649
101187,3286.4089814953895
100776,13589.712127806572
84563,8933.765027140049
107706,15171.34730051011
78776,32634.682580574532
77019,27243.464631412156
76122,25920.22591217496
79042,16549.545570461058
101851,8103.173770482923
84657,8979.794054111404
76067,20299.560353746405
83598,1954.5988052330395
96003,9100.941740346105
77817,20659.562487187257
76887,33314.57895948313
85766,7091.553461116575
105836,22895.27616681005
92443,42853.220589908226
98875,28275.338447090908
94808,23781.81527346756
99490,6653.342466192513
77469,15796.3450628762
105148,2853.9829866024247
91649,15893.286279936061
107040,27024.21239992055
96074,23431.968918746123
100656,8198.421658538598
90366,16507.52690672215
93981,16795.716442444496
80858,12153.865914193879
90070,8924.036092866862
86606,11371.441021251234
104521,8723.418369664605
83071,13108.15131062217
101956,9849.281380805522
83846,8180.057262172626
100982,15991.996081204641
102610,8153.537230349977
97828,14538.203844127289
99450,4086.3912609777417
87521,5743.306022504696
96065,25799.882594475384
88306,9008.032419082369
96325,13366.10742201499
95801,24222.888452844592
104248,20713.965613213353
98652,12140.62256926755
103877,13152.787316961538
107470,22581.45795685651
96801,15283.341585403163
99595,27799.328462357105
86094,17068.48680852684
80874,31526.05573126006
94606,15664.976427592112
96127,16579.504973989257
100687,8317.156430867804
81118,26527.366090393625
84405,10731.431025533422
83257,15182.900306006617
81541,20148.14686716886
77940,12710.936091470448
101270,13856.345331516859
85349,14384.444506686601
92315,14705.2578416047
108360,11771.530802912952
77607,27571.449013210724
95640,14728.335411106542
98143,9753.319708369538
102200,10310.683967253659
83375,12134.606103192062
102178,3927.7650895294682
97500,24953.253881978537
85782,10201.456523095718
96049,5338.364323486901
102744,15955.49832024505
102560,15983.668086013658
79010,18652.60432350848
85644,8970.792792888144
76595,15686.882346475775
82219,18037.437549361744
76899,21952.59338586474
85663,22803.94157536141
92737,19817.583852543838
106758,171.84860532267885
94625,25672.541951680334
96472,26096.07553724238
104250,14893.915137489586
86303,21901.603126490325
107881,38533.05133486768
101517,6711.76510765196
89988,11902.855174610278
92689,26762.217023109708
99002,11429.287878462073
90734,11402.485190507443
91013,34927.62128463318
102056,14019.941693616696
106641,16313.166794336976
100391,4291.088552305264
77305,13743.995451426603
85197,24809.920383212782
81122,22395.536399704437
91088,27515.05574388631
107377,15764.484511671717
86495,7986.196167456608
78661,14286.066802225641
77687,12213.414551906742
98480,5682.255513970884
101537,1855.5195454174172
78032,10840.697360883954
92374,15046.61569395645
82010,16635.05558729794
84496,11671.366420205199
98337,7410.27760512847
99520,8037.028267482408
98452,24694.845323762973
79828,23453.34660844071
77151,20796.16033162375
84095,15983.66194303416
83491,14893.42106082493
102170,9646.214873724219
88063,12802.79738745558
90214,15656.82833726704
91980,24101.65801820487
96573,21728.95873802257
105573,27506.754800442068
86880,11857.140510902676
100420,8223.041789543608
86053,9281.370769188112
84481,19420.15234505722
86088,5006.095267140581
83553,11376.693465066179
101328,12396.172832759263
105352,10520.849433955704
100532,12204.477927840413
98052,5122.205915592072
83818,10310.655472993396
99576,5174.873388253331
91026,16299.37559378138
92445,26031.644236306514
106934,4669.912732741524
78791,20439.19598412665
93664,38147.29794781289
76923,26948.550003043943
81335,29319.472864640855
105969,26000.528246534413
92701,23966.052528175125
98070,6195.7917653398945
100423,9010.815906535663
92335,28075.866755365078
92370,33089.781662322544
100177,6072.172366095991
100125,-90.88195117355644
82358,20130.74950543109
85557,4034.200990146699
102609,6811.435814402486
77612,13212.69705563752
81173,45376.86468371892
93689,15914.996058557126
89219,4302.6134747390515
94659,15079.128899657933
82424,9549.243563548798
92367,41588.35234690524
95828,16384.09820722583
87894,7658.694350753831
88621,9265.655088332265
104992,24280.073637161917
98567,4018.975416717927
106250,8192.183248409368
102235,7751.082408584474
94841,26800.282319657905
105496,12518.148069273357
90019,4663.17312419275
95575,25431.376147861716
98437,8184.726060715733
90907,13001.58841957045
83289,7595.25574781437
77938,17058.610571657457
98791,15094.59923166181
104254,21730.518153976518
104311,24729.91313371512
96753,13607.240697722664
77998,25728.975500553803
101102,8531.338417874496
102836,5480.022568477238
85330,14864.7800161454
108511,14309.240053287598
89527,15084.987601399436
87734,16674.198049063365
87110,5147.256644519353
80936,15748.614150030002
80100,21949.154221155724
86546,7507.544643100071
104949,22776.474517588438
83654,19016.35940789029
96736,7489.067652263018
91898,25776.602712423693
90221,16532.39958805662
96356,13695.449151479539
78901,19503.061525806886
91469,18137.778979069415
106591,26414.93286220031
77763,25261.059195787842
89604,5754.4993552028955
90001,6511.909725828838
89947,10058.933563871215
108218,15284.311103260758
82927,8959.091241132031
107140,13465.465028621977
95013,29904.219163061993
104979,7505.06883758557
90521,14868.745543733368
108465,20591.44465881779
106606,9066.865505816104
82999,11883.191019310732
93784,19219.269730303906
82680,12019.42135774251
100796,16406.5656004327
96230,20411.24941248224
89110,5763.882033915952
88152,9719.676095822553
101403,7534.515951066055
77566,22915.361457061877
86366,16698.85546592925
80356,24583.970788227867
83500,22680.60641880663
76673,18515.87935117315
100256,17645.769048875052
101335,16547.30277453665
83416,10628.1129937975
104983,13909.514204420127
107300,21561.54683395399
87350,2218.0740254711036
107106,21440.111366911377
90550,8292.350000583372
80002,26648.249235046966
90827,14361.099526131551
97480,29878.062140112932
88160,10998.759413174124
88467,4245.887088520967
98500,4827.629152245736
86587,19929.213665956573
76737,17473.886915311625
79089,16576.80696699954
93153,20143.599292060786
80315,18657.672936569077
76731,30085.37518601132
94243,27025.672922750142
82571,9916.361266117132
86896,-2105.75780541096
88404,7770.945508371831
108530,27387.964739459538
100573,9211.077535330038
102888,11745.451442283174
76011,27471.099835677735
79586,50559.88962686022
85620,483.136441403929
93470,21247.628751016608
98335,6413.921463102139
87826,11906.856127636034
94743,19691.759293079533
81247,13768.701629754814
91376,25097.696343506046
83451,22073.81950547798
83176,10197.05132144116
78867,27716.879118144832
96786,7435.811414074375
81019,26671.765091215395
97316,6952.1350343824615
80560,21367.2361196823
88535,10629.636446175973
94281,26203.42982168158
94309,20061.62479846996
93404,27812.312053721093
85218,15964.717106345022
82697,14674.56528142618
94919,25969.470496633614
80829,14914.414957282617
84671,16680.73195206791
108043,16535.228260233464
105111,23719.64099557783
76997,14505.246145510435
83545,11239.76101910475
82274,22676.286754740126
100513,9507.938048421202
93471,33558.78986571677
91627,40070.82698260346
78780,48199.78029361752
90005,21138.246315250835
104234,10679.830626904655
100798,11790.654550477728
101322,9876.825680146601
81807,20452.383268279387
84469,9013.579937963059
94701,22138.832990115487
96119,10458.489656730313
104478,7084.91876204835
100116,7450.667707637331
85151,14510.826504494278
106970,5770.280684197722
106570,33085.76105217632
101472,8141.525825947567
98101,17994.98926049401
76225,16703.773653321467
82833,7671.947827008382
81055,10879.488718240216
100048,12989.305837606888
90519,30280.367845489447
76484,18913.27432872781
101898,12517.057499646842
81741,33554.03208718861
90441,7383.308244312664
108314,14162.926940002137
97881,1018.0466386813459
79306,23121.604959134293
107116,14930.83121377579
98899,13287.587753866279
99975,7084.903862079885
84378,11296.67274260312
101661,14012.074879248315
100239,11621.99912387512
80035,24104.38624237341
85033,8071.810944529417
76723,11021.390996402552
107773,8994.280513197618
105937,11968.99640344076
78321,19699.8130275562
82047,37803.12360580569
95113,18990.501117112995
84907,9324.750101959755
107479,20076.154734536176
99770,13242.637502769427
86815,16006.326382399782
101558,12438.814219875292
102258,16577.553494553602
95963,18568.44073155073
91995,11960.108426195022
82913,22078.567130005704
101968,7328.697654404019
105332,15158.273792609047
108213,18894.369046277727
83825,9301.865436796801
77438,19515.1160706246
95768,35600.44437394888
83195,19561.82900260529
104287,13187.26506223871
103213,13566.893145383041
92744,16162.523691027453
81351,26852.18968235651
91555,21265.79313666673
84546,10825.566302053612
81270,16732.200460570744
98294,7345.206487327252
94278,21337.92440383661
103537,13933.36506600151
104284,18384.631571173213
76635,19644.39103725818
76676,27238.588839796335
98118,8856.169963267846
79440,43752.159226900636
78969,26761.817840028736
76500,14679.28769471893
106027,12797.541550843607
84604,10375.952595054372
97498,8113.062249280817
92641,45164.76518544107
98216,10741.098562008856
102453,9311.577719260687
96270,10593.153201442983
78777,22322.699993561164
93169,14359.426387659147
87621,16936.18988220181
76876,23608.937035807714
83561,17077.235853924365
84296,14550.309949718583
92355,27258.91254072301
90302,20238.77693697245
91387,14539.296219100937
89854,14862.22751252098
106305,18417.62492765595
98703,8923.96603608708
97929,18257.16454420899
105575,13028.02866658882
79052,18643.143330591276
82362,31704.97128395357
85625,19861.043498586314
90792,12479.739237952977
98488,8996.79167885906
106795,22038.784493944357
91666,23353.927379110864
101528,3664.3813466672036
94739,12370.760357603504
80961,7971.0387807612915
91988,17152.463997450493
80335,34484.77289771337
77505,16390.274569491732
93280,17752.7731733788
91630,13461.164287282405
85422,6980.315309875365
104986,13326.314321175018
92176,42019.68277419729
89861,7453.661394366994
84435,15214.380105113161
100381,15528.961511244746
85651,10048.040671974464
96525,18278.622304491786
91383,17827.892861803917
99177,8208.169897601161
85842,28201.802935692802
79658,23120.930137831027
84332,21884.235641135598
101621,6178.401477740839
94509,21192.033330053942
87175,16615.140242144607
89394,12041.026109161816
91163,26339.046034768064
107771,18724.80866825354
99551,2375.785227993203
87537,16044.766106040548
76726,18506.095249085723
106637,40700.41614956146
85583,11229.354971801411
84617,7204.896962699736
86419,5677.154221734474
80036,30279.941626187756
83956,17486.073116852902
106663,13451.357470458901
98368,5718.160322255873
80217,12387.761810721235
98528,9581.386080553035
92746,31060.570839755856
78042,17893.90943192765
87314,25791.45985737422
78148,17569.180678066463
101574,12088.473636726954
84789,12754.468340943604
81056,22590.351965337715
91483,22303.632757417556
97869,13276.027958841125
89084,17105.819046964076
90398,16873.490763724363
91038,20852.21345735961
80326,40014.87453377084
88665,6093.536537852833
99793,14436.165923812889
107218,10425.138858167631
97438,8527.275509247518
82375,14439.513690972135
103211,4052.0495802965743
83430,16506.789950835824
83717,7282.132960652093
95607,24837.535348124835
99653,8259.192366943098
77072,14782.225863080683
95300,12987.847042833348
86090,18695.444288152896
90553,23339.02860197933
90690,12441.209074901399
93608,16574.1903822744
96059,9423.967681204374
105488,14481.479815054232
102403,11902.299874761913
105357,11733.2282113108
81201,19675.276287509885
100092,17469.166206164453
105800,11352.120147892041
103658,4636.022214516306
82416,4664.26725367353
93007,25373.05314832596
103850,12016.890038778349
97328,13136.788658630483
99167,5662.812570956685
92788,27632.022685202606
90228,15722.957598773028
105015,28267.166023134258
77838,11831.598404177825
88672,7066.341623464228
86881,11492.32620592819
90515,9404.528842931788
92777,31614.085630194415
103455,9536.334490505938
97286,27732.49651615604
104633,21088.235953666404
83548,9686.015727271022
80980,19887.649592938287
87954,16483.154240371186
89975,6528.492359076086
83762,16012.926352406179
90615,7183.006138219422
76755,9455.22276170218
103371,9540.129725914121
102703,10297.593536283155
83856,-1627.3021047511374
105099,7487.948122226694
79080,18982.136397109964
83898,5118.533007172422
88241,9938.264488386285
89549,13631.784196448625
79740,8703.615672250051
81937,23869.223230255055
99084,14757.996615502481
106967,19588.972306913893
80358,41179.68437142927
97694,12050.079786819879
87454,8129.883437947912
101943,16546.2387440136
105586,6576.772066640229
105651,18050.951953303076
84667,5242.193594909459
99050,8050.416026964481
81245,26053.427277873492
78547,22124.535585111764
82473,25017.156829262305
85978,4998.912553430806
88385,10353.312727515797
95452,12047.583694038403
98159,4781.47988200627
107952,10541.23879266667
107265,7830.757183030666
99744,6466.2528152485975
107450,18014.19157979553
108280,9923.099019479549
85684,7560.1894171099175
90660,5597.103801592359
107627,16327.36372952472
93896,25592.291082530035
105931,19672.473388169463
107160,9786.231194901306
94644,21534.09449718818
100057,15572.811660503137
85053,9378.430008411506
77037,29449.037485070156
81281,9092.26170714723
101247,11841.126041813204
92031,27104.171535843383
83306,10899.962417246541
82079,16892.9370071186
85936,11828.683108034049
90480,4206.505578136888
92696,23431.01686700623
105467,18715.059814690758
89682,5482.077862949918
76305,28331.70034991827
79665,36888.14466748873
82839,10229.411697279966
93076,18053.16899286465
104369,23128.895829839315
107999,9277.290961451066
83787,13895.039467682176
92554,27529.688819192954
99110,17896.55047689686
82707,7467.970148459432
80261,25721.135535571608
102365,10201.442629801346
82760,14215.981050661308
81142,31794.233248171637
88411,16197.932811701887
97734,11472.576306968289
81604,33998.91396319739
84705,17878.227571189458
104661,13286.124287743061
87897,12967.061326312854
84651,7295.0031162361065
82294,26117.410994519836
100689,4967.789892664465
105236,7174.8412893877085
77656,13441.12440309827
94054,27808.064548268798
96367,26284.31265388061
99913,15172.260215194538
77083,18650.478152453987
104849,22549.170871864662
98172,6436.520699983095
98043,12444.38386744848
90979,21678.60804225822
93136,40027.648103496125
88750,7697.453142749211
88471,6103.665703694003
93720,20953.470296377243
76649,11923.412079170957
99291,4406.6557604826485
89267,3707.755239325972
108244,8814.732612287395
95194,25146.41748936813
103998,26132.068842081317
103782,8836.582085032844
101502,12832.964701774079
85961,8991.405908884248
99073,14960.745774733676
106535,20210.854095904673
96594,7010.439042067666
76156,33745.3315436793
85484,6576.800480968348
79139,14307.843136795194
96730,10937.737804669265
101796,15461.27521946529
78809,31780.187007777924
101193,6789.336650025025
96275,9372.540877180007
98321,9426.091296159597
77928,10527.724320042606
78328,27901.756883275808
103527,9613.27251306377
89266,8866.790840800006
99074,6319.195661679332
97952,13368.461866505624
88220,12895.387933695787
90223,22172.15712843126
76506,27199.11384274631
104498,23053.18983932604
84634,16439.585180437072
106803,24461.67228082448
80608,15320.947589538811
78715,12655.65036399827
89962,21116.7440694263
88958,11574.53280817002
98941,17790.699849655575
80707,18933.11525940687
105934,9361.596191694101
106190,20249.698664107327
107803,26534.59906924558
87945,16170.491056431878
96859,4583.287595110896
84495,14420.067325238144
79965,32562.897342187418
89496,7841.228461556635
101195,14918.123814881988
97209,7455.837632499542
101751,19479.894442065564
101541,10408.670911534935
96051,13366.279009041024
85075,3404.313256440253
77118,30221.44097454058
80487,11205.057561465936
106184,11630.765340811693
96374,-4351.332914489112
91702,19021.394009289914
77517,23717.54846622389
98188,12826.936600525087
91641,19557.789440178127
94607,27522.654567023455
86769,8545.722786890357
80484,48959.688199916614
86964,9497.438712207737
103086,9511.979598735672
84257,12328.453049145235
91852,21872.61836109827
87431,16393.766932801413
80439,24709.538524172895
90405,11215.689409103627
97647,8263.90755984134
108071,15185.676521748252
101911,19232.440370210188
82293,8248.917727882865
93627,9653.923743317491
92080,26993.839232572467
88291,11201.070303451565
97591,17928.633416314115
94632,15738.910845151931
79572,27500.160632377607
100727,16100.880035872153
77760,19262.336732441465
80267,25416.12266462374
106167,26629.361946562727
93339,23761.45203959415
98727,9376.865024055614
106765,23182.31070081195
106746,40034.290928794624
80012,27206.68494803777
86651,7620.619661358314
106616,12375.861402472234
88617,7554.484054713312
78380,13111.98081635738
102380,10293.12438476058
102093,17778.012132256074
79049,40597.80671340753
104933,17308.328573198043
81578,23272.901159658373
82296,35369.30814404594
102256,13577.36447750289
83868,19101.176759019276
101459,7209.37639442756
85014,2971.6747864030513
90820,10004.253243923777
83173,5617.6420494784925
91252,35506.790780252224
102307,6767.556566696268
95153,22273.03386186511
99149,6693.253528844725
76130,16256.873086243662
80049,24653.482279680076
84353,12259.688506292092
79550,8414.766173643455
106113,26319.932948510133
82182,19325.42093653104
99898,15242.264418040573
94685,22820.29762097601
108125,15354.436019995586
76144,13866.349525384652
82087,20714.870614627063
96666,7123.141827857994
105109,31734.41556072628
94341,34163.65448319175
80039,22940.45823513728
91350,23418.9662225274
99415,9772.826772980523
85832,15444.3215062788
94022,11654.757281543329
104332,23140.22047128097
89367,10017.680778872484
101420,9764.702542382634
99401,24309.358110973968
79179,23938.217212518473
81603,15339.890561175138
94068,20681.805577404186
98185,11168.75513190489
99646,4831.964803093442
83218,12655.086117635867
84593,10786.346434186382
93040,16879.642894288587
104544,15959.139170528111
98735,14985.33433566743
86524,6271.08951175336
102541,12857.039948443296
88339,12009.8981721483
92750,25555.174137897156
101882,5403.767839126262
78793,18140.193075779727
100625,11668.249642116574
91791,24838.191200996407
98604,8550.908038036978
107903,14433.982160634889
108450,9209.485215508706
101903,5565.0360956012555
96190,19949.678186958186
77299,15681.05472478533
96588,23013.351387249117
80932,67631.80764286363
81221,33542.26631428953
107383,12528.690674338444
92815,26966.029350167224
98724,13651.45546264455
101984,9193.56137422055
85939,11612.702537392111
91597,28204.264109512376
82514,3478.510617802822
88788,9595.409138454801
101131,15331.097710076025
82614,24901.215435232058
101646,15201.783257371164
87641,14157.929530005109
103855,15290.82346630986
96901,23477.971737277818
101942,22279.78881202591
92415,27096.54115310069
96467,3750.5883442642607
104656,28120.73175580403
84104,17086.439184393046
96685,26205.20541545542
93816,26089.4617712861
104925,6173.380801889025
82086,18596.60654256305
93855,20592.714357617002
85411,15378.440391411175
88743,13854.603193895808
107201,6902.182803538815
91771,13789.34038307309
81001,30828.31302875709
90074,11015.40989774905
82791,7744.238163739265
102636,-9546.937367489567
102722,13158.257419159567
94571,29702.093859709777
103852,9168.725318942234
81514,14433.855329456583
99997,6209.606404556971
85808,18132.526684457294
95355,10593.527449414469
101928,6603.716920442552
98862,6572.107432582896
87759,6123.476917221757
101810,10910.096163489598
104902,42635.615981010065
101361,9986.627448124655
81707,18626.214510815975
84482,21644.297915267474
87358,8691.092605875918
103589,13805.942664887238
103675,14323.866400716193
76652,16311.92849540439
104101,14738.88887626889
94807,16901.277237470604
77325,11535.545742972761
79875,22121.976705476638
83034,14223.400606124513
94997,25788.049542214132
85209,8329.742633733378
88344,9539.806117314485
98849,6830.564307360177
80527,26185.20710549872
87245,16859.34544885798
83783,15489.121892568812
96515,8808.560226127061
95110,23141.625557875213
92177,27112.5388554518
94690,27498.23380012421
80340,11380.194202464227
80211,19953.45361385731
87440,17341.436739715817
97742,7517.780508779726
86586,20435.427950265195
98006,5682.163094133075
87613,8436.583101750104
76521,26869.268810620662
105734,16631.23837953125
87925,2932.5630496110534
94634,18862.19753808737
102227,6043.732295775468
85292,3514.1100482175607
76921,9959.699648372633
95158,21872.580400393963
95582,25231.523946533787
105636,28746.700642677886
92793,16710.389291131636
80981,42507.660837383584
76421,15384.945969401495
87182,5542.781568364646
93677,16464.087536381987
92969,21274.832814743746
95005,18058.98155411396
85337,9229.022512811805
90477,13738.286610046544
83508,5341.333981516604
96886,13132.156988947927
104112,18906.644351198716
93923,27067.85785309558
83338,7206.534972910853
77100,23637.159760365983
103801,14295.221049406795
77772,25794.52924565514
94352,25489.079464975788
78360,26571.02292636678
89986,9551.056837276587
97654,6106.83659962678
90295,19904.993997362486
89180,14933.218826654916
82039,23841.1913962526
79485,16546.940600338057
87606,6202.691988163606
99574,2430.120237251762
92198,37106.54976009601
83529,20229.262239903037
83789,15251.522890931772
106137,25099.427880902564
81731,26835.394015626283
82668,7493.217893052195
95865,24255.61827834743
103389,7061.423610231892
98482,12367.926434432762
83775,11799.781825304923
98846,24070.20642666352
79233,16029.310970321301
93254,31067.959831093736
84246,9861.844105297427
101996,16637.87233911858
96237,14500.565942736226
104216,15038.761913340371
105667,23538.681415602863
78813,12455.256926340095
99270,8798.86753579808
78588,19292.411774103217
105552,14547.862601214998
97164,19177.828217454673
84342,15090.146168138239
103688,20051.907348795303
77484,7034.35429797952
94326,16979.883529418308
81254,39037.02587660819
90674,15428.713161173373
104261,9120.372535749899
106636,16909.6642876447
83188,19334.715529343623
93725,18918.02075512734
91349,42775.18451020266
106973,10837.788835228213
89671,5089.277554116985
92830,24252.84641420778
105964,18792.760089365333
89696,21950.478130560048
99813,11681.989862017515
108159,38582.94152256771
84988,14921.535940894504
84921,12051.646835717074
93609,26522.558336182527
105751,10641.082077728288
92102,26845.90275123455
83130,20516.192010480758
91136,25752.460000352054
78276,3863.6359088348163
108370,23218.70867272263
100384,14247.73656829432
84940,11074.724148971065
91942,35619.47112990347
94454,29881.336726880763
100909,4627.055559829663
87701,18616.064143381936
104798,14662.44493871286
95263,23660.822233554394
87121,8556.269185529629
93095,19211.735400739963
85642,12400.468653221811
92656,13900.640021105562
95617,40458.55593006095
78219,13179.255640355515
104179,15862.688491025356
106438,19110.224779268276
87196,8571.673344074945
90335,20089.60063387231
82059,17296.6385524847
92365,18082.69050935772
98309,9885.976593200003
77684,12023.15772983787
89823,10809.366183758322
76689,18851.746377367283
98279,21107.99451781022
99892,7011.053679822064
77342,32765.460242878762
81074,50154.768820063946
101487,11737.928286683706
79070,12730.760531093145
95231,26369.52040605146
102572,-2526.723557663803
99529,11100.528491401692
105996,12706.90807513729
100780,7436.236646663222
106814,12737.048719762992
85545,15981.63723752898
79630,17819.81762894991
91145,30295.67108395822
84823,13362.55785027345
84954,10404.366184440436
96658,13154.163434384118
91360,29156.26001410758
90452,11919.222047005303
101820,4546.196717420209
81605,22464.491265092423
95895,23552.7034870946
99378,5943.288616260099
89327,15490.82190002071
97326,5223.854216063763
100777,7941.096770278338
87405,12647.1169984277
97627,19296.11484167673
107458,10390.00190417575
79060,17923.681099666625
96136,10015.956354291135
98257,8273.205517850163
102335,10919.948751375161
77850,11292.145035504616
102160,6760.054319422143
102379,2817.513787957947
104579,8772.717656356961
105614,17559.695128830295
100113,10803.84890939522
91032,21797.537653584986
84428,4464.870431943176
95075,13129.53688399203
103736,9540.31889720042
86290,14100.036571007568
81511,29736.16660022385
90680,19768.843039928004
108256,18424.108752690827
104529,20957.577748093066
105190,7261.375650833345
83963,14234.256822148396
82386,51524.45886160048
96710,5321.092396539154
83474,8357.484460091882
85539,9877.983636245657
106439,18235.763303543885
102158,9140.728795088646
88822,12378.750271395817
100881,10193.078836881912
76677,38996.79988744152
90178,7520.69793342318
93735,13721.202426052118
84662,10423.574806593038
106182,13494.015769039632
83398,11021.655807376
87992,12333.503678887955
87968,10228.533639135356
103912,16109.477202147988
93375,21482.384287691242
101226,4299.571996055016
77949,27756.610694919436
85607,1791.6727613659023
79522,23682.369763828603
77739,10039.015137972403
83123,7363.265429457499
98241,13396.440269517454
85653,11880.775560650225
103346,14193.763465785545
93933,27436.760737382487
103652,7803.742207221498
101032,16229.465565867811
95245,35017.702954438035
87397,9671.637762258459
104051,8515.226902257014
88815,12694.94933197942
78834,35154.88278029646
86348,10259.881625368014
102205,12259.7309500033
85638,5153.083439886652
84036,12907.386350270164
103627,13716.98728450817
86641,9508.34591160213
76954,19317.67402395245
96042,15496.56049040984
79230,18894.513247016646
81240,25107.017867181872
98464,14698.685542993313
93761,17725.624088443958
86239,14742.725058392289
106231,21257.766158010214
94092,28003.243133083113
93651,27282.682732051377
102239,14798.45771160426
108216,21686.153980014566
87035,13311.868548446986
77754,26307.033713783385
102892,8903.127952514109
104205,7286.59318285278
89539,6305.8229796279975
94276,24522.64312607271
78405,13806.033516332278
82829,12161.38081631148
96653,12336.704586510717
107768,8818.066147326803
82557,13302.441029145544
79190,14805.068699476145
83639,20520.265384936632
106302,23917.650502596814
83161,7153.00093004879
101839,14247.88577216279
76769,36146.11358346313
92536,27490.147071026622
105981,16145.76270539553
89644,12846.703664638626
95175,27486.36405113365
95837,26924.506937095568
81282,31715.917158733442
92231,36002.50983244015
85287,16408.65724284432
82582,11034.441155398636
82666,14193.685888817536
75999,16894.90536124998
81738,19375.295025357573
87020,13187.056879435582
93066,26817.30407162421
88496,6886.199942485855
93297,46980.451133360686
82044,15602.659690997612
81673,25403.886623643466
102694,8664.836780639274
89509,10704.735081130077
95965,27874.13912796251
106101,20048.514200881407
83569,10949.473269381308
104718,23848.485428186832
99492,21578.919202159042
81091,53962.75334164469
91028,21319.02187187341
87981,9572.668828678274
91801,18219.465031321528
102243,3640.549447839101
82445,9782.581263728276
104094,3081.9994031619444
94745,34470.42782581223
90106,14021.837229767612
89015,6761.646932802476
93183,17978.756524895874
84610,2826.4016800354966
77055,25145.106747824808
79194,18163.402763276084
91155,26078.499689671684
86569,14121.309036873334
82485,9214.688430488723
88760,8066.832204151035
105923,7058.506957566029
78686,35963.09720655892
88814,5700.706228000126
82320,18624.146339341878
102937,8401.451063883022
87116,9215.583269845358
90494,6064.4866063238205
106037,12059.30866739982
81698,39905.14714038141
108120,22750.09527493049
107501,12720.795746349115
76407,23596.42429988446
98601,11641.809594720133
107872,14924.56845826549
78176,18872.6415821778
93534,37365.29863690461
91839,11054.328575031544
106436,16011.845678157397
82935,15809.600449543734
84674,19024.796821103857
83479,14608.340613345543
105047,24998.851166358967
103698,4579.611058462911
99614,15730.324833609458
84726,7694.452279858722
84695,5650.207154487965
91147,25134.386893163395
87076,17161.48036670419
106200,1075.9678900831477
94496,19933.19719231807
105826,14632.967278487027
94976,13768.798783732645
86380,14504.184221271367
79211,11537.644910832696
83213,8568.6319403901
84355,9800.453349989346
108034,23313.94493578601
106948,12354.121163867247
94995,27898.831998749105
101963,6027.958431619922
106550,15025.836209372184
85682,10750.382734369481
98174,13784.095590634854
105423,8509.814826327674
77341,13322.612662126669
83563,15210.004520890421
80177,24665.080626373303
88183,12019.140579145227
77520,17871.593778733695
96601,10937.522621179847
91964,26107.890387044434
86685,12032.810749329303
83039,15483.816164816106
97785,6699.508838661641
95814,15272.868802433793
83452,14776.431636769916
84518,16703.46459034803
102194,6530.415828365816
85247,10177.652086386046
85418,3808.8066778163065
77908,8840.675398573901
92033,22975.566162891784
80872,9173.636586303228
86635,9452.171168615838
79420,24911.803952850525
98251,18057.997296146004
77158,24929.482186328183
89969,14057.008974526767
85928,8424.055722307956
91375,45273.52628506873
80568,21634.578835107022
91041,20720.701842599727
89322,-3968.658308449825
88057,11469.465896767477
89486,6818.680301017843
105977,18621.182439955923
88167,10869.683101129172
81115,41149.23481165682
91486,11885.120098596886
100782,15693.497048087142
89320,13225.500697890871
79784,16244.219428153956
89096,15808.988609457614
78264,6735.990429650943
97581,19861.592030673386
79576,30652.30585756038
89259,9053.643194437824
106745,8019.632784591633
92013,25980.60386898747
86678,13158.607614603843
102324,12604.41980539859
77632,32787.09093067004
106887,11433.656156529098
78950,20713.421179802022
88191,11343.714700869506
88247,8264.08723105217
94345,16648.308380799448
95349,18246.641011085707
93901,35501.7104661974
100074,10207.505081257541
85164,11148.688869666094
106172,23355.84770608215
108479,17418.970100086714
101908,12884.506368502427
87385,24640.49587575499
81494,8983.314242701601
81977,5262.607906398867
108330,13690.58774918216
80073,17998.953497645285
98716,8114.072141073696
104170,8602.763631404061
103992,11819.871013967857
105540,20599.593419577803
75987,14754.277165002693
99496,12502.645714820372
78765,30574.92029282193
98564,5089.682416482001
81895,17906.48225840935
100955,15320.755072693257
77153,44014.516754708486
103888,7594.540089790209
105921,13652.758372429747
99660,12812.536015291278
78579,27948.11107574834
87023,14036.963575837584
95879,18313.19680713631
100433,10482.86018625992
83011,13181.1811336871
103255,9691.966013766827
75978,22341.27712387451
102295,9019.882612206144
92099,13370.986671520403
80985,26252.645186027898
99556,8192.857086525224
97124,7180.727296495794
81386,23298.165415599367
92818,26833.364099875485
76413,12832.20330200276
99585,16338.236523525906
98093,14474.856153666655
87527,6299.294580480817
77911,27467.336348079705
85090,17218.863431084694
80843,14870.06461137953
107096,7237.697593954482
88042,13231.92178156148
83948,29663.426472311614
93242,33067.93066147059
83677,9945.727405871909
92864,13302.656064257248
100323,14311.53999297725
81042,18953.14473139969
89663,10716.542337090828
85381,10807.922828760285
96699,11759.749566854305
92422,28919.055464028123
96880,23969.535270752473
88530,10207.46143878312
81438,25971.259900025874
83484,1990.4449260678266
83637,17887.85376872261
89092,11773.35377908589
93732,22377.55782138538
92925,21935.708361275254
105183,10554.662588453812
98369,8946.435243254016
100868,7847.96788030622
82430,12816.880344082054
97604,9050.836688227148
85474,18732.02859650857
90978,13214.406756471946
97258,19193.234142845802
106720,8051.6059560579115
89418,9966.844435846433
83154,6582.281940963323
98671,14391.40156654529
105356,18315.791386398658
88880,15923.58549481663
84275,11119.163797203812
93184,12310.792182164312
99811,18082.5737915024
96995,13408.411157967736
89700,4849.659415628368
99390,26809.160891391904
100504,10339.395178592482
80427,11263.965354245902
105125,20037.81559193068
105652,18068.93694031154
82706,9048.08046591247
97831,11058.225207152565
79865,33647.00822697052
78586,14213.54129769138
85926,6641.276006209906
83961,16960.697350256447
96313,14368.289689814132
77556,28104.30266308495
108155,19822.105537440173
77590,26404.578824673692
90192,11832.809480089809
88094,9640.893080832262
86737,18802.82806672668
107509,21564.642603985536
96960,23643.76583422049
85495,26404.659809899073
80902,20798.87819249085
87998,9796.13464813187
93672,21181.901543783475
101245,18351.777411973464
85802,22657.95222556052
76378,24630.41253937989
92576,37168.93746971284
80096,17789.616518114246
103064,484.8523930660431
101782,13871.571863925605
84729,14322.951934775618
78010,18146.944982115867
76995,11928.162189383183
83407,11159.17030464883
86858,3968.066167109324
92623,25227.88279130517
107680,21649.718818075187
77324,14030.652449679837
92312,16183.156373593994
95266,19677.576651707535
86907,12347.679441175798
98403,8004.171646359795
77236,23971.267874014615
98098,12337.745476311806
100392,8112.094811333804
80696,11644.348734981158
100083,14735.750947415396
107500,31105.47836582246
98415,15568.457118653976
89111,20717.095929373318
97813,12064.010859817463
86818,9564.855290441235
76368,17808.093311077726
92461,20349.816591713563
79280,14285.729203445973
94481,12786.336223410803
85233,12176.552020699619
87051,8793.959391714747
97596,22767.841601766617
84911,-3566.147908806115
84923,15397.676518384
100105,14296.72188004063
100360,8019.296950895274
87548,17051.06883600924
106839,12680.256922311237
97625,10194.391764915787
87757,11335.343791487156
91686,19350.84837826128
98789,14094.002534533494
101190,6220.110373494754
88070,4409.377645043089
93252,23645.59709052487
99741,15902.897254495321
104820,5201.694462733136
88169,12520.036132557485
77198,6825.521419618608
93558,27858.040322346336
82381,20370.564582097926
99874,10814.62800526607
80727,20134.0996965024
93762,29984.866908506556
82928,6162.705522246268
82083,25258.43222187581
102681,6838.074149632457
84592,4521.72412776837
90373,28677.908072140486
100741,12788.635068845557
80833,11146.177827760743
91415,22558.102073788665
98086,11117.941522337635
88138,11815.069489969992
86387,16202.051259536149
95134,51889.281945946255
86392,17722.972642151435
91440,23235.758363375648
79877,10314.46386135035
85439,11990.72815763623
88629,10527.750410851444
90541,15239.870854322773
94365,21665.82385479219
105625,37156.517556878316
100340,17017.003057491766
78761,18893.87824152637
89066,9492.196045421588
92418,29212.545432016068
90530,8971.981017844944
91595,26334.142641464365
101516,4501.173062706142
93518,13851.866444152913
93676,15723.62209830871
77432,26357.886623173297
94585,16968.797294724165
96358,5244.956969145027
78159,28931.42046702469
93872,10679.108189291346
86968,10175.02080335033
76425,18896.499589050843
91431,22921.310770457065
79862,26187.17884318368
86839,13663.204906402605
100378,12428.900169765557
87028,8584.814465743191
81612,22016.891982086585
80822,24720.406129056755
79272,61749.50609814431
76037,32445.496477423432
94336,14144.65939874658
95900,25492.814936047936
89645,6201.839932740881
88068,-4527.650609698392
78067,26592.378848085107
107703,14318.353292632471
106822,11434.552967610118
82155,1770.1523430498328
91564,34520.16201106777
107241,15274.985612446024
79829,24828.431458215076
82574,4662.78119258428
93529,27597.650071586213
86196,13517.861139034838
88887,13776.329973644759
103822,17089.880703969066
97431,24687.15684604375
80655,20032.340090805694
104352,7760.142958356102
95983,36117.69136118451
90231,7952.848516506989
91426,25601.193512973754
96804,14542.933754133337
91789,23168.974194380527
91063,38771.09162064921
95672,29597.50382957999
89669,6534.4784551363955
105177,26407.45051510694
83317,9333.794114762022
86083,14419.081758949433
98558,8671.917292758693
98497,14384.742439825475
107910,10681.402213903217
101650,14899.668495816255
98157,13594.577897790194
99234,25451.110394132986
91943,24378.622247964922
99237,4046.090847634774
86413,15813.023524978136
85589,1061.206756008327
83028,10587.523817866826
84633,17812.466797822555
76000,14378.055551475978
100519,9654.737030003938
86940,11662.330603730903
93162,25971.492012642295
98061,5683.72448910994
99205,19923.630758211315
86507,3309.9584264731657
91613,28123.332151064824
85308,7559.358230360396
105270,23618.885395584002
90212,3056.7352560195322
94127,14161.92768998219
99422,26633.33163858684
105583,11446.129744325695
81264,29898.256420599257
96205,6293.951608422867
105242,29096.639695500053
91770,23641.399157661028
101725,15686.607099507037
108296,24449.62946912351
82556,11567.731476436918
93282,14221.046596499467
90749,20895.792549274996
101708,10891.187696046667
98952,7990.918785429221
84008,6111.151032795931
104420,25552.22766572844
96406,6314.550120596916
83723,21309.76524080149
97143,21589.051900449307
97025,14270.059848527759
81322,67217.21496824913
102314,8609.9871311002
79427,5643.8433658309605
107605,21882.26657599068
87036,4236.624031562256
91115,45075.84826102873
107095,23920.260114866556
86726,5489.887697328582
89311,13471.969824359876
85612,5709.5215625625515
78297,12195.136698469489
87140,14408.159290348292
99815,15110.223464464594
99814,10604.099585646358
79285,27557.232746315654
100846,11260.521784427241
83155,12820.92688928946
94858,26605.242211198172
85781,13906.03592630566
92914,22287.57542739284
98443,18164.314464872634
92134,16879.723661783664
102425,9443.417614613667
100338,6621.483291405933
75995,12920.359776712983
96586,7156.29771749965
76467,11055.663094871705
79386,24323.82217742526
87549,8814.4170244416
79953,13149.276417970821
85516,5267.741335603765
102251,17382.061703298885
86747,15271.598616857978
96255,7805.377938035103
102580,-296.33941249836244
97573,11815.57893118587
92803,15587.961478351921
103185,9513.153481510177
93477,20622.935528140486
90488,14560.378056122407
103256,13284.1677240553
98259,5889.509975393896
79168,21338.03880921448
101416,12678.480824145896
84088,11695.424254780672
105807,24080.415110375878
107132,8712.211836212206
101505,13708.246677944027
96102,14602.733407857642
80342,25163.554648251604
83221,4826.687120977229
87186,17620.262521233373
89162,16302.581083279973
100282,7550.657001437583
95292,24278.915415880714
95878,36033.42652678486
81326,11607.918637371607
88518,6452.086690666287
108243,24444.676439033417
108026,4782.470574355564
96751,10343.400726679796
90571,10814.296287888123
76767,24454.636331659873
87910,10920.121027733512
108470,10929.197835170933
82634,3200.49151029305
92666,27118.931621373275
96690,17524.280602649236
102493,-625.3136705958077
99491,19837.87884430904
94959,20372.403178157543
79015,55234.30952364641
93400,26482.160663332783
90577,20514.73845466636
83608,4797.096051312325
101527,7985.008409580393
99227,8405.282000655297
105333,14709.50319308227
98720,8125.430759367302
83359,1056.0034883796488
95498,18564.231738641043
101019,14056.79548590402
86045,10339.655816627284
87546,9199.377069956758
87526,3541.2803673798644
83304,16813.296589638547
81244,33338.936633533296
76248,24321.07105749988
90107,12105.297968793231
82584,6676.991181681002
97783,4864.213762056052
79048,14226.590268021624
94531,19957.752577523406
83872,5866.844418279659
95726,25840.96107175746
107362,6950.2381923458215
88562,4445.7578420959035
105680,7396.43263098858
77859,12957.337166854133
82802,10090.327657777947
100220,3290.9992274790056
80149,23131.8390371981
78826,7222.997044939413
92081,23010.368315595308
90008,22894.443996895377
86319,12742.043265201002
93624,26331.66962212058
92325,26629.500211498933
87857,20392.501739352825
84996,9440.348330628676
105536,7346.555992158723
86209,11488.309989272604
96095,23020.99169586708
78426,19494.35947556211
80287,15169.723415888593
98154,4923.944818936123
84049,17948.882719719568
99005,14007.600503911726
101228,7819.86441353543
79488,41482.4890518072
95378,29351.952241404644
81740,19680.962822540714
101394,12796.590488580136
102736,10414.059530095665
75993,61885.30984514168
102322,6522.610318055629
106248,8600.421013317773
94377,24306.65430256287
102281,6490.0066546252365
99028,9801.017144461304
88725,9537.749926524397
101290,9352.379886841603
101436,17450.442133433982
107395,14250.76688820058
83696,13697.072312019836
87319,11086.319936545959
77845,10766.42251968828
94163,10849.547953813055
89778,15866.761852337284
81251,8174.348262783751
88855,5642.341178888046
99680,6206.212863413057
94593,21010.018929012174
79028,37483.09883051778
100784,8019.231755939942
90856,16418.64719003954
76836,22241.831881022816
105944,15416.04848971545
76844,15721.083781598563
85377,9561.844931730291
102613,14191.538175364043
105832,22120.26838208583
105173,12332.38755611833
107270,6676.201198282155
104605,16917.653090732678
93776,23904.917571466194
98145,12273.568666414045
105384,7362.595628800555
83797,12089.78954382378
78439,15065.275253289961
84850,16476.160256100447
81348,16139.100832344962
81586,47629.293890895744
97554,1380.348229579362
96691,5579.914600914528
100073,14981.030439337046
89195,9264.824743073128
95919,18360.363956429446
78872,6625.722273230906
91100,30144.718551434846
80008,17324.974165882097
89155,7475.574325042881
79002,8861.936686574196
80103,26766.446717087892
95722,20161.313770778208
92248,27203.07868496017
104759,10587.427987160725
101435,14429.823827736654
95367,24287.18244715273
93611,29734.5463038074
95610,27053.231163645338
87950,11408.675161933366
78095,23067.888953883506
78646,16289.532635271613
82091,20768.612266236836
103774,17710.910635493452
102660,4734.079237798605
92256,27639.48346782547
102733,15768.475003191143
95698,15587.590822293354
103008,10902.914714528675
76310,31504.473746534546
102230,11544.244507965848
108434,2100.119787733107
103325,4000.1044445603475
89871,10556.38550100621
84888,11478.489223726508
94838,15127.73201382993
83744,3671.688336120291
89112,13213.914876041867
102043,10182.064664034675
105254,10159.737402148821
77814,22371.026658773488
92390,13333.783322510662
106879,20823.166756650295
77049,16036.374058465371
84476,12098.100910797133
81372,22525.809639433188
90236,4938.634868361736
92132,19879.00934773218
92240,21841.833380442564
95286,26384.806869552693
101750,9796.651063330053
88817,16585.51866365174
81131,23560.296847908823
84244,10704.921235676768
100801,10021.304254147333
95844,21828.544107723792
83870,9940.287149166197
88723,10926.19129534202
81243,21584.555915168166
100385,9651.7372792366
104717,17201.736076688274
91235,17051.2748007178
96520,9524.552905721977
93381,35105.12103326626
80691,30434.614436021428
92000,27360.6974798824
107035,27402.385800094882
102138,11842.042518552717
84605,7833.386140239469
79297,41074.98035766271
106336,23173.769540277804
94253,26223.0948690312
79716,25529.16190142763
83444,7830.491538604016
106618,11467.200689817251
96175,15112.833448084559
103007,10077.86900397412
83413,10278.886004980828
87204,13338.956100250498
102288,6425.969679888245
80637,31034.23482578554
102156,5881.039057619379
99444,2911.705880421234
88292,16698.919589963563
88382,22880.137328698693
83149,15642.15385689418
96173,15401.662951479726
104005,18565.756377413643
78097,14800.871917401575
79949,22585.115612200098
93089,32089.632834745556
86142,10133.288307820108
79736,10785.215164674875
76052,23356.307412292394
80534,13397.242269868759
86998,11167.052275022297
92690,27680.467345417004
88656,6999.170971355597
94395,25516.962639025223
98447,7705.313257899508
97701,17785.102863885302
92140,13941.342415397547
100562,6710.475255988289
90947,17362.931949820562
101174,9332.04715847668
82150,38591.42635343623
82220,13869.85887860321
99327,379.1583196966985
98695,15892.478365686755
81373,13523.240957901402
92571,8882.406006751218
99568,7803.404430681829
80774,26323.307072909833
88548,14159.6074836671
89214,15078.357954851825
104968,15253.730237883194
76079,18649.09939482568
106643,17926.032578986822
98760,13100.555018588606
79377,15172.522890074968
92075,31403.559482689692
83689,15857.456720480412
89321,6579.775418087767
101772,7293.82439095589
82498,14021.592435135746
100293,14351.835286074816
82360,23048.07247342081
98921,13288.54847953254
78949,27620.070973934045
77501,15622.644118659966
93322,27659.973816733764
85827,6865.8897043090765
76428,17423.997954576767
105249,20398.068126085214
93940,20878.129607537092
85259,13319.137957196845
95570,34686.29236044098
87993,7787.746929041001
99558,4526.071235019615
91277,21188.982822568258
93825,22296.286045914574
107121,29961.213396504194
104959,15301.895381124841
96364,13501.185162011972
106601,19044.717638976283
106375,21406.403574596283
79619,10782.54646907829
76473,15202.881939087301
88184,10748.44868180593
92530,23621.332716946883
100669,13138.931190282516
97656,15069.229386144056
78071,29225.00741285356
89316,7668.141869459119
95061,23290.77667258472
86189,11612.303720683332
89553,17222.42059361794
93106,25304.527551830484
92968,14254.99776603767
84025,18995.142993152258
107972,9882.745380596083
100646,5778.998775644899
94107,36052.500020627886
93865,17739.827065431113
96199,15439.276881513579
107397,21320.53894358931
100882,11592.063996689474
104739,18022.701771516564
85360,20033.04327496529
85630,16599.425431232954
91862,26066.794923980233
107207,25428.17177446175
97162,3451.95795116105
80025,34163.412574866146
102082,13980.214143310455
85267,7205.497132007317
101929,14931.777805568925
101500,10712.480286305778
79709,18932.83368999471
93972,13522.67263291204
103035,12383.836559751318
99214,10732.002257144395
90020,14149.332869406137
93078,32804.51063121123
91474,19996.130735773455
104931,15719.8552346447
78728,24587.252265629962
79185,9500.531066049665
103871,5405.915069350167
91303,30067.636789814693
103205,16085.558747270861
102796,12156.302164714514
84381,4414.366002424644
80694,-2256.3920287895653
88412,17447.875952831615
87437,5810.2374871082375
81938,25076.079254401167
87557,5622.230747095773
84227,16765.968635677855
94972,21547.048277653288
101329,14057.031069679513
80069,28849.002802388266
82432,3046.361430764371
103399,9124.511216240688
77538,28719.197944115855
83684,11047.257604621725
101430,6222.631315285211
104322,17538.243573892723
106856,16517.445219040623
83084,8543.96181042233
102179,10411.473837028689
91752,25575.760567702844
102244,9616.42671440872
100903,5883.59076010181
87128,15781.301084134437
104654,26842.33487475106
98265,1205.3945213658608
101764,7210.1289784141745
77753,9726.893167778635
93483,34243.56721444463
85586,5934.52058267995
83436,43204.18981599489
80395,15729.669548631855
78652,22023.133029413486
92985,12004.707222380177
87343,10909.823838789856
94390,27640.023324232017
94485,32438.81920351313
79564,18825.651833175383
106104,27516.597555333647
84557,11975.522966674682
105524,24674.456102518423
96622,23280.28229759846
85389,11752.701813715008
78029,43300.39646233513
107904,15338.15260815545
80526,37375.09266723739
102233,6871.736203961904
86058,11816.31574844797
76614,29135.221979290436
81334,59558.50289842721
95043,24581.229970895256
80400,17131.334796311912
100114,14410.240542898784
92049,26162.44049555854
104070,7468.221958270801
95487,12294.383097039514
80402,25976.92411004355
102682,12438.760487068954
79747,13639.996448450198
97331,15020.586721974476
92573,26224.691586047946
81827,17295.321575682436
99721,2649.3602800938206
87560,20775.381225680678
101447,11381.50146977514
89027,8734.081912575333
100905,9774.588299645146
86467,11875.270461642667
90523,8140.188046598485
77588,29529.307733795886
79946,24338.248489145262
94096,23790.490098065646
106481,8899.312562301573
100694,16089.040263139712
91176,49389.299435168476
106878,4269.550197189672
99871,14435.129883153713
77534,10863.354413947804
102006,12594.524772758452
93356,25608.67691572784
85788,8404.489388843864
97108,18020.181862917085
93129,20059.722754781254
95168,35630.848488741714
96578,13213.11957231627
79570,12468.665218343223
96604,13664.960568178054
76367,6450.967601698707
105065,12257.087353923787
90635,19551.095843935116
107221,10937.298906513297
80375,8119.480253083425
94421,21001.002906793747
104009,7580.018561021732
84804,11741.443209187992
92074,25830.536177850292
103678,2390.1048766318436
102350,18695.994666819937
81690,16605.80816141708
101817,10009.49365350967
108275,24149.391766520224
78030,16429.846584121715
91570,25073.028325475767
96746,8481.303765626175
89748,18485.30272554084
107889,19717.398326272738
88402,18778.989484674123
107789,17144.87009833694
108061,19699.032969789143
105143,14029.131745129627
107488,23621.29921094251
100812,10649.27348699485
97830,12202.275274306989
100664,15189.826379063798
80071,23417.037242549828
104550,12970.264785738225
99466,12504.612018410371
93777,17390.930380911803
108105,11120.014698110903
90322,7839.050429454406
101860,15915.239600521747
104129,8294.76739529035
77381,14327.538628190103
76946,35525.842749667
91556,19155.703804384066
87190,8094.048884615899
107647,21366.620846894577
84177,11536.926601317286
93266,34234.60245889019
107341,18152.907190007685
92693,29105.960647046588
101292,11961.334961145283
79651,16628.762133049542
81654,12294.258084704656
89688,7571.733278304746
107423,14772.420241326774
86626,12633.091448664425
101633,19728.072477546317
83827,11664.713895659042
106678,15644.668557753741
93756,25828.373018285616
84185,24661.71643640537
94867,21919.30525318155
101062,10066.679578609906
76567,27678.560321663266
80522,17033.30842931747
101932,8612.10972180043
86016,13415.301753999283
98609,13431.65510075056
84081,11044.616940649863
78446,10886.295855743047
82074,22021.881105204975
108374,26439.85740285081
77895,24813.46817098301
93416,18634.291870141198
89357,9261.260187464046
106786,8790.72511367225
102766,10131.720011908943
82233,13276.031717258877
84115,10649.65850842627
98073,10798.531662886644
106198,6466.768604099747
100335,13520.949507669942
82169,16132.742273076623
101191,10603.605674757055
94584,12392.289121430349
81980,16536.023677735884
93574,36638.721742243644
76934,30762.77152597985
104181,21960.27763917147
85205,13773.669198988095
101304,11302.074361654497
77927,47080.92539272799
82028,20638.428625960725
87191,20043.740464435767
77713,12232.799259087573
100414,120.55421023513372
94287,20154.27144063793
97941,7855.995532530803
93702,26855.50253593937
91433,25894.514403395136
92420,25814.13362954527
88433,16720.81898093424
91656,36701.2665976095
94313,27875.716387018314
91218,16432.021967515517
104418,16746.042399877315
86375,8772.193614551847
97556,16926.36815885464
94514,42721.59261982602
79165,34234.33834935249
81780,18424.222441504306
105424,17554.48732242091
77427,11679.162641713176
78626,19713.97691504289
85465,11015.757732319264
87616,9051.681923875056
101667,11324.698200220131
84226,11158.351920888588
104737,18693.757731533507
95041,34150.721514589946
84070,12377.190929746324
79071,15110.480803773275
98688,8802.4680239509
91104,30906.34203857633
95301,22445.04456725823
82795,2713.2003340283336
76606,18084.74947105435
94708,23867.96687381671
82934,3650.1709613783787
101243,-2060.4326370872313
94629,27806.369602801773
88235,22218.928268059313
78913,47885.6614505077
94480,22319.397132860857
77005,16213.377495017143
95511,24811.52707215841
88879,12327.285826233781
78396,12684.85097916305
99977,13746.44195528967
87602,15925.28562326364
105439,19805.063090707452
91094,23469.96552367438
103575,1744.9900468970827
102840,3043.262176175067
105367,11142.050199654288
91884,22086.02771663716
84572,9382.44976638769
96544,7337.497194329368
94082,33168.016300664895
95510,13833.690839027393
85718,7659.339054466561
92527,22044.821275878076
78855,16472.75213641068
107521,17371.807675367476
98876,3172.3897075827535
98440,15927.031083179647
98714,9882.590696770087
100643,11829.759970722924
89570,4905.357394857723
94168,35244.012374810874
93299,25804.097298491917
96033,20448.848063245463
93742,25527.697004355905
89946,12637.519114266343
107741,1920.0920120953851
77268,17099.341233626084
84848,15416.892370592665
92323,28025.249689211858
82181,24819.024493250174
102252,4411.207621951533
100240,14151.781839301135
90422,12113.22396007505
103145,10969.42403091141
83333,13745.021431716252
97103,31156.280650765213
107379,27352.728246964405
94694,26479.742681382464
97339,30842.48904697018
93104,25366.0501283451
88194,10418.0792752472
81954,24448.88054909345
96391,16529.18549657682
76563,11534.21420050916
97630,19716.147800139777
80201,23069.23432355147
87854,-9766.666379372922
102312,8155.771670104477
93848,25153.805206612138
82542,2703.5728008879214
102300,18112.73728283227
97229,12662.191951513905
98907,25339.61928628877
81238,13538.799124102716
101377,10053.140413622179
79109,9190.540831785835
88044,2785.6779420651237
91950,29639.393281292672
103403,4449.833219418841
87611,8243.507397079311
98169,15384.205514808315
84352,11839.532409698375
91787,21387.791162403955
85668,6882.588263597096
91287,18327.03960681205
80289,15108.529615394234
80647,21956.228119864285
90612,21939.068530504122
84941,12353.523640097384
85955,8162.078036698555
95019,11649.826786869078
92685,19958.610471320186
87156,7187.015740059922
98300,16782.060336654267
80737,19529.776181045745
92849,27476.988253063937
87490,3710.9277095481266
106168,17988.129141799844
87014,18125.571077436955
95822,21454.048464692343
76797,13791.365795962978
88416,20631.84955717779
99974,13708.178308136357
79248,8167.283633118291
93969,36325.04463181787
104746,23386.885508166997
101092,19558.05584768438
104076,20707.706884317842
99087,5469.171909879855
93808,25092.955284408756
80849,33403.757200996144
93870,34641.07310305923
97218,7403.157527160676
85690,12987.987165928142
82581,12929.119434184657
81062,11815.852896381464
98925,19294.27749724907
98116,11566.345008890246
78229,13865.300346845572
77717,2900.7095834431984
92227,25309.681001560057
97525,8127.220573863353
92015,11272.800958208556
93168,19284.493245592854
76841,22625.501305446436
94920,20626.01330078806
95188,16920.64921038626
91909,34666.12408463317
104631,16319.68670092928
91186,24707.941647700638
100465,13026.190086293767
79253,16314.256182288842
97133,8745.036343932665
84758,10135.283028064878
83113,9562.847217229277
92012,23980.008744496256
97730,9477.868077746
89579,19671.679711491928
89670,9794.749604433106
98105,13692.354716742264
79497,19883.888786125677
85954,12706.108054149172
90314,3821.61777866432
81052,6539.810381903555
78531,13110.580122450776
97791,14168.26344708346
77746,23923.405606543674
105318,22978.655387620922
96956,7845.226807618065
84493,11959.687152421615
102164,7576.555676398526
84640,16678.20609858403
83292,14806.175032193689
80446,29431.68359195787
106883,23823.938751738933
96822,12920.743862980646
99282,9235.295551809806
94359,16056.537547684453
105084,24985.293491684293
85908,12902.671028591198
106431,14823.666974540683
97313,18911.811670277057
101268,4804.973193039092
77989,21079.826405943124
87682,20704.53995385141
106611,33228.85424437581
107890,9766.69814931837
79578,19076.35771926981
92372,26612.279809248794
93915,23333.450638708244
85425,8667.077980847085
80577,10704.566181830778
87561,14019.847404139655
82120,13907.999659529542
91633,17361.03334203048
96970,10844.195103571441
103356,9106.993100777061
89416,13963.951673564761
101155,9557.153853273361
104222,19500.89582250881
76104,15827.163658213869
108362,11155.583650471479
80616,39784.33240999847
98659,4440.114648039627
76470,28839.05049990274
86501,34.289841936843004
103166,9991.25402766895
80799,14812.933742060717
103699,12061.176742173153
97005,19982.325346765785
89375,10654.980782667437
89434,10565.24057234711
103114,12067.832096843838
99021,26246.548819365504
85368,3454.770528949837
98207,9038.18655635894
88420,10957.589371688315
86225,13269.2478448371
107761,30695.04455969701
83146,16899.763252018267
97834,9680.224664911526
95729,27141.38864259233
95480,39451.523302799964
76736,25552.081671669726
103683,12951.611477754319
96410,22666.092673697567
101570,9708.014747759138
81039,9423.550232557593
82813,17161.048626445074
88704,16563.82098011225
77926,18125.168571271035
89560,13003.901849264013
98902,11367.846277485438
105164,26766.659904464228
108109,10359.20987827167
84480,11557.620872873362
98239,8413.882395278793
82385,31204.29928478453
91637,28770.004320489265
85732,6809.926500660084
90790,4185.725796625971
90251,4355.824637755615
101246,5475.561732799677
92962,22391.938293423183
75988,22437.863416746444
106880,20789.09762270123
89844,12215.430581899696
79925,16054.92085821402
76282,19568.299574692508
85648,5698.536449093719
95507,16657.587017917685
96605,25252.356883084554
90201,7960.979055191805
93506,26331.45219285763
78490,12405.490668007758
106831,20216.54496992605
78101,14831.355693085694
93059,40205.17179971265
106820,9854.246146218538
80839,24022.718687605346
76695,13450.847465808782
107678,9489.303467384407
77084,10943.128674027903
107856,13514.020600538539
104446,27983.308338616705
93306,18223.39400356148
76610,27712.76469198527
94451,20705.93825311407
96510,13492.073439059966
84861,17525.002844202183
85787,25118.786985279825
78201,14727.68011676816
83353,11415.114136672284
106485,10335.79608181323
98115,6168.046189889381
83852,13628.79161413308
91320,25391.375358016165
92427,15975.128664767555
83851,12616.963909777664
92011,14725.609169588684
96043,6348.429943887011
93535,25451.869946522747
80183,30881.56584379558
99075,13856.338047485273
107932,12584.963674487417
98968,17241.234092249477
83350,9857.657020539167
77983,18235.870926318996
104722,18970.696115976127
101213,9443.482473557451
99670,8799.347733983328
86163,15590.123460414676
107969,11762.019883536323
77875,15413.897384046702
86254,10896.596818312977
106709,16468.78322168439
79732,23462.6805975685
107841,7798.963888862021
82222,17736.865336470437
82020,18001.025087927872
78930,26205.72366403148
93446,18395.33455327084
82880,9684.200035266407
85724,4207.818201641467
97629,25818.31445441122
106635,22973.755773014014
94103,21538.967926156474
83051,12304.793983454727
85087,10141.822531796486
76917,16294.854304512684
95037,31368.87318749076
99867,13049.744269866174
107425,26961.659460712766
85753,20065.88967545613
95099,27747.754874722756
81950,20879.815210478155
87493,11984.748780138158
84035,10546.50086137209
98743,11444.612199898353
84532,9415.100859743998
106827,10448.253232429435
100006,11164.45292479197
108013,25489.853065883693
102898,11469.418058703386
93509,20693.33815324216
89759,11118.751755689578
78191,27373.567635228675
80286,4614.299993510907
105908,20084.631530795075
85325,10288.01652103153
86177,1390.1387235546626
86780,15867.816275567799
82738,8674.504735419476
78918,23059.7704022662
79161,33339.652061221546
84004,9543.623819720326
92541,31075.469357091264
86047,11931.353949425804
106538,18976.199145697094
96648,3176.016488791245
101018,9195.377801846962
97019,24132.391558865653
105288,10450.942687620543
103441,11498.00753267626
84757,19041.444180583978
107069,10023.165085872599
108356,25884.977239204643
84436,8143.840804859457
79898,20382.207498026
84703,17918.126810956837
101219,17916.635228455925
99858,12773.939724809776
77333,8817.589741493195
81923,14422.568437378834
85116,14450.388240136996
106149,13319.135994340155
91228,22364.120816780916
91512,21555.75604788307
80878,20749.867038629738
91229,26468.109884157173
99181,6007.310430305626
97944,29627.893339233007
78314,13414.011577376283
103087,2871.0387485665196
98170,4663.686973817386
86475,7036.4044353871195
76501,20683.72509808434
87632,17374.05938643631
78342,22652.007351981694
99723,16029.177704868052
87620,16325.541449766293
108111,32969.133475978015
89385,7926.442796683632
78604,15376.577727350152
87199,15775.809185578404
106661,15963.511372693973
98162,5518.63374604489
95522,16454.239217123777
76276,16732.776668379996
80135,22502.937677061855
98199,4385.630340679669
97771,6950.341598299592
80509,45385.43959809742
80570,29318.753340390707
102070,12132.991123650072
87513,12138.019945324198
92822,17249.389026026398
85443,10319.720128511079
107258,15628.407901851482
90876,24322.843383727057
105021,25332.996414060024
106246,7117.269916119329
102213,16603.62295931732
102502,11260.631013115277
97859,12873.567318775364
90858,13387.717115395435
103900,6157.671836831905
101159,4937.7022757910345
79882,9686.239990191414
107307,16430.627167317387
91892,14489.416576866106
77992,15689.908278760731
103300,8513.979915980573
76540,36991.102536591985
103225,5917.8362712735525
93202,25556.771281887595
106035,7070.914419258692
80459,14125.410782237575
90377,7495.208825508398
94302,22168.320584707966
107598,15965.728430640245
97476,17623.941765555533
96871,16511.259084270383
78543,17505.424476107313
89215,7807.6767867042945
87251,16064.65089463005
94113,17714.502629613075
89499,7257.338110731773
104785,14792.080333351212
87775,19316.67641109854
91882,26525.473579204507
79256,28510.49085998464
100717,10547.25955175727
104470,9073.597591518712
98732,12733.965901289257
82547,4347.040509984092
83776,7190.574143619201
106546,17989.301945990275
88539,10470.884799026002
83929,17628.611225398567
96026,3922.8101701287815
104011,14776.870173287825
76131,16160.778516310611
91826,31399.78334783188
103999,21020.38803818477
82675,17760.955023430255
94439,27167.05075828673
96307,7499.83170396637
78033,14643.685483085084
76854,14942.281773967083
90036,4281.470350788226
103891,11093.79990964221
101263,13320.064459516698
91712,21500.529292049192
80856,18382.20323032955
95058,27234.19794745816
82735,11453.664216422158
82588,23525.70202541026
80775,46555.269736068534
104524,12094.164554744839
98431,9361.824241981914
82272,25499.23081794737
80152,16814.69133932928
99115,15632.95902769121
91591,23139.666247394867
84573,17154.873526346062
96777,9436.953929561758
95331,19868.09354703273
87492,16181.185524199882
78031,18888.44492571264
102367,11163.457695122084
105139,21907.032860815634
101793,8715.288554406034
82312,33230.290820250986
90663,7747.076736820207
97827,17272.098211344077
85812,10910.329719228865
93839,22224.401769038526
92711,21229.570818155153
90705,10756.381627843673
105089,15199.140865244026
97946,20658.99740466813
89744,15230.702565955227
91047,24297.006633630204
101166,5832.663153074529
101641,9495.09074146837
96865,13346.561469782904
76615,12838.422871571742
107736,15549.023270308011
101285,15598.19307920094
87016,12652.207775080191
99919,8302.089885400443
99314,20972.306098679637
80754,29786.713475157856
94215,31114.1273512134
82552,16320.371181270875
79696,37430.54674491682
87903,11554.657226327894
77373,20497.175636522123
76494,17611.204496122242
80003,21716.365880335616
89000,10895.394235112026
93128,26935.290420522448
107992,8204.73690712167
89029,12364.304472624011
105461,23418.587169612532
95945,17300.173953433216
103106,14535.506566082739
96246,22737.13108876253
90428,4987.167725880665
88909,6633.049446905126
85222,11106.91311908194
106888,12240.695677500564
103117,7347.195116490866
93022,22018.599448402292
103375,6570.662981343492
93229,22128.513474636242
85603,11027.28321680856
89869,8335.776186038329
102338,8036.648470840066
82631,12531.392491110702
102687,10761.049739464874
82001,25756.68621648463
80204,26439.492104243902
76279,27489.60825866952
104066,19646.56140405698
85918,3399.0949365932047
101590,10511.665166829083
95375,22515.35090643659
77897,12351.3200729983
95209,22057.04885878581
95921,16070.571863753054
105769,6455.661919793623
97833,21652.345165868348
106557,19968.381092257525
80274,18035.59789852731
91786,25668.17621456927
85350,15337.59138660295
96217,17424.971067758717
86429,949.6374462212516
76233,20595.66780981545
98782,7525.867517428358
77064,10512.721536198707
82904,17123.69249094255
101384,14312.617960563572
103541,7393.639363596394
99625,11513.455832738822
89436,17056.9674379765
92889,18109.75380307986
78390,34502.03181793405
80649,21068.747160253493
78894,28267.697882093424
100312,16055.69462015063
78222,22038.488006888016
91392,24473.29598910818
81452,8767.519805113798
97819,2220.42879566201
105008,9472.835316921468
94993,26757.212115448714
85430,8596.651637104796
94075,35928.38279839908
81246,31623.968917308004
78432,25103.485957005963
89458,14322.102506443794
86520,16589.776437936205
84594,6266.689260895113
87131,6966.215014686795
103493,15434.17277324776
95302,15381.585699776393
105156,18380.019866447907
101489,4897.151277604969
105619,7971.133903066966
81460,26664.925176053766
79311,15677.637318808662
107401,22021.662210258724
106068,14698.447942930023
82033,25913.818441526306
93749,17808.10872593284
80321,24354.591999415417
103609,13125.339999142365
83443,7319.306123825697
79664,23603.245379124157
91263,21873.15236613057
80368,43420.76272918339
82178,16012.580568641608
77812,29286.699756045993
88159,10010.213265341188
107356,8423.598938713361
79312,22096.714268716896
81185,28901.68390859349
103927,9228.294855441221
92977,25135.14371162973
94013,22900.908121574106
78601,17119.086343907813
103250,10150.56643049791
90673,5568.2019382674225
92757,26536.496894089072
86876,12701.903317914624
99148,8738.058154458544
77972,11352.310565227292
79854,5881.957587402099
97128,5974.488583475539
108059,13683.393731849843
105613,19076.652600685404
94727,3629.671557394453
104783,5810.6357499639325
89446,20158.186650256226
107306,16587.64728213808
94890,25780.777469553854
94080,12037.62163971067
81720,19504.44671679803
105157,21039.822057647765
79438,45411.88149819496
95275,17750.74271704973
86870,11211.364885883271
86336,15938.359745649133
95031,28348.33209819551
76727,32158.599067244657
76416,26496.556460714448
95523,26369.48729819958
76945,11786.25633469221
92733,22101.5465490769
87625,16753.87738061838
105282,17143.751069694932
76798,29363.76838403961
93061,19794.027574945285
99449,4548.350304520396
88177,6016.933932339651
89115,14522.128773333356
97192,8172.3364989511665
90003,10117.641081307796
99544,22031.71519412013
95661,26417.667970041453
86502,6265.598414600943
92299,36388.83355443866
92164,32163.73883629177
79415,10021.67718901374
82793,7561.7992351509765
96761,9431.156328064142
95372,12854.29594248566
78310,20050.635002694708
84611,12855.052774847733
79039,12493.96781580523
83955,527.2611504626511
103422,9249.385450508662
98290,15700.175620294762
89786,14510.450854922887
88966,11097.556778880116
91692,13601.265407866254
99720,11155.013340001067
92291,33891.62914542967
104283,17917.639998565955
77907,32774.669743484905
80667,21398.755910544536
83714,10399.93079061177
81499,31405.06408642613
102870,14234.798009499915
84245,14888.125121382416
96709,15349.427342803285
96985,13202.41815616624
79739,25046.79022868847
101167,10333.67417925411
101412,9540.06427527274
97207,12688.396182473685
77022,13128.682087756335
97267,23534.13606690448
89310,9364.3279305367
88525,6205.886511400431
100951,17642.446493168896
105401,6828.212395772642
89558,9714.09565478218
97593,23192.578242900592
91993,22836.963310171013
99362,14745.904507120918
86021,10751.856824744467
80590,29054.4544709468
76881,19478.30190225793
97173,11091.071925402186
100208,16808.11557301759
106111,17099.711202836817
94771,16701.713886851867
86006,7650.322639627928
83246,12569.296845020239
81624,17056.13326579319
97158,11123.118645690516
90839,4455.171090847907
76730,10286.803210594506
95912,26674.89744908453
98742,11224.470597179457
85366,10917.146162518971
88971,7229.9207900232195
91073,19253.070282142642
84276,13257.298493673423
93643,24378.933380721188
77674,17262.514564011675
107054,20197.10863893693
76029,10919.740907937634
76703,20344.717426707684
76951,29844.1176392754
92952,26602.456280213264
101165,14047.036170471378
83703,16486.38677659697
102514,10565.450220328778
84274,13821.6899884433
80933,14487.076369614926
89802,15073.540198393071
95459,27462.71345220713
88242,9917.102629988924
80337,21050.456061269528
96758,22210.466424381448
81706,14833.722564498943
92861,25251.87567667978
97057,9229.170349403637
90369,7821.322546874439
77587,18878.061809975967
92265,35033.55103037467
91500,34827.04265283782
105511,22201.127052348795
90137,7096.292666448548
78339,14889.475401145195
90208,8365.321348902218
101548,12335.418111538818
79969,31259.35372946794
83047,6036.8402773677135
106469,14388.72452766932
83513,19241.95038004484
79652,9130.926048972047
93970,13970.14065165829
95655,21544.35270895597
93966,14798.381774850603
103174,13395.583636463938
92732,28974.504070944386
104052,15387.455122938958
104427,13428.91161079071
81504,23399.432086219742
85835,8020.052907406829
85265,11072.989697873702
88872,7830.821571778053
81581,26274.292701097525
87525,16201.797760975922
95242,13598.44189501623
84066,9113.674464513138
91130,35048.96447200023
103798,11387.54758008848
79777,8531.635038115033
96975,13568.83470166147
98657,9578.898913925797
89241,13618.796981740179
94846,21469.81864625254
100346,6346.881308315429
102570,9920.477930933268
86462,6740.92951275481
97934,20807.186475804137
96947,7089.050446210925
83667,7495.400533818615
84928,9952.460008187689
107956,9641.685636086888
98949,13175.698447177989
90998,15692.548356500187
97708,12132.929660870815
95416,25952.85088122722
78313,21038.75072779668
78886,23141.301687331623
104031,23608.044529273913
105160,26313.8740352124
103659,9625.849124118577
82200,17367.587781007052
90814,5516.97887621862
85367,8711.101767174032
83180,10995.525418096728
106202,20692.849336405532
78450,20861.629618604227
99063,8630.736552475244
83877,2970.969645520994
103411,6265.159850711678
108533,19405.84596182173
98123,14478.448084845593
106850,13014.89787671381
100148,7816.254866849276
83012,5156.7148867461765
82410,12155.93961590871
81994,11348.678319551307
77099,36899.69731343966
83281,19332.278292401934
94288,20358.27189802867
103702,7159.668551731793
105076,16070.676986481652
77642,17411.314578333964
107183,18076.295535416917
106615,16517.13005518711
84149,8562.363252370724
76911,11751.157286807416
104162,7481.589171961902
102563,11404.83374483587
98356,11861.59194581223
90601,16406.07082847719
86307,11363.022684865502
83892,18207.23099308496
86128,10389.88829591754
92836,19256.24239667826
77569,28030.805990417728
108327,19004.14328775106
101953,15515.5311780903
105792,27719.61397646367
97726,-2602.6580291443406
86652,8265.231164898596
84446,4496.193348741888
96826,15286.597366288046
95460,18499.79400868054
86352,10761.925106091168
106793,12172.162474016828
87778,12940.102574451841
99950,6529.218106284943
104088,14983.560378117669
92232,17025.020232210154
94143,21473.448736424147
87874,7026.364156327738
83793,12517.925638265711
108182,18353.853874547218
102804,9534.30573403023
97509,20621.9671831889
96468,9721.873887233414
85388,14619.56467749425
76856,28952.42210148857
106114,27559.062314751594
92900,25534.311826738147
84771,7597.870737408704
87714,13673.83564542433
80892,21689.66305437747
91592,27294.931636191977
102842,11314.092756207454
107139,21726.74624020191
94334,17106.360581953857
86768,10582.818680681343
103414,10964.605114534268
92179,28499.0669327488
106474,14187.485938416245
86309,9785.30027613353
91109,12875.579064660858
78133,23794.498272333003
76963,15342.14858488874
101391,8550.20040367303
107342,7207.2448323722965
105184,25980.118739521946
104693,23595.002475558053
89673,17803.571350838174
103903,9763.729857151167
88947,4767.123070251333
87569,16797.109087186065
76483,33520.53585716507
86102,11693.160170527215
106452,8316.018896352158
107976,15691.914394936302
85216,15855.135082917519
76812,25928.55437343526
90905,24272.95160988144
101716,13940.865652367445
106450,37597.88701593705
79930,4355.4433672281575
80812,24664.802775902368
80862,20002.50242603075
103996,20962.93534624101
93119,15246.877872586227
93986,19252.324712410285
90226,13667.29861448458
104841,6437.680962417069
77115,8275.424334685647
82162,44359.78739056199
88176,17186.39990077299
96807,18301.004641328185
87893,17123.29851542735
96864,11776.223013406114
81129,14924.438980479796
94158,16792.86377334978
87268,19315.867371237615
101545,12630.355631029908
80322,14303.301669750175
95591,17581.84598513971
97284,-3293.3728827669784
76503,17354.280029025544
102457,6794.343094024116
103358,15614.639061348113
85800,9214.583568072025
77892,12707.740100766596
86918,4228.974524218844
88797,5004.180037916849
101581,2703.061628301777
99941,7945.724139958806
86005,11622.28928026003
92601,24931.339038297243
77922,23352.411042500225
107005,9711.651402796293
92729,21654.25529629672
99740,21076.104452374366
104686,10399.577151881922
87339,10324.16530873544
86577,10682.356883012482
105913,37088.453261970964
87402,13995.952574857327
88287,4489.731819012644
86544,10316.051357896366
87671,16567.481951300993
91204,19918.132877309825
99618,16796.055858240343
93596,19430.051286515634
100194,-1108.1892881037384
76820,25030.574134184862
78350,27196.341072867348
91114,17111.617656870185
106403,28004.354134082176
77876,15851.567447181977
92321,19221.018495879816
93803,14781.341759548272
95007,23580.134797366954
93540,22943.093378447007
88267,5637.586240070106
100770,8707.908986413022
79033,33272.30033360675
105481,16331.141378420694
92645,21847.61249657802
91504,14532.303897422571
103374,17741.643682036873
76555,29427.0333005071
106876,18900.65075497133
83008,5881.446830565599
103085,9832.052258009695
108288,27339.51009854306
78153,25350.500419945485
101104,10376.933760057826
86300,18936.49999719783
83596,11700.306821228765
92918,23306.01616358765
96263,14021.735679940593
95845,26604.489062486246
82174,7221.46667632478
95636,26977.402050484256
87859,17935.172133496606
92038,12580.326873869133
97965,13069.940436499728
99236,7772.84544218364
102581,9581.605632794839
88484,4026.2188304608662
76734,19352.930808112185
107756,10379.551693497022
100368,16561.31868790205
92542,27438.210772566898
106507,11266.738738025597
94713,15358.298278420632
86830,8632.689724787955
105659,11340.137357622389
103299,13981.748892665037
77388,32363.431440233173
93171,27024.60452148096
95564,22656.25550066088
92209,19509.85625988366
103068,2785.6901987651236
101008,11217.511046288304
101098,8222.898594348346
100297,6196.195307895692
100668,6602.878398510367
83587,11419.667995142656
103730,10430.986801863284
80300,10928.297855306831
90994,34739.03155676585
84749,10301.624330499359
96883,23453.793031451292
83643,23924.1211327392
101307,8966.992370106607
96979,22578.31774013812
96090,17217.285187752757
82603,8622.871735702702
79091,20296.734197351667
101959,13627.161818294371
101554,8268.229758391306
100961,11861.754297786343
82778,9524.191725650897
98924,4114.091497675019
85086,7796.272252991471
89149,6987.129522969126
89443,6660.657693168001
88608,13034.596794518066
108064,21716.430306364102
93913,24189.40581993371
104833,21120.259425138804
88819,2270.75805748329
105039,17679.61942747881
108163,13919.26497064717
78429,19179.533232601123
100022,5803.760775013601
99243,18234.9066714041
96715,11920.651842888654
88735,22408.981921053623
86496,11327.770959729933
90642,7245.981720606569
98358,4064.3024277992245
91268,27057.542525632965
106457,11727.773983876556
87063,13512.80953651287
103942,11615.143487078949
101823,18773.105415616912
104919,-2159.074009679547
89192,19185.17956153991
78525,22939.763846219557
82948,12473.715901602336
97364,12072.484451086024
77638,18650.844801483996
94939,16714.011291532002
102799,12910.682212121386
97063,17256.68021797401
84889,12822.097521343658
91197,9819.769463305987
83936,1347.4623034831657
88850,5247.655737887133
104781,29042.55871720641
96341,8023.582908384164
77784,18682.222795502075
79500,24542.209883587122
85956,8601.283723554521
80268,5095.216332770229
76575,26529.223530134295
88273,14379.139416428085
96863,7951.012062177053
104149,14203.044400877332
95323,25345.330410754377
108521,11386.528936281218
104891,25539.96141242299
86333,6351.1838202477265
97441,30200.861717659012
103963,12331.448438750434
94117,21281.72470693229
106930,20392.99393352057
96478,11796.18780907594
93273,22147.924928655833
90140,1581.9901823306773
101752,13930.698606674829
102564,8590.75015074233
89449,8275.33894938327
82080,15502.070978066595
103168,10440.73003977673
92400,20137.7009554528
89829,16526.814952225443
100294,15492.56292878925
101914,13485.666344094072
91223,22489.550755879936
107925,23662.782220371817
108124,5492.589133297484
99736,26984.357822351158
106222,4385.613091107067
96843,4861.304756133257
86576,10307.3976777914
106802,21789.489596615662
101331,8896.997491457263
76847,11351.679594151341
82850,9911.453696390081
107284,19474.717052702228
77599,20164.626551802598
96827,21011.995065470812
76080,16078.91733468522
89213,15454.947540570876
91332,27311.661656258533
91930,26137.848403097836
96005,9375.673730717062
94637,26457.08045826009
76949,13708.115673182556
93336,25448.468487583952
79792,17596.38150884067
94859,26544.055482946394
87815,12916.462927529492
100994,13009.73903205886
103939,8437.107086749045
91674,26701.310282816183
81166,18662.244239381682
105292,20548.138668566895
76991,39928.62181092452
100176,17759.060367350183
100118,12332.013353583792
94700,20796.02346997513
101432,8106.889763035775
78373,20218.515197040982
82918,14997.2976651853
80619,21375.102877370995
98870,5001.818613067728
99728,29545.639334686544
100347,16516.02758461931
94871,20549.669998875506
76922,29728.189075879258
102057,6381.85799035524
106406,23476.29832549354
81647,34649.838908857564
86232,3394.0400464240647
90976,26772.41287880385
101053,13496.84085751482
87392,9910.966800076218
97377,15499.196649742662
96652,20157.420660599113
88212,13222.054057521089
106859,4678.824091862018
92678,17032.53354238753
99554,4642.569085262654
92531,34567.80980961805
84190,10327.996501049922
98562,7813.834268373674
102014,10728.960951313977
105663,17477.55154124399
88795,9142.844300473427
83227,4665.145909764426
97436,2355.7952192979774
101846,10109.359029399388
80332,25425.742509848445
104483,28227.278150822553
97675,10466.886409140447
87703,7651.137571114281
105829,15675.932774112875
97495,11415.506754141741
97230,20151.51951900519
99232,15448.649719482986
108036,2763.585367629472
90470,20116.345398495905
91410,26123.657042330567
87856,7865.335335452275
97072,15407.740362625096
98581,11858.693973298863
96021,19704.700943518754
104873,22860.4312381719
82366,18520.907116288265
81093,9680.37173494154
94091,20578.659195530032
105502,24033.51924263541
81212,24225.46973508798
78477,21647.00284570019
86344,8079.259417993276
87337,8245.580281046536
83364,12404.00041972599
105029,15877.655274468387
84927,17544.686778753363
92467,24102.142966888045
77390,29562.523376370547
91159,19914.895287735846
86919,11394.310577902026
87364,15348.404994575303
96009,15530.693416137532
80050,26641.00619576013
97335,19344.393030550043
82533,8533.727309676218
88494,9459.651000829092
101773,4160.86173362772
84410,13411.43769044418
90583,10528.467351097968
97361,8713.407850942016
101276,8871.227225671842
92452,22802.15729757408
107354,8306.127652453724
78584,32257.052106254137
80128,18232.427836841707
88645,14700.574100798638
86622,12068.338897954003
81676,24726.603795369836
107409,24297.33730007465
101162,12434.900424673873
107883,11677.707238203371
84824,10051.03739347085
96253,11450.722545227196
80764,18669.62521920685
105145,20615.45136096825
76292,20527.213204724438
85405,5649.699959614114
105373,26557.347997687284
86540,12081.660764633114
91362,27217.613473813508
90075,11634.693127327544
81886,7807.781543832091
99080,5763.774997481909
105235,13455.743066909354
96437,20753.00531695626
83205,12278.607111934114
94569,27188.089279162625
92687,33139.48846720041
85951,14464.986445376318
84977,9999.451037678933
86143,20868.084528275
81763,8428.93718465175
92970,31339.46473615738
108286,11329.745482700597
99395,6278.9160841191115
81779,23384.772578267144
82131,15858.559420489963
77833,10884.105348453211
91949,39356.14978688465
84571,12542.290010163124
81403,33201.69562018882
86275,12785.950308178573
98103,5020.273554273936
96519,18794.65215519768
102141,14511.957917115564
95016,26039.902506634957
102800,14443.89673561036
102275,12926.82621361974
79437,23250.13176668043
99129,3716.3297913601327
102738,14097.667459876033
88502,12581.482533680817
83847,5831.315025507727
82098,29499.438382957575
97608,9467.517250732379
93635,48823.996789836674
107415,14208.385905455998
100604,7421.605074026715
95825,17885.72370481233
89837,8987.023812910964
90563,14512.425945306526
87183,8720.091877091178
82030,15882.739115477516
100952,4335.52618804027
88907,5367.699054854122
108136,15983.273571093465
99824,7615.179195706565
108052,22551.56711978599
86157,20219.502678545592
95635,26404.91347685329
76024,21532.92261132951
92449,16378.865853693102
101870,18430.3724816331
85896,10127.611801982312
102465,3555.6105623065105
80302,13459.78890728778
104316,6697.025702446352
95294,26851.088196183024
106995,37625.839188105085
86510,14457.401302203878
87250,10664.15912774865
86483,21620.98178247588
83417,12812.711424604287
99580,7594.547750547004
84527,7998.686672465346
86193,14256.42788638439
98832,20080.026898020787
89427,12614.562535265557
105172,9111.27592826564
100800,11671.359404511244
81313,15194.11163492519
98110,11540.413271312627
83944,12187.907923101015
91420,20962.278007610723
79842,24594.55657658705
98350,12753.409294221114
104288,17685.214473825137
96086,17501.04574627512
78566,22559.67630478336
84457,17250.074330626747
88685,12617.08791560163
87157,8830.556627529817
82023,23743.382784461926
95492,24927.22811469806
84139,2975.0989090469975
89309,20205.79514958294
85676,5889.838518890394
94553,10843.584699201747
90271,5235.17593963505
85678,9905.715986714204
86238,7075.891150980722
104335,14075.493654266793
83609,16334.414606286493
92930,21840.49659708486
101478,5883.781528911328
86537,9204.300187817753
95350,25148.860882887544
89176,12119.788418332428
89383,10129.933616583441
81369,26295.4035917694
96749,5852.754873392958
95414,26819.372060495127
91568,26438.090606415753
92425,29060.058512797186
107079,25268.17399176913
93550,26952.31451954849
78972,22719.17520686138
80719,9057.492669057865
92919,22905.00636384464
84505,11215.021904794115
103401,11651.052939573616
97516,4783.54422721781
91738,16368.902798525876
81664,12870.394937042138
108017,10160.772746286057
94154,16955.818054763346
94015,27172.66934732636
78990,26941.12650689876
100198,7005.112082058275
91258,35352.651212691664
95886,21442.30523058846
80048,39234.10241966812
92615,25234.929424476322
92333,27317.365264158158
85637,6770.543493140722
100681,19327.091062630418
86280,7321.000423258849
88934,10715.662964635922
102926,13895.579299108971
88415,-3569.7343447646726
108063,18953.00425261322
103273,13874.330481091654
79468,15386.740470873108
91285,15810.302191304188
99111,4017.2352681988486
90686,7323.331689126484
77458,22489.036504030722
103540,4861.450364211054
98158,13689.892447164033
80240,28552.321571487635
93032,20896.4928883526
92380,18810.706131532395
91853,18147.20967617737
76049,20588.601591710696
98852,25136.68130924749
79019,12584.31513581307
78009,20021.266868613755
79038,20377.074003869257
106404,11219.64205358324
100619,-1865.1657613002517
82348,24702.180730973756
83844,8292.955226167785
101370,14257.273949524013
82900,10367.807056499681
77014,23492.175059737783
94704,27550.64299808118
105395,18745.679545928597
92471,26901.07131724307
82964,19261.420286865054
80223,63051.6415466867
83523,12372.679264820137
84395,16710.0941044325
77474,20725.121873468914
94649,11859.464944928355
79826,11455.971692419844
81786,18016.69479534286
106749,15357.273847864995
94115,27501.64392649682
103835,9907.654972360957
83617,16345.909633257397
106555,13062.969546669445
86868,8831.010918524498
105245,10888.901181080719
107495,20586.977856043075
79571,37628.80482765919
100328,14529.045110044457
77453,26872.970724258143
91473,26887.528188938508
100493,14227.77213386993
83383,7994.8324929175305
96482,17000.896527191857
91509,22638.41655430318
92051,27988.331315740426
82251,14444.206826548123
76054,12243.940663441575
105927,-1313.3084359609256
89426,13778.040561671667
101006,15884.549139243776
96504,15301.796019523645
89053,16443.780260227126
102578,15892.047259217634
104576,13069.63348999689
94137,21346.09707563727
96387,9037.218053488854
106040,17285.588758179678
79795,15073.981496395269
102216,7770.978269189829
106933,23417.27912745093
87217,12850.39071879804
98953,4364.615591216287
106935,17723.490192425485
108160,17822.007133171344
86220,16310.543017254586
81017,14760.744143067317
90319,6187.96454292578
100847,10058.823960707705
79811,19694.543359610005
82324,28148.788538618588
79204,20242.452931954267
76561,19658.64780001488
90313,12045.208507696381
94271,17761.81056790952
99090,6164.156296668534
106261,14186.775535223916
95699,27734.265850809366
101624,7127.494395630158
92096,13941.86451165453
104402,22189.415108540677
106877,518.502178095101
95341,26969.147034282993
79252,17072.4548612462
85039,6922.987765641346
95172,17978.285762395895
91340,21122.61707052184
91584,18309.981281579046
104972,17051.73854536497
80896,21634.535482657935
93083,19822.285741780357
90855,6237.545054678731
78320,20977.047756188644
98584,22231.767827130014
97117,14664.4885472001
90267,9696.230091977564
104276,11833.090690174484
93771,15628.391321984858
100654,13008.309462321999
84833,15316.760116992922
79006,29297.89087420721
98734,5363.644206008215
96686,23523.800334426913
81262,8802.686679141178
104374,7654.07321771255
87939,12260.968909237788
85868,8469.773481468079
105505,5718.78998798517
87999,3176.9487278766464
84535,8987.798505432835
105765,18935.928942361737
77591,22403.88256580228
83018,8140.268924432812
95281,18994.75845266324
104629,18385.6445515436
80247,16366.315053898426
98202,9460.760933079731
89361,14847.451503173928
86384,10556.845352132725
77923,17785.90356102024
86901,8710.931374719892
101827,10308.548042286411
101756,7172.472959078162
77041,24116.88605889723
97753,8136.926492917244
95848,20494.708480186942
94827,27451.11659540669
78247,35343.27134725846
87132,12465.803964341632
88911,16584.454679577997
88418,10128.00731684018
77238,15484.37767952774
88359,10861.026523302502
78818,10724.4720484346
95395,18946.669597482156
103416,11809.131499757252
84747,7832.278150733555
101608,4304.026601456228
105437,25498.237470692497
76320,15410.64895369373
98937,4655.006331886589
78233,13463.474286534354
82250,16933.127774648932
96164,19307.418233317378
105298,15435.1329025505
85892,16458.49444283727
93834,16243.830896794521
84717,2369.893753570055
104176,11015.164138703298
95319,43966.479978558054
85002,7643.346585864093
91460,26979.932507560086
86992,15596.283414237903
76228,22504.454621223358
105611,10904.181697087375
83256,24422.484814481875
88943,17658.199741197277
77394,31613.228309594575
100873,3631.229137692082
92464,21737.944299378913
89315,14429.803990284707
92773,104397.60004493294
82489,4936.100965803922
76219,15530.7847793211
102904,12667.752636690395
91039,36014.22527904801
104890,24589.296821424403
99922,8717.86516202676
107007,13739.157946188803
90649,4113.2604983504625
90166,11748.813145644683
90837,17508.70218914107
84748,15206.314518593821
101034,14195.172199496688
80579,12081.68936436351
103124,15173.411724387504
92022,7108.502116919123
103382,10262.643676941225
104089,25466.187718007906
92089,18605.759402048763
106395,27699.984991227968
76012,19272.970181430726
90152,11836.771562215828
85524,15511.507230742121
95337,25954.580632498517
101744,8399.197644764698
105820,15995.217712283855
100587,-2718.131650365356
95224,30049.96688951824
88607,5575.389217351334
105741,23546.459564340694
100550,9010.383979755361
80543,23940.097181236015
96731,6797.187185223187
94235,30948.636488838627
89536,9374.370586932808
104062,10496.022288998332
79870,12978.722236988226
90961,49401.40078695959
104757,14790.233829998408
78702,20040.690271106057
82823,10041.665772172024
76387,12059.92068405219
83860,9428.73091941862
97853,7763.066885339824
96491,30051.623513136088
93018,17125.468620124433
105464,19838.65911875222
91589,18509.819567431
81040,11655.585164403125
101726,237.67268212196177
89843,8789.019136386067
82306,18119.628688199115
102706,7182.3441555461795
81905,15764.214027609702
99194,16990.186807524406
84038,11355.131055841783
99179,12320.704904779108
107945,13903.220707288905
107187,16840.00645771768
106729,14981.487095236065
76009,17224.272908460203
80160,13760.108154901316
87798,-1745.6132062029483
106779,10848.357416960413
87694,10400.535891701296
83225,12705.940135524168
82371,24415.422633185284
102154,9549.272976497185
91905,23205.38243063901
91831,20634.991993732692
96829,11874.572218343095
100724,12326.911188701906
98429,11856.993485785404
98046,16091.659439761297
104025,6831.849274260068
104930,16923.810968275542
97711,12811.5162664324
87985,-3804.622462060028
102005,5397.415592332452
93141,26448.215900709372
93564,18654.862156507115
77719,22499.00719127209
99873,8929.604980173923
87053,12870.545722955365
96789,13219.29526234164
107871,19406.778053786667
107192,10229.864436949734
79928,29865.80256519209
107669,19082.327069783205
79401,26432.59206435948
95320,25037.198921674924
94864,27518.831665164544
80654,33714.77271017375
99193,16006.481639483718
84375,11061.220602220163
90211,13643.610317146398
80720,10320.08103003504
91902,20106.572730402808
82275,10171.309235458433
81465,19556.984076253288
93508,18851.229283295426
88780,6799.527707976626
92268,33720.862882600646
87172,15349.335688167455
106818,7098.79586420923
103457,19870.961767647423
86080,15011.603994194262
107319,17501.403637656735
104533,16305.211997356446
105670,26836.7502118044
81801,22958.38551276805
86611,16128.15208864621
103251,13162.22985076068
95313,33419.3058815085
83324,8491.654817672525
106920,14123.562060196706
93607,22482.696239275057
82902,11797.373123988826
98295,12370.067293100967
99592,6034.835266725662
83209,20859.110994098126
100342,6644.361918956394
100059,4282.901091351605
84964,15954.586883051852
101150,13578.426397301848
80834,14888.234486889114
94660,21680.75629989151
86817,10434.987489308765
82881,14599.598215899088
92477,27522.365349562853
88843,11056.81755747936
88409,11831.423440133258
89464,14448.504190964453
84554,9166.35065243231
107456,22114.248222641676
105815,25935.565301662988
84223,19542.530581994404
77230,38282.378378112575
82653,8689.113324910037
84903,10911.185177980838
96636,13113.40130745016
92293,24671.203861652764
76243,10352.155116002543
78795,25764.08742722697
77946,48763.44073512474
108033,25601.3137398555
89601,12395.509747352578
90606,19840.577680454997
92249,26423.617096676186
92624,21721.919591583
97695,11077.405471119488
78743,30630.16535170538
99859,19353.96392424787
78302,22895.575750936045
99986,18723.746203212195
81908,12026.985939073747
85440,4787.306382850129
91412,27933.444268140745
83964,6631.169159340656
77867,14472.590313870978
98287,10155.96444447287
92675,8607.413745773894
93893,14325.24952665775
93828,27062.92738510137
107502,17092.40637162256
93726,16502.99336039317
93097,15560.866519356456
107762,20435.7805412128
93545,24499.3660998174
89831,14399.632597203039
108065,28302.627473118686
90388,1631.9584502579637
82017,23499.92338384257
91025,25434.612475414444
96293,12078.530033012368
99187,7482.159369216067
98283,4496.056683701623
93590,18302.55904115267
105510,9851.361605939375
81365,24216.125162010183
105805,17510.000793227908
95866,46097.399317521296
99079,17014.16433299058
95673,16536.77950725419
99311,19601.142701077995
86145,9281.729049064246
103531,14353.526298090599
108261,25255.811955244906
85582,4013.5366022561593
85281,5605.249977082925
92591,36899.07819969552
97180,29763.35322229191
105998,12003.14378296126
101355,9225.804164275281
104286,42420.31871204574
86703,11213.956559416489
76535,10810.930690876627
86181,9806.93739616764
77004,19146.977850929416
99367,17732.854972903147
106001,28391.965507901856
93179,26778.627669447982
83031,8588.557851436888
86572,19755.437557569658
80350,24740.867557575544
96375,6802.480246455461
102219,7088.220808449366
100942,15461.09802963636
82949,11751.832147763638
104083,28566.435601942016
97140,13787.533675146486
96421,9886.911048283957
87075,12738.028156555434
106419,21902.55745997961
93602,24000.88232815908
77222,10550.06308236895
101712,10552.669992897625
106666,8414.58986071064
87295,14685.052894223383
89044,11687.05450959666
106433,5744.499170511865
94575,29203.659156698508
107025,5970.685854285477
89318,7205.152421733618
86030,11361.76129405548
103483,14379.713330053157
94536,17836.611154350652
107058,15162.711724689761
87031,8153.188830181845
100119,10488.955964895547
105938,11671.953537565221
89724,22421.304028989343
99480,4968.416591278237
83017,10560.930229814028
108355,3686.157037209103
94711,18776.973550339062
95759,29707.82212538566
105168,11602.92864079196
93791,25680.674721371517
85850,8569.414720031647
102333,7857.684452269182
104407,22488.979963673482
98798,14876.803304154437
89284,9253.499652122668
100823,3115.386302797111
80514,18322.48347991307
105308,15081.71231882919
104612,25339.204672965723
89638,21687.857036343376
93794,17784.232941054666
83933,15121.378951798884
90413,6119.214044718441
98929,6745.930191284675
90959,19499.373712926714
83414,14978.646545775657
82228,18521.98722206462
88669,11371.911089237687
106815,15346.189036007341
84567,8511.162105700554
91328,27027.476756088705
105740,10549.858505846867
96452,5698.066732882669
76038,20806.912791875973
99940,8650.866591518794
102377,15230.200753818213
105229,20280.200922292643
82158,22753.836861578748
104844,19228.79329160514
101203,14034.32315922135
95222,24447.712599747378
89529,22600.734651590275
103230,5949.024304968416
100692,7666.022185588543
99821,13330.62485035693
81086,21267.908023674907
89399,8760.231530629264
102445,4796.140630250913
96444,6192.348915468827
83485,5984.4930455439135
93778,30084.65264007468
100464,5170.933518548489
99865,8323.018934322334
100107,17656.341580920696
83973,16294.94373862357
92032,23135.388523422134
94017,13394.964617787902
76046,12973.687308855982
77816,11891.56360735873
76743,28888.828463013888
87201,12107.307315290967
90652,15651.608297757874
103448,14196.314136755602
93642,26348.559391930452
85409,19688.12418500377
99777,5118.828514038605
92216,17936.382991014347
96269,4307.934514841565
94298,17173.96331496272
106667,11266.808747870917
93716,61273.339000168766
95754,27102.03605492661
89379,9259.901197493396
95970,22168.096405893262
81911,14131.813217329287
85652,24937.278568653048
107793,15798.57610508699
96389,21999.738047514962
80000,20338.43669077518
104440,15772.66212006723
92029,43215.160024641904
93473,17278.108588579133
90350,22009.105680892677
84947,12866.217003327834
81870,13265.7767166661
79936,13434.651811566504
79910,15788.60306645587
93467,30461.949479994946
80387,36705.30061736691
104360,14063.022182946677
93150,26555.09684796832
79119,25195.006362386615
104462,-1245.0452426369684
99548,22290.155649589833
104024,25778.395576999937
83480,17216.214924671844
92501,15011.011830755255
86740,12012.025012787966
82165,23513.832758624027
85963,17920.769827961478
79487,14852.879434618115
83245,12287.793198967043
102193,5983.154292458992
95449,19177.17904136556
99413,7865.061875443183
77176,17714.963508978002
107260,25476.9893888328
94187,26121.566611713955
85664,12038.207692319796
97886,11522.374900142047
85384,11709.698974652096
81228,24686.3699944612
81930,20827.842684498835
106627,37956.372633080246
88081,20285.352747454242
91651,18589.81651247202
98067,188.69992443741648
100814,9511.600534748719
77028,48128.67606431414
89853,3793.7313023229963
92951,12400.846096956115
96866,23407.503102472438
77498,27834.74783322068
102959,9224.347015519845
103546,16199.798168172663
81127,15165.596673666032
88867,10865.161278499445
90099,8548.662832557671
81637,20910.31182656411
101995,7576.151956929763
92382,29951.22060949321
99078,24318.182954864315
93118,25729.94968779247
91524,16722.323005121016
105674,12181.68774839437
78943,6514.868229081647
99513,14507.947518146068
82972,10334.64392390127
92438,32184.519151668814
76466,23574.305879784097
93315,28221.897641923853
84637,18877.870742364456
91553,15716.236302138168
92093,21133.523805732202
89774,20754.317765514596
86455,7544.826120879799
81999,26105.67366121271
83211,16235.513305773346
102893,5753.956579762009
101347,14347.938202076766
102099,15246.899878180466
108532,17474.23532300415
94030,30833.78937356417
87114,4456.045382648897
78523,35518.19264400951
89274,17408.35384105962
103663,2709.842143730426
98104,12481.227456654044
86952,8764.578609363021
93621,15426.8411330302
90898,20451.936848386715
88902,18304.952255031087
99135,20455.757236070975
96645,12250.499857579802
89265,6453.344951948811
88536,16169.137051738006
76788,20981.850704144483
96496,12562.682633389737
83580,14074.792155205585
80060,26176.587671968802
99910,10675.312759275263
94254,27687.607328765982
98982,11110.868707373324
101182,8664.019164135698
104497,23514.189903635975
99215,11848.808577549333
102237,11760.40129738053
105340,19923.106104732244
98398,4023.821929817457
82895,6953.748181112425
84880,4572.6478866566995
76633,33352.33548398271
98237,7788.764036932034
93475,15876.753699074377
93644,11891.899728315566
83331,12198.006871322263
94673,38682.75098520898
93774,22744.927306750524
94872,17670.467744207806
104642,25267.937550068356
105806,8584.314772895617
93351,18101.670931726272
99440,21230.467260192374
77434,19143.80932052224
78382,31667.872828731524
76269,22170.88859900556
94221,35458.97689053918
101103,7243.05414378455
92917,25582.51628182902
83521,12859.345756508981
83915,11417.56441145539
93502,15109.645384409265
101013,11915.257216558051
81762,15351.79681592468
106753,13982.886994364892
101173,7533.106869265728
98602,13828.519339347746
105397,13284.360009459531
97067,26919.00285857435
101378,10874.310886769726
101862,15530.591724727097
99039,11180.960949342236
88393,13161.255109278474
106130,20413.734711768175
85828,15318.158234475959
108231,21472.001154053367
104898,18624.789304992082
93112,15982.68436193989
89768,6437.793535998071
84354,14564.674203406259
100168,11482.18795619977
92834,18622.67149448539
99208,8953.120721085292
96108,11904.05359717823
80163,14682.05982163324
105455,12113.455562535404
80323,23934.68510342529
84714,13910.292272109873
92348,21343.906168140216
83603,16138.422992361035
103959,8113.639384560594
106728,14481.89398415932
78696,33531.93121870116
94150,27318.36863513878
105629,24582.91299334431
97037,13278.765720079715
92850,22473.121950900473
88432,8238.424138027103
77436,18555.929585203325
76469,3688.4924008819453
102030,6317.231885267347
87669,9630.253740297077
79981,19380.237175652008
99662,12669.80038654015
78260,20444.388357109114
94555,29286.47393876314
84628,12646.66501525019
87955,5770.600611556403
85130,10038.193855411833
76417,29698.916697004486
86241,12244.216829076424
84603,9341.966318766761
76645,18402.382673893655
100195,5338.381114116273
77467,24739.650821603926
98126,18405.562118136913
98081,11197.832655080694
81234,29024.196510834834
87717,7789.798737156211
79724,33573.846075762995
78643,13293.71613243433
93113,28246.30533375911
100597,18033.204999714428
91190,23254.534496438795
89351,10821.520823903978
78056,27802.884262261206
76053,15721.29178196775
104592,11507.648987771383
105891,23499.37049581983
93731,21472.074642378466
90123,4773.95139744138
85669,6639.8885985118995
90040,11849.372121837576
103624,7689.830051268304
82545,13391.890800276033
101212,10059.531826833287
76510,11854.861413749677
88673,7717.041023554987
107913,14992.64364889818
76619,19358.57946775931
98461,23957.74420013128
88455,1890.4672301587598
94543,23023.0500097333
79082,47120.41538473958
107039,9386.344255755332
99565,13168.839070273702
85597,16964.658856322178
90908,25150.932572280955
103741,9074.862004794733
101177,10621.081408623211
100246,304.8548076648967
84497,23329.629032334076
79003,13666.252275349712
78075,29221.681631001724
85527,10979.637785751549
99400,6215.865331435032
83118,11291.672455992964
106176,20922.932753492394
79864,24315.731048257585
96609,13093.631881127478
77968,17505.12419245709
105349,8614.41338661785
95787,20428.619785343835
86759,-3067.4901284974458
80898,15826.319788792265
80948,17012.039885157337
107151,11697.071703848575
85395,9308.474744625844
86612,14574.22455243676
78951,27486.475312256058
79546,15556.63735182463
83345,21943.346788173643
107224,19008.684959376467
104509,16331.770743249903
77088,31004.210266556118
88988,12504.077052945584
79061,24053.91119577794
89758,12945.480042395133
79439,48820.790743728634
96411,12911.628623125358
102234,9305.77413338528
89720,11954.853745388384
99600,9104.786863743084
101235,9939.589484374208
89235,16249.245873237418
96214,31331.246358143588
84205,12446.717725902188
106816,25873.55747202463
90934,23290.94238582865
83597,18064.693278860446
90454,20105.61429289748
82998,14466.311534119466
76772,24569.930857177606
100571,4497.248077240267
76400,29242.036473422922
107381,18769.415706232725
93102,18518.03706045759
97419,7712.526473541642
98844,7048.664098147434
99354,6200.613744677752
90811,14757.248907649835
98152,12314.412509923677
90157,11692.445031629604
102629,16318.733477024361
102111,13429.166804489236
100448,14329.565796755644
106531,12612.497195140098
107493,8422.698371340473
87471,6362.73091306664
83607,9927.642708471802
95488,26919.897356008856
76205,28314.373846298735
95394,22564.159460190713
101050,3542.7880517532158
98680,47019.08057059201
97176,21866.26612689877
104530,17329.06713255884
83396,2924.034976748766
104984,4831.649022299955
102081,6841.173369689959
91955,13863.349737724686
79996,45084.15785155942
107833,16710.394236569555
81342,12984.812934081983
104936,6340.299272669723
97105,14634.239638821044
96834,13679.289864485352
96402,14680.221374855542
106575,9083.119516096067
82857,5798.760297437926
105504,9120.93512802535
88261,10988.616977552061
99175,5739.697220003534
89160,12653.813471409852
83875,6632.821050980474
104695,17108.40441564613
84189,11983.030865852426
86024,17742.52848229503
98475,5845.576596327817
79856,28914.127102494145
80385,26016.34980619837
78287,24936.023295085273
88807,12961.335395573187
86288,5086.769975260511
107610,15470.626811591372
94375,20239.733767067075
83385,17166.263882849038
96627,10909.313652242607
101257,17358.82536755207
91915,16476.63353147198
97986,15796.025209508436
80806,22231.360515097018
96930,13091.87890181606
89391,12272.886823912047
85423,-2414.9228187868703
79397,38927.58739356861
102565,14358.63850928186
85590,12234.701800361341
81920,10480.351834609186
108098,19361.655983455603
91230,48737.369028988796
108021,5036.110847252237
102554,12750.020365869663
84182,10776.265689084787
76770,18384.122692270463
77856,21757.463640749666
94249,18151.632186689672
94729,18786.61496221655
77171,18813.892093382787
107487,20979.204591695117
78766,23383.21358053275
100849,12960.973618050988
97721,14274.59001099604
92837,19344.399897509426
83099,15353.677070547223
102521,8043.974975417684
89738,7397.552187965524
84234,11399.026053725123
107428,12706.959709964856
93895,34423.3916248573
95662,35193.32290999772
80328,18874.8550017595
103054,10926.830919455842
104950,6678.203876926327
93125,27089.02335649076
77393,47347.26720536801
81178,31016.54250094213
77207,27814.224943648274
98648,11702.19432113316
106065,26298.72030028842
85228,12191.343328759076
92787,23385.36575018639
108462,15361.212252560694
102896,12088.086519501088
78301,13635.168612587506
92584,16074.824005129974
96414,12938.381525968796
101267,12106.562426329292
92934,25980.017497836197
80206,10897.04737810649
76657,13910.775526445983
99365,11413.09361951684
96142,27471.74996485008
96484,12834.492591861917
81767,22888.33117150503
84926,7891.664358270047
84961,12345.586782713151
97487,23680.55841092448
86753,8173.946439402893
76410,16276.06107222926
103512,5147.593917785114
91899,23671.368418374906
82404,27163.926575168058
84598,18924.26145788885
95115,20638.53990937554
92544,19085.110612171808
94011,19981.37207095736
77265,26444.85301913519
103378,10154.354016827558
83828,9063.01521996177
106142,21624.25235043387
76564,29451.91734385233
93718,18508.249300438234
81110,16795.036208746915
90753,13451.454308731725
86557,6930.47707928254
90778,6196.432261726424
77313,18428.123017069494
103914,10755.732582362427
86688,13539.593714819686
102878,15457.638391310615
99734,12918.987553267105
91581,26546.103400984444
105434,9142.913917766047
89221,7992.703511635471
84974,15829.333629678713
101055,10116.877388247616
80952,31420.68800104886
80861,14991.525211382603
77446,15875.862529184105
105345,18876.746767905304
95204,16359.157863174707
96228,12295.936588315664
100840,8427.270287628107
90096,4063.8378247263554
97213,25914.797832759858
84188,10420.222417890489
96571,25588.112965371816
77068,32243.064160706643
90711,11564.28910087557
89855,11069.26622147363
104858,9104.00870254796
95897,25538.84974337357
81849,22268.30015379355
106143,10901.131698701058
106333,24343.22053374766
107165,23577.200377669178
77133,9504.978271443844
91788,28823.88481532364
91418,20529.4987019261
100158,12102.244081798015
96982,18224.2363897281
81275,27175.55142095367
78741,16865.887286101955
104961,12636.576746939998
89332,5266.342873652493
77546,31947.718938157675
90860,18400.6554872303
79924,10966.24346828863
108433,15555.14246890117
101702,12617.67494077635
79340,33461.781810220586
107333,12240.690535972893
107963,25997.4276249241
89408,8192.887032256162
93686,22717.646839438265
96129,13764.652632066856
106156,27382.686261272724
87515,11744.17472335989
92980,31060.546198826916
83982,9004.899011625845
85504,11172.377570302571
108354,12705.268081439765
97260,13452.89838768749
95437,24443.293537366873
88483,15681.805896139995
87959,19239.18991445032
93858,17946.043272033872
80968,21878.236580235454
85754,13970.740746734566
87723,16477.527836199788
95880,38010.887668270174
106868,9387.817979378044
93138,12283.935554760057
104747,13717.08827300815
94889,22230.987076670663
84681,9286.39114912259
98538,6484.953307678423
77073,27387.348396793706
106730,20553.714076644592
79208,26273.225910600253
100127,13078.914483546774
99655,6010.32418082223
80695,11176.57969980715
96818,17039.230057803965
101382,7817.403532570874
81239,15775.389562847276
91299,26060.020886311147
83005,16679.70098219678
99363,9736.699191761154
76302,20240.80200921894
98317,22627.665579864868
93829,48643.10748654359
94188,27085.186787077393
102190,18557.292477054823
94901,20079.763894452375
80495,21925.98099577349
101373,10842.658437724218
76822,13082.933370840707
105052,16854.49942898513
98580,2609.2343404413914
94567,18060.02912579923
95144,16464.68771419199
95559,19514.002702024944
81580,36465.572279965
106874,20575.764797253476
79121,28411.27353180973
77257,20790.7472977358
87589,14440.258241099851
84579,8766.067900515893
95950,24976.977297777616
92510,19358.59911879409
108139,16995.063523230718
76182,31369.369175946274
88687,13156.62956301519
79244,18993.770540490357
80690,20163.1495171677
86259,15567.876351657713
76977,13411.405993599823
95716,19548.964968840526
97234,15228.0352183656
102608,8956.404395827823
105976,20934.641373279916
86505,6000.155747418752
91220,27753.907450905244
96558,13019.72779529518
87444,9801.557003342155
87498,13927.033851327064
102631,18524.301202466002
82185,20040.611909073952
99403,27147.90101826824
79515,36870.682428101885
99088,9848.506320704131
76226,22198.705483341993
108382,10269.460830362646
85313,15374.893053040758
94499,27412.324646540357
99934,5723.149079933923
82376,15780.939957458653
107765,27254.44415341278
83605,5452.709897970008
77701,15934.873456058533
94028,21809.501929385628
107523,11544.872777347578
90650,18411.193562358905
87414,8130.458908025434
100055,7835.646558252081
90566,11493.74582293629
77944,7460.121847526423
104365,27460.725791358513
100010,14321.831232002181
97116,7034.38933160709
92053,22000.15793177443
89028,12485.655559773206
97021,25658.08515695614
76667,39108.13626400422
88020,9817.520534528532
94877,19596.209977425475
93946,20786.42567824284
107829,23772.963854927744
78257,27103.314329336004
79067,20637.54062878069
77650,33572.90313461369
78087,57713.82414981652
106695,13203.331590859638
94630,10437.86673751421
106256,13410.162675798187
95601,21206.60629894278
105796,16111.050170415825
102585,14031.57004731462
87265,9820.970410510141
81014,30823.6524020457
79536,22274.384097596747
103430,15337.43890937043
95642,32967.97603390974
85927,11069.305060228562
98965,12090.249768401998
82285,22822.409061192568
88076,5891.313471998965
87977,9442.086586499296
93013,23482.78114070582
86356,23344.64276823835
82657,3949.99980518771
104960,9359.539259038731
84159,13355.306049142448
102831,8043.4137589670845
99907,9916.237901598908
95588,19272.656758917732
87604,12308.379056255215
104688,7235.185229952989
78457,30041.904004616026
89007,13205.19448836295
104449,20364.800443227887
97888,20309.639349704834
83178,9533.476983275392
81940,20537.855612211268
103932,7039.144839422313
93309,28886.998082812468
108001,10805.571193520844
104771,7137.094236683182
79382,19676.024672006042
85883,9058.478756955854
106425,10367.723958879262
83165,21148.946253273745
105632,23369.021529629907
77132,26746.522200005144
101743,4869.880523881684
103628,14239.194812561078
90647,30220.368261191805
84997,8569.22398232256
91158,28206.370524984864
102727,6683.630799007686
83926,19130.900951578107
105492,16869.229175564255
84091,6736.038313722045
90093,22744.83943237078
97013,5970.323291016854
97421,11713.340227302124
93503,21070.27955195378
89921,5995.979906288023
94294,36013.135554560955
88049,4066.9244383010628
87152,9959.315886040964
100030,10604.74163187631
81887,21593.62833116162
92813,34315.09418348882
103849,7530.587228398532
81370,17555.6764759177
100077,5789.32937237023
96215,13906.651035992203
99477,9415.037826690423
92453,25410.13970038529
79103,23605.872164106568
83988,8914.966756865959
82753,10997.593802060961
88096,20499.45116440885
82591,21038.06495636934
78600,9604.81092929513
96130,16531.736191386917
86532,18334.903566623572
78212,18037.955228880444
103099,7196.342655407538
76517,16936.80223433947
85372,10729.927679580715
87192,10089.173599431862
89912,11754.568033871703
100674,19993.63636216385
78362,17635.608802978786
80234,11003.102256636108
103492,8789.908533358188
91876,19764.441520346187
99906,15626.593047680708
86556,15777.83108451082
95439,23654.585808995034
89552,15482.079596984597
97510,16397.31846576366
77027,24316.208561436113
96651,9083.622706909904
101124,1053.290396643637
81564,29829.3060885553
103834,13523.63287614985
106120,15491.002436068418
108302,14079.100821516877
95258,27534.793003044004
80241,8182.400620021914
103079,18944.852652573674
107671,21024.695208449688
105451,10787.06299178273
100581,4858.177739792109
103200,8756.72928755834
107958,25095.71730415523
80508,17063.834206252977
86519,9873.024418187564
106014,13724.17041251602
88647,6930.6565603619965
78370,19753.36772879202
80157,40019.95982918266
78549,29239.554955329884
78346,17336.3823374009
102025,9693.93791281066
102642,11649.763653755428
101566,12339.562883331866
105090,8676.935931795473
102879,11871.954593884528
103116,761.6164401221249
108181,20017.673847484224
90077,9276.509954587533
87209,6097.528164543557
78488,24192.885383636858
80235,40486.71523004126
100754,8454.457952023846
105566,14079.863618571624
92772,30027.823215740435
91123,37425.951889993485
81751,39092.76963708696
97826,28866.64289219729
79668,19804.023740407738
93067,13202.351692987795
102583,10610.382418569538
107690,20178.749905443445
87693,11334.38045673557
80476,11974.840111304484
81846,41261.050199341626
104885,11431.656179461905
97224,13816.108506761228
101301,14465.23168393083
77468,22105.751045928013
102865,14280.993386540646
89933,21751.727880751594
80064,15269.39152373894
102316,3619.570482446563
78861,10980.044882507462
96856,5044.292901705052
80901,30902.650553722793
93880,3234.1367113198085
93155,20144.62587306802
95490,26482.217961743736
81179,9324.397975779073
105515,42329.56458189403
93763,34372.79662991736
79292,20006.527382596367
79547,44759.004579740635
76889,15581.335684317251
92884,19303.407332637642
100959,7354.849556287192
103931,8684.032626205455
87109,2755.1256700478425
85670,15025.587426522328
106941,16686.899452408583
82237,22314.199394836603
95369,16684.792496618047
104098,7194.652851630007
88392,8592.994230996852
79992,15054.510509371994
91429,22038.366462256105
93131,15476.866184925651
102287,8058.959470292662
93988,18008.706841370316
98533,20058.245317558256
82402,26747.070782510873
100838,2864.401816968839
100418,-4567.3641758080175
78723,23350.488132830593
102054,18145.9488543105
103873,8931.446291469805
102429,4539.0198679936475
92423,21882.196386489875
100306,11659.445011793214
95398,34108.68934518847
98509,2935.5067231225676
76571,19575.794726985234
99096,10256.999625830242
79974,32027.057185720143
86070,8350.627562799555
106407,20402.64508515091
107921,2310.7819417541323
99358,2923.9374874513833
81645,30374.822574331454
82190,32188.81409154126
104692,28409.814119710743
93221,19359.192125181045
100438,9594.43520566681
91444,21687.759766964176
81053,34650.19976486019
91363,23798.275897836545
106954,21119.48551892912
106654,17045.767300551815
99522,10034.087720492455
87009,18895.669538335304
87909,12331.994498376793
77419,16354.129854388459
97652,20468.558765192338
99779,15681.031567258946
85584,14747.7692078972
91829,19972.160450703333
88101,16963.669935510436
100556,218.91559839053843
90352,10771.062868236295
83282,18277.11353026467
83007,12199.650804698003
108313,9782.399299816698
78810,13808.73642339016
98828,24852.74644944434
96114,5849.02880438693
79191,18763.404994150143
87297,10661.282921847163
95877,17520.802166616802
94139,38285.8131217085
100850,8093.066157425795
94945,50177.33596687573
101089,7863.442662808235
105691,21810.49126066969
80668,14377.979749399672
81214,33671.5727637526
87518,14482.338781236162
105030,15863.683398627367
85923,9065.925930237754
83311,15700.308227974509
98855,12298.689174950321
104159,8372.492551458441
82779,11040.885340921799
107742,10174.416146105332
105468,26577.5781153751
80455,23523.026078189134
86388,19919.59103589558
94821,46554.888392752655
103268,8767.374822989457
102051,8143.960461111979
105353,24606.737689747708
80456,22643.191184287032
100987,9806.396432786634
91198,27150.620907900957
85153,12566.778721095703
103654,13536.681167426781
108172,10669.841324631361
86497,9986.899007892363
105311,8282.143079941798
83207,9047.153137056011
103088,14095.739203877547
80581,26845.762976695594
94590,22498.21790189838
92857,20577.001831259724
104990,21883.440338834913
106022,11894.431981737816
105717,18731.644901471936
93403,28982.829338051724
85166,13089.132062254888
106430,15575.207486272164
99092,17088.70090747733
91093,16536.672970487052
88851,19620.000315484518
98289,27037.054447310005
105096,27758.88082658935
77047,18305.550393819387
104430,19384.473542655425
89790,4739.950464953186
95496,31314.326501046344
99397,9606.754876223291
98691,5915.613510062356
76750,29795.772827602395
96768,16937.815635675786
99671,10294.96296668235
100893,18767.29878656328
96376,-955.8479878046401
85359,16439.07165232319
85526,17364.195892497628
99471,3960.9715248778575
100718,15507.647903718258
100408,1900.271182885048
99396,13531.24940910036
88571,21931.88200848447
82056,31324.248855183076
95339,37637.74372260514
106966,37437.84955547917
87419,15706.113670704046
107951,9967.646389524076
89086,-1450.2382033640406
81863,45014.49369357497
85352,6845.986329825415
107573,14735.46675848271
85160,9336.218474597554
86447,11823.866412208372
85129,13694.041152571894
81978,19859.90270504901
76538,21490.208320035978
96475,17527.734901768046
81872,31594.81408622549
100975,4570.803455187293
89846,5992.0925299385635
76813,28898.03941062311
79861,9278.144573874864
85807,9585.623488129055
100520,15930.4252660989
83614,10899.169113860042
101194,15866.999357258788
78639,29177.36623812466
97237,6356.53371598227
106299,10970.874696216577
88307,13363.517611321142
85314,10391.839588183517
105736,14738.006486755216
80065,7850.601114014737
92131,19227.321307262013
88644,18307.152423414085
76738,15342.453267201783
105697,16410.047270369196
87316,8652.368696837975
98209,15545.487880341963
96229,16643.55156998204
100262,626.1953971600178
100999,10042.617569949758
107614,8479.421086430177
80838,23203.393223752028
100986,16198.816869964041
78593,25514.25296734769
100441,3746.8768317196827
82682,11940.754513534466
78999,32775.269858826076
93261,21900.219612215245
80075,31159.553678547916
93655,31197.472966368994
100596,18364.307602389912
104232,23892.237860869493
91804,32570.967631280124
77995,15347.889794267678
103787,5958.745950929653
94205,25493.57614984124
85358,9517.172210556131
78658,19519.840962841838
104647,17878.71935153985
76044,24055.885705440287
76998,10256.92943244081
90687,19420.77727642494
88724,22170.470301635734
89881,12394.030441164618
77162,19775.00990288439
105640,12619.414384251202
87663,16495.521411526035
79472,11804.739397090569
105402,7491.188631599363
93024,26272.43220759744
88764,13104.40894320553
102845,16114.387163987627
94779,18135.47216060538
78682,12248.114206357612
95089,37054.93408558232
92437,9894.729625264747
96574,7203.782514512157
80215,10216.273776692142
103217,9777.060572443996
96957,20968.934031950484
77332,17804.204145369968
88904,17798.74244013967
85813,18829.787916139514
90079,19796.69445889779
106345,12628.059954958962
93236,23022.365161853148
77551,28127.27293386675
98682,13237.418974496048
77482,32216.765708036182
106734,26712.00620453556
96167,17707.712938672143
97901,5609.722219248057
88753,15415.331262492045
80085,26400.485501341176
101127,9555.97549633454
89915,9232.270052496897
77818,33597.30774419464
88216,4797.257503121518
88372,13886.519897165748
83811,6967.506551384182
82936,9251.495124703499
89742,8375.94231993851
91673,28757.230562875186
96257,15191.678849767119
87975,13207.466358144778
80305,33989.722296924665
103204,2720.9209919370733
87651,10577.752698318289
97692,22322.274712123148
79587,17545.624518818193
78081,19840.891211291288
90382,24931.546238820087
101784,17369.94770403991
86751,10107.51901333349
83746,5288.642918779171
107367,22266.885116141224
102824,10162.51660688997
88861,10604.483280095457
81296,26387.459759526326
93069,22148.33828363235
87324,25498.974522531593
80156,24537.743664074245
101653,18203.672077532156
106220,12468.068868682229
106598,12455.191031842465
100402,13972.387519229158
76609,26029.091743973153
84956,11753.737300809738
95576,28089.741282075884
99581,5496.261583713191
80485,24445.353869188773
77166,27818.077784033725
76018,9918.110374264532
104735,13977.80588078563
93333,15357.159551974773
99795,9469.51772569866
89839,8710.259007866327
82759,10954.00550755617
78936,26306.436485305174
85749,12847.404982812488
103893,1517.383095539435
80488,18954.8338276426
85554,10849.573019593565
90240,11998.919930195207
106288,18528.105987276096
77948,9427.540306277726
102329,8687.429026890733
100162,12142.02601212313
88576,16488.670671492568
94039,17761.231045606375
94453,25522.98557506122
87879,12685.313367039958
82862,14983.231739914323
102535,16543.211427470484
105231,12667.4713633364
101295,7925.871233963133
103639,18445.914589818756
100996,9716.78211619261
90885,7120.808380592731
98058,5006.930605921003
76405,23498.749339629103
81140,7552.6827662130345
106762,-7456.309680194039
77805,17932.07196322866
91903,25831.90596894825
103506,6896.401784012265
99841,10878.979273518333
86237,13023.366480743101
76010,26070.73559446147
90547,17702.257419806814
97073,9218.32732618216
96345,19412.56483166757
104803,22427.336689544434
97547,12394.366771922061
80566,29203.22558019276
76686,26796.531687099647
76532,17727.402485053928
95342,19543.10430843223
89227,8633.389813490625
100141,9369.928484222197
78308,22744.61568171858
89064,13185.612810885994
80510,23037.635935949456
88585,8208.941169318121
104610,19714.855065303414
82104,8936.238374807352
82975,11616.294642822777
89065,12032.60117693958
101733,4095.9885522520253
96657,16427.50130378326
86410,15750.503819012014
97079,9865.815105320686
99980,6561.012806531362
83405,14876.184224689092
94937,18131.804929839254
88990,10344.206347228697
100897,8577.877801592154
89852,3646.3379619380794
79720,20684.222314918006
87573,7393.201872005495
77570,38221.73543462902
101535,2490.129831008444
106853,29314.00637867183
90614,15682.78570246612
99883,21524.761160136033
90053,14965.744140977404
85345,4825.018196016003
107848,10764.987824671854
93445,29562.260472638074
80275,17810.745749148937
78979,18445.028458858866
102516,11464.022178114621
89258,12234.290343237979
107117,24735.16062034166
106721,5331.497052435327
92982,44769.08663985213
83496,8457.288383554329
81803,71014.80660091463
106993,21693.859486607067
103294,18176.32331716556
94098,12435.489351298898
77532,13326.843183458677
89286,8889.090930378961
89501,6809.766746155199
95186,18998.434541216346
92283,29600.89760600112
95290,21860.764567887363
96893,7597.820464240343
100971,9714.75734624124
78080,26990.82556794554
99131,15871.855973803466
108281,4459.128999413244
100144,5161.581176606134
105273,14822.26198313484
87851,13789.89116775104
108128,11499.371632255756
86420,7599.209057586548
88534,9194.662291855928
91836,22746.49650463072
105068,12712.729734058305
89909,15762.129335986867
83912,15883.62910813203
92078,29792.629689237292
97169,6956.498795857198
89505,7775.757593556289
84000,11892.197731434419
95770,24672.056997733423
96966,8671.353083138087
99958,13753.009361165987
93263,27045.329116102606
85201,367.3703680927101
87858,10816.086067074992
76733,12761.803137481113
95475,18782.81494287463
76959,16325.775472842839
88587,4127.342415286688
106240,9696.947834404971
76297,28274.922659318465
96655,10672.241737002867
97329,4561.482677219692
104459,15059.898339887182
86218,11319.978863414319
92652,28004.038074943484
87708,7350.807941683495
89003,10432.149486033322
77758,18455.18035781383
80355,-552.4565238657724
102381,8900.140755183214
102034,17434.46844467603
85449,14455.89938800708
108344,10832.457703585986
103231,12127.634898532811
88619,8478.566748465104
91294,17653.09633459919
91671,44774.451255615255
89398,16047.627014955098
97449,12044.956737498433
90985,19811.676919711867
95931,27592.46965597978
91207,14076.05996079525
93227,34616.272150993966
83380,8079.964151819716
88517,2779.725955880227
94074,25592.06160363237
83286,15307.546215109402
78621,24525.723769265256
78559,28848.52293445616
95517,17211.96171969859
90301,6656.4600547398495
86982,16994.046528930616
79155,12778.549140862844
87645,11098.474417996676
94734,21529.07194913406
80776,8263.112687925028
80191,24293.949877737436
81665,20666.9337251925
95409,29270.612110540853
107275,11014.452823540358
88752,5655.896758947054
85344,14238.858903925175
96113,13152.580238075678
89564,11904.426016755515
83351,15507.675683613652
77727,19696.672684224977
105427,11384.823426045028
86511,16496.66327096713
96465,12772.611692343758
81345,26220.127834295286
102204,5020.181152546747
91518,40111.184560421396
103030,9507.13626569771
77586,31646.40328177574
81802,17189.343264011284
97913,15465.569210632962
106159,19712.969460572316
101107,18801.15075483171
77988,28167.567777009463
103558,9219.902092956707
107080,8182.9006835162145
103080,8657.16211106487
81729,33736.20378582299
76576,13660.012201000149
81302,27235.61272900823
102815,5765.164097812425
76838,100447.79964871916
100835,4324.054622934282
92600,26144.240906013
98836,12334.388278298251
107734,9851.84408016
103146,9182.6756511351
92838,27082.505957275007
107210,16371.919562038094
87193,6216.608628084561
80803,23299.66406442636
99014,31105.706022928658
81317,16138.652871858932
105975,14978.792412216098
91289,16684.967062812575
102427,9466.317866029302
88770,9506.478906213906
93130,17357.11747843935
91428,29864.73033268498
101880,7659.417195027048
96317,14125.95954048875
79846,5985.61872221396
76152,27001.738349025254
98591,12298.352877675925
83409,11916.454565528238
98307,5258.491322503693
81931,41101.776836161655
90083,5355.962958280075
77773,16489.167537710313
103635,7745.63971895163
90621,5568.953262111805
91055,21353.722581415583
82011,9660.064958088898
84194,11305.2812917906
107360,21022.008635589104
89868,11761.450949348127
78774,16771.31057168294
98229,12559.263673362846
78895,13165.497020871071
104821,12381.00390383096
88829,18757.563092386838
103561,11521.106042122017
95077,28580.85623878456
77218,14401.942121309507
96894,11099.699288988242
102467,9853.771853394923
80026,12583.095033591804
81904,41112.06265256709
79212,26565.46002676895
76081,26908.911421854966
102446,9836.64791710101
92123,27503.935274925636
99505,18270.455978126294
90701,29719.813634916012
94131,26791.235392249568
98499,9622.990496158262
87292,14924.430602735778
101982,5805.954789375037
79507,15838.2119433054
80367,21474.549790512814
87303,7180.258725442468
90939,21422.254623107983
105990,24657.6617402955
93538,27482.599968239672
96747,14566.433803069693
96705,10903.118518504614
79540,25122.042583944578
97104,6623.1325941748255
83406,15716.029865278355
105299,9769.59005512712
106722,8984.982985701157
105452,14172.891641523009
87290,8919.322214201187
81467,35394.23954714684
105170,24179.169991575258
93330,16315.01277057104
80272,21424.74979283942
107730,12925.285074723586
96010,19351.897722318135
81845,23004.574614542482
80811,14809.491554157155
83571,13002.983660698963
105322,17213.12263587638
77762,16572.808317645984
102039,7809.163116996383
89712,6521.004283119508
89635,11971.290487298393
95445,29630.363967658035
83168,10187.944520621768
97583,7491.278390805702
90719,11921.679891959702
83437,19731.279840226238
95182,26404.802097541622
85203,18570.688612544134
103788,11376.667384112938
82303,18613.809193381476
75983,35127.35645162095
86812,4152.727321701985
81841,32040.660704376933
84828,6839.7663178614275
93783,26790.148502486194
107916,25372.460052311704
87430,9336.611684682595
104874,10522.280620418145
93137,15569.560564160707
103047,8518.49798264521
102110,8400.602331801685
91435,20337.6162641918
86558,16459.71028583526
95141,25848.742656247345
101513,5038.288799062844
98883,6274.4694552550245
84488,11228.59224784828
77317,25631.164350234874
76345,36275.53296725538
91779,27460.908302388627
76882,16220.60499843109
90888,11821.087612404635
98663,8695.8346564124
95756,17099.421011485716
92853,18985.915702038455
105681,25705.719761214426
100628,8913.104329926446
93663,18769.068400043252
92183,25940.193141443946
87635,18297.588699193235
104386,25206.236112471608
87388,12772.043575674496
77217,20810.318852064476
96722,19717.66580071835
96916,15381.427761248036
77168,43556.814386166756
78963,11505.11310142179
93780,21442.76673975021
91677,26435.445079773737
98082,8962.556136690786
76229,19553.324387528955
92338,25200.11237992157
84178,12811.595783598565
106784,9786.07442143243
90742,787.8936410057286
96034,19454.50022986578
98064,6007.106109087335
96973,20654.62206750313
102048,10763.168191126293
106484,12463.997678079922
105759,14468.713176286617
93589,27175.90405020812
99057,15623.219060892401
80757,12717.397386062195
89636,8867.183891239853
83495,6510.6730985659615
85277,11275.42161117013
91843,31925.106656548538
107118,29363.936059870124
100387,15725.117220937304
81885,26475.695323665383
105369,16241.132931990713
103588,7547.585193634983
89859,20587.14178323497
99533,10021.1594165576
107533,17640.2528395953
103667,7936.0103459380225
92303,24548.411400717683
98400,12594.233365525657
107283,11636.433495119547
77352,27116.59852226964
83662,16966.265632775358
79661,27646.118770149813
102007,11502.416592802372
97793,9999.977567271417
106968,20719.18250741192
91632,23651.66804279808
79763,31627.77196885123
84785,8045.342903677242
92155,17579.296858407513
76625,27777.31432704234
107370,9959.830219694959
87638,2020.9951376545887
96040,9226.591565887598
97299,14631.581867280256
81301,20443.731399346998
83192,16360.218103544215
105291,37860.010462256774
87135,12172.903161102768
75985,27979.976421854648
82125,7067.926908717362
87636,10619.05749313602
78783,27129.27320004948
78662,8813.70608115425
87134,15644.655421979409
89451,8789.567319785576
100098,14336.42532147637
88589,7152.389303544499
85831,15566.12469122928
101724,8831.976656392912
107345,21058.989410804264
88336,12397.214953589697
105588,11630.902034097042
95273,22002.90179165186
101163,9912.190211306272
77479,8255.410621641324
80339,22098.917401969466
86561,9883.442711122541
90365,14848.125760194327
78103,16102.351278398233
98617,7157.1846403987065
77621,33643.2190506902
91901,26542.34021328113
93087,22517.016974694983
82739,11474.376713750557
100953,7311.32719013355
80117,18578.306377789286
84174,11625.793292488113
106828,19287.403702537395
90803,19787.61106780446
85910,10849.002699771228
89576,7720.135346848355
106572,22756.631351235956
88570,22273.4324439112
95066,23685.107832060006
101114,6674.743165503154
90936,21485.881435546362
99197,7660.668024606604
106363,8398.188788942613
106495,11121.8507549418
77516,9884.69493874218
88093,6392.447683808457
95483,16563.637693967084
93513,54923.89655513936
102348,5136.67184425893
104779,10840.600985836796
90381,15518.773844454132
90866,15814.27705782841
76005,26708.018616740046
83160,17918.94548683986
105547,16756.960366551153
102598,11915.023694137966
104485,21309.300040955553
88186,10178.072633069569
100958,2790.2499675623167
93967,27391.601286346544
93296,20798.10171238963
102906,10740.645936591787
96380,16351.516994173513
93298,27467.620807174688
84722,14788.066899050427
76718,18494.928165046524
80056,25761.979727151596
78850,16627.535858251453
100715,9681.715557430545
97058,23766.671697908772
85906,11807.358860855797
102477,5547.148553602132
78624,47007.638603782994
104387,15654.64106795858
104252,9637.232171683921
94178,16532.786527003755
106337,24537.303593943077
105385,20150.84870348787
83119,6806.831507657425
76930,13932.05960552923
78083,25315.239376574653
97868,24097.218370667393
81081,4275.909589644409
102325,7947.978154364653
83604,12615.660136915238
107825,2467.574763672188
105577,24664.821090598678
107308,9919.19111737809
103876,13435.932896998103
97378,23114.69086931354
89508,11920.171535005828
86933,10195.827198435902
100033,10253.576023129597
84820,13811.41292494179
88884,10001.115668109145
105458,2855.466060257948
103164,8538.892883049626
101838,4233.840532694694
97811,27260.17201106994
93826,27414.463825430597
86364,5955.936148890938
95317,28944.803699874334
80613,15883.19124928231
78372,30844.57184955295
83283,15681.732711547273
93249,27274.42935388787
104303,23634.942046002936
87973,23096.80639085354
89997,5785.9748733995275
103013,4657.429539770572
85570,12457.99992770773
102979,-699.2677829396853
78598,7025.207402681488
101402,2565.4372172534113
87313,6999.9056147344745
95505,18767.13535446598
79319,22971.917051258682
95230,27546.221082186305
91808,18248.7455562249
98678,9337.632585349038
84270,9457.545352821999
84932,8304.728462622808
92433,19380.09314384328
95944,21496.756046518007
101180,15673.641937325156
82624,18255.65140900256
80920,24042.162261813475
99771,9528.226886855578
86425,18847.532396971386
92191,18681.82987561384
85940,10628.52743159547
97391,16191.175355129059
101341,5357.986637754364
76066,19380.389084999442
93226,25788.977968668285
108367,9581.136693356926
83144,9959.396492170103
82764,9820.749241549926
85112,16986.56374792908
97167,12313.262800190127
105808,8458.89882841675
108416,28384.52687171522
94695,31432.72468581061
100332,13519.085154390985
102829,5672.887339540064
83817,3468.378198855091
92304,26379.386660940167
104385,6289.535246268471
77858,26147.131460701734
104454,9437.912509386017
100292,15780.075663998181
88759,12479.163263796174
81746,16559.48731783193
98246,1677.7671842102282
96680,8201.71026240578
84163,9292.126399736102
98135,10733.061784797846
75975,27924.120332641978
92064,14145.215217620871
78732,21622.239713527062
99528,15456.057397890203
97651,9366.438159421703
88195,10317.588510805768
85398,15709.747994529695
105940,8923.058041090648
83822,7851.255180568387
79148,20579.110477410137
101011,17056.609219103448
91642,27492.42763844004
92277,27582.798155712553
78438,17301.715507230045
103126,7068.86336907781
90247,17055.691328482968
105738,15131.851079373155
91585,25594.04608908517
99313,3718.5219351718297
78484,12211.581932976565
91221,46376.43629938344
102068,18776.913592371748
103027,12415.89448226936
79594,38752.53753472592
78290,21364.38042726726
83059,11143.029328871587
94542,20823.867348524665
80450,16073.71122713078
86055,15024.801847847923
77128,19669.884448180725
78459,23766.062233272227
106614,7099.985801547244
100580,9893.884313915793
79200,20290.39908931315
90988,18691.787813550585
95354,48933.52788544566
95524,20474.420925121787
89514,21977.930085896907
100494,7523.706297839968
80365,29249.83459460913
100498,5580.197102408538
94820,22190.082034429706
95203,17400.514544784088
84845,14839.289662231735
103726,13603.880714642497
78164,9600.59842453154
85894,8156.532553263241
83974,10570.246356026686
100042,5965.4548924510345
82641,15173.761043034761
89331,10312.375550004446
104138,18615.6213205607
84136,16199.060025818537
93037,19206.588417619056
88791,10423.27924287801
102077,8756.671947102739
81882,19795.119780922112
98035,5904.74532132863
108194,20279.888824772053
101297,8189.503305017785
98938,13517.076670877137
98486,10686.874354500706
83293,9228.010562603391
96404,13419.684155284187
90115,15503.176533587226
100205,6314.717244066813
81271,17632.31743957311
99430,6845.173057426036
106622,18565.378377136753
80213,23004.46484213671
106624,18317.143828814922
89907,10232.469295776165
92178,16530.50353120216
94849,29779.224228590392
83585,6106.291655076433
85742,7144.600277034507
98510,13666.492501528393
95629,28586.06222134291
86114,11222.350539206844
104028,23307.468233858006
78862,14048.544366886037
100720,18786.879975318625
97302,5389.657930481117
76761,14213.186304946921
97918,23946.675003025863
95704,14866.573720980075
108116,37349.35732669516
101381,13012.65772374301
95542,17842.87980865112
89609,15001.419291287591
79374,12366.905204004313
97399,11793.206561511102
79350,13002.398380233615
101700,9055.350326074873
76556,18885.630396200613
85945,7606.800312826046
92706,23530.183553609117
98698,15346.112715791493
98683,15098.874481923358
95706,30298.24921280111
91170,27290.022770035255
89870,6804.062793007486
105665,23607.136315952062
76774,16660.167544151773
106996,11731.472769349279
100111,14578.884990167902
85146,10777.767135768172
87623,14314.327179229487
106125,15283.105893383632
81146,16349.555600090891
82472,14701.223169455174
106621,14184.746119374433
92229,24263.271542315153
100574,9415.016099860302
93325,22474.065935729403
88820,12396.73527929901
95448,27613.316233175115
94293,6958.589411953904
83682,15335.348712231636
82826,8690.02161255503
78729,18666.9761482019
82431,8375.891623540463
105701,26010.66073019502
90828,12274.432461789751
88782,18036.892085148684
90765,21068.781962404602
89779,15156.886969321196
93973,25352.072189250604
82915,10896.356359201494
107131,23432.96500221195
78143,33624.54505760299
101557,12490.018339809449
81060,21432.894572780322
88032,18330.063627299292
102913,9851.649189149197
84050,8002.932609673276
97797,13217.85244208635
99183,3596.406061790247
81588,23277.37927820789
89819,21706.647409214933
86947,12880.227920388286
107568,27428.881631189462
92085,16780.49957695604
101729,8449.847015689924
89417,14658.72856113857
89797,7975.683695482672
89349,11155.155909696983
86040,9746.477087360832
85454,10752.245891770004
78374,27335.641131303317
84084,15011.023213392029
88370,10847.094183512654
99555,22578.998306250774
91675,37612.72718209868
87112,8492.191119163315
96235,15071.398783022538
98203,6204.54136396779
77675,9055.671850197403
98775,6143.016998782015
81614,28278.56130181132
102391,11209.860646430967
77097,24231.74731687933
80494,25325.10141492704
91050,33714.453539406095
90412,5026.946262492938
106318,13161.64237148456
88976,17883.898054456367
95898,25887.949598882704
107839,23581.500871212862
83737,7508.462009091874
99929,12155.91954070906
85736,14743.11229908374
100856,13949.695771694393
85708,14344.504334578842
90131,9833.618662065484
94568,21409.25921204348
96466,26710.345986545082
100117,13116.964332195033
87585,2284.4976184994885
79106,11429.765357120821
80237,22394.95554051572
91302,26357.794413881657
83945,14234.176101891162
80650,22066.510911325036
95104,21218.080662058775
96677,3016.751333826507
100682,9650.334427380121
94464,20688.140096710093
89293,14080.64564346847
102107,5960.258306339118
92219,29061.219901056487
87853,16956.983530768364
95391,20655.97877395733
102232,9870.3687746247
83035,7771.30121572972
80636,9780.584940170487
105398,24316.68120525014
103291,14010.028488172531
78340,19167.805823104674
107130,11385.381457360678
85694,11162.415327713199
89901,5662.236024937101
101501,22195.126623360346
92797,33713.571539839846
90279,12110.273125614991
92115,26064.651489516007
105910,16206.068932542861
105226,17392.754240249044
94797,27390.56770330364
88857,14955.73943323454
91374,21101.682017284795
106841,18388.334864284025
90283,9181.914224808123
95421,25844.797593326606
102374,-2386.1501340478007
93581,23392.675622706232
77463,34056.677799258745
94949,22270.566551917167
79220,19695.239451166555
82822,20824.15005689746
107897,4401.2700172203895
77398,46962.62004981723
99943,17089.185775718484
101334,3585.5510241340835
78664,15638.738341132394
98917,24233.907181958923
98320,14158.02511728801
86414,12360.565498615691
106690,16736.306783430133
103656,13886.50025739831
82816,16263.530367425072
92595,19806.01490924265
89058,8256.631759168566
90981,30299.476727216774
84545,26763.345265561453
85121,10533.893229082714
86786,6629.999074474366
104318,8247.071361273403
101816,8820.386813821213
85525,6418.852595794295
79169,21456.729478343972
90473,6601.12874835826
76459,31190.91920964337
91881,20527.20612760025
76343,15984.000013955323
99475,907.4769345409295
76756,19156.79850457284
105158,7160.25543747196
82355,26133.774507532304
102382,8995.962090782648
102739,10032.194404892201
95595,28173.59815204835
92655,19652.553788124063
93230,20366.54391415141
92502,24205.120379750777
78020,13524.167784870313
76077,15988.086447016369
107845,6154.833151335064
94272,42135.81640187787
89239,16329.276991217846
81657,23170.208503396003
79605,19763.51481017298
92466,27090.642171506934
89062,22688.622573941648
91866,20214.752574586026
87629,-695.4714456149177
94495,17663.822856677874
108301,8893.76071970307
97893,12118.682483302444
88636,10746.987890416038
76642,13484.767926472403
97723,6034.223682856673
99689,9791.462175849067
98669,12146.664082247265
107547,25533.47367867132
107324,20928.775176208248
96837,3688.1126835729556
87607,12096.084278600785
77412,29276.94714742267
87012,12234.094864381022
106509,24988.175134905483
96290,15118.379306317522
98997,17837.162831817055
80784,14257.67271748218
79231,19375.309504473895
99071,9605.507881311412
95343,48864.82001575312
106067,22954.83902336743
99385,29337.243104061843
108247,27204.092041565993
92030,45775.16458372808
106907,15876.940283616752
83305,8781.256369210501
77537,9588.537900048115
94191,26725.18217716238
106218,10640.733751872673
90895,18290.308995762185
87733,12839.104381457164
85938,10391.27664557295
92778,18266.1466917073
104351,25489.33384551513
98023,29807.63301652897
100496,9874.206927453906
99703,20872.114073885703
97963,3678.100961624392
107514,13832.053667915856
90147,20074.368536860045
78976,20712.19379558842
87951,16832.274951308813
87689,20988.477218919
95720,31328.010784110564
81362,10049.287277810916
88028,7132.4828317013025
101241,13590.539996995914
77282,22339.309268958197
87318,11013.090381071957
95832,19103.83581498094
93146,23006.174085664927
105053,31243.161375216747
106782,24051.133987373498
95641,26363.216255938234
101467,9735.622313386622
78487,19482.734591499655
97221,8316.403069271899
88550,10887.744221129567
102969,12558.877838120381
91727,28974.07929443881
102790,8922.311934368572
90218,13114.07535883611
95243,45210.083090229375
101112,7614.789611243765
85231,10880.96981482092
108368,15944.148579743893
84764,4703.839383166873
104560,23142.117247340448
88854,7607.778791074467
96342,23682.567139520615
97363,11497.340328005928
87222,7694.7542895136285
85750,12289.06576086719
99457,9337.871867916825
105834,7039.197090336756
81230,13987.233688106904
89905,5372.190874378832
99107,12294.389129229454
97725,27823.250334828663
103383,7247.413716090132
101881,13642.768281115721
79274,31584.60870053112
106126,15934.794319021941
88014,6937.48045364839
81379,22948.006610051343
76685,10770.864818286653
81756,35399.34611978357
80382,23884.067410708372
87661,10018.167806146892
103160,17486.27151418378
81893,34004.04405374289
103538,11939.682898413732
101780,8845.762564283246
81384,19866.76866172657
106350,27219.330456769996
92907,21828.361426786945
99538,13822.492483133161
79214,17665.33366407339
101909,9803.77624110809
107864,14886.304208852218
100524,14215.341815076128
84466,12578.29332263371
105389,21399.79571933295
95621,18869.4125429078
85294,5556.435346767546
101831,9718.19805763779
104539,20766.794129286718
97418,23002.63563502491
84417,13521.993887045759
87082,6812.735718201833
90484,20114.210945467603
94455,17938.808144191597
88204,12285.290745967248
102964,14332.073240876867
83265,12150.522996032838
79644,26336.686472657544
103662,11763.227169809994
98160,18019.400470085107
86602,20886.765954429735
96773,17471.102733740758
106258,18180.796918690205
93161,24605.48543894454
84913,7392.383064228579
93566,26199.772866505933
99048,9403.494653664564
105009,17795.394841226887
78907,13605.02381795719
86767,11736.019329863966
91280,29002.59307242721
80284,9633.966734563848
90664,15390.481982226087
82570,10319.20676518121
97344,3254.638749836118
107585,15317.920268309244
88462,11496.001174886853
97190,5604.2598130460465
105578,6786.861189625077
100275,9108.184119690071
101818,336.30522286287123
96900,13193.729975452636
107149,20664.5024017279
92413,27187.564346662795
79385,31083.160952070666
86389,10722.80593512285
95212,23396.006167419237
76373,19050.0649038477
78959,25274.650132840165
88737,3982.1020332099324
92016,35215.111865099614
86224,21455.459919423934
82578,9325.603870163392
97155,9424.84541228805
107701,18884.10655533799
100516,5693.967188438184
100278,15672.316390924687
88637,15576.55153710877
82527,9407.727063220727
84753,7489.454152261731
103714,11432.644342755673
100322,12593.695925541602
86770,10723.980747715965
81754,28424.132459995024
88214,9577.072205128705
104113,12895.031353528942
104421,3382.6745111904875
97736,7252.685680786476
103535,6531.88801452553
83206,16470.772055190544
106330,9269.820278594078
102339,10862.850621930293
87709,12756.480657761735
76492,23356.1568283354
77728,19761.13005313551
80481,21039.059340553566
103158,10371.16012283472
88892,12178.560701071736
100388,14263.11129829525
92082,25573.184578861263
81236,26339.886356922514
77042,15132.887044019362
91157,24509.360479885232
84392,16479.007266404245
93436,25529.945021854335
106487,23150.068289198745
76638,12668.351620114387
100756,18590.145947528992
89769,5931.698593928595
107047,28620.04020813952
107482,11749.751647981682
77672,43004.0535243446
88137,11197.396235207047
94234,49946.205736432625
100690,3906.5707502536006
104730,18009.44005085977
80889,35620.32028162389
83038,5119.082300845901
78952,11722.080659174668
108324,17111.10109373266
89723,16003.998510984697
84963,7783.44240275908
82834,16629.120302103198
84141,11908.38632469243
94870,16683.295351326644
97980,20944.697365850538
84101,10697.514533342537
103187,6828.280112038265
89617,14029.806298612579
107178,7336.366521089541
92448,24679.013898459092
105739,11601.0134864631
94934,17274.349093616664
106422,7306.480353820856
84357,6728.492697667956
81219,16160.64305372613
96165,6841.921257873584
89437,7806.647562328271
107434,26696.14452507181
104751,13498.017970907422
79869,38187.57795060461
108255,20915.930787781515
93706,18488.521482997454
77694,25477.824660999075
106112,33107.842863199745
79750,23701.680126039304
92715,26231.253398410074
91183,22285.537422533467
104425,13400.293756942712
91695,14895.935769801958
107783,24484.712728678634
80023,25014.044847308654
106551,9935.87520896594
88253,25484.154230311844
89867,17066.65572900809
83678,17066.571680365276
105660,15397.412465086281
88202,8956.079002724595
95119,25732.503854494695
108260,14568.458723951286
83078,6480.181446211183
82345,22163.62495551037
83217,9628.513623099367
87850,10483.512481919342
81035,46522.95669944673
79575,30914.165128511595
91737,19802.58871856285
87829,15904.95967043755
83729,10185.702409241312
85611,15171.278969804302
98402,5640.412222845418
92385,15312.626978495073
86408,11560.846156558426
86059,19281.266766540903
95741,47194.70347191735
86739,6955.856436462891
78929,22967.55292591457
83842,6069.608038340904
87907,10725.60055686894
88079,14291.484368536232
85643,12756.6531037609
81382,17528.25250689683
83493,7609.572782134169
93460,32879.24734966389
80412,19914.238870919668
88171,7421.215720129943
99783,9911.51915985653
102777,10844.163581006262
80663,31214.75426331954
77531,11319.809502881608
86865,14551.660438794213
78461,20620.667008009943
107352,23936.15240395241
94120,13762.256231406536
79496,20247.54331538479
80515,31284.582424916996
91344,34456.22831145821
79373,32741.544796518392
96220,8500.234616422622
93246,45958.087533546575
106908,8751.898226599567
78245,30165.568916567656
94731,18776.604053221847
90402,6084.861876252731
76206,47529.40012861864
98559,11376.092319977484
88796,12622.292838099147
85816,17464.89664438107
92649,30068.165550221234
101935,7772.557062664733
105463,13638.454292647168
87365,7585.5851960853
95227,25924.435209588402
93234,13015.559344902054
85937,20112.936026900737
101266,9604.120438600796
99571,8823.11179462328
85700,3805.24432437392
107102,12341.468315989412
89204,5922.33477290894
107013,8609.134333051561
89174,12865.758643569841
105413,15213.31351343585
97676,6751.25137111571
97236,4303.829810467516
103159,15728.545556169345
86515,14343.147800156683
95748,18844.671635419305
103941,17442.61566313373
86393,11245.382915001894
100154,7258.464168258672
96775,15618.020879300424
85975,13318.500255788676
80620,18168.023083702865
91545,22739.178186325567
90512,8352.905876833223
98423,13311.98156588986
98191,10906.720335882752
92713,41654.16526236369
106242,19152.92485921976
96941,8465.05378945816
91711,15993.043455613197
93194,21955.145275723153
84431,18122.7730236801
106092,11175.370901838685
77699,9035.316781039095
107042,25425.303058834492
94581,41656.85032071809
94719,29112.55175677466
103203,9472.034725640204
90527,14480.107439680427
105553,9679.097251659376
86257,14542.385872517869
108539,7440.9092526673085
80580,20661.94691002275
100564,8087.365870067262
107330,18731.186871446916
91726,19425.346565132597
102084,13292.865731192382
87088,10829.30088505955
106757,28804.346907381445
77040,12840.689256165813
83253,10629.560667588416
87231,5537.629040752327
86913,4167.750274224187
100372,4951.527456429552
104194,29044.153425586133
91979,12318.83794503279
82139,13978.10116879396
82434,8856.080399441484
95418,27598.85634723235
76862,27128.92783473464
76939,12500.79862260848
86454,19228.005470762466
98632,25584.044075949972
77936,27856.58900613585
85823,10393.532999734489
88035,12756.912128150061
90469,4700.1397316580715
77882,25855.872287189006
91663,20057.640349424633
84326,19075.331324181796
107834,13515.27979534927
102220,15602.878398626137
105246,11238.67429239765
107828,22878.01061539339
78808,12024.57817718597
87428,13071.306037090992
83186,9098.733574823129
83578,12014.363471059034
76948,17986.423146642606
78241,16130.549802096599
79743,37019.84975583721
105523,5475.376207301577
90957,15873.54205660837
100382,9447.959980701915
76105,17989.67965954011
86104,10676.081555556535
101922,12127.513724422519
76554,18991.478782850227
106985,16834.244286338475
85689,12742.064040824298
85008,16614.270006192794
91965,17666.4345831134
76366,32359.96867925432
86191,9596.744744983393
99663,5263.223678133738
96285,8040.374063626616
104099,18265.68010347645
99056,10047.880624709253
84374,11075.931007354891
106354,23739.175854426583
93698,36701.298719194245
96634,5327.496673824824
84156,9147.796382229608
108084,23618.54673991247
87399,14138.839638107036
105466,24494.924565446716
80586,29446.262243243153
92580,11229.786069961003
101845,3970.2357814718634
84566,9542.1506906905
90141,6982.416077738251
108378,12291.49147799681
98277,-1627.5881899451215
95092,38365.54321878662
104064,24272.784100484103
107637,9004.353283395492
97365,16874.271811118015
96955,12887.782737049985
95760,16752.764313747524
95872,22365.235599910397
96240,15013.498970092416
88163,17644.037200264396
100611,17419.744617505534
78881,22333.8896952546
101061,9577.232783834308
107426,10858.93500769402
84044,12455.215732399603
104552,4514.6418658615075
94780,10304.35932665215
91863,48909.33084923086
100864,7298.568565838697
81237,16527.43906693436
82136,23524.743926081206
95905,15793.46445926418
106384,5932.664375453562
104293,21327.359854603248
81454,16801.808103667434
107302,25097.2734569331
104291,13713.190584677042
82868,18099.42597830472
97858,14738.671510319364
105855,14853.005095020913
93166,15809.106562348588
94741,26741.95393116677
90290,11985.680430168437
89573,5248.336439366158
78623,11897.183049199462
98815,9864.419006096734
108391,9392.776988980404
84762,10697.867558219164
91318,23042.85824592569
79163,16720.895546308155
95977,19508.729002876204
85867,9671.828845283768
88322,10106.004724951947
79623,22775.885683952205
98269,9118.492421889645
99650,11552.847547260617
107902,8902.099583418089
105941,10197.99631684638
81949,15347.01373799406
79343,27512.78861236033
107578,17996.236128230976
99489,3467.9407214115727
85577,22484.010131889132
96815,8951.288019995605
101625,18767.205862354924
77737,14768.905752275807
104092,27376.068067908775
100181,11978.515899911874
104928,5113.06370571082
98913,5293.985514984435
91602,28855.786980441684
83876,25291.983482762465
89307,8573.520294795842
94093,29053.2095694339
90665,5229.058788527276
89424,14574.366119633225
89966,16595.71082672301
87512,15635.481169143786
93925,18315.02613747474
92819,36323.97192792393
93100,28535.28416444696
84387,11489.467140260907
102337,10542.479643475355
96351,8636.338120211469
84790,12147.901305754893
82257,10921.495524586458
99957,18170.006431692716
88917,15096.782305474504
95068,31452.44731701436
84509,14489.073494163202
91624,26774.87055335075
97851,14701.206252924989
88699,13656.480486287313
100216,5498.714931399683
103752,16957.0289616946
86444,12912.135437007282
96692,14087.260089289504
99855,11951.00968740668
80299,31095.903874066928
106960,4921.953119148397
97471,19939.173249980828
84560,3448.018203665415
102670,8068.906753762823
89279,7735.436339143576
101965,13335.82162072025
97569,15052.142971672834
79614,26443.1637692258
91772,30057.85711239338
85007,12613.967305222366
106561,18987.713649669575
75994,25425.787282414385
79691,31316.44347839919
89364,18213.0111091648
78875,13651.006473037343
107066,26111.76632457546
81507,27155.39447361345
95249,20489.072058430003
87015,6320.549821454044
91324,15610.671282622323
76752,7323.977491246495
102171,10890.531964615238
101910,15287.151777292627
103619,12558.611808165599
100128,10531.619267996524
79404,24444.22651978553
93180,29282.19518477658
98208,14679.133316003868
79595,22733.654250342046
80232,26117.13060969169
80698,24543.93339982147
77442,9509.280180709677
89295,9613.141561285433
107982,4950.993430580314
104260,8206.231471697689
107081,5437.34080707658
84397,18279.031943080143
76341,9890.328098519596
105837,21724.141905244764
87758,16692.42792841209
89085,9821.954100430201
85464,5530.05487759264
108404,12597.157700187678
87357,7083.877577604388
96567,10690.112166326313
106723,2764.47341300311
102198,5204.307542606246
97673,12772.12083436061
94078,21688.290231969404
107507,8496.977182184777
97681,4482.618245411091
80033,8834.080592695595
86656,16293.960427636124
77797,16967.464604278674
107699,21202.801787048138
86945,9953.640579636402
105222,-1451.1949467426912
104904,13520.529962650151
79731,11060.410169719276
79205,32578.02755328462
94275,36097.21276731372
83219,12261.934780926491
93926,35581.70262184751
77804,21102.088064769316
84512,15872.150960525363
77215,11327.119296889863
95226,25514.052391427373
102992,3981.120239294678
98108,14522.515215670064
80629,14712.967665242486
98788,14364.290598043659
84971,12528.9092188139
97484,9683.205713029995
87887,11595.068076775891
104294,42536.33230115506
84316,7549.276048082064
105685,23029.910995959042
84866,2352.8771977752313
108412,16185.401073567835
83463,13771.67994029566
105005,22648.72868086091
94134,35804.142897072896
87832,7647.738168368345
106089,9578.078827525442
90745,4996.2848271933835
93579,12315.437824869829
77750,27557.849018279565
101618,2996.660996452654
101148,9531.800447842474
91084,18498.024477155086
87106,14981.016700053871
89045,8550.014866651467
100365,11217.551658449618
107100,19473.462225722516
89836,15938.542818286665
90463,15802.596287254817
95908,25135.38944748987
105700,5894.018896482992
93105,22245.276280236445
83244,16983.774739249875
97603,15219.656474119536
93616,26397.156144247467
94245,23224.119421394273
90752,16872.52961077971
99594,13765.734546092957
93068,32238.340224566164
88443,10439.543857308076
92592,22141.251420917248
99796,10708.854738262122
101588,4841.654841380385
89633,10417.527599514684
99577,18362.879560106576
97165,1715.5018671678172
95686,13337.775669533612
79266,25819.01081432488
76351,22331.175583137105
87457,9785.184596412106
90220,14019.205239687746
87855,5679.012056827518
79818,20268.54238517493
91024,20856.08372047803
97908,15347.387048101846
101556,8574.159650869151
89750,6432.0668868876255
107781,15273.323345642344
94151,11349.394616084339
103214,12161.90724715513
89012,5336.384400088713
80997,23093.365812004817
90002,16505.78040057736
88243,11917.204912476454
77631,18434.907175462766
76185,38940.41494506107
102767,13212.732116031422
96776,23578.74114041494
107630,7523.200715352884
97550,9769.874231080612
91871,15322.212256563012
84499,12636.259201516918
94523,25398.309439965233
95467,23695.607043863187
91735,19775.89748004588
89874,14726.221462559643
90168,8659.73296265952
76765,11675.081639856198
92590,25271.599221531484
100529,8499.072187362133
99330,2416.0637388246687
92566,29084.382110681603
85303,20387.251461848195
108401,9999.333148349533
107621,8465.342399053587
80471,18878.465182201606
85478,11222.244159720332
78386,22485.832526584545
105016,18709.606923843
76807,17579.610744656453
85036,3964.502926130279
85428,12553.163876778463
85783,8549.137996485972
88510,11204.243511142111
89262,24569.068490932303
89136,9906.113559907375
77193,53992.90379160773
88928,5485.528279987013
85930,16289.70374957085
93387,25586.584602524483
87348,9818.064818120645
106766,10652.32850485514
94358,18421.12357482093
81582,12290.255301847574
87880,10044.751355679324
80554,36219.26666354198
103295,14293.503606433052
86265,4901.53421789713
85650,5088.497643755494
78496,8971.5436345699
90155,3198.8152782400703
108366,15614.94906918414
95435,16251.267051690513
83433,18690.463117391868
97917,15414.820183466456
80755,17890.82582402671
106070,7217.762110794013
80354,17782.159416077375
98453,7444.778543112394
100106,12149.676329836278
90408,23678.299417495804
83615,15241.544286490816
82425,17877.032093094065
101993,13691.487476991811
94522,34779.320851467186
84782,11017.957972276386
108223,14913.027128029884
96160,9461.184273780425
98432,15671.495546981449
105363,8380.535613303931
100535,3422.9861106593016
86591,3951.821738902525
104667,20080.542700369493
90913,19350.5922301038
88935,15691.75212671893
104570,15321.177336993733
83610,12317.749661672964
92006,4290.8236312749705
86169,17869.14131653421
82827,5883.182059825025
86592,12434.310316483183
87212,9396.757089111943
97120,13207.358196538305
77359,16721.86535530124
104752,19185.832334653533
97296,-3178.615904384207
76528,22039.297376308008
94678,15255.252525413789
92677,19006.45323527198
79068,16523.839714828944
79258,12673.555917096965
85903,21307.288204322893
85139,15875.88713622098
93427,17168.908380135716
83820,8326.65615439762
77286,26191.469909672083
99210,4466.377687166381
87068,10549.65239255498
83423,4620.581632232979
104277,12961.56943845189
90679,15057.330988986401
87218,14992.399541913304
85604,6873.091486420439
81045,28459.177531126872
99525,9780.273123525156
102332,7442.353088089902
81248,21827.802806146334
94626,27203.128622666205
102031,1775.2474547725178
99240,20997.75547261925
104198,5386.931678997122
103296,-311.36366530255145
105530,20325.83492945703
77830,12874.456590780159
107707,38121.637345432864
99875,50438.098409506376
107727,8316.181340121757
86279,9764.36709874604
78738,17827.113028425552
77514,15471.64790581198
83235,10166.551302356487
96964,4678.596403159585
95157,23802.665040254462
84407,5904.56150031067
107930,15882.060705181691
100103,18711.26749182848
97895,14275.162135701567
96823,26400.888790809353
85448,9419.067053823324
99246,16753.70383687119
100586,17229.13751741512
84536,10377.189923829304
79744,14724.579916078288
89433,4727.079690492779
93466,19378.256617263476
80628,33626.95448032454
105144,27581.72714984527
87407,14282.20693598048
106295,25209.31194106578
84239,20257.23013671944
89362,11295.90049898377
85099,8436.951451368785
88071,4400.535693267584
87696,10032.375045130004
102512,7155.296412865117
95911,27691.916512702628
85069,4483.440592041623
77710,28565.439558605838
106234,16069.171079494725
96338,6643.115949224262
76534,29176.613986961238
91330,14331.276904200933
99229,14897.200787637543
79318,16267.591796210367
87465,14596.011398014529
85327,18250.74970348707
85601,16741.725486188774
84287,18893.514910291313
99523,11179.039276545904
85692,10224.376956926895
101573,5626.0816947424155
97295,8250.912129243818
106567,8593.565088562806
76031,7619.8341433002915
96219,23833.435483817295
103153,9559.507156484622
91126,27024.143752563417
106188,21880.45426464207
79174,11930.364125792692
102013,13117.645936065457
104603,14372.914685412376
94006,20062.265114710906
108326,13005.031878270678
78483,26777.95954129289
85801,13740.304878773868
93295,22391.320087822558
107744,17973.705791161352
100171,1983.288218349464
106558,7337.015839130767
100806,9910.086993904477
87732,13421.767339101236
96227,27099.816238299085
92111,22700.967391664806
86147,10403.346923584695
89519,16679.525089235816
95271,26840.451005504114
95264,27668.08257456067
102294,18750.3053691813
81966,14853.418160049741
103012,17682.747079189183
106989,10845.192057072827
96772,13561.539665223687
102972,8800.699266190995
96306,31537.541692751576
108418,25411.490831175637
78045,12800.423192929324
88095,21097.16430244431
107561,21289.319557023886
81795,8698.869560213301
106736,22725.129228832542
89308,20188.906799389566
92852,28575.481510835278
79486,14860.137710254898
102942,9362.219201086229
104342,13628.807821354198
92242,30063.38043881358
107000,14734.899594769578
101869,9601.489327654084
103744,7760.902657739989
92316,24085.155531494333
100386,9238.330996454644
93123,62722.482897492606
79755,58366.94389796165
103598,12192.660143188752
85309,14823.679694162716
99062,1964.0315825543694
106747,23957.150135175754
86675,14723.957693865177
78833,15738.212881031563
77194,17015.4672451986
100977,11198.965463576787
80837,22678.659526820138
89253,19210.351793745373
99368,12822.469820780032
82058,10602.320677139698
88519,14154.151673485854
91242,22360.45640469222
80897,25048.150710958835
80505,10958.386343243896
77645,26919.144793337782
100818,15609.696957607819
101021,11782.93112450025
80028,33630.17824817455
105669,18459.118966797818
105092,732.3908570637759
85973,10516.47149859053
101110,18779.620153826574
87926,20735.532777842487
102411,18409.91952685357
86210,11038.200978562918
106999,11352.127810874827
86228,14337.60021400461
89278,12918.069930931613
85460,14532.835209107201
100527,233.304070048398
88852,8127.230496356178
105762,19917.03889046368
100149,18992.55863210144
80290,16499.704175764313
85953,5559.729154336745
81492,15914.634536218638
76831,15268.601321936061
106123,17351.799468740188
81945,31381.634958373696
96796,14272.824540868283
83848,16365.693907206638
76568,20393.71617221347
84777,5267.39550518105
85159,11909.29446457951
86943,10344.321242937112
85719,11230.66124231484
90325,4084.3053997035677
102061,10325.043888800696
77924,20793.542089800107
85093,7710.9324780225725
101892,18073.154911512673
100848,11547.276504617226
98725,26591.035316905327
83883,5670.6765808792425
90754,7132.447648804074
83803,9102.456174727024
78486,10776.787183257533
82705,9458.983637555715
81532,28385.93879222613
108285,29657.02661780756
83833,12033.853125202211
98263,21607.50888649829
87000,13019.259587505221
80673,24924.205284169915
78206,28110.48209933244
105718,6017.054330995235
93533,24384.79318474671
92133,27302.242278542064
91065,23111.893593985184
87899,22229.864404386524
98017,21451.608989461405
99570,7311.255379697954
85188,18662.277149077643
101319,6342.510187728074
100142,10631.866450950414
100019,5940.906942791562
96598,13468.401412690824
81397,23335.753821362126
89238,21962.812944852172
95758,20899.118519103642
91540,15315.435084178025
88474,6840.005069681494
83465,11336.24273114929
103092,8263.993003662636
84968,13846.376427085495
77523,21019.61560934395
93366,40341.08632919012
90815,15963.644422869098
86902,9950.996459882588
98479,3108.557208229906
81068,29678.631519991264
93005,11663.393996404353
79216,30814.95907358407
87027,10931.899470410133
97332,13817.075676098058
76700,28931.970909843894
92098,25589.892840940833
90564,14738.335422827067
85106,17994.239230013947
107907,21853.340248160886
84142,5221.423412376207
76304,28097.94858548998
83000,11041.911167585205
89782,12809.469705208128
76184,728.9827719243622
107539,8892.063955841335
78236,28798.093056183432
82316,21723.568967460546
106526,9801.413519659829
94138,21329.77124441995
87340,15833.647791517415
79516,17563.058327065493
77411,26242.417839883485
86680,8076.084599531036
95225,17466.53391336114
92224,29611.246874188884
94791,15171.528252938215
102989,9664.771756703634
80765,16184.306953575087
85393,22174.94814004689
104860,19800.665920579617
102484,15275.492203266454
103672,9726.769056524407
82448,14043.968583582948
85479,7949.88317918217
94775,27851.155706618723
98729,22306.86341149656
76893,19709.760264171615
88144,9644.88193329933
92369,14718.820450613666
80841,22184.305609674804
76791,18297.091170355743
91845,18263.964000133117
86949,10744.423104633905
103913,18685.918093097334
85869,9592.101808756528
76426,15002.925306036524
85214,21760.46242759799
95332,25796.92500986982
85821,15261.283884416236
79430,20596.39107541009
104573,9321.814013623498
105788,16109.75667544623
104867,12861.497865732661
106367,23250.866290261463
108241,18933.177365431548
76913,31642.706249985647
78712,36024.429950802485
87769,9669.669005660406
80169,19433.17772448891
102028,8926.747503514176
102001,12380.3156457935
107798,38023.009427339086
80044,42401.18986928715
93757,17928.080318790668
104233,23603.17573380196
84195,9901.05648760147
84096,8791.226519975897
82336,17723.728526442574
90423,21060.80714662195
81769,18975.126121285997
79650,14249.327196800761
84837,20966.91220469492
106303,10822.214733163277
98551,27890.434651839707
100452,14316.277384745908
81161,22600.74764479131
101116,7495.685908495564
93465,17286.534040080627
92749,46505.72605964879
86281,18355.917148567714
95586,11391.253301120345
78235,20300.68316802783
102754,6861.212095717623
100017,8917.326536076147
102637,14390.57267376204
98192,12506.605918360134
96683,20306.05782301058
103968,14267.28665614759
89159,22050.011488939155
77752,15917.258889845683
78526,22889.593467880284
108387,23422.698638639173
78659,26684.60109224416
77013,23450.346816618632
106480,16029.717307199833
93920,27335.33121886992
92912,22247.979522200883
79044,50540.269207439116
96831,2551.3540704295992
83502,8288.999823698226
99420,2170.4095257384943
93785,11692.523645460866
83739,19808.73617772234
87018,21115.344408712233
93773,27090.622860819465
101674,8742.825853336457
91655,26746.527560926363
104412,1054.6374749642073
91636,25976.690359045293
91101,19069.613090613904
102437,10647.391910008511
96958,13186.811798897394
83934,11448.322124078499
83372,18940.56331218515
107296,15239.36287674612
104909,20788.50268107564
103886,8930.591124950837
98858,12252.36919086181
86276,10399.01995294587
98148,10474.725596663235
107294,24775.141512989925
81812,33164.88542050393
77997,18637.519651100913
104626,11487.048679859821
102424,9575.404623836499
84992,16395.67265324449
86867,3301.6121974076177
93370,23838.956107410326
90804,19060.574329859373
76001,9641.79982433312
85691,10512.844891255241
76328,38834.01284979673
79143,14014.564596888957
91356,16527.375020157022
93553,20487.47474914156
93673,19930.587657559503
108239,7024.262456750195
99923,8325.737554990837
81616,31755.151363457575
94433,26325.25557095965
99985,16082.129778835182
79648,31149.602845186408
91423,35417.45648957355
96581,13275.521849614424
93321,49288.605146340175
89736,14951.476118898638
82722,6930.922146011317
76093,33073.802206182445
82767,12350.826132123317
101615,18774.77159426238
96585,9504.381800593233
81552,18528.926600247505
89656,18613.740858713903
76301,13955.844457671412
80683,34986.411754423934
95638,15467.88502844338
78343,17633.679235955376
81495,26442.73365117581
78517,11470.04173199224
91764,18561.160503230083
87050,22303.37185125916
102877,17741.678402920646
86844,10785.152540874376
94535,14579.511997768488
80871,11304.366448235734
81126,9178.63846733039
77182,17928.87305243054
89335,15930.06826312749
99612,9332.610607081751
89041,10045.773104090575
104165,15712.744179479543
79096,22882.64239504412
76051,22254.78766262186
99599,14550.49005262355
107763,22491.35318500467
106646,13723.586943118718
88985,15951.53529775803
107109,23792.749064095806
85110,16153.141764859516
96907,14863.19359786648
106806,15322.053990687573
105409,7600.266980606437
105449,19540.51825605596
104042,22704.973862463467
101299,9852.014657107082
102434,18865.843104177242
96363,7577.414722718748
93918,16284.22055196613
80842,42122.33327818646
91578,21889.54958890177
90458,25405.109329270843
82186,19862.321222726343
99767,5415.234251272848
96898,30022.142898060163
77755,21098.196026509377
82958,12973.752639191418
89248,7096.551333970734
93452,12444.147821969758
81517,9686.552611477351
77919,23031.30406928868
97110,14154.01745144387
107317,8171.417808404256
106102,8495.507576767217
93034,26813.897123925824
103446,9844.27509978197
82762,25306.117550079485
77365,21968.546752475468
86634,14851.93143709081
93109,34635.85799343794
96094,2454.8714992560544
108191,15966.869543571891
82667,9502.698204738259
87953,12373.089303874254
79188,28579.113411973136
84962,10385.363592755277
88377,10367.083682971914
85942,11849.478191213362
88278,11270.849799511929
77743,19619.86531093934
98341,10269.973993608732
101197,4175.355992616112
102838,12722.361854351948
86885,8833.628046227403
87648,13734.91199271652
78995,17804.613154926745
81374,22976.07348323689
83829,10057.435115840137
86073,12171.286096773252
82848,10425.091764951612
101727,16561.22537656584
89929,7727.30134478035
108534,14677.365088177196
80592,26597.11115922915
96292,13725.654755903703
102569,12158.757593045717
84692,16396.104158016038
84531,8576.648265395039
100173,7642.442725880417
90263,12472.987405178432
88489,10966.831488521744
83941,22214.364206995946
96621,13282.594533167812
88427,11401.025319448458
86625,13872.406568092756
82798,13556.05444338667
86084,8218.440514418911
93058,26400.50888326201
98527,9336.65636081046
99786,13348.41886066901
84132,7692.7180437474635
101160,3716.101203918821
80396,35110.001678064196
88132,14602.551256970008
82835,18468.935453835726
82959,12461.552888501115
97225,20585.120477852935
85463,15093.875705277456
96733,8355.526390505735
91820,12482.096103752778
105870,30271.981555787068
83255,16273.006481181346
78899,19235.058767511648
99812,9932.154430151124
85798,11060.447804922193
85452,10867.013768355377
84706,19238.047207397292
104289,23580.954296638745
94785,15043.655123018323
96707,8988.470520050183
92847,20649.9599640339
96054,10207.795127377114
77986,37604.8472843905
103435,7561.874839560384
97008,13674.244747521541
81650,28517.43957136108
76920,22275.549011293257
100479,13291.69383630286
78120,10018.6938808374
84761,5999.510579598049
95062,23367.265153915672
83102,5384.149249688149
103872,5782.59973611032
103816,9549.391530162286
85672,7171.879747544471
102125,11785.599630043536
86928,19945.700492240016
82814,14688.095758694388
93167,27474.440922250185
97674,5467.650368760118
107400,25738.706801517485
92669,14673.372625870203
78046,26422.589542254424
85703,13480.427143194609
104265,21043.433147816664
107786,16532.9438646239
83707,16542.04659294606
76858,24071.962775453518
94147,25105.600578007732
87307,18133.85699222364
90594,22377.66058031964
91305,27497.923691028147
83302,11354.835017393125
86173,15878.100394450084
95811,22999.633683899803
79868,15648.188159821488
105265,14885.196262944497
107009,8939.96959367905
107281,20420.00460143141
98848,14978.550931141564
84222,14985.98495295904
98808,23672.059270245045
94002,27899.69029060771
83985,18049.030377883628
107772,14422.052682094276
86564,12243.884788000982
105241,17891.40359066536
101060,8370.00493933238
104362,27280.745080521177
77441,16847.749408088068
92827,28902.45592254975
86523,15671.49480636258
78695,26045.148335513753
81392,27425.54999059036
104823,25465.020241288243
93521,36753.016739208746
107098,14239.459612577137
106011,25451.616863017523
97032,3712.6239193727833
88646,9785.173117865468
82014,26505.224949235664
88034,12505.642031900312
90561,13031.967541811842
107888,11985.383733808367
106249,12028.768691304222
94608,22259.752764294717
78134,16836.541489239844
92898,31370.351638467386
97031,12526.088532982481
85220,12747.48874721742
104973,20380.681801202532
104081,9729.960628901183
89865,5038.296333597713
91706,11165.155075191893
86089,14552.281718445622
98736,18403.49959750365
83238,11361.086668571992
104237,29976.35132621911
106990,7167.948060825733
93432,24479.706131591116
85280,16714.923323358595
79909,18629.450117146876
87698,12113.600341561007
106059,26974.71709681219
91016,15460.57250960054
80180,19092.432641092964
90006,10461.853076442389
78122,24099.64651742571
99672,5792.95811710011
102297,13525.841395164985
76047,10730.175234416616
106296,16285.739760087094
79989,31117.31310923463
100843,3122.536137408535
89014,20389.714617268437
90568,22779.039297937343
79905,20914.663530248745
90643,11561.351097641225
100729,9051.233779530477
97084,9084.482055417388
100984,12808.660975812265
91475,26546.699347422866
105531,13988.754905631133
78482,11895.558355977024
83254,16627.457385737798
85217,10927.279259799521
102974,12001.17474598304
80040,25451.605335629716
96077,13803.053570605302
89073,7417.528588171044
79118,24976.421825947138
107565,9376.394348363909
93486,21661.136562036743
84670,19387.656507335327
81104,18809.481740464773
97867,16151.651800116375
92897,15654.110940913903
96592,16208.054595395155
97864,12780.98188334335
83369,7248.346369952352
100471,10145.65724499907
87533,11002.07395398084
93111,18375.515097931362
99979,12116.605703551184
103340,14072.073513269836
104434,14572.960423685503
78515,19630.9511626826
82046,43297.90889655074
100572,14482.291893122241
96382,13385.116575447088
97575,7927.570108814822
76210,23891.824109373163
96628,13171.659719851446
98232,12025.610588662086
92457,28394.486188000963
103665,13874.99148151536
107838,14875.10915817572
81165,16612.252315188034
97719,24256.936782893157
80739,18744.232244355775
77593,12980.058119612513
84766,13434.47863818266
97274,11225.350398084389
77281,11446.48013644641
90347,4864.463567735869
77555,19990.164177436618
103246,8964.826281625923
78404,24361.875212846324
107745,24594.692763141604
77017,12583.993580250879
107995,17285.70600204582
80982,22492.46310451971
93844,48517.378797207195
83606,12917.404130110477
86904,10749.671220924722
102616,10848.954471078427
81768,30659.536973472437
81464,16276.125665503143
103309,9807.632267565536
92975,26470.25850599268
96156,15586.717585488448
87770,10324.986411845486
99632,18930.265391296834
89924,8200.140318611393
77573,20264.889149370927
102968,15706.044915725372
77822,21182.500551949306
77725,9978.912698965185
100787,10313.863489734844
78013,31711.684736108407
94440,22275.19113315573
83938,25354.829816972917
81204,20602.288414853887
76519,33573.343677478806
82172,34362.67887743178
103592,4476.4213685494215
102003,6746.028089479836
104259,17111.865395443267
81120,21776.905970347063
106207,9255.2452588599
86710,8161.601303350273
94024,51313.55803601027
88164,15085.021551781596
86667,13643.63356490525
98371,14078.699361519708
102344,15640.047403175533
83142,9896.331940078366
92532,25678.158585572004
98345,8376.056008223777
94565,17832.38261767674
106223,12250.073066908339
104831,26780.46838433286
96144,5526.130137682529
106634,12641.505709492376
90623,5342.588194582497
91275,28249.487099547972
91547,19713.627957702476
86390,9402.115879169025
101986,7254.6243487008405
102994,6569.723812454327
85291,11000.069197509674
97430,13964.04392505912
106209,17431.74836896486
94798,53560.06280137759
104565,6218.14749364045
93679,16616.98312934591
93960,28938.50768325394
90063,4451.22038598886
80038,29707.62205370069
106513,15977.328490003256
77267,25897.78462886164
91539,26702.178660811667
77973,37188.88940064165
95999,13127.53005902328
78036,24083.13384890736
106191,10177.34350625069
77480,13276.363807476911
82656,7691.070296493415
93916,18056.351623779537
95975,22005.493151233437
81550,14627.923176457445
103221,10733.53710804372
84062,13613.253390742182
81584,12106.397629133959
99564,13379.445366563112
100276,9575.27727028848
81308,18096.444294647757
85519,12056.246660567695
80114,19671.669580470912
83911,12985.965504737422
101879,9584.683378681511
106626,10585.359994986473
89009,11820.597069937725
81989,23298.59898130705
88197,9968.392494027157
93592,29193.485818441113
103290,10194.136757037239
96988,9928.538881919134
106777,23761.908249368465
88922,28815.468109166955
78224,16735.456191762816
79643,55658.82905692034
100066,13995.65763974528
99132,6020.703142804798
100610,6709.79440630952
89409,10570.225489478573
105675,21415.093311751436
93304,27214.89126336357
87662,9907.378142419067
99433,6016.104363364349
100011,10573.209068292143
95327,26768.54706201632
90169,13200.439391522195
103978,10907.998384064576
95238,26312.003652221265
96242,11783.456825753095
107917,11647.414435246801
92639,20841.776061835655
88936,21527.192274099518
102923,13755.008770778837
87883,13515.884865714246
82670,18100.837222998376
104229,26423.525550418988
82031,23529.5412200111
94197,22085.413293379388
93921,20063.13914122441
96030,24010.476366031406
106335,4139.314045323608
80671,17337.036608312275
86723,24872.373170113897
79293,28753.67937417529
97549,20528.66033072785
91837,21461.665898205683
86437,20359.310160631314
107577,24917.118348288815
88419,9093.593044470097
80746,44189.11065251066
82548,16651.92213483973
102711,12177.25717282341
80682,20618.3326854428
93204,28674.38524992013
99582,17315.71160672288
93195,34423.38742544988
89626,26534.34221306815
84713,4662.589018909637
103182,17098.8371578668
96954,25718.813693947126
81758,16354.217233155256
91938,16732.08612626494
92961,15025.082410773191
89533,18516.02002016741
86243,14325.618527867382
104482,20247.922226534785
83198,9029.052812964801
78284,13236.885843251943
101133,11261.44790860215
94339,25251.818159108043
88631,8913.721182469228
84364,12322.130239577218
104341,14675.923177502147
84650,10140.618593896204
91140,25498.312133299718
88889,12307.12600894436
98085,8913.02128518545
78796,17042.377591450575
80524,31308.160236855358
81309,5437.841630000232
87410,15704.601726920882
96810,-5314.603542274517
89982,15350.968097565401
87326,9157.44487789186
79722,18529.223077098297
86367,10439.578173617381
105368,24118.85557390236
92505,25555.722108143404
103000,15242.041372603035
85052,10625.188428860847
76497,46881.514867101956
105312,19684.68669693453
89705,14545.098961878477
104999,28262.653435902157
107876,26551.33741421537
76095,21192.552188660644
96723,18200.140866730195
91593,29395.56372377789
85772,22045.436380638854
107199,8626.912097443956
78256,47063.03725997758
78275,27422.833717867416
87582,18015.709779390367
104231,12335.154076438956
90265,11953.602969967753
81793,17537.562445326326
90526,15303.038828913956
99086,4319.101246633671
92743,30671.33575885856
95412,15220.61897702031
91146,26289.638392766523
95923,22295.81172931856
76021,20960.533136311697
92858,15963.714336468762
90984,33973.089510415804
79158,16769.30777166253
90318,15260.95567546241
91747,19890.638901382874
96641,8906.3934265139
76202,15712.645212654164
101040,14317.016673365153
78797,29020.319137816172
84745,16969.05246260135
76942,12881.406814896136
78980,26979.99842230807
96662,13905.029962403996
107813,28670.973156464446
93431,23616.94246410235
86915,12311.889993045317
105102,26520.96260944643
104447,18987.59527736119
83183,11967.888427052354
78917,13790.439306105949
99336,4311.669994377708
86883,11115.986136093336
104155,8370.681880461747
89989,14566.59314385139
80406,33211.76476531214
103151,15266.473392971551
101077,9951.062061740722
80134,20172.93416651037
79090,26404.643207701338
93482,48534.38231437386
87205,14584.424368006614
81295,38026.55639918899
89726,8992.865657916538
107842,7784.276544461534
100351,9210.435150124915
78392,15232.296989084796
106503,12851.820431153446
103982,7340.432791892286
89276,6608.607573501287
83143,12570.797179778983
106521,20984.7391081174
100841,10160.639368087208
76990,7424.891735792693
108466,20084.954739268083
94285,23420.918274354466
76323,18910.108534001887
90868,20924.32291937094
100631,11272.11166228441
76196,11580.869821384145
98387,16927.537422654386
107494,8565.06058267549
107439,13563.638493868599
101458,18862.119841156506
78473,15363.009109972294
107016,16650.566710201918
102109,7834.09508439754
76537,11386.761179520066
106523,20276.8178724372
86340,10472.330032041054
102486,14009.457616335661
98993,23381.11296085884
79358,9250.193778497927
79906,8718.436673729042
83932,5470.792330002723
95064,9853.513053234656
108339,17558.6793597588
90489,13746.014196195545
107984,22997.243398048948
108096,26769.815586387045
98313,5834.917380841345
79508,18083.197139225857
94289,25917.198348057536
104393,14574.366281683264
108220,8493.883679364957
104795,14716.522284121133
93178,20977.564840164552
106079,37841.01198772725
89584,6823.657845451407
102435,6137.4368103883335
91967,50007.18025429125
107618,18584.670244644294
86862,5326.862943497044
87991,9007.249462033284
83618,16892.885234275454
90089,14073.382915293776
90681,15667.334226810959
85562,10874.725611142163
102934,7120.586173143549
78806,29867.48415412347
104615,27909.017932035735
101221,11781.329029648836
107067,28941.232315522495
101807,16561.166754071433
85952,15844.38392851169
99387,29550.155267006652
106135,13532.72530268985
90522,11504.478702330402
80068,24209.12270396197
95046,31080.23648811563
93546,25960.834259095984
97202,23358.483868334915
97567,-1119.2892253090486
79963,25130.433047405924
84033,17786.410900341827
86538,20545.219244635107
104104,29810.36658854742
98033,3238.384655101323
91989,28367.147799793755
102114,17396.163388801513
102507,9303.028916516721
104663,18221.86568409234
90772,5503.181290218257
102250,6550.616129465725
78758,16304.352490373698
101421,13478.648934096243
86744,11422.41874000775
98916,8161.699145230879
86659,20421.885237191094
79853,30981.55664427086
102463,8193.772364456718
103827,11299.041578798438
106662,24079.97052479382
97291,7510.931245296959
108516,9237.602906267253
101211,7150.289325219688
94947,17821.52331867723
87948,12733.498370000132
83719,20710.51859911553
105186,8820.378804467218
97592,21194.7628373014
79918,33505.239903567424
78137,11841.582448608293
78859,13417.517366309894
86082,10042.895849619461
96316,11438.185594463077
80327,9096.595175651319
81639,11008.73221876201
76145,28585.57075116365
76612,28508.957149218513
99606,20025.462530302444
101120,7842.240441347795
98540,8110.610422807739
99667,5651.06368654196
81038,36258.40198951315
77521,16716.616462626724
83408,5563.09994593579
86905,7531.560371942702
85997,7685.678914892638
77009,21309.69906500913
103958,14249.068561153763
90392,7154.276098696281
94800,14937.099111816686
84391,5992.742932692476
94843,21938.811037786745
85555,16441.236029600495
101453,6897.930215575543
86686,8333.867795377348
101665,9945.12937817974
101044,-470.18684219192437
84230,8139.816094105189
88440,12465.685742889606
103253,6520.569958307378
102847,13131.40230967198
94381,36591.53196303966
94229,26163.807055897527
76327,34345.67986369611
97717,21150.413134006063
101291,12867.960546399543
81877,13828.783473285275
88927,3646.4033393745885
77137,26753.18031397886
105325,7499.707558698696
79368,50310.507370738116
90769,16337.289079952781
101376,14856.592103931704
88733,10728.081097556918
104519,13745.62069144919
79100,12796.968439836099
85667,13880.908840101183
91111,26958.87648374214
84474,16607.611464556787
102166,5282.1113471103
96711,14727.905543208448
103102,7322.517429623431
102519,1610.580049589913
92508,19217.872780462156
79560,24817.851753812552
79530,22373.90368442779
103272,6445.150753438305
86935,8926.038975519867
88977,17349.602824217633
92681,18407.15595888194
91978,14270.675348433935
81144,21680.10599988416
98005,14095.800458284044
82716,11734.227162244868
83371,7673.565383483283
95566,20580.997264578033
87240,9086.647480598705
105593,17866.166891059336
85457,10332.896155194505
89803,7454.942779111319
107934,2016.0207643503727
94736,32134.64814608724
92865,18570.17420900786
89863,14486.92314616965
101109,9669.588525866046
100755,7748.315131398431
99015,20871.214444573372
98439,6925.154280256096
84150,8676.241896482503
87593,13521.091023535988
83830,8476.919214129446
96778,13750.416015879442
93458,35266.530049102665
103141,8021.437188510767
78576,17296.818925475345
84582,5961.373158922712
84034,15352.183041999626
79223,33760.10287487324
88574,15090.965561145129
95914,19532.662330519295
91830,22487.000035475976
76682,19138.3945362538
76091,22116.008771391836
86187,10506.354311085732
80571,24224.495641850117
78015,20578.953184433056
83392,12366.37208864987
82103,14792.27032912302
93859,25479.471326252562
76290,4970.1160459380735
86539,2560.446792031651
81288,17895.145405068874
103599,7563.005427631575
90430,10999.417291641097
89392,12001.423039074003
98963,-7227.834608856998
88846,13900.291864456662
90966,37404.64622521184
97360,5302.67984930216
82496,9522.617813005874
96630,14928.771101821374
81712,16328.944793047676
105871,15452.74789289738
90926,15046.51514472894
81443,19403.07725401787
98173,16315.781117905879
90309,3102.489563002722
92444,20946.417736738855
80136,17361.9143915237
95739,16724.60762893856
89153,21640.920923217644
76376,13576.950625061716
80884,14732.607017133541
87395,16495.23961375173
85338,5666.715767933825
103345,8875.341503955548
82351,12016.232745956262
94598,27827.860898480656
103500,9092.297654380705
90717,5856.928263529913
79512,16137.058709630563
82283,21538.402836001333
85192,1126.7363723408562
81490,14909.991655038133
94793,21348.638337454177
97046,17813.25958465867
78567,31554.32052394798
106928,10724.95506372221
102478,8672.382411948327
99213,6840.009392099744
101949,4383.305824073921
102151,3550.465559440183
82627,10904.43411873535
90239,7386.6672907654065
91840,25821.677779469148
93782,36554.33188356536
97384,13404.981890307286
108322,13901.290555678674
97638,2082.4760462554623
101508,16139.824429681008
77475,26879.739024054055
106194,39495.91881610369
76651,21202.084075667874
104133,24914.296236247697
99030,8596.137697508182
81824,18881.98357096985
83167,21914.41427575602
92274,23335.915576406427
86068,9218.517086540807
78912,15126.589498532847
88363,9625.087353468596
97410,10377.541951620355
77823,22757.019284190705
98879,14624.953897094914
77043,11427.562976269239
93902,21401.770848391126
82757,12320.749470050569
90417,21318.04486972496
86645,17395.29227921528
105708,25760.494428377227
79365,20983.345925581638
93456,25899.380262864008
104676,13652.845105494176
92775,22575.881876943065
103789,10372.027983322623
98176,1586.4406086404924
101278,8492.050739959874
86112,16781.400983591786
90579,20970.275634170015
102615,5370.7414176867605
97093,26003.983890264804
84373,8068.681834237419
97755,13241.43347697487
100097,14046.323692493605
80866,24386.811899930522
84693,14973.22881673563
103077,7310.128855518209
93079,49640.08750426824
97533,25100.840497530786
94217,14882.540191562874
106019,23913.49344751147
107836,15978.661479593839
84471,12405.40895379167
94600,24748.09796200267
94349,17474.989952462845
95132,27497.58824126835
104772,23690.985445069084
92560,15973.979675643226
101638,7833.532379834843
100523,5598.213273866411
82090,10593.923504648888
95816,18874.181442874586
88689,16636.4695026772
82540,6747.532592238122
81643,12348.76548019378
104880,14658.026283870586
84922,22124.57990111181
97849,7567.891722337826
107366,10617.919862997978
89303,15503.741893102417
76547,34236.47136029215
105055,23322.62365658432
104312,8055.5912413228925
106500,29054.82152667549
91096,15056.991004092122
92671,20973.337804760136
95982,22259.175803430786
105012,5780.194449845247
108232,28704.86785113278
84668,12217.355995046735
104903,17045.9291821041
86487,8546.681268832805
102860,1936.3557177325056
93205,10665.641131327362
78221,19093.628216497258
91931,34215.58223301524
81589,14797.596081525873
106873,17920.06831584436
89482,14596.486136332207
98459,11333.392922651277
97660,7137.285944585663
96409,13948.224737497492
101480,2757.510610265712
105862,24.01857012275468
90363,9839.219755506052
96433,11287.37361211304
76970,18762.78832225321
96689,24965.18854545938
88899,10995.087079656398
87559,12641.04875637349
92908,26624.80549838272
105211,10191.945070595451
96729,7778.808802839676
95854,22659.952110896185
93767,18487.994329911166
90545,12104.872319499624
84005,7623.594554238648
77380,23517.45348152498
105877,9596.61586945656
104706,25139.02002661124
89994,8028.028459300892
90227,12422.203802369233
89814,15711.315254818204
102539,1946.0664709217108
87753,12297.384502341587
102038,12290.236009007795
76666,18215.595452786732
86698,4790.60011848344
97368,7174.175123881183
79416,24166.747920445938
85147,16249.295386305994
80148,23874.99213566118
96579,13424.488238835245
89817,9220.333496714531
86431,9000.45938492101
103566,-1759.9054648543151
89355,7740.51669841852
97349,7339.8337265477385
92618,21902.327136792497
98595,16991.119795602073
87502,11550.650436567812
107954,12062.180400425288
81470,30865.63879610844
79848,26678.92207919623
96373,9542.622210145535
79599,24421.28443364925
101454,9817.666094423068
92802,25322.335204179148
82725,6013.178304234418
81084,30819.841275639563
90130,12744.344095259039
91985,12796.94558976715
79528,15655.105283437439
86359,15558.57940759191
95724,22772.806957406017
102527,7443.524702340901
87032,23428.48750371542
78499,10740.693818981923
107980,26133.857463415487
91005,37073.22505112828
100196,18237.383821953743
102797,4920.244503675918
77141,19132.499982632242
92109,37888.49320198605
96501,18108.107990768043
83865,10303.300392488018
79122,27856.60738825079
87979,16598.12969453951
93237,28307.836002878852
99104,12873.767518572762
95095,21078.70146670268
89412,10078.66081869547
77440,13143.927481191651
84127,5227.400792275503
103842,14115.864289764888
89806,521.6700166391311
98894,8058.189810678463
88126,8989.712660769961
92809,17690.300352580154
106076,11536.455081513446
80110,24085.716954265343
95396,19542.172561891406
103003,13822.845259797237
80123,24602.049047044347
82441,10833.779280628496
89990,20239.519461040793
92936,24249.079161533118
82544,7118.630470513702
91339,37112.709368538905
103929,14003.804786217963
102389,12512.069324115175
91128,27496.42838198487
89752,6200.152145550115
76840,11268.49490611722
96514,12457.91913212788
98706,16858.75759689223
107602,12690.819131101336
103844,13508.335293375663
76375,18223.880179808224
80401,15981.712036557756
79030,19919.177239892746
105766,8637.941757582692
83033,21188.60134418442
92521,14421.011165698405
90836,11968.056102227494
99168,7605.812582901262
86363,10564.194648976027
87320,17860.109240083937
88185,8825.270765735007
79290,22100.75087763018
88091,11190.282418244828
83838,2977.510061798379
88099,7125.581111906686
82824,8732.81430457768
94204,15030.112721759524
107723,10713.268864451278
93691,22674.683686625922
99317,20988.399110670434
107105,15493.25360341091
106351,21458.238330702985
82970,15510.727674305597
107261,3357.7993236768943
76679,33295.028046627056
79464,17079.20027653196
91312,26923.68786481154
80546,26159.909894241988
89220,8281.597281658844
91796,25637.797320697005
106360,23299.449340656924
83027,15735.841145744937
81553,14969.809540302398
79124,19905.868758950965
82590,8730.264131752188
107515,18732.539077639452
87964,3429.377031104579
79995,18510.771361532534
101022,14111.160130643168
78580,26693.50875295418
97644,5716.72988866927
87603,19899.64116391295
85091,21433.19268735567
85155,13773.81742943057
78402,11768.616194657927
92603,27139.10637362035
79788,21224.81725996523
107769,21155.414595810103
105117,12526.617999936521
94619,37935.778109105835
76808,19653.01715589971
89229,18711.981233419174
102592,17690.601238276922
84597,5204.1387379622065
77146,26909.935685513286
98794,7403.386932913589
100453,6864.758736619589
84075,12741.907980553664
92090,27893.834071410172
97646,19294.34978532872
84071,9855.856628156711
80924,24483.365722409755
91167,26154.716582450208
92607,18452.37431542598
99654,13531.796640950182
108195,4941.043517009533
95150,27589.853337158966
99921,-2604.2375990712335
83768,22615.359675683903
106095,11432.694402881281
79380,25647.0679269624
106671,42231.15440156689
91757,32711.99245400013
84936,16622.186195797378
77970,22218.862682316885
103327,7858.035088119952
102169,7747.5142671833255
103207,12505.814307082044
81602,8147.225495599419
79975,30931.654758844157
102385,17452.917854647436
80726,27234.79952872354
106953,13173.091116891299
92929,21539.181756777838
96553,17560.008216698105
79654,9141.477860333329
95376,18978.31092489988
96667,16452.883316117735
83421,8605.671503328764
107579,13883.93678151964
89108,19191.899857594282
79958,26002.874376213917
101980,6148.829504923813
85178,11673.374024958803
100898,10469.294101152265
94926,7051.849385409336
104484,13676.46286992426
80250,33217.7901930275
79639,45477.185113430234
84385,8484.688354603972
98249,15437.483024416984
94803,37785.14498053132
99178,10035.468069905884
99706,21822.00879836484
82493,9254.522087573254
105868,17006.498708066792
98807,10226.399664666575
95529,43541.922553360215
93580,27476.903339329834
91437,28988.538084567714
87804,5636.070820579238
92901,20449.558488288978
77177,32513.03958561582
78856,17389.543779899624
84586,-1409.8499720773307
85230,7478.39429835121
83215,11541.241382583139
78610,14663.502783470763
100081,9137.099516488266
105716,12038.876073905758
95022,16699.897580244797
94225,9232.926142712638
106371,9986.615086741356
76850,26827.910306508616
108514,19346.46253500586
80352,42905.026223642824
87930,17729.042538138274
103564,14168.434271875136
79881,45392.10188651277
86736,13969.038318394838
83661,20215.18031744573
98853,25240.76060478826
107158,24484.580697851634
96809,11798.32246169994
84048,16115.579827371246
90608,14004.525622658397
89134,16617.152869713653
99321,8493.454548465199
82452,24200.281554479174
80684,26369.249622372598
99699,9622.32291276412
88449,7827.422353214744
76962,18891.4222366005
105626,14668.535045023895
78655,28975.964271887664
97115,2790.750442121529
94865,16709.170454849907
85675,15424.943683285741
96671,11413.825840722997
93365,39108.908571574655
105188,16607.398054861504
97713,13409.127801015478
98996,8829.292399455871
98329,2191.802588264036
96091,13129.141606568615
101010,13409.236376736095
87169,16816.055470077714
83760,10765.356377129683
98511,17506.77092443317
94233,38601.38369572142
92072,34305.679866867686
79796,18446.877247071872
97619,28007.78322920708
84419,10249.976141664683
101015,12861.800555823902
81132,16452.794772712346
105597,11074.47725930116
99139,13223.80539245062
93116,19197.993279113078
97838,9721.043166936975
76627,18352.196845414786
81785,15057.376314369336
97645,14953.916429323071
78865,20744.067185197626
92152,30818.27160290182
106432,26091.086887717232
81609,23442.235814712752
85585,20611.560832679173
79017,10705.308788644066
105666,8751.752708081996
97664,28166.146001976907
84418,12767.316215562274
102163,7286.500142947534
99675,5105.555598492627
82132,25033.43187851418
89488,13490.639002121317
95516,18180.382271138333
88542,8297.676040215787
81995,18976.936284690153
81065,18863.794377059385
89542,7954.36668766579
87184,23330.28701746194
87194,18065.581593720537
101981,2643.89129059295
105620,6822.0046805463135
99094,24470.958683247838
101950,13492.67751937217
93488,30597.621496825544
79632,20070.760138182493
79299,23617.69454233812
85438,10740.772105754146
91006,49589.15942896987
78636,15308.004829380427
98590,10242.608629952425
97735,10656.55128897538
103694,18752.34707533411
97890,11446.05730426062
87646,4044.3809452544283
107953,29200.226243501347
103882,7125.356673757742
77900,20925.74317666001
101991,12134.75711289682
90105,4734.734807152403
106516,16425.52960683398
108415,7152.021373460531
78853,18850.180962063634
98196,5884.294220877107
95738,34238.63586688426
89535,20777.745403417506
85467,14417.805994482082
100920,11271.422351902565
97314,9998.040810471934
103461,11086.387919726101
104907,12201.736089540236
92168,21963.070626554952
98077,10300.632777804081
80593,48888.94954865359
76915,13468.781179889502
106919,21310.476851967458
95592,27915.889813700058
105772,7816.614153997459
95614,16729.97821283446
92550,18438.1547919809
92495,26894.3197255543
84341,11196.080489128135
84600,22184.926868542017
92665,18237.345122887797
93922,19632.35852961296
88129,8691.234975065781
82700,11430.607095608906
94492,13684.664595757555
100974,11536.93902038276
106554,8982.54715866564
107785,22305.194906948003
107443,11049.859495581684
105470,7190.847175694937
99750,17194.63068832521
94633,22838.903153797077
99429,4779.033995163056
88790,17167.718726264946
104180,24566.571444892867
104589,31419.041216122794
106704,21125.91629199907
78596,19391.355022733318
102083,4947.73115866588
84507,16773.915616650927
94274,23961.49819617886
92588,12340.050962035166
84344,11075.155639371154
99818,29849.61417775828
76710,27412.178633583964
107923,12663.255901340468
100470,6017.689120295137
102211,21521.06695959364
90030,1334.1821653543157
90852,13344.411531767113
90222,8632.246526735515
105952,10748.96066649116
100876,15657.39380812466
98062,15798.6180103662
100478,16297.977822221186
85486,9207.06730547755
98292,8527.473344337342
86160,9082.32421392082
82468,23816.143523710874
76728,16530.6074222288
97277,22201.946555643648
107553,18521.531940958794
100325,8341.748668264461
91775,35176.67451482498
104326,24045.28432749989
102909,11376.226626660431
82173,24163.692800004377
96281,12587.094818495822
92426,14047.003793491687
97724,8929.318660266457
84057,2343.3280320668346
91020,16599.35466868129
100095,18208.4807725971
81655,19898.953435846033
107220,9728.12596297796
91626,27655.427210630165
108469,24331.357764292894
94037,33421.40163580843
83530,5495.62007252466
84542,10620.310730414782
85634,10817.522176279652
91707,38825.97776333356
81934,8475.511411717738
94960,11096.422129835933
105778,20714.337895034165
83841,6058.999871059652
77242,31492.61228182067
104694,7987.719316846074
89706,18355.0242585453
88670,15444.872688104108
102492,2941.4010856791374
82971,14567.110764743498
87256,8278.172003745243
84642,16537.720112845298
107437,25246.373115567447
94640,16956.82856582184
96089,12808.255856112155
85018,24606.719829318114
106576,23670.484222787272
104158,8230.803193176253
98002,7189.406606865523
108045,27922.93313633307
105890,10144.063422977604
103298,7211.522114305993
98977,29638.340776110832
100431,18788.311854513508
81100,18084.384496020677
85300,20757.51009116725
77518,17998.646194505745
76712,14366.221291200854
87545,8648.506021807043
86848,16146.576175128597
77647,27275.891912774925
92094,16381.086386664347
78540,6641.117682087597
82957,21307.1846208147
82768,7325.018970860182
95875,15488.252172239407
80705,24244.305885998103
76746,31175.139033419786
93222,17178.733305726033
84494,10052.955041002124
97557,12336.800407585783
104969,22542.780158711463
92998,17477.10882256156
75991,18862.773790915762
78217,16838.82355913186
79176,37724.988691769
83261,9877.855058261928
81177,27350.112216241032
89681,12668.27066513606
96968,13191.082042541186
82896,7330.3538567866
108357,17506.00020450675
103421,14244.81250007017
87971,10401.873402315672
87170,18343.9883741768
89941,21602.29447571095
104046,17616.36750181798
88894,12623.721737650016
82638,9898.200885804134
79213,12228.416509049615
92902,18624.742785741033
79282,17500.770226335717
86331,10896.167393029267
76336,32825.51938175524
96080,8520.860530106116
86990,15976.330867587185
87762,4897.6744193243285
80699,24436.748842991277
84711,9835.734795875815
95297,19896.174518576834
92828,18990.49640274825
77614,21589.227951649176
106565,11218.732789181082
96874,3879.011463874196
77145,15161.434931383134
80473,34240.89238521747
89438,15299.422007584857
98442,23302.42462979576
106213,23214.406727640475
101442,11040.336402311888
79337,25900.609687456872
106021,29837.92724112562
88638,7054.257360034753
77383,11091.930999720604
88452,23259.13359255513
104464,14756.890865222626
82639,10960.245914542109
87305,11212.732088426983
93172,26327.44027265782
98857,25722.252462294986
90873,22605.83164591684
99679,7187.72833065785
78104,21910.323489445313
77770,21773.579586550528
91351,8144.104800808416
83700,11041.189129068629
80548,31022.2234014617
81163,19643.24478345417
84140,19886.190290926676
95479,27495.070231788675
91705,28104.820166562582
97722,17585.263590862025
88383,8094.783404524536
96632,7948.688870285579
76496,15718.735377430483
79062,26565.053674311297
103519,7028.858536053962
87592,8326.050301646086
97668,20934.36078102557
77969,9537.708190840985
97610,27759.97821630523
93889,22745.135832989792
87792,5856.933150155501
95078,21914.538885619393
87575,14728.54629577945
78804,15649.539066363075
84242,12459.188327452275
83462,10070.991225794343
102260,9824.337988947282
102635,18551.13729036665
104460,13601.033888709593
100463,9950.146283109912
77272,17264.96227230379
82246,15172.265010878644
81472,9425.96351358914
82420,14607.209585185617
91586,27498.646967946257
91099,22114.384234138804
103536,10530.235689024632
105169,14424.138854665114
93837,23856.211301560146
93958,20689.539124672803
86124,7275.742442217559
97448,6574.308550942227
83040,6272.190673693443
104713,20968.09546324797
101549,9697.000649186768
96018,9751.033199558296
91089,35259.60290692835
105130,15394.89462791152
84720,12543.078629887663
97182,11607.447717950576
81653,-399.80329256236655
87522,10163.592076982259
92754,16224.959708119672
77510,5819.925887990114
94863,19615.328002227183
108414,13831.339567517678
102393,10032.340851705325
81528,21501.85604149875
78983,28387.117389073166
98051,16578.928825688265
93080,21050.25109560141
92657,15626.075093537267
108070,18668.496470123275
96990,21279.5538222749
83301,17480.38371391762
88459,18495.390887726902
80158,21809.588018734
106913,28039.793844628177
91119,16752.183571429712
85522,6773.283922138682
87469,8287.048385837643
89620,16234.934188292462
106903,2577.877969758252
104183,15412.459767155582
107015,13734.179429427866
89120,10188.876049794584
80555,28872.241482154845
107037,37830.791332820256
83340,16256.780393614448
86654,10161.165933255803
76116,18160.908088145534
108208,11243.468924194314
99790,15695.427777289951
100950,9095.45554840866
105495,17415.789963303672
85317,12434.440630541776
90114,22354.943898098187
99322,20896.4445301092
77185,23507.43974279178
99412,18098.067365121395
100021,2223.5788455215534
106020,14322.37178032782
85234,17126.686203799287
90059,23065.74840081291
106902,8891.74377216827
106871,11457.934807166464
97784,18160.75723273073
96140,25843.498420692707
103840,10731.271373771182
99573,8072.940806564899
81967,15867.858517762295
96124,5339.679724040436
80245,24398.221250717565
90896,33292.470916266255
100257,9859.36362934618
76759,25434.184742092886
87022,12017.331663944346
90758,13847.38157982782
94073,20549.624231858652
104837,14256.723591890426
103025,13698.741367629213
91765,26573.54342663977
88352,12001.537530211042
83826,15860.1986741193
106648,18911.228566695718
102967,15937.087022150403
88989,10074.568906102626
90846,13476.45106329083
90232,12024.969115838281
95262,23615.112489800933
80599,7462.497727502439
93353,22305.64959983054
100230,13782.813718349074
104516,14976.468585573823
76127,17548.572355901135
99603,12591.615112469699
87441,4658.356774795255
98607,6097.232233439507
101385,11985.655710960968
84028,13468.728411302587
99900,11420.934815624696
97880,30081.27174016532
103005,6591.23990754905
99862,5287.6415020090135
84899,4559.081570707542
76129,26356.156693964986
107674,33970.020713700425
79058,23862.36069160272
103161,15471.661346859237
77525,23005.184717944423
89366,15842.88652806269
76529,20571.311831722167
78121,43204.9443776424
87960,9370.507441656711
76468,8933.317042047467
104029,16027.203529750763
78294,33590.762829156774
93269,37019.10613352945
76124,16613.375283989128
107551,19379.5989443953
103953,11957.045024493265
103212,13539.84712908874
77337,22252.159317222788
94095,17973.956816432452
95358,23373.447689075732
94772,23227.95122499866
99318,10989.50911137373
96569,17547.70111511226
91669,18308.038582862904
95240,21995.116035114996
79693,32476.314778401313
83100,13419.471858062274
85506,22309.91424171398
93245,25518.419886958116
81444,13524.850143960735
95558,19003.226160874252
105709,13927.147136449397
80796,22544.335909478934
97061,-3576.970054149786
91452,25866.602548908282
88626,18507.84031257108
92700,33181.60816474337
80109,13763.062324640889
103649,11625.796838001355
95545,20087.5493716094
96879,22673.030665508577
94580,14463.30763584649
88361,15504.43270869665
78094,24719.75822344978
82831,16559.278479987006
76965,36582.27701151427
89246,16588.00941393025
91844,25962.457666579387
92122,18947.198670921163
98944,9772.502280929131
101088,8455.347897567928
107119,7947.467785278981
91603,38198.16127127154
83339,17864.877969466976
105408,17313.24931662725
97091,8807.879881275483
93822,17892.464852900783
96950,10448.63608110454
106461,12013.931484286477
79538,26862.709055198044
81813,33202.863444481714
92640,28259.972974904544
107376,23385.13094634848
88834,12932.41120495555
98532,13568.682611886405
94957,19649.39663954698
84884,12242.729645902611
80124,22834.486536857425
92048,28733.840688097327
90244,3634.490002860517
90103,3968.488219699484
108009,1378.5828351904656
96435,5782.729042314128
89475,12828.282364811235
86286,14417.540237201565
100193,4906.629912233537
99733,7285.379522345401
100561,11763.335267587541
98626,8826.573120764444
89177,11542.167560978076
80294,10834.192866232133
79134,27431.32056296124
78603,21506.569638954457
108528,16610.869460551374
79147,20071.81834520502
78538,17322.242260967938
105042,23160.57918414869
93560,21512.696669810895
107122,12672.955321166148
107336,10850.081368797202
105831,19516.9406813814
92973,20925.22659537797
79087,13117.992089853247
86806,16342.924671231369
98787,12692.52425840005
99838,11405.287348710313
105442,18693.68345546509
101659,9635.944159613471
95085,26516.99429264274
89893,7203.257200380088
100412,11338.881159245375
78433,21988.712503979797
90887,14032.598127953479
87783,8804.601128009499
105572,12651.874564086796
84065,19607.526636649724
93714,27551.56562294018
96148,8558.246790559786
83771,7458.330478195656
84970,4791.381244909806
88859,3404.328118421472
104620,27477.482266273753
83749,4671.989556663759
90174,8434.425127317703
93947,27934.713694639573
91462,27501.844863248873
108075,7011.862146446183
79113,25085.64392472408
88445,10163.340619628183
81311,33570.24614950897
100633,13477.03157461304
92904,26451.63111424685
83091,5996.093370029392
104657,17585.170687402453
82910,22825.726785724877
92383,19665.18958423401
93424,8443.5231087178
79891,25293.126983381168
98961,7050.793036116991
81502,32690.00624120084
99035,14961.851846612573
81371,27945.724467511853
87333,10629.36136873442
90353,792.0523223011623
93258,27147.98728149446
102053,3801.7260529418454
86713,10034.689271948617
97203,12274.41290089982
92794,25781.380326860824
84293,16039.22955788441
91672,17192.496990544336
87085,9815.815132731757
99300,38175.2825368008
81242,17973.71596233394
77834,47942.62484197171
86864,15783.451350443043
108332,15109.339329531484
93461,25279.403343200815
85198,45237.94190924226
75974,20849.291357509705
78679,22967.659199525806
97060,15029.725243730834
89300,21511.594661410654
97682,22046.23979345239
86664,7329.754984240468
85169,29457.792429405323
82930,23239.070121419612
104583,23652.446678909946
107212,26792.78443419627
78128,18340.934703838106
101395,13132.730529841145
79984,14554.691581255283
106844,13397.773217889082
76507,13961.03796951687
87935,13340.369102021248
81796,18483.037020021402
92942,20220.46665086033
87848,11023.57206607664
88325,13409.52326230124
91296,13526.064533085495
103415,4950.208286977151
99038,21688.10823342648
101080,5716.43718672847
102789,7427.050246275294
84656,13189.018816777141
85716,15592.485259370373
90233,7113.447423802257
91097,25740.20107720905
104466,12617.013807456535
85061,10553.895546304413
92535,22437.972600025216
82437,13267.020138074931
104845,9040.888672798112
99353,13509.679393188773
94273,37555.58998335131
84080,17351.31331111922
90877,15703.15236919115
77883,11945.63086486835
106394,17623.325661582596
103042,15431.270212808482
105388,16803.232571713605
93490,20131.997033702108
102852,16279.89351403588
101859,11327.081724763328
108113,15503.110963343699
77290,29976.78014074632
80341,24207.609986981173
84286,5779.774656963629
96187,21983.606243017057
100716,10245.694804827966
99682,7035.266871313013
89827,13566.522536579501
82053,9047.588349565727
101135,14285.173687309845
78574,30387.21372134063
82541,15009.736331500793
94530,27820.60448855109
107277,18774.5655137719
88719,12583.397106390865
95962,24480.23790393084
89249,9549.118020518676
98786,-1332.9617940749213
83968,1210.8743611887094
85115,8338.285349207801
79741,18518.09737252301
81050,20462.745273856603
106955,14782.371586330511
85572,12196.942750801321
80604,30741.782068463017
106115,12608.390636656208
76213,16644.051738792543
92026,37961.73310043691
91397,18537.100116797155
105916,9367.00898132893
100938,15594.081205669858
102187,9089.979770945776
87434,11411.702985268708
99959,10260.572408190867
83438,12571.464159608047
77840,12760.002329508781
100930,16212.970405398573
94925,19892.090082772156
78494,14707.268223474455
102418,6808.107730009189
77793,5155.277898437005
78383,26724.823609821564
84216,22054.579050058164
82610,5670.611795361743
97544,11618.845772207995
92549,32936.75853690771
80538,34701.1330014327
90890,14051.84037227455
100299,8784.729971238576
89902,5637.112668869067
105561,22615.11991643229
82364,7625.572860641534
78091,10915.146793924525
86023,16770.286626690326
79752,20662.028482688795
106315,10090.607846400759
80934,20850.629003726903
78782,25489.942135380712
76471,28061.27886271706
87418,4730.987220736206
76891,27368.393883833676
102628,1593.48515088987
89363,8429.09934026826
89237,11928.35698265842
80257,27149.41816200749
102857,1798.6564853308973
76201,34904.11108857931
104887,7877.215833247747
102310,2701.3322075210326
78714,51298.261425397744
89302,9899.812769272306
87676,16725.855199556347
90321,10935.145270524526
85244,13823.243649818283
101913,9873.34899551497
87086,13171.432332661214
81974,31023.118820847983
98075,21439.602896058856
80870,17845.910713546753
81556,35219.714774390486
94722,31365.04352848776
83840,12243.563304619624
100809,8146.367140409056
77101,15344.211273590157
102172,15738.107616188106
86373,21697.619614228235
77540,14799.822272468837
86271,12541.438477530643
77679,27304.54339036256
99807,15073.104985298896
79126,19115.19419201568
86337,12862.317553850513
87496,6616.292697420247
83272,15718.52587180661
103495,18739.065191745703
107915,30294.622364326955
82213,23398.41271677825
99461,7919.054948989398
85797,15645.20916191372
78898,14178.37899954727
86463,19116.833612451384
108138,21043.362540618382
88417,28552.849479447337
78694,34546.95419429043
99802,9366.002926259906
100250,18276.32810447439
83482,14430.305329532035
104457,10676.81310061058
101415,8140.362077538209
101767,14121.30968753371
108250,20677.495287147918
89772,8703.508566066359
91127,17960.94712315785
102887,13570.385769492652
90756,9814.781962276284
107554,27855.87958159662
103731,15596.232269823213
92317,18945.17629911489
86805,12005.67295530557
91722,23974.281630284488
85026,27221.965995400962
77478,18096.969923765624
82027,25282.698042120523
102742,15099.603708557599
80198,13029.9310849937
94907,22226.591043333752
106738,12369.204321955995
99797,4599.775093518152
106456,10795.120373820828
82741,5508.05454265482
79172,27449.239884520925
106696,16528.925489925696
82422,8273.739879452758
83924,10251.28077768047
90599,8501.539037588162
108095,24265.03162449174
91777,17560.22066480019
95001,17825.559198882
80408,36568.18924250675
87330,15283.043530350555
103361,16914.400238559087
89641,10354.861066244874
90618,12338.520329309871
91679,26020.259549017886
96844,11996.7447754122
94418,25767.98721061292
97002,17565.02955799438
79748,26742.996374719438
96355,10636.728719168723
92347,19563.55956429949
81569,16184.150174332171
106924,26037.798019365582
85270,11842.669491587134
99622,3890.3750403893664
106843,10602.67641448197
80147,12748.636586629029
102181,6467.533032887155
84710,6624.1284771407445
85189,13219.987379553162
99281,15421.08278894546
101130,13304.176127400046
91554,21332.07884832265
86116,13492.866958298035
106899,14128.746864618954
84516,15086.707332373677
105422,26656.634831245006
76956,13146.230010804698
84006,11165.616031046677
81453,11652.032946807596
104850,15655.003686264441
90867,328.4043625118484
97154,14616.39135992084
102088,10941.863248101723
96019,18536.576706073618
100300,6412.2334637475
86459,14326.081219480291
99304,9355.350790769704
80630,21194.013349034387
82387,23051.50333546727
91359,19886.69606744905
79123,9318.852057394746
103324,10688.87431593396
101086,15345.473949363615
97170,8966.98324820601
91834,8942.506100746801
85238,2570.8982057461235
81942,15075.793025365323
90971,28336.66629168104
87864,15837.223134456515
95296,40122.42463262573
91427,16665.581227264483
93697,19533.280515745275
107694,25707.26025689525
77364,21439.437784086495
102144,542.8161930895349
83410,8112.491796815346
101560,6540.295720029691
84775,11793.649795193349
103879,10880.717551514012
103933,6102.739141161677
76344,15791.588832907284
82119,17294.245924132825
102130,10573.42543020548
85748,6435.914325088328
93769,20611.56814449285
101775,6527.969888602831
94613,27590.982395241615
104021,27868.571238068966
98175,10614.452400033924
98477,8833.074306963326
78185,14229.480922675526
81576,22162.905302903695
84854,2755.089151208518
98361,11728.938764044857
81390,10391.705849315918
80911,67725.49479087038
89407,29335.864975307348
95981,25496.393030620173
79131,10987.25701504734
96624,11437.488699382622
85131,17250.366487272815
76436,13968.86510815002
94111,18147.215790104186
101518,6241.6510641179175
76588,38702.25504941936
82353,25978.69953039616
96186,9708.646701722457
92735,20973.95617545953
87271,16309.852908882931
88968,9763.538058325343
84154,8987.639332504166
93692,26398.59624931367
89484,9280.011768421322
92547,27815.26085062085
78689,17456.779280108483
102058,6482.916949673801
102579,14812.09693203499
105825,8101.53672355731
96154,17033.019931675575
102183,9484.954684813063
85976,9085.342879674863
98679,4226.986404741216
89612,7511.659009738378
107988,20727.067508204193
83362,12844.309020107994
94251,16595.846985371103
97018,14308.804475594497
90329,8023.336109777096
104604,26020.468105585773
83742,11006.479172046951
99447,9070.87938467388
82194,15633.737534247
108351,21525.915719284993
105314,30391.04279284262
97351,12104.981163789545
105861,17054.81617799882
83010,11025.26505202968
91447,19844.63758504856
87619,6978.246927400232
91870,21660.379923404893
86543,13132.480318383019
91484,14887.161711150582
100659,15002.507993528772
104491,24664.54600107489
100779,15327.702322222984
100935,7819.742448158466
82331,15232.972972035192
105140,23805.659554169157
96349,14941.355208678808
82664,18176.822069437767
104532,9142.151852330855
91854,26257.434587374744
77003,18335.796689218674
85137,6358.370741083341
94577,26584.567227613123
85461,10503.293483719259
77550,17848.41006342835
99095,9539.826825524946
91832,17745.49963243382
85920,22080.250681965008
79766,19134.720095949117
103839,7518.71664721474
98167,13809.06222802463
96684,3113.948197459582
106982,6524.044801662347
93524,27957.174050572845
108310,13680.792913297451
106569,12552.472887885937
98088,27900.732860407326
78890,18396.638773017214
81559,17676.28380807572
105178,19221.50930551931
90578,11645.852869886798
82299,24566.397910646156
103885,9706.15078423711
77488,12479.067437989223
96669,23746.28673225409
78344,30146.538526936914
79405,23367.13634103964
94620,33655.11352442797
96836,18091.122218742585
80212,10654.708526663428
95746,23138.47991641811
77363,27153.150016159554
76866,30044.306902864395
93847,26180.397725819967
105175,24314.506385583598
90010,7808.238060717733
104429,11663.703699178599
91160,27506.255188078496
78906,14331.132883454571
106414,26203.53829281978
86910,9678.117618499986
105882,12584.910285820446
107238,7341.857399078854
77102,21093.02208667526
76704,12803.749803565872
87083,16342.526457103431
79057,25233.36251650272
83270,11682.89829814867
80561,30540.421983778182
88469,3018.8505171242596
78768,16186.875494161548
83574,10474.627065392771
76771,28146.252725470367
98589,20529.410379343008
93091,25499.29560877053
108358,10285.712704543334
94601,26443.194104812857
76151,15733.038696747346
87442,9384.284738898026
93531,19565.035958556375
89771,12118.934644412297
85803,18991.889143060092
93147,23800.042673250522
105196,10199.37958223225
76171,26904.995626628097
90616,12315.56147895307
100032,18384.232453807323
92905,41635.96598069279
95696,29290.44691598766
88913,13776.81093795474
101504,7797.32374513894
92241,15050.427037613297
99822,6189.647299807735
87745,9888.044323472248
105827,19111.51896956253
106620,8530.529989875376
93497,21713.460035853157
89250,14341.391526842513
105581,6110.663676865057
91076,11816.874694264066
83506,5907.670277143212
100635,16021.389491860566
91828,41828.20572462213
76039,13711.886295109467
80685,11517.54431208054
97571,25155.370418581224
87425,8040.799370262745
91662,22195.44004286732
105161,20894.965556439587
81006,33168.38486745575
82888,15768.351665636314
78545,18408.958815514532
102922,7838.681809396681
96198,8869.397796071695
92979,27374.92268680592
105623,14438.366894570745
82195,13854.03300458905
76760,14765.536497306866
79305,20641.569248152286
107942,13984.869950314776
81981,38832.967651540464
100135,13773.082722643601
84307,10029.394122320107
92628,21364.883548581096
103304,8400.218082694246
89421,8566.542327408704
103645,11877.791907560046
77164,9651.347853522328
88451,19533.81404882339
76488,17739.990578036293
92835,33404.83260135292
80449,13490.418591072565
97408,24815.925748974667
99256,19064.868631165693
86205,5916.940872722937
101002,10131.244840028901
93390,19072.654352810292
101654,11027.05208965718
90595,9682.24276983568
94955,27658.184677262107
93871,25266.449699072225
82164,26875.564081090208
99373,5287.088687176134
90148,18505.18919231874
83210,12681.03087873385
81726,12032.307829216219
78041,23804.42201382684
106229,8689.177581466123
84209,19809.09470807781
92225,26968.25357563119
91878,14002.250115783156
97878,11337.200011158207
77435,16052.237678550091
91180,17493.51769713254
100272,11691.732752331814
94228,22610.355618117792
80549,17320.31305559688
99566,7879.999799901354
85829,9611.28761344941
102693,9488.4652317722
83322,19436.325912033666
96980,8592.977431401532
101844,11517.304488056898
80791,59820.60310063189
107384,13384.204525339097
76193,15620.817674602748
88605,12539.920290192684
95910,26128.622883473057
101217,7134.412666019582
94833,16394.486639451967
80221,20179.380292973532
104479,4279.090678009676
94405,35322.63782875741
93415,17082.378157729418
82460,18956.018011756107
83009,6375.947501355529
85429,6519.964842805697
106034,8279.878683187311
88406,9461.650089335875
81623,27369.149591216737
93605,29831.228885025954
103670,18324.2669389989
100409,5953.477101745833
107237,19051.06351596125
101669,11683.260061656141
78854,39977.30579095288
94034,27403.795244794906
101096,2598.291214526602
98417,7544.856596888976
76874,15212.007753972517
94954,19976.756693932155
83137,22596.844384066895
94653,19970.4586035365
87567,14444.703946478421
78154,17663.193400884702
84461,15189.85340187058
85686,10039.683391497605
94342,17952.666746243634
101392,11687.710975263304
84192,18765.12048178712
106701,8953.252002392835
104013,13447.260395665196
82745,8262.622055636408
103973,4398.47925669014
90409,10283.179604031346
90651,6192.9484947690235
87413,20691.358912408577
102121,9419.07554335783
92145,26149.731824708528
107141,7899.215256748149
83230,7139.29438369078
78553,11220.539705967507
83939,11488.465968747307
104875,19367.15288674132
78129,31490.45205120073
80313,26608.9603369233
85535,13514.543967107975
108311,17954.632292280483
102292,15931.880258678657
89716,16549.584631359503
77046,57500.98037601663
97611,16474.505676795183
93038,14193.035258120597
80503,26337.817128300976
79132,13820.987943010838
103759,7077.1848463125825
78960,17963.17133927217
97265,18651.027252029053
77855,17115.90555692734
97371,12118.786466165115
94297,13614.627563206082
95653,7405.004665210076
95891,25257.857982978516
81947,10932.950432753818
79702,14419.35474337891
76463,27078.109229479196
98065,14597.329325295106
77154,26636.059024984148
77348,26767.587791362123
80987,17658.46898493055
92207,10276.568535677672
92983,27815.684463383324
80731,10613.138324104591
86277,18253.85283485139
103051,-265.4078570150832
82013,18431.64982883008
78814,34274.22446841028
80153,37756.6065703387
94618,26606.743481244557
80059,35203.970278464265
105557,9706.351350261248
78860,24433.84669590507
84849,10129.190716368077
96896,13331.654456797456
88244,5367.362275541138
105984,16207.628604313413
82644,11466.641885289057
90970,26553.59322910449
98810,24778.840314022542
85184,18943.57424942749
93723,37580.848345022605
105049,12773.636641864563
88554,12210.925111141898
94996,16187.634634101154
107689,12673.487492807884
81575,39958.96596588472
106988,12658.22625283557
89894,26337.616718903417
81703,16972.917380101757
90718,13046.347722779925
99561,8367.637948011941
81269,35615.98065298425
103069,2499.480837927278
88952,13750.236781853964
95295,12109.123540072833
106589,19621.388977423256
102918,9238.06564915477
93669,27721.162806122098
86144,12357.650328726322
98336,10341.781287779753
96891,18417.070010101565
98576,3681.189654609705
86038,14421.069717285889
87511,14807.076924332941
83642,11107.719008291004
99964,5821.723707642337
82842,18544.908860049218
101714,9362.10524922912
99439,17503.106985099457
108487,19156.3962133962
88965,14611.403910347552
86445,4014.9795007688954
85916,7422.847477670905
85616,10656.431289774204
90865,13512.590623428649
88634,13378.224007169263
108094,15216.081951025473
82654,13117.291742743742
81401,13552.952146314045
85163,17429.368318014247
97623,8024.161587632272
79759,25025.262536888487
108230,12325.128021798231
77757,32779.422308618574
83089,8898.721903266036
92851,27062.475553718694
80656,15664.016567690327
86019,9775.660643441795
100887,17888.37376302009
78011,34574.2332839034
96398,20588.215578661468
85254,8436.594613485962
95254,24573.103575732886
102320,8775.591748327795
88408,12096.983024043668
106594,1240.8229513293427
83849,4326.876230874799
79313,14491.872750583272
95010,24852.66836569329
105546,17742.75624769087
81884,21895.821075526346
106088,23559.627963366933
100892,5074.722979335289
84487,17446.262919583827
78004,28374.23329147115
97446,22805.72453108254
93170,17583.350629058205
83208,19620.36255166819
88728,9281.879260525264
91300,21119.125951504524
98637,11504.181896596398
107267,13480.034910329952
89956,16503.470981138613
77052,15986.106788567624
94583,15200.138513735157
91424,21776.898849180932
104774,5792.192478812807
93699,19769.39778390299
102986,19660.340499483173
94176,15769.752134140976
95618,19712.76943137722
81622,26009.97200504849
91273,24169.362748648367
102725,6814.063866999986
90479,12810.446068476733
79835,21482.958018372425
78909,31485.008743785907
99437,11463.684745570532
79890,17066.643843741364
77662,11066.832461474138
90320,6195.8581959588955
76278,16735.723286192693
80029,16366.755091096216
95797,19315.40200537025
95356,55859.83653119066
101962,5560.976286941232
85810,16315.951816095023
93588,13719.71878187172
85679,6034.059756675337
78286,12125.912707326057
105233,11763.601215876693
98613,3621.161372632798
101314,15319.792306043775
105749,15928.621468285866
106103,20906.910637210887
96678,6871.251901928894
85003,12978.683975198404
78035,26999.885063152688
82443,10043.97275667185
93373,35881.917668181595
99857,5664.138351508107
82450,5547.598658487359
96256,15797.624448358467
95924,34948.68858698791
81425,20591.104846269034
87252,21698.543426939796
100379,8835.60656383579
106316,6605.230617409798
85879,13544.864421047789
108334,9880.286786616049
80243,26262.121496617896
84504,10171.591426715962
106064,8822.741724527932
96443,12209.519596177766
99020,5378.016913621426
85068,6994.661309185674
105374,8185.069166276941
101946,8190.56932751605
92945,23277.131051100856
79338,24132.11081102443
95027,23966.73246969249
81488,45209.73329864355
87754,8548.908211211803
108454,17489.88092944577
91283,24317.899413575677
106232,15022.612797238113
78368,26080.37011423459
101417,17299.95339250068
81479,25216.98202303108
94527,22104.89491398659
76897,23646.12933264578
84107,10471.38412703952
103177,11471.464033609205
88043,10538.826396252749
93710,42071.38699425056
87679,11226.885143682961
84644,6773.3905913059425
79097,13747.688454710462
98030,22304.182064536908
95131,21190.202620533077
83593,17315.83106338306
82532,15356.104645021946
101675,10821.825491291847
85118,17925.32959056427
100813,13066.579466636033
88693,16121.70289451353
85819,10184.786853300244
104337,11338.177674375342
102104,7357.420174041739
107526,10461.290959417156
85600,13278.838393980042
81771,17369.47889354696
98339,5288.325005505012
81855,10451.397700198526
85755,10113.88374480703
87321,6342.451232777437
101819,9183.822510127271
101569,16269.066876370069
94538,13719.663401474882
104142,26616.44697923128
93830,23874.726512346424
82076,28380.177416796367
82721,22314.82280188881
88982,9250.112968359146
85055,8981.495357895335
101426,10102.185923659086
101136,13606.31753050287
91939,9497.457911879015
104368,21456.501497850797
81513,12136.526699515725
76394,23169.447824173523
92054,18082.867542987733
94663,29349.081971633204
106117,-1387.7200002362351
92528,26833.337829563705
79929,26917.62307438978
81579,32458.01382323089
107328,-2527.1582951612163
105031,23772.91836412407
100819,6625.199054088334
87353,15513.984138735235
77698,25878.651124441218
77157,12780.38777517842
85947,17931.44262513533
92761,24823.44242347737
101344,8807.397958988366
76877,11989.914820686106
95851,15083.130475253338
84319,13223.293704470136
93218,15419.109161885099
83770,9312.514742174983
99753,6415.008035816572
82062,21227.392000152373
78053,35515.10145984033
83901,8550.805408389739
89826,6278.880028435899
104171,8882.198425112367
83906,13292.908030753853
86819,12941.203642027991
88150,18482.242525499954
85289,6751.650031066241
100567,-5664.107737068918
105930,12559.889604840922
107244,3791.013740311724
85900,9852.299326338933
83184,8321.933512307724
97034,11383.404465931055
82506,-2913.1481627163757
81182,26985.78302646734
78619,7338.344761107879
86046,16343.325062354088
92798,19129.735823037787
86595,16229.272698717512
103854,15036.58327416547
108504,16532.482231069916
77451,20910.996276949416
76665,26047.56764244331
103434,5309.423375136348
82338,20357.65753757734
105189,-1471.2066998843275
94512,20072.536884952242
97542,11571.429692245121
83343,9877.168445388861
77274,33628.40874186896
83810,16452.687336002717
90850,16613.39636458908
79688,13977.95785389581
104038,9985.168071708544
100468,1795.9126739937747
81010,16468.74804888943
80372,23680.574978581757
95979,22422.278356512517
89813,1701.7193060740683
96873,12875.329923704332
87267,11396.68215408524
83327,13727.802944477586
92095,23883.056793519998
84723,3562.4667713657454
101561,9791.292385783483
77409,6084.601939058313
76480,23320.970675836208
97632,10775.14458355912
91990,26595.290031410335
98020,21646.846897413263
81375,37611.382033347334
81903,16123.730150184485
107050,24039.997235468087
84920,10273.428754027675
108180,21293.663869991557
94696,24955.79277610375
88215,10370.043851458653
93276,20472.879372510073
80359,12759.438707253421
88717,2820.0026878160097
99702,5559.3369391470405
86283,6590.214191182036
100037,1079.450405101381
93640,27596.563056307517
104313,10630.720892649588
84666,16441.558887876716
93000,23460.745521188852
77512,18062.85375412959
85094,9323.353000756879
77184,18517.07677341888
91257,25591.757286781693
103957,3282.4704272079525
78533,28970.276177760643
89080,10793.262527131068
98463,22022.557929982755
89002,8932.849439147869
87542,7897.19010301556
88641,14082.27869634414
97972,6802.425663091137
76363,21549.063640786575
93821,26251.539722523412
93549,16184.218118714576
86037,11894.383371105716
79563,28826.341822340037
100014,14062.243337844055
98717,17924.97254331581
87323,9121.11785835936
101054,15307.733738176137
84408,10167.604242402927
82692,12338.89807985082
91513,36126.522391957384
92863,25470.662750029085
90666,17453.615871815167
76919,36178.085464956996
91549,38057.53960900243
90300,14144.893111179716
106228,11361.305190211704
101551,10589.670348491847
105986,11904.532509849996
78520,22348.909071539172
94130,24811.798636403735
88980,10087.514221209243
76245,21789.210280166575
96800,9845.111300501823
79591,37148.550312911844
94738,27323.7432503605
103275,10928.649474436359
82981,9856.669471903844
102017,10239.849676810692
85242,10898.106629552469
106488,13545.035934809584
80606,17752.517954997893
100861,10686.272815523873
93103,41507.79751464359
83680,17453.49686973834
95926,21547.571111059213
84955,10341.080466489155
102279,14098.045302122311
90285,14588.963394422928
86735,14149.206488719967
89918,5140.62408635772
100914,9508.694238486221
90315,7613.897938810683
98805,7837.426488409112
81572,42694.89453240437
85263,2115.7617209529562
91962,12646.979718620918
86328,22117.13021282887
79610,26865.975793316647
96570,-3021.119708105236
100929,6695.9939260403025
107784,13544.874978200942
94269,14565.24681654831
105574,24019.445243650407
76572,14953.87877197279
96249,19194.471421614257
97897,12313.940142104164
77625,16310.311971581717
102369,14023.16059355662
84079,14055.721213025472
77866,15301.391714322728
83806,11222.535334596141
107540,18235.268320719202
103244,18306.214582268243
98859,22456.732451689448
96719,19254.93392254979
76235,47347.32696607387
76348,11370.85427060555
94323,37398.86621110097
96314,12018.171405581603
77439,15721.933511838824
88588,11213.279424903178
89516,14504.777231944601
92199,16077.987106325669
81669,26806.054729977368
93600,26941.95408267907
105605,8305.367822352995
102501,10844.738523953918
105250,20897.42479827415
103132,14355.829735112704
76914,35996.79887555053
103063,8188.425193423953
85636,21141.237514757784
95703,26405.67556116984
95014,12737.24995768493
91855,33867.559476844595
89326,16421.74795273726
86878,13140.510588682322
94159,26512.08460505017
98939,20510.995496247895
106603,31636.00724860745
97683,13451.9138324559
105057,17530.886613353607
82551,6488.708692841596
95156,17417.25281753566
96663,9222.558872230182
103966,14860.730381841342
103721,6376.397599910488
104581,9283.836109354621
99601,24661.290411676287
76271,12738.685769208372
106578,12009.568370139326
105436,5185.337272121953
96180,17235.921384287372
93214,18788.287728491527
83950,9882.062214786707
87436,8343.31299737177
78008,33448.28883233982
96396,3736.392073821771
86423,16771.74074187068
97519,21184.25125546402
86137,16875.1456234365
94515,18545.119430457955
86264,10436.771817170515
93856,15607.802733873112
89370,24540.054154596735
95869,27110.106908752692
108411,16108.274587931073
90193,10709.87602325261
84817,2879.9705263298947
100719,8258.369754130375
82801,19727.41074066779
83103,21180.083165365926
103950,8091.868034988034
83927,11625.219384568827
96442,19036.89736972899
92599,14789.845765156524
105284,10190.296446304703
89963,12106.972918285857
79117,31951.224625453622
94001,12233.468921710697
90520,5312.792133793675
83344,19935.305966750602
104811,25760.819546584047
81567,2848.3255718468045
102778,7882.921908633009
90439,18397.05073714453
104220,12179.38819524572
102961,7272.657086499534
97588,6347.247185068385
78049,5967.357457443884
80076,17244.65055636668
83466,5872.812478038963
81941,22932.525762857942
105786,17250.417899074557
91443,19465.995868270264
99961,12953.105024457513
96323,9443.565894488822
107235,17719.504536218068
108199,1266.2856757703194
93938,24053.85386951829
82727,19005.531911764905
78548,29088.766104100818
90362,17787.77872629091
92257,21793.721546800578
80015,16928.202009543576
93724,26967.049726032834
88826,15271.444588855647
80051,3299.469960910459
90219,20685.285258451153
83727,17065.9766904916
90139,17216.65200894289
101189,7659.949526274591
85435,16537.369709885847
91933,27354.29147115418
95135,10777.52226432546
80576,23427.892942649552
97289,13696.583649409633
90225,19847.356190092913
77958,14552.677632577215
96218,28120.276376774615
83747,17789.383394128483
85699,12511.815782578404
92682,49008.88782442912
92129,35217.25136874156
91533,27391.772550893602
86503,9497.450826219881
107555,21991.617094198074
98751,25795.049014036304
88145,16246.665675795128
104214,16271.79465410313
80027,14523.240010398651
94594,20017.244472519735
105978,8681.727837355314
81202,25680.34699539187
88343,17634.43521233789
96928,20728.964129722888
89639,9562.789252482242
83427,6532.016830283026
77241,14839.159582992492
76837,21790.5162895861
105316,25286.611893019537
80915,10251.378211233125
78226,19591.694458570986
98367,14444.078211539321
99268,9529.924532986362
102336,15645.033126628008
99355,7964.640470311322
92728,25905.19178603141
105261,22834.904824817248
86321,10533.317442079475
83913,20175.48758655984
76582,12192.519303304516
80624,13566.39701705645
105804,16753.69638838261
101229,9065.105883477954
104782,12651.028442132207
91859,38712.64315662509
81892,24300.281485257838
104257,18673.274155778607
89995,23676.20510000555
94721,28183.08879361469
100123,14330.454316672125
83121,6426.808642063585
89621,8011.94189683659
86608,11431.842702954305
106922,7915.596021919293
96146,20618.644809219833
108383,23011.44711535128
81554,44961.72917967156
101538,9257.237937069664
105248,12229.745082845347
81033,22260.17940351728
107312,15253.046387356379
85588,14510.542672979147
108227,10027.933912030012
84017,15879.519741839176
101028,13477.496322691202
93019,26622.158656500207
84359,4344.997846366767
90602,6707.280023754478
102834,6502.340080679936
85284,8741.823073369666
78749,55812.11706596627
96892,23670.558887567677
89640,9942.837206815955
102773,18752.239094959983
105779,16657.50634474308
108453,18791.083485906584
83162,10306.024727706015
89704,10541.652222894054
96488,7406.9254854285155
81546,20098.867377565362
82108,20166.46819815819
96784,10324.58748552401
86526,7755.243503167655
81220,26407.362064772446
97126,10342.423064135395
79954,23524.33394253385
100182,16162.628371937475
87058,17324.36460472199
95026,23099.18757558612
96334,14188.553004011814
92636,22100.60028297359
89131,9520.353019619684
78145,13588.607409993743
106255,10754.664431555693
84691,8431.819880755656
83425,9157.995708218597
91526,25882.331455698037
81170,11580.182865076797
93766,24540.755696357992
89183,12695.888847498147
87644,19952.550934530907
105559,42678.18510313486
91968,13476.90040016632
107198,9452.307538005887
97030,11008.370497573578
96512,17771.673641913538
106506,8421.260473280701
97240,9992.565448014224
98164,5294.095276008196
79782,5610.434046406714
102498,9128.731531348662
86052,7542.010018658193
101070,12082.894536194734
88461,3100.6186491227927
94238,21241.188631369012
97040,4337.261059312477
102861,15800.271486255177
81516,41337.578880372355
98512,7021.370157739821
91654,27585.539994948296
87837,3483.668713480425
97950,16967.79279835248
91492,23774.6848256475
86374,12723.17774478064
103671,4739.185243525939
99254,22838.467228748334
96920,15811.569853272911
100733,9050.300220800615
101602,6785.656014217488
101809,9014.976575944804
93626,35052.29154552538
94707,23850.57229947253
84718,5565.838614899045
77357,18100.065832455093
101735,7210.208542995358
85009,7028.613452441317
98213,16883.486663262694
89068,4756.638499138191
76270,16415.64496786118
84608,16621.820388071574
106582,9679.242566814628
102112,14831.397670647819
79840,19434.95918583544
102362,8500.951339704603
102074,15133.301267056358
78050,21713.884813874418
91002,33549.1647479902
91648,21404.47046684039
90182,16203.46782700653
101732,10724.653668163097
108023,22870.519447710914
94586,26614.455114696895
91189,22104.93196873195
95199,22628.651049692853
78510,16057.3392673015
92551,15215.70609636743
92368,21132.767120581255
83335,8153.889723861097
82609,7547.364873783387
83471,15834.450311376007
89455,10367.763260176322
84982,8951.634604908373
106978,25525.73366931556
96399,17935.07251225416
82526,13673.315289652146
86743,10607.38780407416
92104,23136.418118142778
97862,10616.472715209857
99211,4446.462827053649
99118,22198.787142361576
97657,28240.777922836933
80627,10121.71308381606
76293,17311.141597584767
83108,6914.4517472766365
93728,25780.936540772374
108295,13182.904409935332
87957,11440.446137963387
78627,25531.25361397452
103227,-98.0879449305412
88115,9259.942725131794
89694,16235.371637604909
95755,35133.761761151305
100889,10059.435260221871
76859,17245.037578245883
80975,18871.39486443902
104878,11662.485583944872
105859,14844.575908308365
93283,23915.681481959546
76217,13780.411473033497
90731,16481.718850138524
99826,14185.586095746406
84180,11562.67167378885
92500,24191.51047536531
81956,12245.094181538314
100508,9830.816636626343
78336,9903.838147747592
98694,12784.691385475635
92486,22595.955803062865
77134,19101.388548553114
94264,21266.15329169284
108210,6299.573213046573
98310,17156.26353149291
76260,36365.811491189095
89623,4046.2180491934178
101737,13175.718300198034
97665,9071.225955215154
86041,14746.286521961465
86653,12054.68074911488
88423,15138.546418872505
103407,15729.719556689877
84654,20186.944842193156
77143,27162.397947660997
106392,22304.06012435555
86347,13574.304794314943
107230,8319.726304526144
103693,8702.911048181206
82765,16707.04213040011
103894,10413.41116044659
105668,11119.206340201552
94216,12398.200715439974
76250,31197.488766971084
102466,4910.115789376749
91919,18794.35270753209
99138,21177.102460843194
102850,17818.38367554021
79094,24626.639753207503
84552,10459.064293632951
93668,20054.57063812975
93389,15377.036864778634
84312,11135.285295681551
79379,26494.01346727227
98739,4931.996315427339
91448,33339.118003748656
89834,8106.46895695588
105359,7414.866876609981
100267,10868.97712880058
89101,18082.180469085662
76904,23453.977633436778
76664,27509.78034627522
102621,474.5976508935746
82337,22576.657005154473
94266,26716.550316743436
84994,16363.844020492921
86246,12518.569671370586
96923,10307.171099287627
107661,22267.37783233736
92401,19069.388175865017
96296,13285.304460827343
85114,10731.588605341352
83081,8059.419691476355
84948,8151.306449971002
80292,19458.58809469738
78938,13386.617860404465
79942,17127.623834107108
80899,26815.780837120757
102476,10499.150605434636
90589,11615.924040938498
89944,10249.694321375991
106241,20643.901907615207
99835,17792.957386738544
98665,13258.153579869933
96516,4915.677831680572
79065,19550.45309151141
97070,12836.609442558982
88721,17342.24988804054
100311,11923.85399866035
97912,2489.87424927553
101514,6940.206502659181
91763,21467.28103174102
88488,15244.521332260074
79955,9534.435911107179
105677,7933.61470680761
99297,2252.840976007139
77377,11464.174886488621
95552,13835.021889291145
99704,13455.528134040094
82097,44902.184304491486
77067,9291.029603543306
93326,20471.195663822757
98258,1998.782801934707
98900,19970.770995684295
101474,9796.925051297156
91945,19792.90565573896
78816,30992.783089048455
95208,11809.232497375935
80788,19568.047456534823
92446,14114.162311928052
81929,24664.146262688744
101068,15506.559121945353
105116,10165.305333064345
96828,9853.726065558873
102272,8169.651372703593
89347,21515.674729453884
105201,14624.844651296753
94146,16480.571912348776
105641,9469.57509414576
94416,29085.910078529407
89152,15064.528340887127
99500,5877.122264722346
101711,6684.898763947322
88178,15767.966931280731
94259,22455.09631265768
90380,11338.442862241882
80659,37767.66238985849
94687,17865.322901038453
100447,9617.252588566966
80895,11840.234165875969
91806,18833.000446473412
82758,8675.724810827001
81850,19684.039591558485
85521,8616.918251176561
92432,20092.03726656027
78318,58974.49139484351
98804,13941.404447185218
84403,19223.640102276102
100979,12009.184108759575
80559,16937.885340082015
104553,20774.496144046425
90570,11088.523932050612
108278,23675.497509734505
107134,12309.787147386007
84351,14793.32354903523
105418,11610.159317219604
93910,28416.756205305417
98231,25538.6949859195
100789,16048.468916920025
101332,16378.72409510153
105715,9860.966967879707
82170,11990.54847847958
101526,10872.291315888904
89070,4754.874458658693
90429,15246.431204091188
91152,19136.46202989175
82374,36600.001088102654
81668,26734.99906828323
78914,18674.380789151615
105239,12604.465268997665
107483,19479.903484718954
83354,13522.928107651924
105252,14027.146843738316
93977,19255.78167745833
89807,6526.710849334031
81551,28244.425127945033
86311,11037.242209940992
85966,11367.730652696377
83878,16646.281605900283
103342,10566.119346236748
102398,14268.707382889064
77021,46923.895154197664
82755,6312.402125815604
88635,5700.717901681075
105457,11195.380565776637
106552,15220.401267624293
102641,15313.422961386153
77582,28418.869457625537
95453,45259.35017206611
78388,8870.191658722611
99772,14950.880306532199
77990,11579.236755502721
78944,27583.5342762249
88290,12202.08248729636
90011,3317.0323908887767
89540,11924.084369903041
78904,23085.226329796642
91379,18129.719431788068
105750,9936.050902814977
95603,14466.012996567424
92481,16364.993361000274
93463,16749.131460067103
88974,10754.71026883209
77787,19518.40979379867
101389,10782.239282871564
90559,30468.00019260068
90421,10938.540167958534
107190,25097.803853703117
87506,10921.13663174929
101147,13720.527999838312
78096,27364.7695899015
99840,4083.489598161168
89677,12025.798709071481
97991,7499.083562013748
103556,10419.489709250283
101327,9231.474044348524
108008,21093.52338500673
107752,16205.625488331616
94554,19970.19932767519
96408,23955.479817597115
93573,27733.704334343267
83674,8750.76730968583
104503,29989.898574722407
93082,21553.86616069368
101841,1946.9427024298348
85143,34094.45219270984
76781,17613.165276445437
102153,9221.72858615449
97411,5669.302361438284
101676,7511.488281107594
103176,13116.622237135894
80879,24445.748549297616
79695,18806.428985746585
106987,29433.317731029434
89095,20485.677957678214
88707,7644.502883779534
79935,8429.561872950082
104678,9811.843366704637
78644,9573.292019895487
101947,12187.45660333899
85390,13039.120123814562
94121,13573.520372476074
80525,29678.298001433417
92964,27693.16765719205
81982,31300.316224485512
93804,22377.498189678612
95574,27918.66502563127
81710,19012.951049944884
84452,17527.517738642797
94410,21808.127936358043
79137,24793.750117733318
103270,12475.605383667105
82736,3762.287572299272
106741,17510.391347408207
77630,16482.56223763529
100426,14639.495568883249
107231,16178.564385292031
101001,15893.889462319265
95067,19992.170191148747
107197,22670.1570569304
83522,13159.882150665546
80239,8291.368300998663
106389,21875.89682533466
99072,13911.225509096868
92779,23889.015063831095
107906,25400.737085692257
81289,9307.239566159693
101206,6450.607077568779
85646,8073.6070514332605
95202,25547.110341428932
96423,4638.896796141675
106597,5632.867116277035
97601,9086.71966155144
76974,48165.36404102531
80171,26867.429798976533
78391,23328.309850122372
101424,10663.167184616339
79548,30113.344785536072
99083,14460.375095758936
96204,24607.240074196176
93318,13388.012547003887
85745,17897.55237095798
79531,44737.671130352835
106411,16391.086256570623
88431,10327.510325073114
79827,15046.226730605948
80860,21190.724630280827
93114,27426.85502179226
89031,4614.6307315644335
105755,17503.427083464474
81286,11730.26756385458
94641,21719.050479767873
92196,7261.034797639861
103591,4342.253444694215
80497,10383.369968231462
89672,5668.606919122927
80800,22579.431367378238
102146,7316.5807014732945
106675,24076.788964127354
76780,22937.282713746783
79880,33210.49666311984
90306,16383.342368793643
102271,10150.43558863498
82996,7287.459597939416
77929,26986.12033108902
86610,16640.94660412838
85316,15358.322609462612
91134,15085.841367885967
87377,8039.591461229891
102946,12929.75566124008
105420,12444.647067521455
78375,25505.4605220968
81157,12923.594174885304
93430,20815.993570987466
90671,12152.973805411422
98881,8612.250006437931
107152,13212.257910326562
106056,4228.839471726911
86256,13742.930452572778
88692,7388.193786291502
98622,10771.026291206752
84068,7810.4233717073785
85863,7122.362494765164
104131,8169.18403734154
94296,17609.78845873979
104177,8094.262259999296
105126,6339.583330205787
93360,16242.786890391091
91059,24514.89280123925
100015,6708.273656641497
97027,8378.792437777134
106300,27785.554867564635
83539,13248.00711811486
87099,12858.374959211862
90692,5542.857939458774
107313,14408.181132509824
81341,48136.43071435394
82901,10445.546019855743
85576,15875.302879376573
98646,13800.146397435887
102552,10608.499832285026
84874,15612.002111815505
104768,9690.968975804746
87768,5091.551935776117
93342,21345.920120380768
87241,14168.566360927576
103615,8065.2734862584875
98526,16770.252188786384
107464,13051.713554081705
83357,21896.6101857053
103171,8132.948534003714
100341,9948.526069160345
104547,9194.009900845249
102882,14177.76610918951
107531,17228.43939216622
85433,11021.933522286112
78435,16494.29675784657
106094,22192.562889750327
92625,56835.38617654473
100319,11370.317240644808
95937,25865.536295752358
88915,9353.378189084728
87681,6154.8524670647475
92428,18202.428404579034
85427,11858.93248240789
105372,9980.368452878929
82482,22227.612138612803
95178,18209.991013298837
106881,8337.053956275411
76562,26890.083484133516
103710,8824.36432163308
89109,7662.361016875782
92522,27121.036354281772
84821,16436.336023208845
80597,24347.160855383125
104040,11158.783536481904
96115,11323.047123675473
82818,8480.989553685095
90316,16617.537308735737
94385,18835.86099010644
86823,9183.165343022656
84842,10747.025776731305
102995,500.88613131057355
85397,22436.129690058602
81427,12362.697346459918
102461,12827.519192046664
77422,33299.10437572721
102354,16507.325679102738
91822,18800.259566886518
87427,8145.716714771599
105450,19998.32012710634
94789,19768.816734789092
106631,25682.49244435421
97004,13305.433026881896
100826,14113.393866318238
97915,17667.661549507306
93253,27832.27957809659
85776,8371.90622104375
105562,15526.70653942274
77560,20678.32024069648
82659,10245.840294474192
89531,16661.848476481366
94076,18755.278290969036
98457,10054.126554172093
96163,23564.509085703146
84779,8956.53882892023
104551,17927.81079082877
79934,19502.17857709411
84896,12606.934042236113
99393,15989.530793496118
82051,16320.336089912442
93247,17937.580941409684
86929,6275.286301040824
106943,9993.081931512539
79979,23435.35572053198
80912,23296.928146881706
105006,8391.516525027671
94368,29407.29488929465
81871,22204.460905631884
90338,11200.80185211375
104271,13011.490243078733
89984,5255.86352039741
105122,9746.886860897506
104308,24752.40729447529
92941,26749.782418259078
87433,23294.505271686237
96289,21787.74343041957
89130,9173.281224376417
77233,47327.9693375059
96895,11514.667726948152
90364,9920.340752597975
76283,17610.73588159793
77689,23924.453808226106
98366,8393.21140963769
78025,19484.501653174415
96644,11683.883370381436
80641,27445.20166361516
80271,22222.74259941629
99003,5262.2365847803485
79756,11580.521470965505
76981,12063.248051818427
83320,12918.215424151967
96797,2096.9528596443743
86350,10599.98498152023
107535,17615.662507119738
104370,6447.263669925844
100740,10660.274383038523
85851,10357.892015807844
89132,589.3661558632975
78746,26768.48072881018
88999,15877.211557086608
96416,18245.91619973073
88921,4551.81904607951
101078,11877.07398644223
92447,22142.732777809113
77960,20556.068451081694
106799,14632.715136631734
99888,21807.303462237633
83252,17747.89902301208
78645,15117.041830453232
92233,17980.18605985411
104026,7806.081124287804
85148,17231.896700369965
107726,18110.643024208195
93331,28410.46416613319
106236,20270.902338059957
95282,17351.695108623782
76222,24440.148721062746
84158,4090.6743918294924
81857,49389.95964558507
94698,18727.291597763695
104680,11862.079008000726
104366,15193.654291445626
82562,18261.380096903755
89753,8880.043490758835
101937,15507.301405764938
76600,19794.242892775535
102683,4496.8301885966575
89245,18928.93653360054
99902,12593.099752363038
106525,8809.549036732471
80738,37640.5618275006
107909,14039.103193871157
105939,17053.853793345363
92485,29620.479867519338
105128,21279.50259888621
103147,5915.164666368642
96539,8691.90804664122
99656,5889.588358456309
89755,20703.274304048286
88400,11630.874368541105
82968,21693.149221251093
103521,15563.290828645362
94755,26530.690561527386
82278,28705.661469701736
106205,6313.691323881758
102677,5683.594949905462
103577,13820.216982016002
88365,12738.58021330203
93543,15094.440177069228
103285,9400.604473867726
91445,47110.20435822794
86676,11576.14475921696
108086,11615.935847787943
97671,12988.276949123414
85193,13701.65283829526
80220,35741.33168795226
107824,12067.795199530005
87246,7352.021040609303
85080,8734.238393838892
85470,12511.869004641303
93453,25068.144352957355
87214,7217.1996255432505
99010,8646.102139231665
77246,32856.11995465896
81671,15582.54501737213
83651,11976.39345256077
101085,4692.213945655527
86961,11039.573991143323
99154,4397.956647300902
85563,10407.22700273433
98972,20765.262123595985
79331,19665.937011388807
100112,9262.8747401763
92540,19756.138065722145
102135,4587.3705902310885
104980,21360.102846412046
103442,3574.768381888656
104320,9626.50507081166
91208,49563.25140838059
82486,22193.221014666313
92052,11261.948491785703
80540,18199.27831772298
89228,12591.186904223763
98960,9923.058655795405
86821,25687.50478448392
95220,13760.52799543238
104196,14122.699327385217
77934,48814.90014203452
80965,12987.835127744856
80864,17148.11265536423
90303,16229.29156464988
100396,8016.162611346346
98226,11997.945762331277
107713,6639.240010129153
82199,23316.70137349556
104715,26566.8927806247
103412,10092.790104406406
77224,11244.52433358378
79149,20654.5285115786
79332,28030.304080300753
100094,18773.69915549468
76280,27813.953049059273
104668,23231.055046755595
106239,13356.088089893477
106918,19085.92382011759
103738,15989.72308356866
99768,16138.198437470704
99895,4632.449311257402
88553,14249.276893772167
106781,12441.469858228711
104339,25969.70218652643
88198,9212.51579769942
77024,14331.539954156171
90492,16934.156112617864
87383,9395.98437534009
85194,3996.874809404837
100821,9964.829333842099
86207,9733.14495071927
80736,12361.97487475433
85035,7409.491621742106
77847,9801.691490561061
102444,6151.484896401555
101635,19728.443436763915
99639,7217.4434302115005
101365,5749.625381636541
106612,23224.792904240316
89655,15298.296445526672
96679,15368.975488252874
107353,33450.990325932515
101805,9779.016922926468
81804,17250.95595974893
106783,13094.616472267571
101047,15101.639976527698
76164,31989.799359921977
106524,1428.5493575042183
104745,7798.807326404958
88874,12221.023343827059
89206,2682.7625198741316
88602,20203.21928738517
80458,24550.346221996653
85756,11241.82473278925
100972,5338.370685503985
79897,31337.70424147159
85913,11444.626211032364
107705,25214.36171284531
102659,7332.905976502255
101994,11990.837823512182
104004,8823.588356484572
91171,38662.31315087779
100207,14318.350930974044
101431,10493.451048892135
92034,19909.406446270128
95470,26994.285258986863
79276,24669.00725962878
101893,14131.915593259444
91522,26055.688674640198
94047,21761.300846714985
100620,16397.13060994056
97405,12352.501317336862
89277,10670.80949059148
102728,10369.902248519491
95665,48562.178836892395
93861,13828.308747337294
77779,12443.776315681534
79844,19740.4779084529
102549,10246.51180665295
79764,17941.104639449426
106543,16123.781619327932
90127,16625.453346690592
78759,17259.872816081795
85232,16067.086990958283
103173,13866.500464425482
77690,13574.932078730133
78669,38581.07201028343
77821,12897.721517749718
96869,7450.610971780927
99426,9509.153222908872
86596,10569.170231302944
102352,6684.242137325702
88825,7350.359478713835
82595,18552.1875176549
79408,22085.30605018888
105771,18805.609157321753
92499,22363.61989297193
82744,10157.333315032505
104310,5699.743289600692
82965,10759.329697171514
108492,23548.273630634136
102748,7166.901171069605
105549,20573.855686541494
103794,16170.458978518747
87574,10764.598221370503
77090,19442.33821266198
77729,27376.243549414714
92854,21553.877269384837
82724,11062.143134711287
76843,7088.411230348764
95714,12568.673805911318
85077,16540.30649605296
100035,-410.8992332199123
76694,11300.780090942628
86970,11702.991179753428
93243,23033.738407758054
95700,26504.141511386726
103907,8935.614510736446
105698,12772.65465453001
84320,10555.9332460381
91561,24926.898585307514
100459,6491.056548918705
106398,25058.00880312069
86911,-143.76010402285283
102905,13898.170752177713
103009,2838.1271602253855
76287,16324.576744058839
106832,10836.282186431208
107240,22779.54271820915
104164,10285.469503486842
96561,13651.181223976148
81823,9098.875562023573
82102,20755.821309644016
81420,29759.79674220386
79102,22452.784312560812
92252,18744.683876793093
91605,25743.59393714904
94353,28148.178446077174
76883,15771.42899121455
79941,23487.189083616566
102977,8004.27132767289
104975,29960.412599258652
86138,21138.193208401528
76309,17937.166996310953
104976,17244.08132246875
105819,14244.782402511695
103115,3721.450318059424
78958,23937.51839313771
86851,5538.065283289014
91889,16571.627580172848
96977,23299.922791566227
98888,11061.922111482025
87642,12209.798364391234
96835,22783.113431827293
95915,29936.758828103797
89880,12794.94314010535
86974,9645.92480152798
80793,16142.553083988994
95773,26476.810501484444
92664,13697.903308716304
108423,14277.848862705532
88073,17371.019108402685
97731,17836.040682898918
92705,26644.14538637987
98275,8509.841255415413
106563,6160.543389722694
83216,9837.680296837869
108252,23123.894834486324
90052,23190.667640764397
96839,14027.24778053823
87847,6295.441469674399
101778,18472.414979820565
90493,9456.139007083322
84236,6782.644764981125
94651,26900.94962883295
82828,4044.4069744792105
84570,12532.38779538537
103560,5789.355582556078
105414,10042.976241524388
82874,9020.389863965152
94023,17531.720692571114
99936,6579.26030013651
97927,2558.083646954623
85922,18475.538640889714
92409,19541.61909024101
102547,7275.663645623594
98620,7240.989593152666
77418,29517.001790534596
106846,13291.40397278026
90794,16515.75789916075
102848,7660.42846373145
77668,19638.900465270657
87057,7861.4642560839675
92125,36659.80612449916
89356,13018.747319117985
93931,20287.85418256735
98496,6531.70158063555
96762,10697.587380505483
77603,16944.927244826413
76242,7482.628881078826
77854,19643.319505012023
90496,6099.914233049527
89873,6756.529407408563
81047,34811.48175446377
81482,13120.319764988488
106630,21948.14561488079
102807,9058.932909451392
101397,7625.850251508886
103459,8541.693182157389
78508,32811.44226603912
87042,17552.942322234252
106348,23869.75184605102
90653,3524.024645694919
76159,18785.168538341397
87944,9476.943574653684
81531,22838.871277595463
107875,7661.698410456612
99542,13655.31239720021
107359,19261.856838695436
104564,15836.521374209857
82560,11845.971053010444
93591,26245.249644657633
103234,6965.746078118325
108458,10019.166845330583
79888,16503.905471979648
76419,24236.373718558225
106649,11591.10876624383
90004,5876.540060641846
93201,28626.40366054808
97558,16097.611875715169
83097,14671.687761286103
96492,3385.782376943236
78413,16803.67186203478
79076,18258.134625891045
87061,8498.221927313889
83665,12508.045880415513
97131,13386.298305138132
102075,3663.5374605915113
99331,6177.070419972086
82067,48860.311030136356
85459,20450.797631483216
94510,34708.613191890094
97875,20286.115809032206
105176,15036.752590473572
89196,4272.604209635274
97424,20903.610303713765
92886,27928.59573023073
76660,12732.852968605523
81181,7522.35030857464
93133,17218.82589112981
84390,2039.5863927757582
107413,23376.067590492068
98681,11367.206915273688
86318,885.6889819934659
80893,26897.701040603366
106409,24658.759094624453
101539,14533.036313400033
107735,16198.153080635031
103362,5287.3127443060275
95493,26959.350445044827
95573,22703.94335217484
81435,26636.039413572267
89730,15406.219960614728
104812,8941.524002099988
95540,14349.816770108793
105693,9757.711507081865
99879,12870.628319910147
105045,9749.040091632989
95556,33177.24256397189
105209,10467.744641175506
77262,34447.702344013735
88746,12874.378264331428
106257,25703.515941704347
86665,15339.731747620142
99714,13842.524325616803
86308,2737.8258410659164
107814,14963.119903947783
104110,14311.279253559089
107020,8657.950424833234
99899,5691.798656934825
87878,7861.38370938964
107898,10945.685565251995
91803,22404.660647715402
91708,23526.60308166974
88131,11213.197308408755
94236,26733.19009240093
94787,28237.47469043205
88426,2374.3049073694365
82052,23603.307953605923
81430,24440.54236923386
103458,9914.7785815908
87322,12253.381867265003
88030,10747.30526785765
94505,33992.13453823045
80104,8647.293029603641
92324,27901.898492312765
93393,17350.282751069135
101185,2021.0863371280047
99944,7538.757843333377
91381,21130.39324880889
102720,8569.235438757969
80107,26642.469128653807
93006,27321.793920020653
85248,11075.164765227386
99068,13387.77252979242
76834,48009.52979736737
89377,12059.288545336669
101452,15706.990343271922
92548,34527.609666885524
100658,15596.926212408958
98383,46814.43949593577
77915,29008.90468875804
86268,2394.9732807936416
80304,7121.382948291373
106680,15249.549511301972
101132,5684.29000830632
90092,25816.10601772378
100329,15784.187479114436
79943,13910.474461538673
104189,13464.203259118727
107250,24366.00528731356
105088,5527.5624871132
88824,19620.02004094425
89166,12730.052720421572
78748,16742.386574203454
80118,20921.316292440843
106238,25602.383110577386
105638,10347.082823612307
94974,17803.35254413876
78384,15824.575135621326
93451,20659.96214284473
98422,6226.301984516336
91430,27684.919940984066
77519,21773.575184489946
96946,13959.29160813811
98391,1977.5748163395929
102809,-630.4464181291005
82926,8264.870084066906
79108,22952.32611955641
96213,22393.27415110585
89205,3018.694342810968
91600,36138.78914433071
107292,24079.557099743448
90688,14009.106500970189
98776,5363.804463752003
79778,15394.337075480025
106834,7001.929309554267
107835,16950.562790617616
99788,9743.230492143288
91133,26087.134451939106
82747,11702.575174361944
95651,17001.41230421162
90035,12740.015797624194
92821,15777.339262668173
93614,25377.71636939425
85993,10597.168803771103
94616,17399.546455963155
97987,15192.768059822916
79300,29064.32618068844
98588,8164.960403690933
83355,7660.8897462861405
105664,23490.122074233244
106502,21567.523042538945
77235,23708.75727828387
101503,7300.280319157053
99569,23126.812433293984
93332,33860.61441429787
103565,-2694.2731691476783
98223,3003.311955022027
89090,10076.241304831618
101490,453.90248824639093
89428,8972.235390685553
82555,7608.029175621592
94744,20147.662519220645
97092,3319.5310414696196
80994,24434.965400919085
99486,8873.593493467937
88556,10595.174971333856
105789,25872.199611650263
90968,14007.26219708622
87386,10602.434089487437
96239,7028.33424990688
98412,8306.0847341505
107073,11653.719133212468
85775,12017.488288192868
103494,12695.046773381293
96232,6099.051451475225
95146,21589.459390739146
101493,18498.341345865403
108369,24330.971436547537
94214,23121.361624954374
95377,20253.404115778234
80081,14987.127526465694
81186,15987.662522917522
100638,13291.17910957854
79228,29230.574919123665
83296,16376.305990841682
78663,16008.762562207461
90474,9460.50348643423
99746,11615.371272225813
80600,66199.55067719995
104132,15919.614433228977
77292,6712.536173387547
104314,10738.596621086912
92563,46481.41738333429
81135,23616.718992580405
83199,13023.686089878749
103083,6074.244956923496
88165,7057.662126729365
93492,15568.508683511967
80502,18522.32492081893
87640,9669.1403335459
95862,23737.75188072062
97106,15787.27886643449
88353,6056.083165147729
99443,17637.967157701085
85914,5989.177325888197
102522,7428.343279611945
94035,22005.720395427823
82309,15296.789158181324
103845,15006.236404879764
82955,8111.792748332297
86039,19781.00620550396
76890,11778.071367223976
94862,20592.313978939033
89261,9056.691560274907
95261,31258.45980531245
76543,29790.463384197727
93805,17831.452929215113
79387,27566.242279620004
105256,16273.966333479662
103632,15794.396343022232
101647,6890.138160932263
90779,7975.014217236909
83004,9201.861337561586
82810,7231.857882151524
89851,5442.083000161474
95583,19442.482912956788
95318,11720.495125323507
96740,16978.01880305279
89999,7052.552318716378
101586,4359.3815245406095
90205,22743.006692290983
100202,14191.74048667512
95896,14891.042244663078
78190,24342.663102092854
106867,10383.869515578017
103122,5341.878050399828
78800,17245.8679455222
98137,11267.054652651299
104071,14396.337769328253
80969,16755.318733654833
93695,11312.064775184617
79235,15205.80891427343
100233,8585.158593975215
103673,6487.435428639859
82811,10319.466467696308
106273,20525.31037505353
81714,10402.744078396296
76623,14297.932249802738
98396,5061.282769305541
87067,16512.182142551046
94615,27191.57578630519
91380,27169.52089280934
81368,13182.628434883334
100189,21267.53778965259
83055,11416.786466962276
104726,10761.80003841942
79494,21195.419863714375
86895,5898.167638861265
104253,46374.84714717973
80451,28841.607352053346
81633,29625.53581324862
85761,7469.891526393196
76040,14558.556143665553
86749,2948.5740695848126
97161,22673.326927544764
89492,7243.597563775596
101063,11863.114847425957
102557,8127.338447372607
99966,4324.476055283449
93615,26144.475446239398
79812,13599.866973034452
106083,30927.01766142207
91688,17394.66992684988
93348,15673.243918208835
95861,28608.029393036835
84278,9854.198459985495
76892,17068.66634875175
86674,7663.876621676168
76138,22361.719447961026
104974,18368.069236881827
102421,10987.126857900806
82617,16217.72172775579
90307,7796.08233402015
92258,22924.556776287413
90255,22410.577016997726
101498,11286.069090404046
80567,12314.954434424111
95321,24859.537062939162
86671,22.337859488105096
89272,9536.77226199309
78823,13962.747041382947
95185,21804.27820653799
98753,7939.766140663303
88611,755.8012372806879
108390,13174.654619449755
105366,21499.45733193645
80433,18894.91719392959
104145,10257.176681993264
90881,12799.172711493959
82596,8558.724662003166
85279,10005.44408520147
105968,12070.877819668625
84463,15948.167299767661
85840,6027.637617691638
78708,15062.33034031102
81642,22335.261789775
88004,9613.325996912467
97345,23974.43904287967
106927,5058.90459976019
78351,13646.686106877454
91596,26570.306640390096
98390,13925.680742196384
80145,15135.508451653051
88364,11017.196524711211
88715,13931.972532924196
100449,14328.143834483577
92076,26488.10175137694
102573,13301.254344301806
89983,19020.86677815126
76338,29173.6190542653
78076,16545.291883469046
96116,12232.359025017295
76662,17584.46513091843
94194,35085.302244417624
105200,4163.606856425644
95232,18963.985041569395
85705,6235.494554774095
81683,8992.889447392517
92007,34144.01124108713
101156,8631.163767243343
96857,9635.454134572312
91201,22686.364619399974
77066,9254.671986475792
94938,26061.535843782163
82691,12990.124927632884
108279,23374.901262733263
101317,7760.552226910906
91872,19676.10942530603
92517,21547.459334585466
76176,18401.877269258526
98840,21547.652634941976
96297,13439.025331725476
105077,14256.50967207044
108306,15686.882612401881
106837,10774.957584030508
80906,10757.818928732511
85979,17763.618838185146
100004,10773.184717938306
108473,22450.152643656074
77203,17671.13672974144
101523,11405.94002547985
91769,22309.035444506284
95403,25335.736815217846
83930,7981.505881291533
95272,26705.871195909407
107063,11285.390033238018
105033,6009.694918385396
105705,13087.65899495605
80224,15440.9112887303
98468,7769.20721785875
90993,21779.565639752695
89413,6030.063430370703
98561,18041.49587772664
88199,13109.574521444847
95082,16899.310557491488
96647,7821.598152499631
80307,21640.021279472698
86717,6340.180252435908
107754,27066.118363463942
92740,22888.652093945042
89653,12384.054928100993
83458,16701.576069898158
88918,1875.520323270408
80859,23937.585321282502
76830,29901.691718633174
92727,19225.263612988743
82512,10187.62403279817
94918,27061.919003502495
96158,9431.618903814113
97812,27999.46838110566
102820,10481.951036146205
88655,4434.9298378318435
86512,19971.92911915622
84814,15605.107139327052
82832,21180.96825012518
86946,10038.567317335932
102885,8990.242690499128
86598,20199.080690585026
76927,47086.57888600636
83377,14272.451007207157
81917,24859.729545161994
92972,21153.986487525384
94932,16365.99574870953
76026,33203.597486817984
82383,31250.944678158863
95697,26997.5842149022
79489,23778.54226251402
102254,9618.760583170479
95248,27560.725750482714
99438,6408.699415868625
96002,23893.619226540002
107266,14939.300032377749
98233,8769.69098491385
87721,12243.376111271635
76462,54101.41571927928
101352,8757.268141929913
89118,11173.952440443227
91908,27155.65186876985
94169,19937.337408324216
105347,16398.452528276644
93347,23838.800096042898
107981,17731.31289596804
104698,12745.691077606896
87678,19324.50353669818
78945,11074.087123730938
106051,9048.394950771682
100768,17272.696197117188
78915,26946.135060754015
101837,3637.473788176516
79136,11572.447388919923
97035,8549.436807551001
78591,45705.89187163225
95969,27152.48873363422
84208,9976.77839281716
100228,8642.734622276648
97687,9574.379408173358
87591,13009.122641553826
96149,22601.443782783463
87736,17926.809722575843
87550,-170.7613814650631
102052,9619.879157352292
78827,33446.81295081359
102402,15204.497948087406
79412,27280.935350596857
77865,46678.34463073659
107971,7616.135431322398
107469,17128.85159810181
97612,9592.992112725397
108451,14487.177683627648
91741,27711.856003592897
97524,5683.4772866810035
88979,11272.425952077803
87740,16769.743867047782
98817,18999.73053333741
93862,20626.62426373047
99648,17230.432094982672
76643,16159.950836977843
107633,20124.018463593333
91213,25922.52371869584
90869,22836.269152031506
85444,16173.482734009442
104383,18670.07524889337
76870,14969.474190237604
79279,33134.686591196594
83999,3972.6682257894226
98596,6761.941564162409
86831,10757.318043905212
78863,27102.274933128054
98360,8114.444129335901
100096,10684.782028382268
104448,12287.385112996482
90367,9058.92704141634
103277,14471.320160131283
103728,7923.504644422916
84370,10829.360359806797
89978,6338.259239997067
92359,18224.227304407454
90135,6326.531631452808
87969,14309.300367990456
102318,15145.082085773342
76607,29105.06090283948
88481,11497.946031086864
98436,20502.204946082144
92888,44807.06472826682
106269,9907.786967006505
100538,8705.664624254938
106326,12248.936751115818
82449,3454.2244472518178
91142,20170.983695931107
80150,21954.608071439416
106004,17136.86816119285
108069,19749.883565461532
87037,17779.216030558568
101280,7093.17311421645
95763,15559.783503017503
86504,11552.759411464276
81964,21246.596507499904
98685,13764.08216306219
103215,12565.051636211563
94922,33987.93187950545
78554,26428.900653179342
105764,16857.487826315308
87972,10573.952143744238
84358,10693.033373862698
94964,22666.73247232409
103241,9480.189931928042
86647,11883.177720596927
99158,16880.811896835472
85420,8261.058346176556
78077,25332.549382618083
107422,16063.969652397705
104022,23500.460472686886
79737,28795.230282167104
80207,14677.616718613923
80967,19531.92468253996
104178,12456.03020955905
81030,20411.347026023705
93015,17641.193062106093
80407,25597.210636620017
87649,13498.621531891438
76690,16296.7595815209
79789,22590.976523944828
82746,7853.507350019356
87159,15414.60183562263
105962,13162.907908925377
86711,11449.61675626148
90644,4131.182882282315
85786,10838.359716753384
107631,20937.401626765706
99617,4801.150883810731
96261,23438.869684964076
103524,8892.897299850696
106761,3661.1223722355135
85261,10102.226949310665
82784,10890.931389546478
79866,14296.12801471326
85332,18453.157616623826
91102,19417.27129591918
86628,17219.073836345433
79673,36143.63990213102
83347,16268.362381219951
94145,20377.84122723242
106036,18907.914060246778
82287,11702.635123507418
88789,13037.409685360188
79618,31761.227510911456
94133,25774.62698692619
76165,17816.13428422166
101369,1964.1082731015122
89387,9134.610502972726
76789,33143.81870548439
107309,19772.89763979738
91783,25393.91607824066
101897,289.3905323715935
97745,20891.996268885145
82133,38640.26834483755
91614,17495.617318789406
97308,9695.911451862019
95044,41638.39392444663
80363,21757.758353944082
87137,17345.44146912984
80900,8431.114349889374
81525,27281.99644649919
86772,12153.036299304556
104784,22481.79709360677
76211,32830.879811336374
88180,10301.889714378354
107375,20043.698844380728
87142,7270.412015277507
102944,5367.6322391209505
99258,12449.579761660081
80209,17872.24333289361
81591,17462.943833160727
101494,8075.467533207911
103703,15618.145232488234
84613,13010.702205742406
81070,23943.85149335266
98675,22484.792694562064
90638,4906.40075640497
78215,16537.45406892901
104188,9507.252797946352
79525,27899.022693048297
95362,22209.518701459794
95717,11442.86650333036
106872,24443.225113811128
84301,13661.473327618929
81601,28646.280361121113
86575,7149.749377529789
100108,14343.83084389869
98140,15634.998497144035
80480,17108.895352865013
105961,21855.13500534026
88147,7057.7024295629835
90426,11036.212747113503
92503,22497.159035492063
91066,21760.25641795304
103976,9139.199715021425
78267,22440.969212774035
99535,5487.118377356348
87776,8852.614027094563
108501,23106.492178726996
102285,8930.364018247652
105946,18590.429521930015
107799,15750.075744197542
90291,12672.294302354054
103617,14292.639117939343
97086,12024.072156628747
108058,17997.77131390052
84663,12811.184346868478
83054,10193.336462072959
80706,8826.63215407552
84885,7379.184913390265
96741,7754.040126184449
89018,16413.568040663067
102962,12074.150220689677
107208,23524.275654188204
87254,7015.641595279436
90928,27205.230643882373
107211,16396.443527230687
104636,14943.49165487843
96902,23228.398213897588
92953,19259.376755951642
107082,26756.01179620395
87483,8384.673612340719
81493,19670.663966127704
97521,2964.361581976398
107168,41925.532247961346
94004,26325.861262550075
87794,14934.878848351069
99172,12578.702070139263
78673,27250.64929161955
77673,42659.02061822795
89569,22075.20205305936
95130,13022.58829068502
82941,15198.249485817714
106278,22647.200029657884
92295,24088.17544836441
100500,2004.785591155589
82192,34868.184468657804
103583,17791.47249186156
76059,12663.948844523851
105499,5819.270232988181
107083,11582.174913633751
99563,7780.812281578956
94951,20386.86036521635
103148,15705.32916329816
91319,12997.418472597157
93386,25311.937603134647
76109,8840.671146580016
82945,4771.5843803766675
101785,10821.349137544403
99381,-2271.8033043016276
87060,18540.35183444125
95211,29136.20568236254
91694,22132.503997253727
77173,47242.47639703118
82094,13633.294513034649
102120,12268.868344496095
91721,13751.087890243485
88100,8201.513497650969
101115,14035.693663804277
104595,10504.000945183223
90098,20762.606005332927
89595,4395.966312142551
82269,31589.090848768115
79900,18626.42182337502
90360,8844.030530560307
102462,12497.384237765313
106639,19320.938991796902
100825,6670.10794187642
79579,29207.045237988663
97198,9597.066605470913
78303,12099.192114728834
87680,7626.964852235249
78160,44598.12014896495
76168,27508.76846211349
88329,21743.379189536565
97416,18303.00681144905
93159,41416.35241738824
91927,21593.478562320473
90611,12688.823948202178
78641,39762.20655468301
92598,21902.170177732405
94425,26695.179281843935
91168,20808.718074513694
78734,20342.796793001293
78005,22085.658733994478
93001,27127.575482536035
101473,15507.901542534386
81076,37838.12551859127
89625,7520.149420306465
77610,15613.750948833938
99909,15040.862152895203
84285,3717.6558522552823
87146,11213.04427447579
106204,22113.43029996731
79047,10973.061700282215
101371,15595.308626908347
83269,12022.78997489779
79251,12369.337314068871
83976,20800.6439728401
102684,6322.094042771036
97327,12902.424470353775
103469,9653.096179832919
84299,15369.976892419754
99272,14069.172606589453
89489,7099.685837977785
83325,10544.880882651738
89423,10545.79434470367
86724,5568.59698500543
83802,8453.139178225194
92419,36647.09089059083
104989,10179.148792733373
83670,19987.334935244013
90400,6628.553691790781
107433,20818.052220259808
81641,28688.013071399786
103722,14930.978807010892
86632,10292.746867989292
93036,17240.523599519016
94398,18852.861671908075
84906,5819.347341636261
81280,31528.317568525996
104075,13596.595372805936
95998,25187.940822359138
100993,13443.809076437468
105404,23475.985944612105
95615,25363.75119751935
88828,7182.602515674007
94230,26748.261492698388
97101,27891.120169765483
102266,8609.261300804099
95269,13375.817646927906
87008,16278.72821966563
96384,19861.397841530987
81461,29368.69094236428
92651,28870.869653228583
83997,10147.278414843837
100143,18784.848128151723
86721,17363.56034633539
107348,12366.283479417814
99221,12350.873539573668
92846,20199.012289334813
101042,10567.651486825975
76663,46144.367285055945
87986,3869.2525078781764
92959,14628.97101300043
86076,9265.759270982653
76987,13157.587723800298
76842,24223.74723448579
77966,11185.151297846316
86599,14696.274212305765
87922,11363.207925759947
90812,4568.3593575192845
90897,16735.630296381143
86531,8714.105910559183
83583,10851.896563144222
81256,26621.4171876033
80343,15272.508608049493
102122,7422.256962152504
77334,31070.387210890236
102222,13670.656719863988
93883,19460.00872878889
101876,5004.0679985140305
77602,14731.770510200415
88598,13038.061830380644
77524,26971.06231294873
96783,30050.128303733727
108041,10509.432139416669
93694,28802.042612821235
96258,19003.636202472568
97398,11061.273769614309
84225,19009.84078450601
86415,10155.36165160769
90604,11091.005716792512
103848,9415.193171253524
81012,13123.87987637433
94703,27193.03328790873
107406,9564.290001689656
97842,3334.2677433431963
106706,7957.866492233889
81667,33823.97674880667
81092,18887.31787275464
97523,17513.02846695768
77107,29751.806753006058
100699,3590.072320648789
86969,-2409.4575580005385
100917,10469.141799486933
86251,8463.030555635141
86424,16956.310055802867
79990,10459.933143348644
86382,11910.83266691794
101613,8277.601172738998
78397,16658.191743992254
80111,10527.820445494392
88021,10916.295757714503
76832,22980.139599017253
78935,14578.16980689153
100446,13306.253061570205
100621,13114.209367955946
78399,10969.181187218283
108515,18820.819143608347
106023,10587.827562329949
93721,45853.58024272541
83647,9317.18615386439
94136,26949.471124670774
95847,26729.03484498037
107172,16279.986409733705
94458,38657.13234115589
94175,19942.85897502093
92726,18881.115204740207
80910,49602.38158660307
86869,11110.991839835275
81258,18956.112026155206
84340,15231.019309353902
100324,4600.817707211081
99428,1761.6905918978136
88878,15701.189795796374
78066,47708.78682302912
105935,21492.12664796676
87309,9696.163745468755
87656,9962.801875271278
83790,9931.108881562852
77893,5692.754868546021
76055,19964.705394239343
99688,15348.994918848497
99661,7793.034104308976
93173,30978.503570953348
89291,7666.276647012138
107766,5294.717634838849
80369,16985.418171305984
84448,21320.136588868976
98481,3448.27092198241
96477,29934.222418432153
94818,14857.896987332435
106708,12306.561443656952
77786,23405.021404332754
77244,57072.68417884961
91199,17297.86013756747
101108,5044.844762441433
78967,21671.36761192573
106914,13706.529994670786
91647,19184.432598526462
91411,25135.86945722191
98766,18592.462555357895
105906,7495.500715059483
104682,17705.79242767111
78615,37334.815088054704
85253,12383.222480623255
103137,9434.77651259749
94662,22193.070229432502
104640,5475.77246754445
97535,30114.041341537486
80168,31537.223059246637
89005,10955.820807079
99876,20792.61303251036
88741,7754.667403115725
88333,12464.701613110612
79822,16358.937743657
108292,14066.029788218457
106845,14188.591235712964
92167,16933.343869588345
91226,17505.224686226284
95206,14111.458809100066
92166,35575.30843287012
102963,9964.419887282478
79527,45000.16801974378
94552,25633.3946928602
89210,7143.273831653185
78573,22026.360102415267
104073,12586.318919190191
98520,13763.223876197248
77491,46758.59607602351
103333,15682.241729809943
80090,22331.952612892666
98666,8752.95883965322
86798,14066.884667877845
81728,15876.505490635182
81606,12959.374960734487
84372,9694.18909596472
105528,3411.5501301408603
107436,8444.220520570767
89038,8141.62859313168
102983,17834.999522233527
83135,12778.212836926617
98165,10339.42568546902
96159,8488.401356475422
90229,7984.468368669513
87710,16239.535768917183
91414,14611.763844881183
77961,20069.87096233851
101890,15499.737103929594
83710,7848.961282750949
92874,24932.569361701233
86534,5521.571174253073
98517,22174.549256395192
76174,32812.82648411167
107068,23607.931980696274
98050,10892.417393946578
98718,15765.990870886457
101964,15708.263504616649
96813,15843.368586311919
95118,17628.898115519314
91139,26970.9711942352
98838,-3972.8184362793163
98268,7693.0001127854375
99553,12938.09271948297
98904,11876.249504081006
80828,25091.94187022662
100001,6159.574895196469
106691,21951.274624519523
108038,19901.541911932425
98715,7041.769508019292
85714,5814.543264070811
88475,18492.25092910899
91923,25537.96156765243
94795,20940.246566482427
79738,10835.280912638424
104213,20200.870080170444
89425,629.2094250415994
82405,16115.008320983005
101000,4668.616116814914
83819,16713.44701223158
103491,13851.790788912254
88226,9031.25210445702
102022,10167.988942250195
106889,5655.575577485095
98697,12844.479576039612
97178,7828.679626996742
92375,26418.52019528584
95917,29495.24819508408
96308,12257.646979962476
92406,15514.574404812975
108375,7741.617068801581
76860,11970.760444017817
82234,23261.920901252204
99593,10217.463726413422
82962,15179.169455131836
82016,10255.637866177152
86781,18923.91721548056
101065,15852.276437169941
95525,20391.324477640297
95306,26965.803165983445
77397,33385.67699489414
92496,22870.275740647332
102473,15652.003534265838
102927,14909.520598612004
91897,26780.93779334532
95554,13563.69155101238
97488,22584.434003418795
76085,19028.388420847896
84133,12581.539183289462
106369,22955.913121405043
92172,16659.455024445815
80532,12847.76962123934
96952,4116.839015337406
104627,25316.564333499296
87415,9612.715327783419
97047,8377.009824457533
87227,10355.835810786199
100308,5231.710828716201
105075,17609.028469812627
84539,15963.042300462852
92284,20270.111691221602
95634,29283.60137998758
86731,11159.010865800843
96425,11628.456435812546
96765,16108.784853725025
93239,12537.899722400936
95450,14488.325969702402
102086,16279.326236667994
103024,11098.666143354065
92808,26087.75218674772
99619,3497.562315538582
79704,19217.31975000092
99613,24446.70913028591
106854,6352.671302339457
80959,43817.935021360005
96020,15846.752730875342
78736,13204.574344591638
101207,14220.377705428979
89767,6279.842443065778
105747,17428.500310460717
77828,17193.692266011836
91572,27019.652528130617
88785,14251.768660210746
76972,22859.185978933252
76362,22299.809700867674
87572,23800.924946450978
82399,26944.394789275095
93833,21458.521810358943
94597,25442.86118871171
86551,8074.739591467289
107163,14844.94860077864
84085,12372.81950736893
93349,34556.88926353591
99389,23975.05848818168
80970,20339.45697875928
96279,9693.159401397557
95329,25723.85471893917
99228,10406.912117028267
90184,17097.176141231048
107226,13370.437978450354
80769,25034.221736494866
80742,17614.092956493652
93650,25508.84233588238
107530,24471.192287749138
87038,10296.3176753566
80146,30656.734752560762
94892,28878.617801467903
107150,19149.876431984834
77880,31005.76062115258
100591,5950.138749850315
80919,15222.02307816477
84533,3840.1144617709706
82006,11934.639314861874
83592,14611.092985449965
77124,22761.238479974876
93924,19078.045156605665
95528,21055.22803435779
105644,14744.900085928011
85662,14724.847810034309
83079,11389.14772794104
106655,9449.483322135056
96517,11009.394555632032
80260,28701.660172591633
78203,13335.551875908157
104045,15743.447594496234
76147,28496.044612247973
94260,22837.36115143363
101648,12900.68496968382
84725,9550.944906065479
100099,11220.12583207697
79381,8009.4753604677735
77511,11956.37255098294
78265,13777.005128071885
85496,10671.651227076127
77336,14135.833450822356
80330,25386.71092778061
97617,13531.220089001672
94477,38505.563937323466
94881,15065.767691426747
76653,97160.84991075077
89023,14051.769794860289
104965,18399.322723547888
79637,16251.988904039457
94018,22028.069126473158
76481,13411.384150080303
76139,16426.015714054334
89662,14834.659483261477
105654,18866.226755595537
101555,7848.686357242478
107636,18291.185366118993
99722,15751.460341093263
77887,33220.74346048428
83236,16204.292934798286
107964,22980.737389259994
108137,13536.310389435326
99718,21613.704633055753
86701,12856.676660652836
77077,30704.83875703619
88040,43165.54290489687
78583,15999.385188128897
85917,11635.65882469833
81283,23300.340290923992
104304,10833.360384063644
87081,13569.699703294362
87129,9999.803612898711
98111,6296.6557670304155
76125,24582.041168220832
89395,6228.8020790510545
105028,13497.396169442032
98036,15500.56663457748
78805,10371.268828939166
103101,12143.27774239533
108365,12244.834552558461
103367,18668.964961655114
79524,27008.899222052736
96079,27614.466715669172
104361,38298.86973618989
106133,31719.77613819234
88514,15807.559380715797
80511,67620.42655698016
90340,10400.33445687448
105563,18132.115207519193
85987,14572.135548856737
88251,16759.838016837573
104270,13393.989867384702
100820,5257.44394825525
91061,25012.47495744543
94348,25807.68234736158
106956,24872.313503112156
100858,12670.690992010674
81114,32039.91624844499
103100,13027.063931423829
87787,7544.272598121988
96168,21200.387421842483
107880,6880.390427375298
79423,8946.227210074583
96948,6673.534446360158
99709,9333.228319325466
92562,22791.506094596793
101684,10563.854252422283
99037,15690.970854832281
89129,11788.837987657933
78722,15640.230208665698
100854,15236.84602977016
94206,20988.02307472709
107045,6227.332213868533
102537,10700.36083887711
95597,37262.550088039796
88680,12191.436588269735
96439,16265.009631756426
95466,24705.488814731034
89104,5562.67633318086
88224,8958.998757153253
86152,10497.644199031154
98291,12316.00283230337
106901,19886.40134750649
81783,37663.401875121606
100932,-716.3504282945705
81607,9416.045963718107
96664,11991.403527771614
87553,18291.170750916313
95513,25366.180174876845
89899,17697.570193933065
98891,23096.127442340876
107167,10463.962942909035
77353,10158.497946303421
106280,21825.681808571324
90874,4062.2181809755493
101248,5112.093018534597
79805,26882.30586631321
106429,7551.247665855904
80749,28776.066376166476
100354,7378.659546363479
80249,14186.498438135193
108135,38596.33873254882
80931,16554.842894522
107899,7270.052491271628
106399,10786.530276928952
92635,22813.380484202982
99128,8655.882333488495
83388,12895.097237727126
79225,29047.15293687983
103533,11338.19529291791
103029,15263.88423918543
107588,26180.825770587027
92646,29666.354916307806
95432,23732.758820809104
105377,9881.210264947444
104914,17013.699091449143
103692,4806.161215166101
90273,14254.742971613834
91496,15624.64493166352
90243,25915.510783960046
88300,11187.925353267157
87519,14317.679851395653
91612,17961.386606941964
101939,7434.8127351911835
91015,28744.258675453417
90181,22139.38370002797
78441,15851.243244752712
108389,13064.514801798328
92627,24822.01656206594
96927,7743.477876385599
87730,9716.842849606877
89842,19548.641767511133
92971,20037.78896555167
85556,9403.827381065856
82669,20708.893367016935
96673,7568.052784541479
79153,36935.33505553444
104675,12243.41324262994
91062,26070.67413642822
93779,26064.066928864217
84248,22072.038699172175
85038,15076.755340929016
87003,11551.117177853608
104951,15332.595065605914
80530,17867.09134872593
83785,16542.99569462261
88812,9832.410481431289
82270,34657.71691781777
108300,10793.156346125052
103880,9735.286375410284
90507,17391.506230435712
108049,8476.309259311309
77105,21584.16612634631
86615,8635.483107141281
86494,5948.764045827773
103184,9279.592602657685
98599,22230.67316113249
104375,25337.323710657824
107205,26497.231812173603
78844,8005.775620793569
99780,22310.64434385665
88969,9718.191155763601
95137,35953.42641183114
102509,17484.39955812839
77745,28164.999654147345
86566,10349.344240642564
97877,14964.067596062228
101765,6522.756637585075
77886,9211.890726492424
90185,8487.630665956578
104203,14097.672842508637
85229,15957.564747040524
96143,19460.585040080863
88575,14508.954220386435
104096,16299.209844274292
90161,13035.725552730306
100702,8290.533741461115
91390,24358.35075555869
94518,21860.13037670605
95365,15436.877078349304
77078,13570.863719246358
103981,13482.285767852814
93049,25010.10295140557
104932,13673.78372541412
80929,20788.577738831336
84280,16482.498467744765
107619,8921.443423758465
96726,6921.18585619336
95122,12539.970393742791
96286,23126.916801362942
104463,10295.58471042384
79669,15506.990800214275
83751,10385.753506425972
103686,7424.009505686639
76601,25727.55323991489
78424,27724.3681607624
103522,16918.65057506161
96181,17253.994290493858
106896,24257.32395428251
103201,9989.933285128041
108472,23052.39311258079
96100,8151.199762513022
78149,34553.178232478866
99046,5472.595469643224
101215,8688.376653882086
95675,24181.773411714326
103753,7176.881336777107
102010,12179.311015869636
99789,4943.879377627025
78760,28403.2221405769
88270,13101.766746891495
77169,28150.748293272674
94033,34259.6782402047
96304,9452.087655117099
83591,10355.477427267042
80417,21213.386870223923
87101,21926.019103676612
91487,25770.902373382178
107256,34009.18090085854
81695,30498.718452521618
104760,3108.8216698679516
86668,9896.482960349123
106007,26622.80076588159
94726,16296.475212756228
80940,34405.09410789045
94574,17841.60793468791
100505,9463.545499898282
86383,9972.46612486547
95683,16638.674467882185
79982,9391.69256465385
91488,27109.281915026782
79556,34681.84007211443
108183,14687.30475280411
93993,28419.667572423263
95976,34267.60806785331
98574,27651.41711370051
94825,29034.85303036488
88397,7627.280321880044
84250,14641.520198565053
98593,10453.969179272979
98330,4655.192617715129
103350,2230.2879013749607
79640,15724.35045022779
88447,11683.012493241367
97515,17624.058332470868
99951,13405.58302957833
99333,13709.799932969063
88755,5883.566048005494
86184,16176.998767348803
79396,13896.929294520294
86690,11765.211162889595
84172,12902.448902515454
94766,27406.62093448064
95569,42813.83850622157
106158,16948.118731412636
81339,12247.56104380145
93286,27413.605054282216
98950,5403.34385779643
78868,16300.627961471111
100793,6610.149979978121
90095,17310.88435798723
77269,26030.580850226637
79615,22236.04081003378
104050,11241.17746396323
103961,12907.307171405275
105844,21032.402953755398
101832,5278.822071836434
102550,14864.254689012116
101434,18768.73586293802
101418,6240.392553666545
108042,15181.313109368646
107747,10730.139321007071
84521,6618.28172181586
97615,11983.927688565367
81424,9154.357835585182
99517,8595.31402104611
86658,18686.95105966049
91422,20045.02250019022
83839,16899.500327411795
95100,19166.642121732286
108425,16014.461573085802
102439,2506.555366074612
88840,11989.371640192428
90580,8634.524498960764
85770,7944.320108209788
87728,20707.32021417455
89952,21849.877796624423
97315,20101.211962632686
85711,9479.13271610162
90358,16445.288777706646
102929,6430.243098462839
82447,8690.24732054638
100245,13414.033994902475
84784,9756.760471922087
76465,14697.243715128448
87664,12739.967928030506
105387,16600.97180347967
77089,16269.155871592404
81610,11483.670575409305
81058,16326.954439702695
77730,58304.55070617555
87459,28402.241784532205
104036,10364.107957289232
107145,16046.008410851071
82326,28602.667012108024
98946,15296.186342199046
107053,533.6248376244439
108371,17753.226641281497
99914,6904.842188457773
103049,13819.022888674981
108509,12882.954540952034
97598,20723.92133804661
79617,24391.550816693816
95140,20417.831713224517
90323,1136.4088158796367
87974,18432.111235340803
103944,7233.7601657336545
103018,18756.047271714822
87158,10872.596411926768
77669,18974.036209381175
98042,17172.57967735656
78268,39642.46379166748
90767,7757.915874609807
90669,15192.560746651021
81912,5897.091152878376
100120,7835.638991441978
102601,8940.023851506274
106911,14270.43258428249
85941,11865.69171906004
87006,19400.181528967023
79286,25505.968840799564
97138,12538.7033685846
90797,2717.2801584883164
100707,14173.389987353876
107334,12776.613553754498
85757,7425.7185003551895
85888,19379.91806180773
99962,22549.855506186388
76188,33237.91048877997
99064,24566.9988784074
77045,30637.84766535207
84655,9611.122703375386
107154,21539.092764404053
95840,12690.867720932967
82979,15092.978392899722
97459,6892.579053080268
89352,4187.4207899006615
98956,22153.65323053661
96121,21372.953456779964
84625,13848.097953960993
98767,7419.354794886203
104355,17953.796760965208
89678,18531.886744574338
91357,30191.95384288914
75998,17098.689259720748
107603,14439.811695269329
86574,9167.4343636261
83632,12749.741165097581
89374,15915.188355748463
81663,12411.119036739405
85717,5505.3012753937255
107272,14102.452607764488
106265,1377.046072081048
99040,18020.398537656536
88694,15864.861957404617
85144,17258.685247396148
86820,11051.090471496984
102396,9467.326547023651
87881,10641.469674110713
76603,15557.559284170165
100941,5144.42487518823
97580,24939.389069429228
106362,18912.299043752948
84680,2079.9310888176988
105064,8582.888577119242
105522,17855.059563687024
82587,12996.960707026461
81216,30076.542546826517
77075,21963.52130034342
95633,19981.546126808367
97702,7498.051803898472
106735,10028.951561269918
78177,18690.046785539234
108495,10894.452550596878
100743,8285.899553662512
88876,-2199.1954117314945
101192,18012.0658928727
87450,11231.117856432418
87281,8193.649823429147
89740,19593.16192893051
91037,17419.28301810039
88485,19930.317106590963
103760,9289.981114608645
108527,12940.545860895243
94564,26939.62980197928
96909,13083.646584623748
96759,13797.576299300561
99752,4915.091733749166
96075,18795.086699291678
93329,18478.855375405674
96936,25618.52212057697
98873,7951.832057439486
90863,11358.190089412199
76692,34985.775412377414
89812,16764.60562356641
82128,12253.703275462593
96066,9610.112445639279
95160,28203.341109742563
94923,23963.06895197516
79998,19582.486580695055
98555,19943.047969423948
84197,7923.484600507292
93881,35186.780400201824
96420,11352.51953097775
91466,11046.310839853155
102246,9041.725490444722
95149,28571.683776080892
92066,31379.33276276065
94579,30755.35209273763
81791,31059.981475029876
87929,6915.018923153366
79839,15467.278315779186
103708,9352.381258630645
78718,21585.10245873704
87840,16646.226367351155
86316,12986.241251419371
106118,24162.173844859186
87923,8999.819582954697
105417,21026.281022080453
95584,27426.862301387388
80187,6044.804097195454
96280,18197.843560389283
88069,5426.535758322816
102826,9048.136453788431
91166,17414.935472176592
95616,27403.958082413825
77374,26789.152382623295
101288,3723.252206744577
88801,16013.911263112679
100060,5051.7018743340595
97336,7938.302275612386
79226,15425.87070423903
106287,12153.272946636796
95018,23618.949783764674
78131,13745.709920132147
84551,18508.322144054546
100445,4108.984067412917
93031,21016.38207167831
104415,14553.115470450155
82984,18391.085393550125
104242,4517.71837022392
86170,17346.28017309785
79814,21122.66091112797
94172,34893.261196794774
95530,43061.55662712364
96105,11431.207733172992
87822,9922.017660881374
78073,17146.855461275813
106610,20395.16504229374
99065,9648.01032050532
77646,50288.9030164762
86266,16321.946164573787
80186,14909.278585352673
102645,9666.234051895819
83453,16030.569945089297
93905,26294.980176899448
90535,3540.0384006951044
103695,15257.98106705776
87488,19060.425932345886
84520,10340.410675074587
97541,11767.260610856421
93818,39128.20571757252
90796,24377.381492376997
92896,27733.62360765408
95577,22180.372260414293
101488,15815.191140991963
92336,29276.521752370783
98826,15751.69274976895
99527,14156.759457473185
90582,9495.685308946333
99787,19893.257134640517
107806,15629.020636657617
94108,16711.47100814182
96333,9887.686878948867
100710,12363.997533849015
94129,16087.417509963605
85361,17830.917611355413
86043,37102.677265816696
86833,13336.550166615976
94373,19844.175979168802
77978,26514.67376236638
96250,19954.1329221716
95594,26062.754135683717
96781,22925.03681654538
91860,30215.613721305286
91206,19302.19407013192
102627,6364.950137446749
89384,17821.287202739102
100945,9910.62652925646
103337,7359.824780426266
78230,20254.5878912816
103814,13354.723376512653
96429,12819.902410638484
81547,24012.112520920957
85056,24331.75482580028
107758,8264.23202089986
81328,20772.882845698972
100775,3814.1937109119535
82066,17791.12727565472
83908,17636.916148342265
105323,11346.718858610853
77492,15637.595610745971
107451,7255.268082888127
77351,8008.006428373967
98029,7969.698866039911
101572,3563.796470282903
94944,26606.57947411041
91179,31103.42254469567
97780,27510.90845318496
97978,12685.852396081817
104953,11833.860318271116
89173,21476.90220707977
103406,9396.229430196445
105570,8197.448943595347
81815,18222.924255944476
83095,12328.570061198428
92184,21882.475919656186
88793,11794.645240738038
81805,17341.89529781417
85794,17425.443397802464
97245,29723.035989693795
88691,9853.778187687443
98261,22287.039808842135
76495,22834.42559795154
100400,8772.507040807366
95964,31252.600270694616
101477,7584.210420573686
91345,20140.983415793868
76207,36036.313410448834
88153,14324.999802202194
96153,17836.816170792838
82291,14017.547925543118
99451,5306.761552223508
87965,22051.554247222888
102559,10510.515202101087
106147,9408.616593645098
77921,20757.20886325309
82334,19892.86443479637
108164,11148.44087491923
106096,8033.460603861218
87657,17536.93971120997
98448,17836.34339519246
91900,11140.59360586613
103220,9907.719534664151
107077,9329.896532593926
78197,9730.09632795589
101655,12729.716078760397
107006,11643.573418601063
101367,7330.030630489178
91219,25800.211255407117
92182,19220.84333619654
81544,20623.210969804102
80496,22675.329417574816
81766,25378.163410040754
96589,6534.258961119562
81711,21341.10363909491
94981,21448.422909601584
80701,18809.554761486568
83791,10342.475927422718
84832,15351.407809431428
108407,8449.150731346988
98308,13780.05103535863
101437,4130.736785464091
91248,30169.120149372044
104100,23782.73865584374
78410,28318.88938953878
98413,12646.895382759456
90060,11713.187415283353
101366,6719.540529615475
98709,8147.710440857377
102890,7721.377583786718
87962,12657.56289435348
79140,18962.426478500427
94166,31537.196730613636
105551,9479.942210343328
99518,9691.540291159548
101813,15847.987943317483
97443,26936.082022542243
89725,7509.976900651808
100115,18698.22703358916
91893,18714.067866270394
90000,4308.621298183656
82989,8259.98650076767
89359,15460.68177010876
91971,28574.302990728567
88614,7217.141490706281
104765,10582.74039482928
80918,31924.44061223854
91622,15926.051748597352
88210,10607.34169996501
82019,45401.614531883504
85200,14507.815297919746
81558,20382.288073932727
99276,10446.838514496427
81563,29568.539436711195
99583,9401.026674188375
77201,8653.096198274829
94664,22465.47208938483
99203,10238.087245542876
89314,12521.716130467688
89306,13542.761939152128
90716,19849.64996472488
84217,17389.846324531933
104655,23983.887266540267
92210,21700.4894185288
82528,5245.110822089746
91346,38724.95602454401
88118,18081.729055923726
76132,20973.89389925578
101208,9396.793494489144
102136,8182.083420813063
77562,28078.949130457004
108283,26602.30009314471
100008,18768.61731333297
91342,34788.89228893252
107698,10834.003232141069
81538,10860.197060709303
99044,16178.331342527346
83163,4993.485000433402
105124,7562.080469055434
86549,9564.440536272778
91034,13297.402900829287
101853,7235.217208643537
99837,18320.483161990865
89337,10126.061882702787
107369,8180.05220394316
77529,15345.853892584622
78801,16694.239092175034
76409,19254.520547140888
98146,15857.613623543599
91565,45998.795968196086
107994,22841.985804894623
93945,26335.22869476833
99755,9397.932220843102
78753,26888.787947635043
79674,22262.01796428053
101599,14312.860113720868
81659,29809.024227139555
96322,5048.577169257529
80700,28730.598747388773
101522,18773.80168415122
93595,25981.31571417355
78924,19671.745914252966
102891,14308.28132392855
107611,15870.03540240217
78528,34366.03449190462
86323,16188.495941850812
103910,9968.409317066544
93854,21246.60615203713
88710,6645.895645940525
82438,23617.412607288716
83328,12808.857971974452
91690,25972.845959290586
83796,5601.563600573578
99904,12826.535942526982
100270,10206.592296224233
88422,5669.235974810985
102971,9156.400101854877
106161,9892.621199863142
91244,19556.47420417307
81158,15987.78077656796
98004,24834.25490341727
84522,7692.988560515085
81215,24276.541815826837
94487,23157.782144576933
78065,21605.797034566916
97766,18107.833104632824
86180,11757.031072836142
87921,11483.898061313179
76160,27441.263792031812
104197,9715.596877621523
100295,6205.617079339514
96012,14258.454279721183
95783,12522.836202403667
104527,20712.197678036
77354,27465.855592765263
106062,7164.556679681518
84578,7945.2135712406225
99784,17385.478693055134
91716,21351.283762345847
97394,15163.47805551593
97254,22485.37411298669
87501,16466.639386722127
95532,16871.841966240965
91011,22836.448046710262
106069,24466.02502725283
105103,15623.591723336176
84421,9765.010092645807
87363,1255.5065854746408
108379,15022.978427250124
83268,9909.012972555756
94592,25086.32229404703
84041,11909.007220273965
88908,24746.162420361077
85932,17175.946409606146
96593,8991.267149118325
106195,10064.159000033416
107153,26096.37435663998
104500,18836.158058121993
85737,10996.024398485592
75997,9168.597630009022
79336,34015.81667271434
77061,38130.107919238326
88839,16823.260374230656
86859,8062.149261686738
101090,14979.448042325805
87563,8726.464736793128
107188,8155.420225891251
95198,18607.850398446462
86476,14777.79954485727
99894,27790.440895222382
88279,14019.422135935329
108121,15240.04315711198
99827,14290.824495877825
107457,26490.556456675382
96509,26860.514053680054
101858,9045.721479418817
93052,27842.687414662098
91879,25906.436009613866
107229,3445.307442588586
87917,10273.73890862566
82310,9537.30853430738
93584,19311.985951725837
94356,7821.445795679188
76249,37727.77546651236
88386,20933.042135554417
104406,18906.950828092427
98286,10521.74304285092
95310,19364.194634920914
95994,23545.261967924274
79879,26612.061024072886
97135,12299.294914202459
81818,31222.051131130596
108055,19260.94800871672
96474,27685.643559186028
104358,26177.233770324696
77110,11472.080012276641
95124,13281.803669227398
100539,12195.201693746301
102883,6668.221646859773
94081,8266.894007533985
100018,7320.4471558468285
101491,12393.02320686337
89297,20149.691419239596
99337,25828.46905800361
78463,11879.964288317182
97799,10778.720202371438
92138,20682.924144950797
83715,13948.604276808268
90455,7837.7913716316225
89100,10523.413922037114
79908,22795.951346422502
91045,17535.601038178986
78357,16651.393513135576
83989,15692.80084715891
83057,6473.847136594919
92472,14437.723538910619
77836,6545.048490459256
91661,24006.002441566532
103107,11762.182369979542
95476,26441.877442080367
96615,13406.33310673647
76337,51358.88914028952
85067,15206.001953156534
95176,18526.092445382277
104450,21301.505725296985
104227,24528.51424971156
94327,15614.553789484642
97056,23293.60138720343
79775,17790.569068191926
91282,25917.486837097014
98425,15285.443140311743
79509,19071.681914859288
79798,14981.375977019012
82615,-77.11997688832707
106314,21589.40454760668
88964,10616.441975515281
94303,14556.40699414107
96851,9114.561867370976
104465,13409.227393783212
89500,11346.384628204429
100482,7785.478252576779
102159,6740.859789615555
83242,8287.584034036598
104780,20598.100466484073
83902,5772.273636481294
88955,11506.676523077585
83139,3882.187533260656
88842,24778.844882583646
99320,8121.201321020724
81840,26934.652390233925
103216,7403.2801714965535
80734,22722.4835376805
102743,19266.40553052063
76855,25520.19257613131
89866,16106.626292241432
106171,27097.51437897791
76530,12533.151293046656
77933,10281.098206212135
89304,9723.792711404705
77180,29404.714525252974
101525,14284.796628041495
83657,13703.002459806845
92832,21409.320002695524
102059,12539.183479623396
98895,575.6311818954
87994,19007.691940788438
86458,11368.82824592767
95568,27743.67136726077
79603,24880.481764509444
77681,13676.189989807484
105596,17917.674997770177
100815,5515.1224481460085
77113,47226.06445710946
95519,10402.560709680733
82180,11692.8941673866
105893,18807.139067077485
96087,6297.642535619032
102458,8180.149860617297
104637,13992.145738887495
78633,22047.462532706217
101205,14304.474754682513
90825,7929.289677424468
77280,26896.43439582507
94924,20558.73342398231
92185,31257.577830860464
101547,18781.087049459682
88425,14373.389636437558
95191,21068.18945622812
82878,12002.581457817485
87900,14298.782010665249
90045,4553.03927965927
85402,18544.115363102108
78124,19082.81927094206
100374,9219.87572905335
96192,6261.35700028829
108050,46870.313562689196
98773,2494.1112117101075
105534,8477.304449783032
89256,16361.279442270934
102735,15656.401524311757
101683,9889.524154841414
80977,25334.079880107274
98983,9378.665910255058
91969,48714.87888686403
101852,14747.189520051263
77600,27959.084830462307
95813,14473.004550928646
85687,16833.041639581726
97288,9915.769448262077
76331,13567.064047119047
76111,20626.64624845915
84464,12590.859059895214
102105,8729.365127179035
92739,34425.4171970633
87154,17412.053306198868
76313,10007.442819296626
80830,15958.397205202356
107419,38617.77799611747
103729,18667.6454690422
93796,24347.96251093046
85542,7366.84897495881
89838,17014.374335770503
93303,17935.080128904287
86555,9646.931650284168
81471,21184.140069672678
97273,26169.943846882554
84529,12008.429525208723
86886,3097.860802648662
77905,47562.70479123725
78325,12023.976130643718
91821,26455.161805216052
79209,15867.293000538908
107729,9808.54985494657
88328,9613.721203913135
85466,6885.373677723335
105634,7921.563447248654
79780,8957.241007852712
107271,10881.2436175109
77909,25452.8848520936
81592,18539.026362356253
90946,21165.071313178414
96511,11808.0137363393
101345,12327.34897229034
94773,24842.755349371822
106754,36913.6212314783
82112,28657.24066414267
76758,30793.743086769173
99146,21651.985263186445
103707,9253.818371563662
84009,17181.710112311062
84288,12979.681398921115
107688,14079.265477717878
98025,16973.705691362167
94529,26862.18656152521
78142,18687.969514274915
98985,16865.485765957994
96366,15805.358824520208
96697,6863.500813266484
93267,22329.235757130446
98625,3394.127368083511
90111,11498.462081370475
94666,32776.28236764613
102390,4547.31631060337
87799,6863.118386456628
101806,8186.969097090558
92319,17503.79364123601
82564,7908.804352632362
80431,32865.24577460933
90298,11193.974848080166
83570,2434.6587218801214
85343,14802.748175112632
104567,21545.964453540837
107481,14740.353931297625
80625,16474.560312688238
98575,11585.6064930163
76415,27744.979418442148
95772,26279.18258969987
85564,15010.752482417622
106489,8916.080591199145
104520,9649.813948222778
85622,8701.375359681855
104842,25791.238342403907
81717,28775.31368440735
91720,15519.695875305773
93411,26891.539594776354
91818,27908.034351530237
103824,12775.445801319058
106453,19335.299616753673
96056,22162.480847128427
87924,11770.17473364696
76902,25845.63068575381
107200,28439.382698337075
98825,3681.0467693905484
84740,14106.980431140662
94186,28224.12979608489
87093,8425.696034454322
90703,6993.233207775418
87711,9338.26836444407
89763,11423.478409836862
107087,10516.143374512358
97903,12604.261879783617
105393,12180.84198866085
77984,20020.82211109261
93270,33632.36461492346
83584,12587.590942214078
95630,22026.426421607655
92001,11106.400593742921
104596,14314.039005618488
108196,11482.599856948356
94963,13700.977354673458
103813,2606.3212492848143
97285,8556.890504581042
102140,9607.58160269414
82537,-1224.6125867983847
105396,23339.35065185647
92363,21349.865426724627
87145,10261.376191753508
83808,5612.5735736821225
98940,12185.18480071185
79334,19696.105948965596
88939,7459.118108017021
86108,12365.426431923337
107513,20921.48092449284
93992,17299.39785934747
77114,17308.800077809836
106247,10554.859066693785
106460,26110.68295015303
90980,24931.680899272505
91407,34426.90976627354
92716,17307.74188674807
94427,23078.008519514264
79107,44613.373182613395
97517,23577.17067636258
82963,11931.480412929151
95600,18169.76670545653
105627,22476.873327960162
94599,27108.96203531803
93831,26507.60401474259
77796,19955.584374410602
86054,13216.489065539112
103984,1797.5602105899125
79232,21695.422026663684
86186,10985.565147661036
79993,28534.231787422512
106645,22251.851377674593
100923,8221.90835761391
79473,5729.620666160892
78631,15682.121903767422
98920,8804.224670119034
93487,22039.227229193843
89722,6034.809060378979
86489,11406.585772575378
77792,32726.268982371366
83434,20930.218012331654
81597,20078.256156318937
93788,34228.819471005765
105929,12090.046313012761
83037,18535.38179798556
96675,23334.793353117748
85315,25353.754454922415
88309,16776.835367633317
80642,19797.493124605448
85401,14245.548882789455
81449,14424.601190255587
108274,28272.286618858903
106544,5870.113699539341
91643,36432.54666788262
77829,28234.870129659084
78255,18739.113578620672
106408,12672.822296482198
96365,16355.34820274841
89365,12789.393148499272
98758,14995.672376522121
82412,16095.31580340679
103970,181.22076880633358
82004,22295.663274602895
76359,24547.305674038216
77601,23027.550870892806
87750,12470.562546478588
103263,10101.00574353054
103050,19257.687635310118
106203,25944.51477940673
107465,24219.909226137774
89824,7014.832940981998
83691,11459.704873447465
83517,12666.17373437645
87354,10472.025732849934
80631,44700.183530106246
88470,13905.384626165289
85074,8987.636047767232
106338,10892.111912208835
86031,3834.0227114009467
77815,44811.66265975815
94854,29234.296105260117
92558,15267.352123766492
105202,7629.829364054129
79841,16294.666248849651
81027,28364.027037956985
81862,22574.95296154101
90349,14302.397460821416
95059,28869.804100488793
100279,7614.997726766334
106984,24746.719167082283
92688,29135.685050623575
79781,14234.976246587492
105426,21540.286053559455
76908,19632.76655184787
86624,7964.462089078657
77747,24572.739630949953
104911,29795.52775557991
100968,9362.370276159356
103235,-4275.696724070984
79717,6455.306550853267
93346,16027.880793196888
81416,48890.33449392608
105745,18589.23559184082
89942,15280.452481444565
99350,15083.497389718486
77848,16692.628103911196
98163,8708.62588006113
79733,16342.713634787871
106417,16189.14077006804
98931,3487.744073471278
79025,22146.687459245775
96098,23409.92347628966
89627,10467.756248566153
100722,8563.925658305398
89119,5789.856055017415
106445,20799.402417086618
80588,16371.531407322858
91785,31398.947346384106
79294,17161.41122614449
105542,17742.76086264691
98603,11903.344881412322
103921,7064.417896365894
98405,20086.672556876576
79284,21096.146846971544
104738,17803.995544993257
104623,16784.200501925563
105041,14531.473478476688
107556,11480.41229739036
103553,19350.63636786447
88716,23561.45798484743
88844,8719.981115382066
87568,-485.37066095613045
84183,15920.491330765211
104240,19037.87992867413
87404,12412.90494792553
95985,18470.22709800898
95986,18513.134862263916
102723,8312.001834548535
93713,18836.277173397728
97359,6974.846668588521
91991,19321.808106837238
77490,18362.412082957166
106975,8423.720926515356
98180,14797.075305342449
80465,8620.328606919667
98027,-10149.570722703376
79085,13420.80118504367
92539,27803.594173498437
92267,26729.80987625556
87807,5942.10170403693
78839,12242.092385864504
102361,13802.953774747606
76828,19257.585466988017
105914,24182.814154112122
80885,31437.743869956706
89833,19455.998055623357
81436,9673.02517725517
94157,26144.858344449443
98733,15500.290973640394
102978,3153.565583013851
81455,18346.360672366165
88578,2168.4412809901823
105743,13401.187727438406
94325,38956.52115075496
79801,23242.7563016906
105405,16936.01658957511
80670,24235.402883240095
91173,17049.019035881214
80960,13314.29718603449
80623,31326.175009478487
93516,20933.2629419609
101762,13712.84455342335
104665,14941.04486943159
93682,29228.09253202037
86261,6785.899255994207
97450,5053.437809396046
97153,12369.77567433933
82769,7792.0378299472595
81781,11012.42299294215
108329,11001.557379134125
93812,29563.268576098802
81383,17569.652992750198
84306,7823.677783134258
78773,13248.922784967885
85809,11134.616926286151
86305,15592.656797044887
88701,12362.069581875301
99973,4782.333517739153
106851,11875.922812114237
89751,9140.573998278185
83788,6086.058147233338
80351,15611.9234921865
84894,10544.303937644132
97232,7047.166045080161
82689,16902.864094381937
102485,12561.8483373458
96093,9372.603580408668
78234,34395.07570349915
83402,11120.537470829964
96362,27582.96921918959
85275,12340.290856079484
106895,21862.895947729434
87163,15309.467243806077
94751,12633.30996824578
93542,23900.75941850947
77980,22599.761726238285
76166,13908.503093624682
89776,13323.845639093406
106767,20594.01557946243
84743,18105.047498783264
92273,23453.833261526852
97882,11936.5252156588
76744,20182.866831249892
86560,12301.427412288944
93835,17592.26875245448
94203,12324.579579378516
88439,8309.882362643406
96097,27545.418185864473
105131,21578.857621361043
100343,8776.627446439492
90841,14992.22733123339
90540,6218.108310497069
92762,23792.895994390652
107805,17758.456183598577
102622,7665.28453946615
108073,25676.059179368312
86061,19801.059335299025
92883,22522.484032582954
82290,4494.306112252563
87824,9045.656999386796
82554,16739.988714663334
102928,11559.799124571837
77420,15878.370909410087
76315,23236.005938366827
99825,6304.681823791754
89292,11735.383274874752
87301,1536.504506554129
103076,12043.962093145556
93084,31988.300058275483
96934,8721.981601254443
85141,2682.2844024432034
101607,9481.39337825535
106992,25934.696657771026
95873,24895.292074067547
83341,8141.120175595883
78017,26881.58397002879
83129,24042.15166924341
92261,11088.254687761848
83824,17453.705901729372
86151,10950.003654388838
88105,12820.336140151281
101848,9343.45018071466
89588,7375.381216551352
93705,24786.428918643287
93017,20846.86033769729
77465,19747.771353286902
105484,12538.1587499201
76751,14685.003893735277
97511,13269.952184432774
102864,9983.495890464306
85858,15720.206647178482
94836,21122.44670944247
85250,6596.542927130842
78497,23574.743402091015
99540,12164.717505931625
97147,25504.18886318685
81347,27750.98631950466
95555,22034.738969311587
98074,20123.274840019923
104435,8726.909302204545
107097,10442.6348691732
92205,14198.892018901686
90822,11281.608669876387
93344,14706.55423906906
84232,12659.303754664603
105217,29563.296347984844
76013,30778.948932669926
102818,9214.326384641106
106541,9715.321105914552
87213,7871.086055554586
94119,22568.863441298392
105753,19546.703882889386
90397,12314.636710990078
87612,4474.576516696256
82789,16805.700531711685
102916,7776.1149398994785
104561,8010.66967881404
105428,14736.130156710191
86677,7970.424150392459
95080,29021.975222409914
90113,10090.490872682802
77433,20190.65222188196
106180,21532.627690388355
101692,7452.206983648031
80466,4852.711617749788
99512,17231.521519481634
104554,12411.86099160345
89047,12877.570024748704
93888,27283.980982748122
89659,12069.137041434094
89920,7642.072280332363
86975,15992.593455138143
91405,26026.431070885897
83203,32782.29851894888
104338,20074.10295950955
91659,27608.915563447088
86385,14381.524600829229
81048,13224.547781267102
102880,9087.04357752415
100237,11541.737753911784
97751,5493.779578147001
85614,3613.9313851283423
106145,9289.587579278656
105955,8590.772179082704
100146,7583.402935659551
107491,18000.49285206554
80061,17325.981241792844
94324,29815.55406269644
97114,22502.173241511166
106600,6692.97028902885
90922,22975.401607517037
80222,10869.393319449413
99356,7359.155050069932
92780,23105.970309412525
107380,9164.087747594078
86069,11871.32240260307
107753,17419.900214230267
97983,17704.670442910796
88082,10575.561206124648
82115,13709.767576823018
81634,16416.00603245595
89943,10268.582815777485
104167,14603.093274217115
91010,22637.756521305782
85004,11601.704216863336
96953,18362.734416440435
78632,13129.216122205904
76114,16346.305004041998
78570,12600.483142452424
82674,14490.76002929201
91196,16185.265376810186
93734,17140.906442910782
96031,26753.16925376907
102015,8405.122825713064
108372,26750.66106090816
98719,12549.049984040079
83391,7485.3294180399425
97098,17980.931144775775
104357,26589.454676298767
93495,21072.20498318739
86422,17348.411165860227
99731,11301.785979240964
94144,18929.861849329216
88103,7528.656711352129
105199,25234.907304194006
97003,6543.37529769727
99925,8430.991844675938
92816,14545.08242158755
98472,10819.085169864662
91986,13119.682247572251
84152,8093.470964414351
87538,12003.241877942604
93305,22087.959651369056
104249,16899.030582741372
85501,9904.875503320427
82343,27496.299052017974
80601,29444.855355452266
99715,16661.455490972192
90451,30291.737243039483
98282,11089.328626740693
98397,22483.82925227544
76414,17470.78709410788
99016,12415.598157813252
85767,9682.529490354758
102787,14003.208589578442
101188,12447.727823062745
85019,14866.58424481688
79803,12706.070477008241
107582,12705.847771888733
98501,7301.38281114297
107021,8794.05785733023
82317,21978.700800420294
105678,-473.8101419592731
77931,19220.263788559896
101619,8136.483533798237
76128,13700.766796788314
86460,17367.26681063373
106084,8772.943231661062
80551,22443.358941289996
77062,27557.607437959356
98406,18221.466890535703
103489,2631.760524965077
107191,8844.985918196968
88549,12266.644443421646
85095,13929.431265945377
83923,14958.000576025333
87074,13201.188645611619
94031,27513.69164827121
99120,4412.041904974247
105824,15316.286474440964
82389,31781.08729491692
91994,17448.07967010034
85060,9988.434539334743
87412,21831.303649889967
94683,19870.45144368219
83069,22093.907682082317
77071,26714.798373270587
81406,32975.42455217994
89203,10201.37226417974
82423,8403.254365486488
88301,10470.6525801529
86758,11812.835874423594
94072,19989.11858796586
102247,8027.687562602591
101529,10313.829281044706
100738,11751.95990003506
101790,11811.776412370506
96188,10491.378497173399
98656,14103.360471342326
79321,13870.637901780738
80052,17941.348227246126
85150,15573.959336737467
102370,9427.030549280036
107503,21973.851305344004
76560,23659.043279424943
85319,9934.292498693212
89242,18435.389683683537
89510,5912.0448904493605
104922,22683.026547139256
86937,14645.504741724228
107780,33997.93412079764
102448,9644.686401748928
89648,10416.046892889844
95347,20063.158163668584
97926,12440.18715602946
104963,14846.967836645706
92272,19234.71194024745
76618,27418.06736203853
87722,11458.80687491371
85560,14408.755885474224
92621,26285.57599161105
87712,12866.96711342622
91009,33289.228618733956
76199,19386.203129136265
99145,27066.58679884181
103618,15086.815790160585
106072,12890.586773630159
102488,7171.148126679838
79837,23304.41803207771
102792,17769.394952629103
86565,4032.9234031530013
98631,15696.22004801485
106374,42583.54392485375
108222,7897.173897195958
92127,21616.955447951103
96068,11966.01622705863
84411,11354.438313546525
102143,7609.86774327819
77502,18736.636244570633
105514,18712.56942131419
76896,30972.895035693087
104868,15064.479866337882
99686,15841.48203361153
96721,19518.676702683955
93026,22144.45475571259
95961,24794.99134968006
97465,11758.711264941236
86075,12844.36869165038
106946,13163.30736791692
97605,17575.644899279017
83156,21808.624681918067
88123,16805.717323026718
106817,5088.8909996348975
103245,8041.1097638243955
78564,34458.82596679488
81879,21414.83923189615
102330,10445.46070792434
98866,15097.65808603981
87178,19340.941057397795
83106,9089.61521956389
78280,14598.490843872136
101161,10030.80652175071
96047,12690.989542689571
93044,12345.973766855952
90176,29441.148236046844
76585,19857.7461303287
99524,24352.864106304423
97467,23825.680117485186
95557,16891.628957745048
102816,7838.373973420621
87141,13115.047176242693
82602,12353.517856998562
80108,25708.954115765584
77871,15888.518698202784
89910,5521.698865829609
76255,15220.554473259534
76231,47209.78966604412
87089,13011.418822312877
107635,14911.214641912144
80916,24440.880621218104
95179,30494.748868377224
90694,3996.0984482260174
87504,18648.25010455146
95882,22989.65804475263
82944,6294.445005748863
90862,652.0249347057634
89494,11391.442318838119
81196,27633.647076452173
78258,25268.35603324683
98420,8997.363156602152
84051,11596.227608952313
97011,13244.20090956444
97357,6051.297464969739
82683,10779.844172858888
107472,9444.573418793952
101033,7012.862015391047
86376,21362.63393893489
97773,29367.04190319388
76448,20920.450426056654
94912,25554.062645455368
100444,11591.468500035186
92364,21813.270660282626
104206,25586.198407923293
82384,27721.739400798127
78524,27386.07802819192
82825,12417.268545546045
81519,21958.32293619107
89462,3293.9975795936407
94783,27719.03276861691
99101,7571.0881204829575
102363,11172.11505245008
107901,14257.209894572807
107950,26314.94801503042
94631,21480.244766575845
85176,9925.291445217179
93934,14679.443591407637
99621,-1904.6888711073643
101616,4114.943845253989
86156,15102.73233841374
96327,5664.827369928762
89538,14677.438633099218
98236,23055.743739394842
92253,21204.8889557023
105896,18383.159068967558
97333,16703.658952257312
83166,22261.289859148063
96224,16512.36472131103
94462,28945.023147278436
82796,11733.51945675417
103597,10328.23284717757
99905,10543.75819309715
107349,14904.213307343845
76754,18617.570420747776
90912,22981.224772063302
108289,22281.822965789295
94106,30035.20899052336
86956,17095.06902970702
82492,7318.135592434829
81747,12581.377862814528
89144,9478.965283079182
85256,10973.232387504744
85342,9225.630378231821
108054,10548.651507288238
94681,26830.066388605097
86244,8176.8561348360545
81028,26480.505423647617
86773,10685.596882055146
108431,23741.775507077546
102839,7847.3143813288225
77700,12353.446337736299
92967,25780.608492381914
91982,21316.50466242116
80639,10800.32057031235
97770,5482.466734694755
100460,16084.777119610373
100531,7020.998199927057
84508,6693.371024311233
103706,-671.2506457014242
79723,42469.7382232706
88897,13782.106287138848
88695,12165.359146404138
87380,4927.337707509749
76070,21696.84532659434
99342,25094.46845973839
79110,17452.11612816245
89341,11129.972913318197
90330,19904.59399980012
93894,23224.948514876276
104137,3877.288581938383
89113,10393.34475880252
91150,18017.214790927923
79621,27312.256427728375
86822,8890.658266053786
104869,15466.154532073657
93874,16537.859932014744
77606,30540.5342733621
96981,6655.080058154324
88437,7247.958990175244
87834,10938.511766214764
98923,12219.434281921098
108118,24083.456471745252
94447,17810.12771031625
99454,21918.750491655148
82144,16765.250289231913
83494,13028.230397902458
76545,17224.995699496758
85852,13119.04834941521
107056,24467.670670172392
95419,9423.168299287352
76570,17396.346226234407
91325,23338.96162751055
98990,8231.566319331816
107639,15553.035373260805
100232,9896.11763609379
83318,13623.511893634244
82277,30664.73354042544
105198,17252.93121817987
107660,20707.57197110696
92349,26315.098522024084
105445,18766.14304842302
98333,12611.339425891354
100919,12152.099783500282
94295,27517.15160237941
105853,3946.0575796223693
100457,8373.027358784551
77726,15924.472270563017
96027,9280.053352101335
104201,9871.187177942493
105205,26323.315058947752
94718,96125.98648310032
96617,13529.247718562463
81405,14782.754512645044
98642,17946.237293190352
89156,12828.757107077989
104916,10279.522492978807
107696,27686.486915800728
87902,9595.33551205432
106870,8075.117099127772
106153,12447.11466051088
85108,14768.466441582146
106590,14472.891755158658
97948,10127.447137692916
77144,25932.013319807924
91535,14594.099200405466
83900,1371.1006876999254
107374,4549.263111937897
106805,15054.434205882746
101971,4964.92237828285
103690,9883.06081653877
107830,16172.060060374715
105302,18308.3265476562
90504,10059.62426017621
91865,18988.074641088817
107204,19665.13485124418
93231,27082.90436076781
94654,21014.859763488064
107435,7874.36209380059
78616,28041.412767731774
102268,16028.292503978875
81320,18264.24229806452
85005,11895.334999147482
98032,5698.647070977022
92938,29335.51537668668
76177,11503.61845691834
83869,22670.27906362768
85806,4580.162331024445
77987,11298.594174449807
103802,8071.139407969735
104020,25118.601001873303
93262,25378.880864819163
92988,26647.42543807125
84434,20450.199151461926
95648,33770.71794292574
77947,33281.32606107838
76135,17520.402728509336
80971,33942.213015754045
105584,10812.574642552956
85530,11443.235056644742
106515,8340.235675319414
80686,27163.113713021172
85040,18300.45473654686
77404,9466.575235194165
91234,30571.579532620737
99225,10972.305125325685
88808,10308.750394833572
89948,16996.949038564922
107161,2905.949602124636
83683,12498.452556597615
83709,17138.902177041324
80256,18731.829488981493
83504,12307.057286048574
90112,8501.951495954325
93042,27911.29655565777
89466,4448.426111305271
103405,14971.60453031939
86026,40738.54329820321
86824,15612.71536399944
79357,22354.485113936582
78812,11039.0226105974
105364,16363.941626746953
105744,6118.031532584255
99819,21639.509266066983
91051,22159.485827978708
95688,20190.944667330008
102174,20300.041215635098
91914,56437.46482995147
86568,6277.392162047687
98761,-3295.501286392382
101252,9285.592757674705
91406,20967.605050533544
78069,13382.330829074808
86168,21336.43869116478
105858,9838.514715712623
83972,18879.139444395452
107196,22906.959985347552
80990,12337.39347780903
101095,14896.379508019232
93806,22461.696588737417
104535,7077.600612986498
99257,10731.515067641085
94967,13761.308048475768
94257,17197.08180096108
100543,10425.26676076365
96277,17181.12474829008
78730,14718.71753020827
82370,17586.107120953817
86050,9603.709084605809
104245,24118.882373618835
89903,14188.091830358098
106353,13725.24633200831
90055,11894.932872553041
78070,22279.040023710062
84302,13412.925381650899
101048,9103.790640932433
97981,6295.726851088164
85001,16472.712911260845
79444,22705.72054728323
88862,11110.843157082578
90445,13329.069991079847
92203,35663.84543593365
100623,7698.0025732909935
94528,16152.318411049717
94482,20540.128193121625
77706,30137.485170026157
100947,9276.80935372001
94367,27514.513070990135
108205,19147.96172421503
77256,25679.73359080086
88458,17642.40708508154
102997,8321.498307052017
88421,8615.361357667403
86001,10516.197472529318
97594,14648.79491915047
76992,26646.734454264464
92157,16200.917485701155
106018,6251.478920284366
85491,12654.090735707003
103359,9899.61310306827
101024,3655.070481589284
95167,30076.26574353347
93493,22253.37355969927
77624,17401.678030978335
76803,27825.210381697027
77142,22680.286973398535
86693,18694.74658700274
101755,6516.0072841861
82229,30182.79329721394
105220,11547.12791275103
81442,33767.26752866912
92017,11266.42493288443
106471,12591.40484225043
86231,9862.993651105573
92036,24811.679878757812
93224,29126.717358505106
87139,4752.027185245794
107623,11566.468063058535
81066,26231.32901991941
97790,15131.924048726363
76514,20722.60122102271
85297,9305.985263567109
93020,13620.237704668096
88666,16992.250420858265
98711,15977.466001642884
107486,20342.14806076278
79363,32488.558719477238
88053,6901.1790174547805
87127,12918.721849494515
104704,24413.76876255277
103808,11237.411034938696
90199,25184.92443954904
92950,48943.384861206236
92002,29587.200991370126
108435,13144.454198508047
86748,9318.006286798662
86978,7870.186794023441
79932,28284.286216318258
107382,3341.496537677491
82616,14391.550200497475
99198,23360.43205972715
96788,8119.030263751876
92073,21582.978805763512
92060,15564.96716444628
79559,6803.641481554112
105276,23449.44938799652
78536,17798.862356262518
86795,15794.432539683865
103739,17997.723566422024
105087,16495.508193880138
106499,14821.527914739017
81009,44145.71801261759
77053,26448.08726155597
104832,4614.677567471252
81864,14623.167938790044
102634,5864.951612644372
90510,5639.455665161622
103001,5392.862699334717
97323,26505.092732840963
77996,36172.4740560304
89082,16352.474114632972
106910,21020.763685179925
83882,8122.0410454455305
106459,23963.73941186715
99678,7454.716101798891
92583,36995.69214240603
76986,22740.552089039054
90844,11537.956981925392
94286,15380.956575531523
85208,10619.788547635104
81224,23125.34395338045
85569,6411.90380568496
78152,23761.670581939827
93054,21309.495175336488
93481,21793.502331261003
99735,15331.18690913586
88060,14327.907216041503
97546,13031.5255982634
81083,27044.7051846947
100259,10318.10066609438
77751,15011.478568622706
105093,5403.877580779796
94991,21669.60967307558
91352,27946.22589217822
99901,14773.640126095765
83577,13504.434051699527
95846,32272.189497190673
89917,14426.901739571362
93394,18324.451284962564
102805,4204.323805498687
105448,25094.98024430427
108444,14250.822809963149
100862,3918.764864355553
95006,46077.39324686999
86446,7100.521750318704
90906,22111.62517287283
95336,26234.710994120927
94904,10473.804912570931
81105,13432.64584952345
78132,10415.508019519468
87302,9620.664756239981
101471,10125.8572358241
90015,8195.96419497195
90539,12579.512849675226
82418,6813.5678668906785
79940,20305.447238784436
77401,31640.110881755878
79054,11054.989025115534
78493,39682.24825254235
87727,10206.375578517534
100390,8388.556772508915
86020,10630.911523027376
106293,26785.906188519475
105435,13655.654694703757
81992,29291.577276128854
92805,19551.533560636934
92871,22735.48392084654
101833,11949.55679457047
98352,10396.55512361227
98629,14038.270366735856
79700,15356.465271848992
99710,17071.805420663317
84526,20291.384862537798
98636,11354.943479467514
106829,11440.526913280617
99652,17182.454935526526
85469,7663.762362950711
82224,20439.331234592188
81899,21402.007615269176
94817,22268.623477582925
92379,24785.338406897416
94423,21793.649009497454
94010,25927.395480797095
84867,13587.63752363469
84679,14278.015971757992
103292,12932.650095327575
77349,16471.686660313007
77697,10834.58411382489
103017,-1080.1811007588167
79727,25591.548916784202
86490,10022.855233088805
101009,7577.944878466356
96540,17017.949606163107
106974,17298.275597621512
80055,19947.71114347965
102035,9807.277515858648
87843,8240.014500637484
107868,23601.18146801214
100831,8960.329500089883
98936,8121.591293352221
96915,23569.17391024588
88473,16895.24562006491
89030,10481.351399941188
95894,21683.28399656914
92113,21672.686273598865
105809,10634.212522060154
99360,15422.240601238338
86746,8955.13693897397
101917,8700.392449388217
96687,13348.752638842574
101210,6917.121911954013
101146,9176.880538853853
104900,12477.96519289119
85924,21780.294184621707
90544,7992.313328403521
93003,22022.477961652217
98738,12702.23000111308
99884,9296.847226649967
108053,26782.5404621732
90188,4079.388429776638
91970,23624.443401846143
103257,4184.352415713034
83138,5897.204339382199
104017,24767.883786506707
105104,7085.259019205596
100054,9393.082593275249
87155,16714.24052344825
107600,11231.164484741737
80848,23155.123822127265
86709,19585.6812291919
106214,29939.99138770321
91963,26176.5974089382
97698,3088.853371750485
106109,11852.98997724794
88231,8854.66259472836
104537,11359.076778742437
99388,11121.285182261212
94517,20714.7142126891
76658,33796.76927830912
107430,20038.037092772087
87408,8665.158969382841
105971,15269.348038497259
90264,13508.477285277873
78434,16611.68593191738
88248,19345.655486695647
103386,6587.367812677427
87862,26192.20144175578
83101,15503.907559230101
92350,27308.155980063493
98624,2629.976220784696
97298,11010.328520277531
81919,17082.132037716397
80556,24314.730191149734
98141,14564.144942339699
88205,15619.96792974791
102779,18765.44740222715
99926,8167.206777054889
101484,6579.923631630481
102869,14659.639108010444
89043,12529.853098019066
92878,28669.81349364392
101071,13411.09154276759
106583,25339.172695455563
106819,10017.120828052415
79956,15674.565024346886
90659,18608.11447256241
82276,10311.066206713103
85881,16468.849643861064
76753,29170.904860812447
102970,16280.851207624739
93126,31060.750981917263
97964,12160.458524076994
81951,9141.591179212439
101200,14631.361341379397
96104,25767.835436281086
78169,19274.84284765818
90062,12145.041760045635
100918,9862.09888099771
108353,10681.511089027113
96642,15863.871448900858
104763,7554.193498712255
100926,16058.567707719556
107597,10524.39998476324
102765,5793.744340376556
85805,11542.8884368292
102162,11804.677332999858
82952,15668.0483593895
94184,37374.489337322855
87797,13265.262482127217
101511,11342.677102036436
107686,3062.161277957528
95366,14174.525649615902
78349,7776.103267666806
100908,-1675.3367424332919
96196,6612.254218827944
107677,23925.074360962404
93603,21330.877736756778
99861,13266.564834689361
87456,14251.61743373223
82484,11132.754468429684
89252,13974.376056861143
104243,20805.24619031297
107181,27378.860542895723
90446,1559.2937096288697
81412,17603.44339153027
86732,11425.078661198608
103972,6071.499712424018
102586,9729.336417156555
82466,12639.791457526264
84937,16654.255175753868
103038,18755.887062229678
104111,20982.564902846087
101111,16164.248639570676
107812,13124.604640205393
81483,18324.429799380814
81303,20459.225136032874
105370,15735.904331154703
80504,23506.35146055135
85839,11371.372196119053
91560,18752.380841428905
92722,34803.2684434579
86115,17834.004568034077
88062,16162.266391031026
104876,14694.56294655735
98777,14117.86245386796
92504,24061.34314855921
94025,12578.208415202367
87253,14470.979275500977
106668,29818.649610157212
100007,10245.830628664313
100956,16392.891052911917
104055,16327.597238617698
83761,10933.23990170575
79429,18228.066255302198
104731,22381.656850611864
104125,12000.744732032585
95628,22044.661425596983
80913,26155.136457433196
85196,11235.267213826006
102697,15806.430201877512
98587,3402.7379202349694
106771,18716.11231303514
90889,10081.565859450186
99697,8880.514042672192
101404,9828.251022650973
96283,9098.026029338751
83072,4784.6416197829
84053,8188.594975274807
92435,28538.550260222277
99445,11302.481568339632
94604,30296.4864350409
105585,19813.55509985885
106189,13074.422122487744
108456,28400.129072935488
107914,10418.519789595082
105646,9708.703147891352
99808,19803.54362876964
101337,15053.436854503234
94636,10702.908358267254
100480,7226.908216331332
104644,25484.518429178934
96254,23150.153343444206
105238,22183.70529952916
99534,5015.387876342378
85285,11486.575355229626
82145,18391.762923591796
79604,18089.18057483966
92928,24013.100647118285
82245,26365.84296041175
100973,11300.660894446604
76365,16773.689143358184
79164,18873.594013797818
75989,18080.259748885932
96557,21219.932940596707
95029,10378.347874288176
107817,6422.646083626509
98521,8969.679246904503
103150,9996.925810515708
95850,16242.587723122475
102008,7612.082109722734
106002,17869.858584586003
106077,21327.365437882287
83367,9859.503252359147
97196,18091.955679091836
76566,6499.568665067309
104384,25548.727040769634
80692,21412.47252646603
101094,12021.13175698181
81800,17538.20264022001
86722,14162.147625176447
100318,16659.91187352548
104827,24285.91749625084
98244,7069.21536123893
94712,25542.57141242038
98393,4040.442146954945
80771,12660.915965790702
86607,17812.745096044673
80768,9825.38686719705
96949,18691.659941668982
87207,8166.494019439633
84629,8730.874142112574
76136,20293.5511697681
76644,9482.381177866442
107649,21020.22978044489
90281,15009.750183491828
108187,20737.635437377532
92025,51434.99549813843
99737,24783.142086944557
90801,16757.655146084693
100790,13936.376753544757
102558,12331.884032488062
98713,8658.624445341897
103633,7599.399627088926
101449,14116.064593514453
81515,22391.324892009903
98364,15935.092684439562
83966,13468.78196749145
99995,13886.635294390899
99150,42770.16789918366
86873,12795.611951153245
83731,22347.472862880364
80810,32867.01568255226
94650,19115.33747588029
82521,15486.96021631151
100255,6438.894741092072
80454,7160.2688212818875
105154,14491.516964031794
79689,22616.01685717174
86810,8852.517849177862
82113,23259.862759330128
85929,7911.210840607306
77522,28251.92767260997
103578,82.91551230165169
102688,15522.022833029321
90791,20888.921202145106
94401,38176.50936000044
76740,18830.89121927493
81666,15836.853219609568
100227,-7372.337567632972
85673,9835.956660947815
108395,25736.500978336866
100214,526.9695419072323
95659,25805.528934442624
80490,26964.787482925734
88384,10475.236933083484
107062,8839.867983020838
105277,7146.134475762519
79265,32487.883272417414
84984,10929.01995323883
77376,11872.041887613106
77355,23911.4612866581
86313,18148.896936316258
99285,23217.84403191758
98028,9739.451202901466
77611,16413.07364790365
90056,14193.402859366986
84773,7908.179868065268
99264,16943.484363348398
100948,20034.879375488497
82379,34364.098824629276
85047,19642.09191563583
104114,20549.51927735973
107632,17474.30516437829
93536,18773.239818933747
81421,30174.162097509226
104793,37952.781500233184
88141,15047.847716249544
102679,10397.016614452
81051,31175.590620672607
101005,16477.13251675694
97532,8363.763420054147
102499,13362.383296549551
89537,12985.445383403112
93046,18775.355742112333
79823,19106.83479890091
98882,22856.12758357281
97094,14008.1245427475
82461,14191.076663706526
86118,11376.141789738796
89801,5114.404125419271
83127,12351.231930152004
107519,10109.325097925968
82583,9158.454807623893
103259,5963.895695814337
81152,18797.09631982778
106206,27547.698941844676
96706,6737.934119633843
88303,10041.977615684003
94241,25578.041600602694
95076,24448.38678064965
107546,7427.527898370156
78467,16138.61608172969
98304,16756.83956624995
95393,19481.616956190293
98134,11365.206725899476
104152,22359.4519757
76818,20835.99156218007
84707,1963.3157368539778
87889,16291.620551555803
104736,15431.740878323237
87844,17316.76833365764
88388,7215.580950337456
83940,11459.389466310688
99536,19129.288580938497
83313,16053.11573204325
89864,16717.51684000638
106944,17609.880286673535
105635,6660.61800843126
83110,10342.78850410841
78937,37237.52059428286
91724,20589.161220062488
94886,20951.052275310165
91449,19391.37501417302
81745,23518.77195319427
93405,17136.11686279482
99402,1349.1007419513298
94317,16449.43423109747
78503,19778.395337650498
87111,15803.44271571427
108538,18852.052471467887
90689,6509.466820245416
84402,18265.836603076492
80890,20538.856105868734
101682,5083.356950237219
81874,9120.482025813104
84259,1729.678850961498
96616,17089.05228080035
106173,3999.1983057666184
102534,8152.808750901924
81629,40626.34216241084
104910,13870.296333737226
92100,26502.042076851605
98454,8800.890199333784
81880,23309.856340986666
83346,15010.998914738175
95335,24580.161043892855
106693,24881.252418053242
107432,12712.820085975116
82694,11738.281092366919
100199,10607.503831413014
107361,21449.096952468946
88659,11803.978132436678
84237,4050.9367043325383
83666,10539.490942744658
104468,25741.744625052976
95495,16224.928781758501
84298,17586.929866030754
108427,14769.911127358995
88238,17361.193024464003
103836,15963.498029876064
87394,9455.822533969076
77799,16717.92173811304
97905,9665.779676676964
101142,18685.354665686933
103274,585.7749378899152
88302,11419.381015405437
76533,11836.550705949963
80080,34290.08914380389
105134,13346.431254214749
100792,8537.820762102829
81408,17746.727708878007
80410,18447.601316064865
86355,12653.859756850712
100954,7668.926322513629
93799,17508.75923235985
100810,9403.288593751173
80379,14844.757254987127
107796,19367.63620277423
94046,18425.880213234417
99931,18857.667605774066
85890,6390.519702136755
106923,16418.122968005195
98319,12310.780793088845
94853,22480.894323791035
91069,46445.322783477786
78790,6418.449156863626
92697,27460.58344275826
94765,29775.257809127754
102150,9538.398442054971
105768,9479.494273143504
81755,24278.369180151043
96933,8882.62733227956
92136,41505.9901278452
96082,4365.074965010934
108457,15250.178457731381
95142,20173.23962029736
85688,18173.669008925026
86672,12534.10827600021
107583,11798.90069413507
93369,27467.052063502437
97637,12421.239442897051
80868,17289.542324191007
102315,6143.258192092026
108428,17875.44353041027
99478,9984.889879573857
98906,7045.76092542233
96394,12450.763307463094
106032,16253.653336254589
76121,18818.770056475714
92642,17917.91038052989
94725,17892.528800100292
84528,12906.758324919414
104492,12028.092828714889
98456,25248.76805185338
102089,9689.8475381537
105274,2526.7387959678654
91436,24685.806665840435
99127,1898.1126244795414
80416,16275.563951634362
83419,6215.969873095377
76209,22165.69639352436
91874,18487.49082652286
107892,11826.813937061215
86727,8336.863269204492
83096,5141.719708408664
107036,17429.557588731266
86096,9942.400843130601
89684,8092.339405601975
105301,11041.097394662625
79056,15807.978433447564
103508,18581.28349269906
102651,12003.395278164571
76605,18864.58679622806
99170,1065.7141949862435
94850,17295.18372107682
78638,11465.970540114104
106031,16250.100570577459
104955,12855.85722749441
101565,10509.568487965495
105886,25954.62799293416
86499,14231.126139358195
91809,31158.96811242541
86033,7746.551771011542
90761,19383.549245638987
104168,28740.53292067009
88048,16566.49823880149
106343,28960.64908273206
96568,6884.0069772630995
90082,30092.660211963062
85659,5835.865827824953
102950,10858.069569183695
96231,8931.116869439626
101781,17757.265649644585
103210,6361.3066170990405
95174,5465.776584111345
105594,15098.500928770565
107809,22423.576940814597
81222,31025.55987723647
84506,22160.682953816126
83399,15338.831430303078
88318,18079.984393064442
106235,21037.86884423336
83952,7408.680807897358
103610,12804.830845768563
107273,17286.121642827056
102134,18774.670016853714
77708,27629.62407693909
99754,12127.295390837933
103372,11791.35110057467
90457,6801.243669974019
80228,10118.449259830288
105630,17011.01605900324
78448,24123.36259057281
86729,10459.217041284124
108510,9021.036231751965
79686,29374.666437415064
82677,16691.760089313648
94161,22714.028496411214
93064,17890.624804866122
103595,2284.0992197766373
107257,3637.239051917104
81162,28879.037085418677
106410,9932.360107233822
97829,22678.93143186521
92429,24029.968015536273
90183,17335.55146965087
83816,16260.9513654
88613,7925.781241728109
90025,5076.933325631428
89004,6177.2494499018885
107997,19176.639419992753
97458,14961.561545791386
82737,8930.864118559366
101739,12150.232751425538
86766,14539.484077158553
77098,18807.96561761543
93598,19524.011702032923
108115,12851.66161383141
107653,24448.840533945375
94706,21180.821357735884
105344,10899.683578023738
87516,5245.084427373213
98959,5409.519991642521
104557,8685.530531478704
99137,3857.244979451718
102126,7337.437374122817
104455,15918.69942950348
104278,11391.908618379452
80331,24597.34905513774
90087,20804.926677821437
93700,30535.684859666726
108517,16593.91593576453
97373,18747.060236932655
83394,19430.696435735725
100989,8744.47045429937
82625,15526.267001812232
93457,14054.752026660728
103186,12871.454310445928
85133,10439.249106547384
101198,4764.564607929135
102095,6370.871922855593
99684,10894.08457379208
83595,12922.143903132997
76960,37175.95440967148
103015,4334.276738863171
91987,39951.59186979008
78825,27768.432327660972
87668,16782.690322140035
84826,18385.004019629043
92309,11374.352352631098
90969,20250.209355459665
92987,14589.549142081341
105317,13027.492644940732
93606,23494.04342681134
95536,32514.448691268495
92839,17671.90415849733
102133,7830.348467512127
105225,14126.804248731802
85627,7973.897686569879
79013,38523.44458209522
92008,28320.853249257438
80983,22933.629532084928
106475,26981.293873149858
99357,16200.687439101135
79246,21899.703018280023
83200,7724.755293074817
79656,21997.07171001165
99031,25745.833634352042
82780,17782.8469534867
88310,10379.114743415605
98056,24915.240492006364
77289,26382.879927946055
105503,18429.423196166368
79198,31276.489075569625
93429,26490.87803436089
97172,12042.343744825735
105958,21897.532226759584
103180,-844.5083727218862
85825,11245.953165513887
81725,37041.057819492795
86590,13571.205590390924
92366,27822.146986467356
80589,72196.08470237683
95454,19994.89689069632
104525,5605.85217044626
107646,10018.950253173294
99226,6132.7915990462625
77273,21434.191320849135
99642,14691.220809858572
91195,27527.778944599417
98641,21276.414661878982
107724,23776.15878969089
89646,24796.515686535597
85873,14210.822326514404
81468,31375.037207927882
97648,8826.484072382535
85573,10427.93625773705
102394,8341.023021277633
77771,19946.851864287273
88122,14146.272673210477
85640,15881.054980294211
97560,4655.215608369768
100584,2852.6180232446386
97404,12249.157944949902
82414,9514.710046708418
84609,10395.300437168771
100462,9451.888509061942
91573,16275.159828023116
94716,21540.055928329042
107560,25325.068461859817
79627,21701.493573142125
83025,11398.500929555194
91918,13786.860213560763
87344,13234.138242704405
91683,25405.13796204763
77259,13484.771111729839
95887,20890.96140803307
96802,16967.808252289335
103965,3904.3912119710603
78110,11111.278858976137
99144,12461.766473591775
86801,10769.188665858372
88181,3739.699152205565
88262,21876.832851616833
85846,20012.792814310207
97896,15053.60414257775
92462,39157.82957720407
99668,21560.588594228808
89440,7505.560275682476
82867,26445.41725361807
85857,10748.644157787767
79583,31101.463306514008
103090,6936.727074472179
104184,26339.595246624056
100921,11393.624149733705
83124,12824.888810738623
93320,24950.761049502682
81985,22808.23566776111
89618,18032.826929466675
90086,7354.734957447707
80855,30134.61699242534
105114,9351.946699035865
92497,21798.921354479848
89049,9240.8039821472
88584,19216.602312868294
88019,13377.672055889407
80119,20250.23976507502
84879,20958.516951373138
99293,14379.213521407186
82515,15507.756559398593
97600,20796.343885133912
103737,14209.728636835469
102387,15604.567115265745
80404,30244.64036234858
105785,37170.07255017804
76379,20585.296395066827
100569,12117.132028337164
101553,10692.45319076163
105803,6608.961597267449
89151,10427.953043923679
102960,6369.7682766840335
103094,6954.704901417186
92146,9691.78717214843
97802,8285.52658661352
102939,14308.926666907599
101492,11574.000339626009
84207,7884.620344343075
86995,10102.647163804602
90024,22850.53473508884
87536,7513.387331850916
103571,9293.805060943116
87529,10437.124574275631
96756,21553.103023310476
92326,20730.073192630814
97609,6105.632555996406
75984,17423.167166883068
80733,37945.067314908025
77150,10327.616772923291
102496,5710.819167619873
86666,17127.932756617447
78836,12593.643989835884
82444,10895.869257946542
104414,21811.094120079
98585,6000.490503648729
85191,15231.562120432613
88013,13261.865882993894
78962,19740.303275272283
101510,13714.107945094764
103438,11154.541077949012
99474,9811.616501773613
87180,15569.200236849076
82983,16058.02064469062
87503,10595.390225193258
90410,21133.607770771265
98416,7708.535047647294
104117,11949.563868563186
84900,4446.496764587833
88565,20320.635383888413
93797,18522.29767498178
108131,37677.570978776384
78848,16416.879792726057
88151,11757.282826933331
85081,9555.994419505569
78163,10360.098745693054
106580,13452.621975833274
104638,15778.528362617299
103696,9923.86063262306
99589,8980.933922099612
79699,11514.63793140406
95129,26421.929542346217
102173,11819.816994697467
92811,22098.351784050643
84986,6574.576387350084
84162,15931.306536785058
77340,21588.988612561116
79685,25797.948797726087
81423,24409.459260249023
93745,19138.34309184674
101399,14148.153506828437
91611,23786.89059687378
76973,13864.092434913584
83734,21943.646960396083
79526,24072.385207724372
80087,3587.8706021939524
102186,16061.885114809633
77640,29827.817612062172
105138,20866.53557256966
79146,29178.06206682839
91713,13448.092690815502
104230,25602.62787465978
101896,4022.020849934941
107587,30763.44674432672
76461,32119.31280283905
95587,27390.788398004137
96185,11466.799231816924
103181,14649.692622335464
107643,25959.09402902767
88948,7801.8680885082595
97565,23943.344496501348
83821,11311.301443384527
103781,11245.29991206634
81677,45381.27114228814
107975,17900.70350878417
84106,11632.84842835621
93060,39228.04839087145
81078,28653.901288144778
106748,23461.82055038856
79264,40149.04571814294
84098,10488.515133696887
87838,23739.01471741282
102957,14195.641453660857
89353,11943.079749035609
85492,10464.967423298433
107957,26588.972813268985
89938,13059.885596349133
90260,7110.410533678543
89571,11716.819546413306
106963,15942.886007333555
97266,9894.645488283386
80413,18187.794781053224
86028,10112.695226957312
93343,26716.434364423603
105232,6752.35891243486
107755,8803.457384063895
107326,9673.911658410434
107571,9079.635411193436
100062,9391.179309645919
91477,26660.626249419012
104598,8803.88910097284
98614,8070.640316748952
104034,27086.21516943677
98446,7782.789967983377
103023,4116.057292146241
91550,22123.98011177514
81211,25665.16996054924
90619,10104.781526124887
91525,31944.020389827718
104422,25434.416320951717
93555,22354.26510007131
88346,10557.322303562183
102067,3273.0250144964866
107051,19279.140856136673
89642,18029.980287060174
83492,13336.183941526524
99169,14929.910355253323
85964,7647.237578112094
85179,11286.654516197072
100677,-346.6745592198931
85529,12129.229702551569
86198,10540.205828665818
99532,4569.63782890298
80443,32280.467475114252
93248,21030.322606795253
86958,16674.381111915758
77942,26004.684452663223
88568,17720.816106463913
81730,47991.83729403537
98884,8882.669767093183
82267,18208.38356430006
88088,11479.93885932172
89578,15044.710872059037
83568,23561.376574037622
85083,3846.5877457035967
79222,14946.680901412503
82543,10278.125576334733
82611,2672.477973793726
99708,16940.185614934082
97699,6716.890885084842
91371,26738.08276419417
101757,3457.4507637042243
104417,11715.899839647545
99830,8308.489540956112
88477,16641.360096201523
104614,14387.750789581496
76098,26751.874591822
92143,17407.177852175613
81343,26931.598014145682
77212,25418.70794193205
78262,46934.747564435995
95097,26248.376466189766
84440,9032.177169074663
96942,22619.784902879175
101584,9093.355456133042
77202,5979.993915183437
85173,20019.407213389142
82953,15090.947150708953
81151,24208.19220606735
104377,16422.79717899084
86697,-4693.451418376773
96650,11125.221423520084
77031,21135.98334140608
82235,36124.65739779849
91333,15473.510104710962
103393,12707.197638537746
76254,19640.841813792475
101592,12522.578997389042
101865,13468.565516980922
90819,15195.009831782776
76941,8617.168570311065
91974,15891.765608572317
102930,12834.773245649392
96310,20245.68245657038
77912,23766.466253978004
108119,15254.22416483008
93631,18235.74765023559
76592,19522.031491131867
94282,33604.69851725027
77715,24365.04173749395
93747,21298.42640067635
94560,27133.994198974855
90108,16204.159080618632
102128,6377.656094681655
85820,16902.778864443568
79541,13842.174974760488
102901,15593.815037223552
102761,11000.691029098636
91536,20374.061062037257
82089,15389.490084374753
108489,7800.659749297915
98409,7185.628005652239
79151,14638.898552217677
95549,21525.66332626875
85472,6784.45371937448
82072,23682.616020025984
99386,15686.15720907742
92932,28786.909945805557
86525,20270.023921272492
99013,6117.945204530639
99472,5964.913396432592
89967,9953.886018402784
106604,24254.302431544675
91608,18721.366258837203
82249,22470.044703302796
85445,17746.053527511318
106905,23072.26480563618
89122,16053.69593688201
87056,15102.578724554893
98254,4684.632645304015
81697,22698.38447065447
102542,5919.137565693854
86804,17583.75292252092
92626,39944.016693335936
76602,53742.72750543415
87943,11012.971429743691
95438,21262.72005785969
95823,18796.284189376507
82403,60999.185137289474
79347,22524.024060166266
99419,14603.432484479254
88561,8113.328823623757
104572,8436.40221571962
108507,25634.236229872058
97900,6775.033354235655
89733,15669.949865122222
86211,4600.867682859012
96713,16365.119385290436
107123,13338.112412828756
78086,15961.618842659489
100576,15906.323605032117
102589,15426.180505129607
104477,28920.059885144277
103487,16228.62780366158
79189,6320.05058388305
89098,15023.837695236416
79787,33311.30724064205
84294,16803.650778823274
79128,18138.305847069543
90269,11098.582140110138
78251,23723.707846776837
80572,8691.772739003845
75986,33192.67128344076
77619,31423.002730165746
105025,16884.71835159581
93882,26730.20903991652
78338,22491.255101692208
80621,26347.735535882355
103601,2206.1775394181714
88170,16172.791933909037
102889,12604.79343033815
76347,24077.96912140769
106080,3767.353916665532
98834,24559.190200915273
76498,30186.1473567766
85104,7325.746021436791
87534,10682.825328998313
89883,798.244365624796
88738,11862.358441030165
99252,20294.90756957995
102696,10605.758067053655
95948,23343.120881669623
105438,27312.330262685602
103463,14292.157846757864
100261,7409.400382672868
95315,22718.137988214017
104172,27462.687681065952
76502,28803.55839013015
91569,31934.89341862087
96071,10739.708580738956
105936,17813.452106358596
97089,19137.794654363897
85434,14281.94703763315
88446,11791.76386859881
93751,27144.50887432005
105399,13526.238065135558
88174,36176.176013063836
88555,6849.041617120678
102346,13707.233023265755
87144,11665.174283020075
101990,9771.42925693787
102931,9176.27875724688
108317,12308.24778903132
87976,12587.092633395723
97988,11279.603702548557
101822,8684.702195470109
82536,11925.861204796991
80676,36746.926533770384
91255,8854.241160912388
94069,16793.61963834235
91894,27836.82548492455
108147,15043.281754892136
76928,23652.760941491404
82648,13537.546605682928
79426,12305.096545735725
101936,12471.249991308
107567,20418.328819424052
88776,10549.965963461014
91113,24364.06459077746
84568,20084.93205617697
78044,27862.69063496396
76929,33328.7438602845
102526,3842.3217300346296
92515,10985.17701760929
90009,6266.360031148446
82978,4676.7652631669625
104437,17015.71628256528
101451,13224.449815902244
76325,27604.607965555442
89491,6183.260973772647
98435,12732.551481699318
92282,17945.804337315705
82209,13465.001052429607
88705,14877.73688492121
104679,7157.525594605306
84919,8142.828958485827
89998,20815.857854426613
103520,4911.406156742183
106857,16105.072320433384
108499,13866.528656215096
78893,41221.61494569328
100860,14397.199749231102
91684,14023.018175682926
80617,14367.033884327258
76634,36041.57475811967
92055,27579.86566494033
83030,2937.4037452794637
86154,5133.116853747075
96022,24359.147247924644
100336,18701.42977574621
92663,12112.811747949167
102884,11531.019136274012
80763,27235.9537119098
78329,9623.39679372152
87867,11150.132419867396
104353,28039.071059018286
94284,17840.195409443633
107996,21045.20757218679
95784,23808.675558569295
101298,17478.260566697783
95995,22329.842797583427
102718,5343.753159697932
93623,28080.655104000674
89585,16647.44274016369
77533,23074.143646192453
107550,15514.61656482032
87760,15871.935758678002
86299,5906.625614060269
83152,9080.111594186983
91322,36537.68888249063
91286,16205.749091392003
89231,14551.610354252509
80082,8909.723727992628
105518,5577.323395653881
100224,15109.195854636571
97261,11820.468956952845
99651,27527.41572182197
76487,11555.094231488756
76867,20809.924245745886
84574,10437.30756126482
92378,46673.727591527524
103934,13298.263013777478
108445,7761.881302852764
76872,20836.605344302436
76180,35078.15921310025
106906,9228.544296328024
76431,35139.63965949331
102603,9858.675223981583
78403,14421.112887407608
100799,5788.140146469692
104755,15366.318865945128
89602,22547.851215397557
101656,11309.794666149724
79362,14503.019684826715
102262,16586.806621078907
79884,15826.439224968388
97740,27159.340652746978
101264,8499.630957735513
76525,12221.049849046696
101988,19966.999826542993
102819,20088.070177392558
95501,19093.110113712402
82890,12491.809229199127
94413,19406.489811753694
77898,24206.752136262985
92991,25124.85914503354
82055,11840.409535141089
100865,13603.320111261555
107388,12781.461266050566
94252,25714.818568913877
105973,7057.648544063964
100976,18767.517065065356
106212,31475.77361130465
76078,6603.726552550332
79014,20127.472695995093
104787,8818.806987729553
92342,26021.802885544967
86334,9410.464114752447
94066,13279.595950132187
76062,9757.243616007963
99371,12385.794561591762
91498,18526.92273080196
86406,21204.436453289854
95531,27067.78939323301
93274,12823.30353336853
100190,17898.49428954215
90424,20551.79325009889
99089,15477.62662296076
94306,16794.45458958568
88209,6399.19278339974
90029,9244.796944037047
103397,8242.95847222943
82341,28638.096681585725
92358,26503.67888929101
100389,12018.98632281003
104886,24748.063388079558
98404,8956.09650748186
85100,17352.86332473182
84878,21647.407664949536
78693,35898.28647068059
91992,49438.77804342575
105754,7456.547646184289
89594,19941.893518058077
84756,3474.5634966715606
91795,42142.81784467575
108235,10971.932337486553
95474,23431.42631720447
103485,7052.651953931232
107700,9149.165064755965
86613,12323.095615162212
85741,10006.365616339826
89372,10023.516535739462
79735,26595.669136907192
76186,15215.06205061794
93135,26561.526670863183
108107,5043.427650511101
95853,26677.923628755707
106625,30763.97261170498
94400,18163.66788289278
84893,12056.420405627432
97777,25711.48490345604
82127,24521.474398591083
102116,15576.308516047913
84330,21695.098997912763
105251,21613.627102446804
104115,9390.288429787724
93746,14733.291853067289
104982,18901.352578467548
105988,10213.796945414993
102562,-1601.7564360141896
100822,12734.87343198696
104409,29028.92039377807
80140,16470.184444469447
103317,13865.085247727255
96145,12718.393849295308
105732,28510.97079976859
100943,11691.053674920819
92940,12353.503972961207
108400,-211.77841592428194
108512,10574.3763697609
92473,47269.503144686736
99001,12175.868379583168
81082,24836.123381388177
108460,14525.66567264812
108169,12541.377643870275
106864,17610.61336265151
84685,21089.49393520658
77736,27101.981014259283
94232,28457.167239104114
89520,3861.3245218641077
104514,17772.111709186192
87509,9475.189014848595
102802,9503.546835008301
91042,22910.510609423465
79197,27036.817960027787
76499,14505.75416417455
100082,11045.678629103313
91224,25771.78850080206
95303,13387.413359866874
96830,12894.286073667958
88064,12495.601754456067
81628,24355.77662138883
84857,7269.289968537991
82032,20469.461736060424
93316,24613.76477218691
104993,21232.475449969388
82315,18929.39532141131
95990,49067.31507039506
89970,14568.197007783718
93407,21392.37301368193
84755,13136.3927467211
84684,16376.90372057312
79353,36699.7867220323
79649,48106.528249551
81749,25449.689159987156
107002,5517.456993583972
82546,16752.441301056864
97536,14152.953038882097
77580,24751.236451693032
95967,17757.737046472997
108150,3610.0121914691063
98992,7631.908927727296
108536,10264.139146774403
102358,3876.37982698845
91856,29010.61035606794
93148,26090.15214625033
84957,12877.721233552258
95413,13139.572737354645
102404,10089.158933750956
91495,20987.166272384136
77953,28336.930309735988
87398,5467.0328944253
95955,19547.952664266813
93290,14955.232094760913
88128,7643.927771288971
88830,21779.128430853532
83397,14194.356280494003
81599,30062.315070605997
106055,19030.778408268478
77655,20717.454976284596
92106,22952.166914082336
96536,13372.843818106443
104575,14855.84664360527
105513,7150.9254642332435
92308,18202.711665903316
82419,11978.433000004989
96473,14205.70598570507
76961,29538.948305444603
104060,37272.42306852554
91056,20947.009478456403
87618,17941.30313956597
95253,27132.11160549632
96135,7981.0194909896945
98015,5581.092555280307
87695,11646.256838021262
79066,14036.05364686332
95512,28855.620767665874
89234,16788.325540505954
89971,11799.490702867839
103750,14288.246779456535
94180,27248.182936664274
107947,22332.761710818188
93455,49712.47022610985
86369,14511.022428847435
78817,19070.026077642033
85051,6518.488086636289
79315,66558.66324528209
92395,27091.40798357185
82513,11176.696611687512
107728,5314.045317310773
90261,16594.20756296745
101064,13481.404610210757
79329,21871.543343334484
88998,10506.015964310105
102002,8718.970043229967
87718,10820.83689009743
87774,22178.54716863879
105214,11928.898244206859
103055,7385.182984301048
103543,14907.2573270529
104548,3777.0803439922765
90387,9701.769063831296
83786,14742.620189701034
108102,16729.225736443535
101455,13590.038539412568
100577,15844.974404685547
97483,5259.887079804414
103056,10541.249578429353
78401,8772.24852913148
97400,10160.198993888305
97703,13311.396958681162
101311,10439.521269894442
87912,9844.750619064576
97168,7385.373283308272
100833,15421.953568405945
93043,28928.356754476452
80772,15426.787103593108
99794,3036.221400477176
78326,9430.575920438629
98710,6722.914681042959
92351,28649.88453937373
87356,4009.8555066665504
96926,31330.212736770867
100570,9060.833444711687
95109,21333.500334259126
85050,5814.830462455628
84046,19213.897361806732
101466,15307.35869807686
90832,14449.16394349577
93397,28316.321003946992
107778,13318.070794981984
106710,24344.34348539158
83464,5184.962622533634
93622,16240.284734871351
88744,16594.85630935723
107378,22941.435394006905
83032,9588.188230170985
89480,33392.88159173826
92634,25458.878011795663
81057,6168.97209348105
102633,18785.32152431468
101794,10758.884606473495
78355,12899.367228245083
76544,47171.46631296676
77408,13292.167465828692
104451,28297.872012605483
89254,16337.256438836443
85412,17322.48467775112
97709,6458.224029142624
105230,24772.764021296993
87691,11434.127001391455
90722,11822.417351131311
86679,14498.863341134056
81418,28268.27542414071
76980,15755.393114157758
105319,14971.81579272919
80516,16514.892779171307
88960,7928.370618231698
82982,6078.058327613568
105004,23541.658552073728
78037,35300.14479021797
105901,22857.64298750749
77109,14674.997996763963
85855,10584.453201987368
107355,24277.79566430211
106193,11183.675779510402
97700,21271.58103467106
86150,12645.777962849877
76267,27821.20842912714
102096,13430.246063238861
102561,17537.97085969702
101137,13469.392774262988
92050,45615.10042607209
103878,9897.279363470603
94760,24522.648279194804
102678,9367.573330732213
79971,23077.49491977911
85739,15810.511812813147
79714,22292.29263418216
87673,16332.474184644489
107304,23795.883421824932
78692,27405.459563558376
107274,11569.329590097816
88686,6233.563677182014
90843,15319.420669555386
97507,6169.2266129023465
92343,39093.00897731586
78781,15003.942858936241
84990,23510.86148229153
92913,37926.23384325835
92079,38590.191929349094
98507,6568.1652649419375
97152,18673.916980656868
78442,31273.684224869743
79711,13222.950993894076
96643,9232.082409714736
105000,4795.139069512434
89454,3270.785158270426
102265,18750.537672934755
94961,26053.520725124632
76335,18154.035337645935
82897,12308.182469911022
94061,26058.340539179415
90661,5514.904007476163
78112,29323.88286756619
95596,18165.033492969487
94740,28754.798475359014
83287,4309.065601422457
96668,15880.956093264918
101834,15531.298306292434
77285,31598.064695358044
102545,14180.45293004985
96287,20339.510212535915
82156,60896.99857108245
87276,12853.198950864546
77564,18840.320613610944
105991,6042.6217307369025
107570,15717.142096585078
94519,26998.803385731248
78369,25968.81699263859
92674,13047.479006039206
90532,20926.187911353198
85489,5153.651261285851
103660,8603.498924859436
81206,18676.947183035125
106764,26329.80415164616
97425,13061.214285979122
96393,23694.89704746133
84960,9495.227717696736
78993,32487.920906083687
85876,13063.723674622644
103936,11134.32320428838
84201,6980.2282122048255
105098,26991.011695590372
85078,15791.245117428327
89886,16299.678451342019
81268,31728.237135382733
79945,18705.19596513834
97727,7117.5161998442345
90636,7559.5084481517115
80106,6131.730795621881
76947,13363.006906005057
83264,15855.87204259519
101532,5702.644956122142
91558,26790.99876182728
93311,14037.28613762784
101967,5442.395938695174
85725,9708.492477916894
104684,24186.098745225907
89747,14692.62034010329
105165,20384.753484196888
104814,16324.539101941285
101904,8538.559824022686
99238,15387.999838723248
80989,24026.046333927545
93575,17692.098134191998
101536,8570.89883075805
86847,6513.00952961334
99847,7117.207008248706
89212,7042.288574828315
93997,19127.045140147904
93647,27084.17649984725
87846,9832.561781562477
93737,25259.395363153584
77906,25467.71320073373
80648,23913.593757182825
102925,5044.571975530269
103709,13957.258811140018
86195,12706.288632853757
76865,12516.040073709828
83260,16213.745940360797
97233,23672.528091971937
104618,22163.96572112462
83879,6746.755301912925
104804,7175.165716457103
100551,9963.991613379141
90524,23417.098127829075
99669,24132.325270440728
102658,7818.448677534592
101398,7235.053814701824
103286,10280.307770715308
94823,26389.859526424276
83630,10579.992066125218
86079,4320.490840996552
102145,7238.950848147815
94270,28461.665140405603
105688,29391.38455869563
87335,17778.457288358673
89805,12441.803081362976
95093,28233.0045617492
76699,18236.762393403995
83187,16906.318584900102
84218,5280.975284192253
94153,16612.694525888455
91849,22123.82497148357
96202,15716.044629562228
90172,10812.473650060983
98759,6235.476701149935
86718,6942.816257085638
103349,10398.728927990634
93293,37900.11120332287
94622,40385.87140591532
93181,22852.08601825269
104870,9797.08897423388
83247,10457.579388077367
87566,8383.655211675888
77362,20919.00152956186
79537,21788.085925012318
85049,15731.695554456372
81402,16355.916110750366
108341,17086.664204277382
92193,22264.615304068415
100184,18776.887373664318
106252,7118.103272513073
98047,14937.328477464041
105416,10923.83605885331
90872,31303.74090096428
100235,8968.576982887993
91485,20892.84568201658
90534,20055.06870004197
77841,16530.876769916347
105730,10638.904661839153
84175,10945.835601991508
103964,8429.223408222908
105970,52509.84342393931
99843,6265.500783506668
102012,6878.096688624568
76779,27201.948819535504
80778,20032.500591555865
106638,12886.876999107713
88233,17519.252578130745
102657,26026.474480909957
107180,31132.489232668035
108468,16141.038285255669
86399,8321.14331622846
85128,23251.949353016014
99868,-397.69183743490976
100413,11371.248667078513
91125,25636.139520067438
80467,30807.67185424197
78605,11633.463501596572
90259,14110.567960325647
106759,10498.430179483727
101253,6762.557343251527
100980,7300.238070113522
83805,10461.352704262745
96745,5821.84730819275
90242,18030.62366233538
76118,25729.019570980767
98824,5224.760828636918
78006,20338.539587864827
100924,16195.91043772103
77138,64487.65182129396
87665,10361.899331326047
78023,14707.610802497218
96117,20416.175039901984
86789,8886.264888135005
88649,15910.611357918213
96792,7741.737038435485
79403,24950.66966204973
100547,5935.048829298705
106529,11161.206407294696
83042,10370.127802513718
80334,16809.686046045474
86589,7184.330810424846
101811,10801.09652403137
94128,14452.619096843151
95868,15114.112407630884
76244,31777.57767092724
88957,18910.098916586452
108503,18106.651419594597
84409,6507.886425212875
104962,26131.615452653157
105121,9120.510066167639
94389,12681.352892455307
105602,15299.319901706902
88289,8906.229431178845
108168,16108.083851667692
84978,20074.572002528785
108011,9540.25679302896
79783,12964.863208817273
89892,23846.13779717438
91748,25993.77662541355
105942,11605.298653104586
106893,14797.372307011554
85969,10622.591320723186
105403,14014.68421065356
80319,25322.37813342749
103010,-778.6304943618597
76518,27281.665224462475
95598,17255.058678292375
101287,15015.489177496183
84475,11420.649244520842
87686,14035.88684543193
91202,24975.580817454047
85296,16535.40574130646
89710,13173.588724708809
108409,13913.26133098005
104660,14320.27882550258
91493,16516.66503309323
103318,9601.155075989765
83537,9842.48978546122
93277,21148.41227194405
91290,18485.706866175686
107127,14483.998024685323
87752,9978.813944280166
82613,13511.305514210584
104508,8038.30135919785
100051,8712.460478811121
84203,16553.427053873424
88624,13076.749834783528
99483,6196.075692203911
96635,29805.261595893942
78956,15842.874995126944
105839,16326.616771994704
92487,22656.944539494005
89382,9814.709873322854
100337,6922.080819368057
78640,36496.28227225344
99495,5887.0605727793645
95580,35845.29461207087
85347,17240.714871277814
100050,15925.372008632361
97749,11839.735408426764
76587,27050.88773056501
95918,27815.25669323009
93823,33317.09575617834
80470,23500.3658225323
95399,58142.70050152168
101483,7886.104724677627
94776,25608.277555390465
97442,5054.420522256134
79267,26257.28421972634
82710,11734.330711383936
77473,18046.05187885641
105371,13786.19123943985
84991,13147.229228353543
93878,26151.430360607148
107126,20255.544694299366
90996,19474.085409147418
87095,8318.135020728072
80205,16701.869897030632
100043,9908.780285199955
84793,15779.464103956725
80403,13780.237978265035
88018,13472.496523637228
92747,26133.19221628274
104894,16517.16167704366
108319,39218.43977865226
99481,31108.523248217098
98270,10991.86600336441
88155,17744.257453496306
84565,21555.36616960126
80779,44205.33433601529
105684,20045.917092801166
106855,12490.78723459275
103908,8200.905093511523
100595,8577.167608461374
89822,20467.927229549943
100401,7864.172015103608
101037,13110.678901273268
96350,18244.397484344758
104191,19497.426867219518
87891,10905.470999095614
97744,16730.331880623602
105757,24530.7830089349
98966,16377.647840464379
91869,13405.44841022683
81292,16360.867745551766
108284,24773.91709230329
83092,10141.23359478447
78394,22246.44432443487
97961,13033.23961836883
77723,33298.62833412839
87317,7024.460270234582
95065,33749.673905702155
88227,9167.183007431413
108087,19710.81432314958
76311,10586.26688873915
100764,6654.1328351792745
87828,9510.29173989125
77314,13974.143893546914
107860,12833.830842169242
100339,3583.590018635714
106165,2189.6117899495166
104443,11868.948983653267
79613,28779.378631821106
92686,26824.844522184103
97493,18120.286932260842
78977,28491.88109452759
82933,14215.744055132356
80063,24777.93172178742
92287,25790.19464724264
103664,10687.65323585703
102185,15594.077019447977
94679,17685.50008708101
99024,9445.998541760146
99366,11655.897205648722
96554,12523.03488398464
95906,25935.267461997515
85623,11661.057685030162
84336,16185.197571908284
96560,13608.786719254278
107448,6723.659706524275
104118,20430.799890231785
88391,7579.085772450588
100327,15118.949003888429
89323,6417.597148445047
106925,25004.18566652632
98542,7705.5467179638745
93996,21854.072921478048
85103,10551.081502401037
76033,34420.58553023021
77213,22914.844974507887
98117,22349.871459376704
81109,32233.850257022918
78316,23896.81379206026
91021,30892.139797611067
78093,10576.496886966095
77497,13784.8607768683
83590,14661.258114169463
76126,22488.1649698455
90509,-1178.6521584457169
76454,20954.905039072357
82095,25835.65839576914
88625,14942.674707369872
100031,6205.077433281633
99458,6404.514289452232
88085,8348.469784956438
91823,16464.236839155965
77735,25448.7627848766
91799,8481.6893750091
91480,7112.295783434251
84915,12784.131155413004
83688,9686.991334515726
102334,9089.160947654218
97765,10694.22379857213
99836,12564.537145383005
98569,23992.914075143017
105050,24902.78787948173
80826,18145.986524567474
78684,10393.541245913002
99123,8708.409355285303
96507,13358.579644289372
104742,24293.387870108683
93690,20969.125062844832
107606,14864.707464390585
87019,18643.79805851052
100735,10679.235407557782
101685,5146.912114059312
82792,18356.500601427742
100036,5257.211209479734
102607,7941.4557862708025
97772,14890.894218044015
96207,17469.03575405384
100697,7880.300165093471
96481,23143.619384250116
89054,14750.497079712792
97847,21389.393433217374
87528,9507.926273870748
97145,5044.305953850862
95223,36208.19624085885
104325,14674.207451759357
93743,17619.75490087469
81914,8773.241013237704
79040,25490.98217885566
107030,16720.0759079873
106244,27817.61682398151
79602,31265.669626709
107684,5197.894993314045
105346,19491.155040153702
100000,18590.056190913085
79001,10428.26342906964
78942,31303.81408525414
87637,9788.493657285235
102257,13497.707886661556
103502,9280.963602574517
84619,4263.00809605364
91129,21518.59382261666
98493,14225.52152811696
107108,27933.94918509187
101158,7319.1538985225825
80236,18700.147109700665
105375,5893.6191538800085
93002,27295.542810047213
91619,28741.539523170173
83965,13371.40282899447
94431,39899.56819910144
104601,8542.016595099332
92698,27180.192297256253
84014,8198.770573901249
91961,26905.185575741016
77595,48906.060825162116
88848,20685.799962817946
106046,13950.180841814927
99498,12369.320998510197
98153,3890.850903838211
83157,7208.551269114363
107475,11534.4964168345
100589,15601.00398993105
81448,11441.651667269685
102638,4283.789479497451
104473,25519.156056673542
102724,3566.6013035395863
99338,8427.733874956673
92431,9701.045672880806
84969,10548.616328096408
108426,-9680.125706898421
103206,17885.95935871363
87345,8970.046178629544
102625,15009.579522603664
84606,10932.181085899798
99166,7283.5136917125565
94408,20313.76626397991
94898,22778.7993605672
93658,34671.023463492405
98234,14450.48555762698
99725,12368.270691605903
103979,15575.460543389123
77277,21174.14401144752
84401,10090.073511657309
80006,34074.51788324803
78572,14160.113586560761
88781,10587.80004395827
78546,15930.984279997947
103829,18414.684246850084
79159,57481.64459574758
104502,10895.522644816854
95125,25462.921802199395
80804,18483.97413397973
96580,24791.05538987262
92059,19541.793957624977
100530,18144.983620600735
78079,29427.038123157705
95036,17013.068934129315
91490,19714.7801241331
103310,15587.204724035666
88853,14587.281775667137
105948,8058.570379146657
93744,20706.600160883172
108518,40278.8186076257
107733,20381.371039641832
106813,9630.494661013869
98343,15535.358934816788
83056,7755.470035487944
105721,23102.00329907058
89165,4974.460452497673
106402,14562.562899899098
77252,38637.18216270924
89194,4835.142541593417
76777,15235.506101825702
90569,14299.967353452705
93912,12721.54567185025
96848,4161.263906665168
87355,6213.50736596649
80539,36524.103482786246
105351,14248.681922415988
108019,3965.076580194198
91331,18679.845691065264
80814,10969.112088758484
95951,26230.81654284316
98392,9626.581192282223
99209,17722.510342806363
86085,9602.30642155906
84678,6024.385349519976
96534,14376.230925021928
93665,27775.58398118277
89832,9475.70356012819
85079,10663.830933664145
79425,19703.60335144254
96052,1560.1584765037187
96599,7406.726036942151
103705,17137.42332815518
78171,27528.53955681147
92005,22929.361929958417
101323,15746.385382070872
80398,18563.562674480916
82123,16181.318605028617
90262,4519.761325448515
93300,16404.9024950546
76795,15720.364001897844
91043,24906.17171526843
97362,14293.533355736623
98969,8766.434042773697
104826,12902.202272218303
84329,4233.312684424724
97976,15084.992082959232
96904,2983.3854559129377
88148,13492.106807592623
94895,16271.647846802794
91122,24814.315965410104
108145,10928.363814015866
85476,16131.932241148865
97564,14820.278742407525
107770,37947.13348736925
106947,23982.524590100813
89548,14682.494192097876
79027,18553.1605886921
96032,20031.542981227154
100133,13694.64635623876
83191,8947.303631553212
82695,11063.727834047073
79273,44969.22060497179
95667,19405.16335335624
99578,15589.190151248826
84492,9644.966275554889
92353,14334.052078408798
106435,17513.463202280862
86655,13475.204423989297
106651,11237.72449227441
90268,7055.32480218968
98311,12324.228882520085
86971,7739.063058654596
88573,11882.639087694948
93189,20621.423384334066
87244,13543.513007311916
108207,7180.9457559693
95819,34428.51239535313
105846,27348.153597716468
102372,8259.182061220841
83616,14249.803663118251
92411,25273.033096423496
90395,12227.150014284634
104613,15395.071427677098
95808,26703.460886705783
98662,12210.227427036381
86066,12573.184042412267
77454,13613.740599340601
80846,16074.306013331421
89060,5626.323177225204
91975,15705.535292590954
84011,10731.891050111097
88315,11820.939830948422
95692,19304.017495851487
98373,9028.780579317969
97283,23863.344763088244
101495,5273.048391035849
81770,16667.77637142651
87458,14834.648595293387
102710,21234.003840302637
81205,24410.32880060895
97440,13413.44720670741
82618,6396.766028560945
104838,5362.904910897687
103606,6782.858617238629
91507,41816.296619393586
81463,12189.608511695733
76741,31520.41600631139
94422,22150.145951395287
99543,7093.005477624441
104044,18770.251358548645
83284,11685.031839658535
100834,13642.51270799406
108440,9052.909513708899
96881,6330.358925005028
103925,7697.262134580189
102881,15275.37120740694
78690,18486.809254222957
78052,24054.01273825477
103938,12895.933646291878
101271,7780.260236284341
76924,19354.47656364103
100415,12797.427994655143
78455,20892.276989670616
102811,3350.0986248522404
85154,13286.99673164246
103761,10038.586294403493
77732,17105.20625446515
85957,16553.883413592317
96779,20705.139882777763
99061,23579.640156758258
106028,21018.206106593214
85889,22642.035618246504
97539,7963.773557859911
100890,15410.653644264212
96058,14266.031641340789
80216,22891.551343098632
93045,23377.199316150203
95789,17860.70563223528
89368,10170.284259653916
80917,19674.10970080827
93323,27758.416115836422
103669,12840.918470380046
81561,16789.15960031443
92214,27399.904666892777
86368,12808.576469008123
95070,21814.54020822852
80730,12271.665301651863
105647,16950.307330325413
104707,26021.731320645245
80353,20512.69177917538
98677,26923.148038830812
89445,9443.076409905358
98332,7923.454078615436
95929,16403.853489283407
88970,17014.629445577586
81272,16873.343028712585
77963,16315.639747562142
88285,19928.51834347706
88924,11869.712693481837
93562,29872.51058453862
89463,2982.6931302724024
105407,14060.012426834717
80944,31000.2281966461
108099,25779.80387150882
89199,5210.81067717041
82756,11202.18807778697
79573,16217.837418342022
98847,10571.144084162843
100966,6777.9929154280035
108500,30956.04321130584
103830,9921.71014298046
84043,7932.523414935551
84550,12394.807405858493
83946,7156.943601113741
86287,8670.861305560426
77598,14891.933366375688
92893,18230.59364248329
106936,16810.77999686348
101123,8783.053973620563
83943,10623.113317941059
89197,12271.175493631323
80185,45370.58888505506
82429,16423.43237264175
95864,24753.329012903523
100750,15896.502648113314
85497,4934.662622521784
99469,14730.91329252878
87667,7582.241674359919
78681,53587.27597789192
106579,14868.252362443698
97388,7400.941251208149
82487,10494.793852201845
80635,21622.17338228464
96378,6450.042918790965
77827,27874.297175875356
79045,33016.658922080765
95229,25589.29771501515
95387,18852.13524819447
101754,7218.599463819112
90728,7800.239819007684
77618,29367.215546606672
79390,40781.61282222709
79449,14932.398525593251
107826,25802.45754326764
87026,13820.377016231894
77765,17711.74499373546
89691,15823.38829630796
91087,17768.300511551595
79770,24829.20601619933
79341,33833.40860054667
87532,12488.737881584959
104082,15810.960404956879
83169,5954.060369050596
107978,30744.045736058186
97466,9626.237251441704
98381,23135.90121726021
87614,8879.482960587971
84768,10924.491460113413
103605,6476.173640940307
107420,8569.306526565568
76099,34099.47290490702
81932,12176.130691833509
96233,8337.289315955046
103484,9956.50849967774
89608,15652.771220948529
91316,21508.72147703745
80424,16684.91172041357
83120,9977.909053242864
95888,20966.746253109908
103279,12251.268138406933
76800,13842.426498271845
102188,13426.940579410668
100147,1626.5622182383813
107959,23833.981079428435
93341,18408.82780677606
87446,13800.477254626046
103554,7887.239799258281
83756,5007.700507414389
86353,9188.1648702252
107874,21310.19136740763
78416,14917.462738864657
100911,10362.472931003362
86514,13785.496536567207
92702,23011.525947445618
76787,19519.609139084867
98523,27309.64931281704
88972,20102.204926692815
87370,14917.669864046125
107060,9749.75087872112
108186,12207.559567440832
90126,16868.132574043637
103874,5078.990127807285
88271,10567.346832158868
81752,19860.651769684817
78089,45892.58454267617
102383,12534.655847744663
76766,31008.91354652714
86120,10179.272472806399
82871,20974.690913318263
78647,26762.26910528134
92451,17825.14348094517
91743,22813.433908573043
96582,11482.830576128497
79729,22180.369361454752
78864,23231.12658589281
94728,25268.330219699645
90355,7612.985004189715
103777,15102.85435359717
96076,2767.491828906126
79201,33346.40400321722
106707,14971.760659036036
83836,11312.555905546093
82332,31124.418414718893
106545,29951.338136755185
107268,25294.8913596641
105459,6540.802974233893
99683,12315.264093860931
98385,18719.164354846227
103402,10115.02891811081
89402,11995.995098067877
87077,4207.812543136122
94222,19322.73753637428
89919,5572.306891784407
80585,22997.608258245364
102406,177.52500205410252
95002,13578.889770441263
78216,20282.537287976887
81346,25027.873752110285
78309,18432.832414379587
93307,25785.505143448325
87233,-449.03603666977324
77093,9302.583540560247
86762,7512.134344257023
94561,16804.940728253736
76392,57589.39286134619
76895,27423.684078080754
85419,13266.985754672482
101026,15052.185645475427
102584,11377.735908891398
81381,33917.043301783044
81761,45403.43171333633
98099,12421.271356355437
91347,17251.785211819235
100024,11275.158575608177
97924,15388.231720528885
100492,12529.363644399244
93559,25161.11286782146
103175,12862.77612487015
98122,17372.244159960595
84362,6049.95713320261
77943,17891.419207254337
87275,10651.336185627773
79991,12511.651053402802
102700,6910.199237053475
79660,41258.22993755079
105465,26028.060412150448
94354,27488.27837279994
96390,6639.205772369482
88763,26686.897847189393
87219,17056.611667829955
77221,25958.470139016274
78165,9899.050303939552
95069,25588.566353011927
85157,12097.890649773282
94547,13436.983904180357
80643,15007.289010363646
97499,9442.447700366794
81957,30318.808798605
82538,11471.125981490375
83777,17760.069352507497
87927,14945.271767535352
82916,16788.271758488318
104146,14766.342865535304
105260,11451.115219320225
85483,13727.666130823414
102412,19381.197732215605
86508,6080.893315741616
102998,10380.20522748903
94493,33453.46482495454
93422,29194.129719851448
90033,7570.297347921605
92957,21581.13822595904
96584,14170.66585558185
103170,16180.407598415495
83550,16433.12153539589
76050,11566.91104204471
99903,7928.059949135675
95255,33161.14140301655
106697,26543.22161593142
91497,27548.02179094596
97177,9733.077021047815
101863,11341.014826495093
99298,7491.421446295237
106496,1645.7534155742123
98770,25880.59742136722
101801,11922.472489143336
85037,12498.209643583203
104399,21757.453920722724
83980,2526.11315925481
97825,18448.333850637042
81924,23565.29317478441
104192,9314.118200418312
87130,11728.21255507477
79364,17692.1913645152
81388,11929.517838208229
94917,18854.111494089437
102119,10312.064879888514
84135,10651.632207721226
94992,25824.46562381854
81229,20417.077066021742
79503,26500.797453147203
84540,15778.650108906933
77881,6601.895692787808
104978,-858.7173900883918
107373,15817.115213905437
76208,14569.758945496325
88192,16629.024536069683
107010,41030.53643449754
93961,35272.51842043822
83957,18901.418068350642
85283,5675.178878233648
104226,6000.175076518835
79463,15376.458670997124
102587,13492.028578647043
90204,1133.4808795968966
103507,9301.508200994875
94351,26707.03096980523
95181,16271.821568521396
107410,22783.54985107669
86541,17951.747090695808
106281,20060.268282575416
77315,6871.406499099996
84485,7770.807377682573
77592,9724.82910281223
104262,26481.74863846451
81260,20889.690279385504
94417,41835.45610475364
83014,12973.876290703025
78192,22669.5221150019
85838,9903.529676296966
98395,23629.384809816238
92617,18763.3357941333
107538,8426.357757194963
102588,10867.133096531586
88950,10770.27394244006
101450,4992.51236653573
96101,11217.389893046708
90567,10988.227657543126
94383,33389.78516196278
82961,-110.17049173764826
96591,6291.436946105761
77890,23415.719299457436
77801,15810.848332182932
85738,7395.507912198711
88580,22546.360961913062
88914,11376.140741471114
82206,24976.17291502452
107485,12163.930068967195
105203,24965.53928966246
82256,70904.5602886956
80181,31012.904284245626
88792,7721.833356316163
92581,18623.40553344013
101272,19992.349531804583
102359,6492.735039482577
85306,9833.832798370886
106078,17353.54499812415
82442,12549.079198723573
106313,20555.14583474188
107617,12055.94791581982
89719,19068.623597705868
91358,23051.728591146977
89676,29912.284727458515
86927,14360.457270351846
76819,25041.12352240974
96646,11167.88381794964
81533,36637.08835130414
89207,13797.036684152874
90282,5288.0497806262465
94908,25608.780822464316
89890,11797.634738310251
103477,15591.011174632764
76090,18636.76250101777
84810,3233.2498513164337
98323,10723.699472165576
100552,15225.19266463468
104719,10811.469033934416
90016,9983.755519550761
84632,3831.8473835231925
99846,5233.86542140281
92362,31874.637678292573
81315,9699.469266854005
85084,17625.49387085853
86760,14072.952074849087
80297,19593.604740854338
93420,25942.215782047773
78563,18086.963150608164
100791,12435.236256297114
89019,8753.71987301056
101709,10545.162314063406
103419,6276.996362268057
96092,20261.822222596365
89891,5405.70706023353
86562,10170.010201237075
95874,34416.14564258585
99343,15440.076820283826
87586,6034.837093897828
103112,10641.482328776221
82740,8478.246929424875
81595,30833.336859098818
77578,7089.805468138611
94090,15122.312569976624
102873,9980.41789978029
103258,15204.324942880143
107497,6405.270897718145
101861,7397.959286002968
103997,21810.032079452907
79785,15636.945820780977
90250,4111.610781114119
93233,27067.099289109123
86527,14267.229353639503
86140,6923.220652034086
104063,7838.134488937396
77734,20878.655936604693
91652,17916.001633506035
97758,8368.069464774167
95096,15792.22866376604
106186,15688.72525624974
107960,21919.675266553786
78445,24196.44633839977
91886,24950.103139651284
82711,9520.684681424418
99248,7863.753386092588
91701,19311.04121748905
88172,7144.551305271541
83916,11745.085733034291
88883,10223.630070363177
90342,14732.288192003478
102042,11449.916488674266
96563,4527.708113816629
82344,21890.598667701866
102707,12522.431961798538
101718,13466.403343134012
102705,4419.670014583437
92589,25850.225759458623
84231,13300.137573417489
83534,8180.226065011062
85768,8618.580225476326
82141,11734.142099509965
87448,11782.255982031693
79569,19492.788363206157
82261,9155.657558154271
80605,15474.174208334354
91120,10825.405820245516
92482,25813.501521676975
99998,14338.941253119148
82202,22004.634255382844
105899,17170.213157132017
93653,17110.06998623672
94333,18466.148172638204
107717,13635.9073992928
107655,9280.742504331716
86240,13808.356705755315
88745,13949.563983770435
81723,34640.08386019719
84125,13129.423043254523
89476,12630.979416914677
79059,36768.041985193
77879,13929.427108036507
82855,16932.598508756993
108513,29961.931757505074
83646,4399.539052828439
95702,30571.646639379018
84145,10824.505527845902
107629,26513.69237502751
81843,11618.8857452843
98863,7911.367479498469
95154,29053.059581885092
93275,29811.070035052573
94003,21760.222576980745
81095,20067.667949391267
81099,11298.605587721693
105527,11554.518687092295
89596,11814.124916301313
91007,25627.493519757707
80594,17333.59062704244
82782,10178.005469555193
92721,19273.010655637612
91718,21172.202800875493
87452,11738.868516185536
78098,16553.61853098312
84123,10950.883390269646
104672,15123.061981130893
105118,11449.854614855234
84690,14548.390793882869
88986,9754.305105810743
76028,24468.08176466277
92995,17507.817613251184
76275,30851.497026269033
103315,2761.2046534762885
98168,17638.2791203496
93633,15762.766600938861
90151,8296.924650674435
105269,29936.404990910953
102604,-119.0295618437267
89541,10647.945299936055
105694,27276.507583027276
80405,26437.5382042938
96001,13165.120599511993
96500,8366.929595858928
95235,19782.090215708617
88367,22269.727940132285
98850,14227.377157143143
105724,22807.4253655658
86451,10945.150532833119
86426,14740.9842730158
81213,41839.99677693712
98547,18272.548683748864
86461,3195.0395802318435
99294,22724.58563548285
99597,9784.113751597873
92255,8913.902269620765
90097,22393.454884093226
102302,12909.352111601678
105746,8560.11320483246
86133,25299.162841918616
94950,46269.804815622745
103666,7261.834428721215
94750,21516.551713247518
92880,27704.26952758645
82349,16901.34786833371
107337,14483.95809184209
82954,4376.490343837577
89689,14793.911587516257
99034,12523.13760415295
79873,14820.41850541493
107966,19660.676258186842
88864,7187.889636116106
97942,26913.432457469295
97481,8081.147461605227
100313,8447.157568173676
99927,5502.997642730903
87287,8828.498421951459
99134,22457.64202528626
104705,21034.562856379423
86134,19163.546330392586
93028,26650.508993671298
80161,24633.38128519623
76639,22354.74814304069
79239,24745.32430565876
94244,19524.811684829252
103815,7523.204095172612
84445,15011.529498538901
85884,9074.326375256898
103496,8488.746181768003
88620,17291.534809485696
101448,4429.355393883485
100044,8739.82646785879
98388,16817.45022747218
87610,8178.633271427283
82063,29316.87034377229
82211,35582.209876176115
91156,14606.65992706376
83323,9357.466546660593
100187,6802.737168863217
93117,25580.17430290074
82227,24658.720511013125
94263,17245.509632193036
88207,2701.896859546816
87988,12645.737406832037
104687,20747.137475940453
79791,45750.6288008064
82242,20487.246150804844
80273,12105.105692224304
81542,22545.49071895459
90361,11324.910361938302
83914,20919.791544906344
103142,14244.837140624175
80137,39019.28195523161
103580,15253.012744405856
98328,8418.602814284539
95936,34416.975641040044
95189,25871.144024442227
97806,22565.418292842292
95829,8722.209767905844
98684,21908.59169748859
92494,21764.715310185165
83016,19392.457000572747
80865,17818.052511377053
94537,20059.06346814237
86293,10830.730669629096
100087,3519.9373719350333
95534,17422.84875608008
80827,16137.714432921237
80610,12914.162570645081
97472,4619.902739862635
85523,7594.221054715321
100005,7965.722023129787
96618,28138.521632596035
104893,8662.614473746902
93688,34297.958691929314
86182,12638.635883127783
105091,15857.680329222696
103031,9285.746515818126
99359,5210.642940773465
101907,18319.486499780727
82914,13860.504859373601
83990,15818.014939353508
98598,20240.779043700466
85494,7109.55351847881
82922,9291.73760314623
82854,10803.006577303377
89024,18877.156259218114
91754,27063.639188737558
102699,-1546.4420342563735
96887,13758.72739045797
102671,13164.885414193677
80646,20450.141942996208
88146,12448.055214246935
82969,16019.629994841223
77225,20141.551687779945
87443,4612.16730300547
91227,16278.801629986841
95731,18672.98799953333
95171,23163.92658554156
97076,17318.39103272129
98901,8299.813836095009
86013,7883.2365065388785
80831,21599.517500042683
100258,8344.978688486384
103586,17311.2626558122
84553,14959.906236039067
84400,12929.04057221537
93434,35896.75476565474
86149,7455.661401876117
80336,21339.884592761657
104511,20709.443632517337
93127,21424.669728480858
86330,9640.431670059977
105082,13250.952298459044
101222,14979.547352742264
92606,33462.18785198897
90462,11844.308316176928
102123,11299.881616034334
83212,11487.787584552301
90403,12576.277245145582
79392,30862.340109921577
102630,16543.959670578093
85988,8774.46922883636
107908,23642.934818629517
80949,16721.59209587329
80517,15214.236049864065
97922,11663.603336280969
100296,10305.985976401575
93073,23987.922744455256
97137,5766.584431797064
88311,10771.757732952894
78021,13752.98692498743
81970,20370.368060683526
98957,5374.323592956642
99602,21285.260399124243
91417,18292.163848592496
89429,11514.178520532474
96535,17200.99258427611
80782,55885.847189705244
86889,20294.396213151955
79609,19803.541142033544
99497,11236.437353708845
99547,21263.208135949793
93817,4446.642000054782
91079,28434.77818446859
81962,13587.01479599725
85833,9800.24118536332
103305,9440.551923425124
94357,21673.67985555787
88736,10124.481850712304
105162,11799.608344279537
91131,24081.074061819287
84148,5625.751050279056
76377,19517.82400504039
76357,27376.072846619085
84675,14676.339272445777
83239,30112.464893173033
86317,5513.032591458705
93990,25001.876541503843
96357,9785.658972929323
89745,20795.275305962903
97141,20621.478411434684
82911,18241.561253692165
82943,5268.511528899931
96282,524.7381734135488
105885,19016.676685754297
80131,39113.762028896876
99806,21297.8871711947
105497,23699.033502529965
106447,19036.34569126841
107746,21463.34505056677
89523,12794.243783859118
84388,13220.240888397057
78166,28934.844686004617
103685,8300.750804439705
105018,12440.685191090612
102373,-1671.9474221905093
76988,20344.43146679503
81097,26999.9735315254
105521,19007.590038732054
99775,12767.48595883177
99766,10545.152284326841
101346,8399.793585599607
95228,5067.788960934291
75982,28035.586954650076
107142,3324.8691384797476
86109,12537.066699797813
94195,20875.233680560097
80777,31155.728383471687
92612,22847.868915155403
99383,12605.501118148055
81686,22379.947437184826
88650,11875.881564997195
95681,15472.610779515982
100071,8608.812040323362
77554,35678.574847141914
103505,-2318.7654789665303
93281,22065.38399537967
107444,18239.451364619075
78752,22632.87257613972
103057,15290.459110926247
100248,13711.460129954758
98489,10103.236741130928
89189,15975.596244886241
81293,15470.21612280613
83285,9048.816029566635
99459,16977.23180988242
90810,6009.579799932071
82015,14664.603038527282
96132,14296.44688592638
80808,66168.57561685484
104685,17802.017792032268
80937,19527.27162897307
103328,11469.962266475999
76512,21239.688517971335
83456,12605.088466948586
95102,31911.576672177885
79692,22524.33734201472
107807,4780.23830889151
99176,15406.847106961173
89632,13712.379730926436
85310,17533.398348553223
105676,15193.992094141722
96825,3860.0944521514484
76640,9416.218117971448
99932,14436.67631881473
103568,15604.108694305185
100906,10705.371952501871
97420,14522.174156376019
86996,16111.57556643353
86948,10522.95503870929
77326,24722.237287149197
89296,12992.555557820553
83087,6999.7368199559805
100477,14387.508211609056
84635,9262.887823420293
95060,24473.237637681163
79303,24825.621047697103
84026,8528.98795921078
87802,10568.609859243348
85561,13841.913086922468
95941,18425.603333205087
107662,21043.04325263021
105811,9903.080911614326
81618,14559.555964338506
95733,27834.831883983396
93613,16825.66485858174
82163,22562.355375651045
91734,29924.714765203113
87677,831.2042819801445
89816,7548.938148182011
106327,8521.659110262655
101799,13963.124944188363
106344,11688.57070875073
97705,23636.381460873017
86976,20348.863071398624
104847,20936.963607697566
103833,5295.133103461634
103482,8748.657467283256
96532,15678.698117801054
105817,12084.924686822078
80883,15328.527124059425
77825,43148.24399086853
98673,8519.155609578507
107364,6234.809120314139
88945,7171.980880212015
108307,13658.970151076595
78078,29422.635420929633
92490,30657.116521424476
89401,10455.364086871163
81002,16701.07555771925
93285,18990.488839737103
76796,26936.83407895457
99933,-683.3946281700901
103989,5198.834250621383
77504,19664.725117862698
77187,13416.447148190666
76477,9262.602356269152
104834,11664.027214112617
90656,23298.868742671406
86161,11562.428847786534
82503,15355.50385025018
95429,26236.679281534984
86123,22635.785297752027
85549,9855.202064133144
101443,8281.46383804207
89089,10142.152722742529
101004,6841.390868884218
98976,8823.247406230665
106328,44694.20969168075
101630,-1413.8155236057555
79682,12581.12912614301
107885,25024.755534172255
97206,4808.955102076943
80721,26217.95824893784
96625,26667.593447372943
87687,14139.593709706056
91458,21123.587476687608
104683,11515.945759823968
104151,11008.400386599478
108346,32944.861979027555
101262,6572.425203531429
96543,15959.894049855542
102763,5557.872750990571
81274,14388.036287937433
95280,14637.098015539807
82561,13484.282398022788
77783,18294.99587977815
95843,29500.83022155005
99776,4147.599599477131
79114,21519.332357161544
102376,12779.89995318581
101704,12338.763351151112
77297,20316.142165385616
80285,33697.738452761485
83467,6944.658111270421
101059,9468.10787673676
102229,11573.007110623334
84664,12797.676693373873
107750,18042.67390110508
102405,10011.51081113037
85553,7439.672283287641
89780,31160.461414992635
104268,9656.206694809152
102935,5479.3250638828995
97898,12191.010375108104
103785,1965.5560233950673
98529,21770.0305530144
93897,12207.709995720246
101766,9321.511257095386
95038,16999.79615641023
108350,21617.64718970497
103542,9304.706667384984
106061,37819.044102038926
82286,19403.172148794816
93548,27006.35444510234
89937,10889.5107957421
97650,18086.382079009363
77515,33374.03446608683
87466,15370.002701188398
87489,13125.199724293358
83029,7155.02929988552
78512,46887.16271585311
93310,22151.352165948658
99598,10712.936776063229
91341,17615.07173451981
82704,9259.07267973401
80819,9381.615521509237
82774,9582.227617488923
100367,4271.588003319512
80303,15318.804927086969
84897,9593.948327976257
81307,30814.315163323765
99687,7430.854171738334
85321,11964.967682837225
80702,10540.66335599202
103843,6986.9650705226395
98898,7164.763307502952
87147,10648.781480896738
97662,7397.001253015798
97518,15163.035210032805
100217,2545.11010068426
94513,29031.851351249323
77035,14759.09463791475
103165,5360.790064380257
77140,8880.501856359268
103771,13039.071418006251
95993,23727.58295005509
83624,16712.2215397987
97945,6411.285573567426
87103,3313.2430056776284
107640,12741.044434408679
99549,11222.041995716532
80464,18168.40477753117
99623,15676.075948310876
103689,14760.46144207728
97337,10783.122477229745
84308,26683.376782539017
81459,24651.564001612376
104126,26409.010797683113
97303,23073.874180711395
95139,18333.339446346345
93074,36463.82538593221
102368,8676.87399011316
78475,12521.877701393261
80333,26101.200649239916
80144,14068.681949813024
100439,5958.632523534237
108154,18047.38772940445
107137,28406.24504739226
92752,22332.695170443472
89896,11852.816814292439
90485,33200.47809708643
83159,10999.923530047354
76671,17737.69550280105
96849,13521.43181306673
93722,38105.726490739624
107787,7182.808098817779
90164,14391.57565466753
84760,11742.012090572342
90370,9461.163117613893
88117,9025.989290178437
89557,10567.209274293835
98274,-5632.066794101009
97325,7736.850908000548
78887,28060.282038644662
90525,17169.127373192197
86491,23754.443003408822
81617,14671.615424441003
96123,7390.199524716205
79413,11503.873570351336
88016,13355.042612052315
104681,24159.34458327685
83330,6750.157369778006
99163,5087.138345736759
102236,3802.4348668598486
78116,16788.570086605523
81077,20679.151527169663
81046,27224.489801974203
93928,23774.92907496611
96436,8038.066536735361
93479,17115.883107823283
92021,30839.6365397137
95143,18087.543945620433
90500,12304.440720029388
78940,14938.60474906061
94861,16893.650779180003
81961,14473.446683685788
87630,13034.055757223561
101224,14472.921411257874
103357,6590.511193661672
99521,15028.185959323353
103897,14582.86023622944
76701,9694.126289902633
83560,8220.941592631707
83516,16614.60127258778
76385,14594.058090723925
87311,16618.068206832195
102065,7737.499708751686
81718,20560.828161026795
100025,14044.17737365944
93182,28511.92112896826
79240,22398.793072722376
96331,14782.102136409892
84781,10732.526524782841
100663,-3542.401530130168
76390,23110.36969283734
87234,8348.210238862895
85790,17070.92199270099
91278,23599.1200106732
92254,21482.754776818543
99105,4225.033495694934
101324,10980.211048860241
104734,9863.379645931043
103445,18525.299494947114
103323,6163.802845800259
78055,22299.455516880495
101302,12173.743431481515
103095,8350.96500709749
88134,5733.180843264865
79346,14203.21906660604
81699,14999.159146603939
96464,22899.975423723357
86609,11255.492892757233
96737,23543.18416443286
100080,11347.45341312847
93423,24794.516208651417
79886,23309.578830336533
89452,9461.175649433662
81509,18210.026551470466
83975,16919.70249247725
81360,4472.238848020661
98089,11846.530195948824
104047,25568.31699036208
78711,17296.200404601834
81025,25885.054798835652
79973,15682.467051446425
102117,18718.217368466016
78400,47577.406055168954
87911,9960.710546799044
82806,15917.742735028374
102480,9616.880733034985
94044,17246.035444912515
76824,14704.753549103103
104095,15533.30207219445
98660,14708.00474484166
101444,11429.362071864678
92320,38185.52153569059
105141,13584.23228715907
106950,10015.615044532637
81851,24220.335035572687
100884,9267.708872676387
95196,21793.780769169927
103636,1212.9270466466824
80584,15092.896234202844
92337,19601.591772415602
85513,7537.548111816386
85180,13064.316610113572
103365,12838.817554210797
85796,15482.375976440824
78462,28461.87359095827
87895,9570.399491622258
99262,11944.328414683954
83363,10386.28981239087
103800,15426.751944679156
78822,9966.704807382805
107816,18121.625199479426
90042,9996.200761249092
99022,13059.895842569855
81854,22787.870116866558
102619,13306.708420945897
80425,16219.299673911546
102306,16767.258910187928
99778,11806.555867464693
105957,22574.29771791194
102184,12931.460371908492
105195,8559.785083484236
98841,12423.561774338066
78452,34311.42101402824
98974,11088.12143453405
86430,12291.595320939923
87124,9688.554330950814
105872,21612.805624184235
108077,14212.590345559714
103608,13736.675811734396
89218,15542.59507831495
106418,20068.64314072262
94498,9134.705222412005
89269,16793.830173234914
87283,10359.696472605887
97545,10935.966649070542
85408,16280.131829732374
104594,7698.74341935542
103905,8365.094463060379
95101,22890.262895429947
83226,11440.48055223756
89257,12982.788484857474
79479,12476.891227110596
77652,21013.143462457698
96606,12252.95276034573
95504,3991.057512413263
84103,9688.992108416845
102843,7650.054819961249
99361,8499.59664391055
91098,19513.372051551778
92937,20394.736423011153
85635,10511.801000241076
105348,14402.143810987873
96427,21153.53252358566
89473,20489.147221209732
79316,16717.543198948813
89157,17026.63849703397
92217,21026.867518708183
99761,16996.68296146257
88748,12613.268089869576
96029,23668.3573545979
92916,28073.285830046174
81210,16093.74099631469
83778,20924.354348559962
89380,14291.904698260114
103398,-5655.103971157156
92869,25789.44057857871
105278,21718.77350928354
77054,18778.13163214273
94021,22308.598266028446
85177,10358.627700299465
77904,19309.85485573196
99917,21262.147837850458
77123,25191.549366940602
95195,23377.855607738304
81922,33015.760532532106
84281,20137.589267608815
101289,14774.507340751377
108200,24332.9633139948
90235,9144.013660128665
81150,33996.34767549366
104224,17544.59169415515
90071,17366.138620302005
93187,25447.392929925893
84284,10557.181352644118
97109,8239.282451301795
102231,9500.270236553879
108093,7936.557369435388
108443,39685.347633624515
92992,17047.836189202193
80438,70971.13868723848
104913,10333.673389496682
82772,11094.255714382642
83960,12368.174361808247
83052,16426.36370415477
82939,7523.977617998335
91175,23047.362457334668
80115,25333.949531986404
99384,6724.150225763176
101540,14387.063141045626
76849,32876.569474515854
97226,11217.298090315158
97672,20460.31355188459
97579,7384.959784238914
92361,25231.69469574767
91952,33117.31290698241
79024,16631.801569187952
98048,15153.459573403068
95481,23157.753518578702
90572,8007.05612113136
91301,18831.15000320525
103209,8866.575164178636
78464,13506.633424590038
91311,29995.977354394126
105722,19992.742981623305
96211,9376.433962562844
105482,9262.395143856398
80750,45221.847960375126
85880,16317.820163611388
106997,19833.670086094826
99866,22196.249301509524
107262,14714.63936581534
98814,-3958.4210435472687
98650,5363.15359298387
93505,13345.123007882605
103810,12455.074384511106
92931,45490.00976711712
96126,5210.881050122376
104285,7553.074407695298
96503,13104.421271698586
76826,21610.018130131084
102531,10000.800270584776
86939,12383.889982525436
98276,12387.79161823095
89094,9215.850382449076
89376,8198.601508745647
101715,4384.746960887343
98971,7910.739580028463
98359,13781.941205552777
101520,9702.281051002079
86866,10879.613788969447
80468,19340.56761088436
84146,9202.89647221508
82628,8904.771056751717
88012,15752.783473789434
78341,19370.62688544581
104664,12225.24151818212
80753,27058.72694426019
88296,12184.350202281985
100349,9527.540830445458
95307,25760.356993433925
97982,18278.999402661902
99328,24957.83433935899
84689,4516.070146492655
86620,9754.568080903675
105565,12774.449032615117
94198,41810.81986376415
81959,3162.6112772611777
92894,41066.541846379
95163,20141.962276791935
81774,18403.23927059208
97953,4503.143733688727
83179,10618.12816952388
83316,11993.932551020278
88506,13483.019914296809
83533,8348.292057916691
84069,10173.096893626178
103724,8198.867783605387
76757,16540.4117722012
88222,12404.862714377668
77382,17663.555917464248
86702,15492.374070273843
92511,12950.545148349715
100163,11699.72379634019
78982,22508.552318871465
94043,17476.51918599881
87066,9316.788046650636
79987,28441.15865941085
83428,18749.5385828804
88886,21055.824293761307
79836,18302.770952425974
95090,25468.030133373963
77868,25168.416364841185
81415,28263.904284491247
76542,25586.99232946735
99066,9262.321549300223
98211,16398.9361731561
77789,10478.537196579935
102614,7435.327231025331
100676,9491.356423982053
95751,17670.594283128157
95684,22204.72014757888
108508,15267.5349200868
82075,17559.895122553356
78948,16731.450424988623
93337,21030.96206715812
86465,16336.546441869541
76163,28641.481257730346
101688,10849.323834546964
97445,19558.09030512777
76672,29367.73796136499
108153,28851.406236710227
92963,27681.480471269108
88441,11359.128870862132
76274,14212.855420119666
107189,7289.497284277777
79393,9303.469185696498
94684,28638.850127477857
77033,17229.668479873915
106413,20369.883168259785
90407,22442.871985416765
86730,10002.633615924133
79417,12614.826312540497
93426,26944.503866290397
86689,6760.900631816205
94562,26063.97932911499
101792,18573.056438247633
99696,15298.908037974601
84181,22300.70103281382
83652,16646.824939753507
87285,7905.02122526653
105860,300.43619215692524
80615,24857.027854455482
100040,6326.6713648960995
88919,11161.558939764509
84980,12131.00114047376
83969,12501.180589475742
103616,4784.3677860628195
105097,15015.655956944507
81573,27544.03175677034
85124,15530.291645274829
82995,16445.5500740098
106976,8695.573777482321
97250,15115.26938237884
91609,14186.363237643352
92582,26813.739388850197
106719,14730.532761261831
95711,24132.86346786631
81868,21964.64446169251
86650,8399.185747625244
84727,3789.2051233260736
79409,9106.839246409736
90538,16983.954381049803
90346,6175.678821148731
94050,42054.51717629747
82866,8107.9845534092965
93402,16737.73822544235
95803,41454.67363471723
88730,18491.62061934647
84023,15776.156606844104
85119,14874.380836350789
80528,24842.223706431978
103284,7304.738217760263
87269,8227.052884636389
80708,14659.575122399492
96853,19590.915130298614
77191,22766.11120460375
89419,13679.039730436225
106060,10449.759578797362
98372,3672.802710414191
102076,6852.273198884497
79960,23038.16932408983
97268,17048.342535077518
101849,18771.18225906916
96850,22688.198586682658
99301,3162.2681070226117
81672,23671.592319213065
100709,11099.446005015896
104616,8648.539614432812
89965,7677.7844803786575
93313,14035.576852159425
104340,14293.82177996522
103783,14012.49170474579
78842,27248.17873012732
87942,9740.778905466072
96790,5386.321392481343
97330,13204.886480768328
90180,9868.90491106838
78934,27750.24935599373
90145,21949.293463038422
78173,17284.44829597816
92455,28348.287399121567
81565,25082.85575055488
78530,26842.3621904838
103732,16358.871011013092
91559,17056.804977942043
100802,10060.767146062286
104472,28903.98597152796
96556,6784.85730680947
85610,8995.666438749415
81512,31792.16463329098
94005,23417.445422161087
88847,10691.342779373601
105272,16562.78274924311
88156,4504.331826325873
102245,12163.718338212024
103740,12389.868928712967
98554,-1701.63829108366
82268,10212.417454980616
80472,12814.111777102386
77127,24518.841757160342
94612,12131.357553497179
91124,34442.38183666262
85847,14342.82077594
95527,26824.51525995147
83373,17290.71601001729
86221,16003.125251208894
83131,14718.780856005182
104639,19627.114039297383
108323,37451.931432461955
95465,19620.638007875525
96905,16457.566529743046
104272,15706.58657037362
90562,14205.327492206025
81396,33412.58301893932
107589,15950.27453596518
78022,16079.61516387316
89141,24560.545927966807
87808,13908.663729261123
92344,15496.990613264608
85181,14207.018362269873
101172,1468.7590224764735
107038,16347.624575003088
108214,41698.538431845634
90048,7744.781854762465
92619,16940.826571701116
106279,11527.748388020118
103918,11859.786479303184
96418,27239.052818182674
97891,15534.247029526778
90459,6445.162537230697
90230,19050.511589077858
82589,11116.25210391777
84093,4859.08762401139
84128,17472.295286525172
77775,18351.330403179607
80709,15266.394385474823
87084,15562.739484322714
78358,25835.52686146808
99051,5718.044043110287
81732,8223.123811285783
94316,33443.3411930024
95333,27657.404133276134
84653,7081.409701162689
94200,23978.29235479646
77707,25354.07309146414
78884,7186.014514658125
87384,12947.073465018999
84311,11264.576078214093
106179,5590.51090894562
77959,46526.75225960284
101918,10276.176491843205
82519,12508.367419421254
90216,2607.7924202180475
99455,5620.876976199443
78784,26838.030418010596
93016,18914.643873819652
102343,11141.988953589786
91681,26141.566988897343
94868,14981.11317555082
87562,5655.312230564283
96639,19008.442953999882
85312,20603.473460175548
103821,4008.387327435097
101157,16460.496990147134
98644,8290.183597014211
91060,22846.44180626567
87747,9519.488536277027
77903,24195.78688073575
99482,15180.360722016261
76170,16914.83423777945
83750,19354.983436283153
95288,14231.381456245117
83977,18890.937797419214
78300,23498.40524096763
80362,5864.602749008061
101315,9927.451437671585
88661,5319.943249973745
96575,26147.94819664306
87420,14874.858522089702
76175,7355.151690191666
95867,29019.090550184417
80904,27834.07135070138
106939,14213.555385525005
97892,11715.23717208609
102282,16271.985440765788
81764,20573.0932044027
103326,11777.560415020016
94064,26382.27429881804
97529,20361.902229699655
97606,4571.432722367714
89922,19657.0612146648
104023,12281.36524649147
98885,7740.0961085286
83365,11902.408515788029
81828,32451.3520700702
100521,10080.331714630653
76827,12093.767663702272
89850,9044.67034638565
90528,12385.188841717656
80710,24948.80376100575
104646,13492.682217541658
102709,8765.946263456317
93055,19379.68049773953
103701,17554.51414417636
103548,7142.27689034868
96053,6463.33515175828
77609,28023.830073556288
99637,10384.169027265109
99911,17153.835548021805
87622,13420.10408388369
95938,14989.763708537881
93648,16482.841012275545
105208,18362.68877198892
82558,25935.71149417507
89781,20987.11711612043
94210,35356.224418690006
97589,26481.64003847923
96120,14720.355632864304
79277,29545.69657491729
93852,27427.45010343654
106276,13475.227146522473
104292,20489.019081928993
103994,13823.930254195699
83967,14287.759575053573
77971,25036.217488226263
76636,25338.09834778869
105328,10749.770283548622
89518,7042.672565920826
107941,10676.956690363293
79721,24971.67808090253
96770,7108.236035474891
105293,7498.997657519945
81503,40064.12374155559
97932,12651.898807925038
101258,6893.063488696414
83499,5997.815445667373
85447,11420.114521060266
98221,8950.725988495271
105617,26293.75004523714
103224,2139.4635269170794
82749,6220.257966266836
104578,15045.558961608433
77279,23555.692543031502
106045,26195.71225941374
106053,10257.734124759492
99749,15871.905206522733
102786,16553.856805369083
87467,11107.586374468383
97949,7725.710007637823
91680,26469.031540426982
86203,16689.474559249364
102078,5553.896713033069
94020,23290.332811554363
97807,13644.511885893364
86146,11903.507276863624
92130,26244.5044286196
108463,14662.680029856572
79600,26337.429176559875
89904,9760.22381643624
105696,10422.256154533894
105440,12377.873034267981
78666,27789.34745268786
87225,7335.130787471856
92285,38156.6865736238
85762,6622.931420992205
107249,8065.051103622669
86894,8426.82401342818
86790,22978.11916477281
98272,13930.029376078877
95514,17329.673904839117
103863,14217.574810843245
85887,9848.320215914204
92171,20063.82220812454
105828,17842.845714154115
99025,3340.3423988132454
77032,5546.323418058659
96993,20640.332343066606
95599,13667.577241067054
77651,34412.63949089488
99249,6757.948766684933
82347,30938.32289539997
83547,14724.063763169823
90793,5937.731265732738
94114,4695.212841944327
98376,17193.09267869992
88356,12527.761897380478
97473,7348.187592718419
84728,14175.440581302037
99765,10224.851559317622
95147,27146.785250675108
93220,23805.62040741698
91907,27202.529399308572
100215,7898.3527479156555
93841,28094.986249245645
99392,10917.051211145199
100078,13596.01595191322
98334,41281.78804998472
97491,9321.734275261715
76179,13928.646498430771
96845,18374.563031532198
99295,15782.741488730098
101419,3426.0450008562348
88658,16098.199153034873
82883,20672.156566452824
76475,10953.928088086544
99742,14397.114871873717
93385,29514.191483809685
96197,5674.817069940236
103239,15666.641270383923
89746,13710.296885687727
84083,17247.74748240899
90921,31662.378137461543
81029,36090.2725274208
85735,14060.8012736958
100511,6747.103620257072
86938,8416.141813145705
106540,14126.763518459333
95088,28548.612223384298
106791,22349.58665001514
101353,5498.594458781861
90012,7321.7642404328435
87810,7996.928494321306
78427,23612.34688885787
105147,21539.71931484261
99572,19735.120247426777
95461,31424.438279152382
91238,26866.540432109177
89040,22161.440800847013
106508,15760.622000800975
84365,11314.973000405502
98635,14204.747496310414
95456,28065.584101166765
82157,21595.566931473768
107710,13945.849970355197
102827,7856.175185962979
79534,23505.015471862454
81865,26628.709488436703
88639,10684.705823875189
106981,29402.734961962167
105063,8553.12761873866
89959,9175.102464249589
76364,24023.053472279076
82709,10439.385610087429
97975,5694.121794146884
81231,29723.317980155352
91395,20795.45418679231
102044,10048.88386818337
78668,13350.22372907437
78000,21102.37294984024
105797,18082.4656476915
97820,19468.5160146509
78541,17345.971113586915
83979,25268.463793231553
92189,22605.87913536531
92421,26807.342578268344
104433,15292.315288870697
94419,22348.37802426559
81249,60116.302736736565
83181,13240.304099868126
101041,80.40060671473293
84544,6628.507472318965
82304,26170.768002115627
97216,22066.757457474505
106909,25743.392057361838
88158,2839.424393212352
97244,22373.14164273422
85241,16973.51967815689
93235,26191.438416938203
84502,17561.215501144878
100273,6899.11086555311
99220,7984.363464453903
100249,6805.798852854015
98796,10656.83506352591
100226,8399.836567741337
76989,51370.97853991738
101824,13355.994403549317
104347,20779.455260691077
83602,11261.669373214052
105100,27664.41434593262
87507,7626.585425394627
105460,21071.089627702728
106962,16559.958486833613
76968,18688.94116360223
102530,10559.665833944317
80270,24481.491343065936
76134,14903.310870108153
81648,25765.416999892237
82846,9561.102670669065
107094,26726.025564643216
88963,11438.261055806572
85665,16065.332603964456
83962,11731.735174731344
96200,12968.80457120034
89390,6461.981054478727
86778,7886.875078961203
87626,11567.306855933346
76994,14883.140047316625
95430,15878.756088946979
99912,8731.686682207928
79916,38848.11137766247
77558,35975.53667469834
102504,6107.492231892029
79125,20287.69936396672
90514,15537.002973176777
84199,11530.993225980425
88179,13559.263488262155
93132,26484.024302711594
103105,18607.24987834623
91760,26313.636720115566
102027,13560.84831478129
99456,8935.789868230557
97843,7394.6449914355835
98592,21374.662191714517
101912,6590.541137324864
99398,8040.0154429795275
78585,19249.10367807566
99870,15384.12129927745
86989,16736.00000235241
86206,8587.837305743917
84406,10231.819370203897
86226,8332.308884002305
86528,13373.010146544457
84765,13286.579764921771
86600,9994.800364162023
97750,27568.728889573096
90475,8544.388047243381
103437,7705.433166107103
106713,14757.00961601102
84811,16435.77140766158
79863,25241.890439468316
79529,16277.647749782545
87367,10762.032261785489
93885,26218.14345538302
107524,11242.81365991931
77240,26330.167523639484
100091,9721.53950711726
77872,24310.366728575355
97015,25546.218196709175
78978,17792.018791266026
95091,25513.082583767013
107650,14892.48964623495
76162,28751.22913531834
102355,14306.906362783011
101524,10674.36908835412
78720,39560.20832303215
108192,27517.51530098549
94404,17781.107465525885
100206,9921.078876055435
94915,25826.147981621572
101631,6810.037784722539
84639,10504.860597368934
108277,20509.23471249851
103453,12706.269891191998
105392,19189.916667973324
82369,11544.02622963366
104666,8982.8545333695
95742,27178.10584448313
96912,13434.431381331378
93541,25797.878640554532
82393,21715.86203639789
81024,13349.027495779153
81284,20561.19372890559
78406,24428.963773029587
99306,10523.049941026715
108130,5790.304048174592
106160,18105.30573669698
102940,17638.04561368429
76742,20766.00236186613
108025,15013.930749315174
77658,25330.306293074646
84295,9956.482213506257
91996,15470.255776169117
103468,9418.716123463964
87336,7966.567298401424
103993,25215.978023431424
90396,6095.483885706946
97935,12604.976583530497
80399,27438.581401092997
105883,9636.81048887047
92823,25823.906599407797
82238,19447.870084996608
98091,17698.385664882982
87257,13328.890020483504
87937,11281.859640039125
97548,18786.748801266556
105775,16557.19246507219
81363,32836.45200773661
76833,33278.037543387414
91768,21428.578617874875
99627,11124.414084351774
