carID,price
89856,12441.880482640125
106581,25639.475844039905
80886,11240.486005102226
100174,15488.66889171357
81376,23815.21368849407
85391,10084.613627203287
82175,11998.198449089217
95250,14159.805317093718
85071,6725.082029924976
96210,18178.88767672907
80317,23021.594886833413
92731,21506.755154679402
107704,12395.540169851956
98302,9576.485772784636
107055,22865.039258398097
94621,42764.080482443365
91709,9462.30100222996
98193,47959.463365173426
76189,15637.804405947541
86871,11254.808141105992
102917,8162.893457855306
90923,25802.488391978124
101603,10459.194052172466
94196,21632.99856776951
85174,14099.187877218237
103370,11781.13661403811
107877,17573.184492302076
79567,16156.84773766764
90091,11454.991356128898
76169,14212.338226320051
98708,13888.784195221782
107347,21756.891095450803
89583,14322.295968839386
101591,16892.85508399003
92160,16890.0023964145
99676,12293.412557866102
85354,14749.2111214148
81900,10700.495895520857
80345,21822.63936056092
78509,26273.717341372987
100872,10046.022516739225
95087,23938.575488273826
86027,13389.471013159482
89135,15251.744879684105
80557,23044.350445513614
108092,13718.248899586088
102672,13801.797280694926
83022,7775.118863273653
78398,15725.281345939746
95889,24787.6531449605
81117,47527.79639573289
93730,21102.75879517562
101380,10813.172508575815
81772,26046.645570826953
85304,11136.117420208626
86107,6732.229712539093
88696,19436.616039125656
104350,18692.82247947669
87331,12697.822527175085
85206,14011.832868207795
107445,27209.642383213704
106539,26302.432639430273
98712,18389.76658624718
96875,10381.227714795994
108464,20450.750965070703
99890,8768.962927319044
87771,18261.97594444561
79442,19898.364205664657
84170,10479.599250163117
103045,17677.622001004704
101544,6490.587612894528
77350,8376.637088532494
89225,11542.713029228358
79565,51503.22440974216
82849,9066.980230621983
94360,21518.99942955214
103040,9806.7620740467
105101,43843.8303154844
97077,12400.666617928737
98674,13679.019545467872
93447,30315.77716997621
84951,23159.109552694485
91953,11621.653729890464
102101,8402.697917893143
92604,25180.47059096718
89010,11128.765510971043
102729,11189.326226597675
88024,8516.200681786126
104367,10804.042463275095
101230,10141.002695027417
82524,18254.375445327423
95279,46686.186917564504
106098,11611.662986384968
89749,10188.969824278243
101277,8183.093831266744
108016,27394.11097741344
81259,23381.712856874958
97434,17843.242376542366
105289,26434.82483404924
103379,10295.84725166084
78317,25961.66003423684
104166,20041.657638953577
106660,30377.50694466607
107490,14247.82302628518
90684,11926.54271316555
90032,8362.108204288588
79481,18173.275973276435
102524,9547.655737180223
100778,13852.771998933309
77810,9737.72464555384
98979,12874.216096006416
76558,15511.360427566406
94550,20685.108301626944
107246,7336.93075030952
77429,19932.138518243082
106105,13452.473591082959
105213,10608.791842428862
102747,14794.468022058858
104958,17815.481214645624
96036,16820.58392989608
92310,21509.11597341511
100837,8845.233410851073
82858,10358.568447213309
90119,8168.701080166181
77304,21987.507697072408
89011,10873.253840510723
84623,16106.583066303785
99665,23194.968121894974
100592,9963.245407796536
82623,10479.912017703879
92035,18798.33015898766
84305,10544.270550397703
92903,10377.0212575111
93398,18291.70774788238
108067,17971.480686280538
85062,10063.773077538654
81727,32974.81527175372
95637,8594.932636893587
89690,8336.607111068337
83240,16207.476294902839
89711,9715.659640560098
96945,10064.381907256515
104924,20157.85851527713
79633,19996.09654505249
89582,7995.995234429318
98080,8644.3427069385
85992,9326.230205426005
86712,14447.896890943379
105767,10216.072252748218
100590,11488.79550103916
104574,12373.512224581638
97246,14344.625875317575
78141,13372.218263520404
91590,24673.844660135568
80767,13671.512661783072
100344,15086.40757079833
88987,22234.26147305879
96479,17006.166758011164
90598,10353.575395481506
83880,8436.910824810622
86802,13534.285856953184
103078,14446.452078635719
84736,8395.362791303696
84196,7062.931839640599
102062,13476.684719830824
90110,6632.365676075806
102907,11375.205911790432
81776,26211.935270426562
102431,7724.940383183031
80442,14777.697178908558
78656,26273.717341372987
78537,28822.852416218055
102511,9444.96214486066
93612,21908.681891515167
99284,9570.372415909904
96315,18248.015353367187
94305,48091.937282302
100636,11272.919897421052
81816,17893.600711393763
100352,15314.471992609124
101476,11735.688384178793
93392,31643.991665184858
93995,20506.59066291326
94261,25180.47059096718
89117,17422.429902734817
86506,4570.654309381233
88456,8365.071946296897
84134,11661.149886048097
81088,12149.61127558157
103960,10924.20789060604
84925,12463.97522243272
97306,10166.743695033134
83752,7414.57311898081
100696,10588.0008854725
76472,12286.998156305237
101128,12191.529275566081
105932,14765.102941316525
86416,5571.259658242275
79616,26102.968224060023
83395,14572.53127325826
88734,11367.190544562853
106676,18432.634242440996
102442,10532.824150724204
88761,14233.085888499307
79708,23026.855189779642
96808,17256.30809525949
103755,8214.399872214883
86273,18347.98906343572
97635,28698.21866074067
80797,26041.186153113587
108000,17983.43987287634
95126,32281.01764507841
105187,30377.50694466607
81613,19477.867573641473
103906,7404.219840036701
105729,7855.7418204971
100637,13916.386673672669
82861,9721.417839607251
107823,16200.00938061024
85274,18210.91163010798
88926,12947.431456174389
87871,10479.599250163117
97970,8356.433190191587
98044,11544.83552106853
90277,14307.450199221326
85647,11119.93005850016
107447,19595.892687390064
79418,10201.439904886547
80383,26025.6631396192
79894,19385.36104775055
105875,8341.575263589013
86032,8280.7911571433
104423,10949.365066786637
78437,9565.949597632165
79480,18472.95069680845
89973,7290.888455334545
94007,24698.89676570588
93952,10640.336448729286
84548,7351.267199442206
97885,12254.045916804833
86571,9915.089255487395
77839,30977.59716216881
102201,10162.912987593103
98731,8790.246330626009
82395,17708.962893729586
76816,28383.84929060754
97956,10074.228163361027
86012,15080.954435089925
106393,20985.149540499773
81832,22558.04437511026
82787,21598.1170962505
103974,7772.393262566996
100725,10778.950717983495
86552,7618.299555987899
80174,12221.245697079677
99189,13584.632528115579
102543,13442.495083533024
98518,15950.989075752923
100334,10915.055978949975
92673,20124.997662943864
88008,10411.79754688113
105207,26004.404724092972
106462,24073.819762341212
106106,12450.26849884751
79705,21842.327709917332
108193,17698.853150031988
89668,8362.108204288588
86435,11696.63109590196
101281,10934.118554172406
104753,24243.808907528106
79004,14918.60478352125
89732,6374.7337438218
89201,12376.456969800616
87282,10891.236370839222
101589,10312.353778749974
87352,10810.250020595346
103388,9843.21220162966
93619,16418.51009445414
101941,10893.43243738614
106533,13682.94145064096
90018,18727.66706046761
101265,15237.102564812662
104255,24145.652084140962
80093,26046.645570826953
82433,8186.316296012555
77254,13341.707586108201
106400,31206.444072919025
79847,11876.915936238385
95735,24982.204179485103
106733,17103.9468160032
76318,18131.500621328312
95966,15398.00252486912
101690,11926.249108953394
82845,14099.39464852357
96266,23325.78250002632
104175,29469.55341575178
97347,16563.715653644318
92730,47532.4207539518
84738,9019.815724655615
102596,8323.31205250034
78356,27412.589129638625
94062,25180.47059096718
101662,8274.865743024578
81715,26099.46852944585
103046,11645.299089524404
108133,6403.045940534006
96302,10381.227714795994
83859,22506.039622176035
104815,15039.763894853097
95903,24807.714095999996
79683,13927.135559289518
88888,22316.871676738323
80529,26020.763144078242
81898,67590.63667455714
83435,11186.398722274884
80448,17564.44625141226
79241,34372.41523016102
76056,14888.53547495854
76342,17361.032505540315
98238,10115.28944307105
85878,7733.3738636484995
102846,12091.235829551139
90215,4466.523373466373
79635,48576.53313860626
77561,13711.168267858828
101151,13358.961502018074
93594,25724.010128967475
78703,37519.58877506013
87596,7109.720392021156
92572,17823.36792130862
90757,10064.909551416036
95881,17689.874405925948
98008,15267.248048402096
84805,12594.783037894429
100888,11577.247804852539
82504,14115.743413427817
82177,14427.557598232494
89472,28146.914786854795
82301,16225.250050632067
106483,8211.971727026224
79808,14440.33673276799
83412,14487.645302812334
89386,20555.60458582144
89889,20208.9426645077
108249,12483.668590516107
98252,10178.452825404913
83525,10574.616283002633
102595,11390.004184121843
94255,11724.95544898547
91259,29057.363691103965
99539,7837.203963710462
97379,23084.13557026837
104452,23283.74720913535
88479,10463.385614381648
95424,26386.913546895346
94732,43244.8815426658
89025,8647.306448946809
89497,30582.147027750052
92405,16648.608672418864
95346,15902.057616872482
91337,17554.02614797205
97739,14453.42909191001
81087,14675.7929359789
80661,13171.583699121975
105537,10921.488280171237
81073,23040.85075089944
102770,9039.61073646389
99299,9711.60577119926
77528,14183.30152959157
95278,28743.601274857665
106536,13277.079081087068
79421,16232.969178771036
105026,23426.140966984636
97887,16056.101548535617
106163,15496.756542117344
103242,12360.941980156877
103098,11692.918383353452
76195,13966.114854581869
103418,11358.205599614106
102091,13184.39727338037
102341,8432.969049794088
100315,16009.537513547877
100377,7695.813365985834
78857,18996.0562452635
93748,24693.133843409807
107891,10046.36810985791
77063,23820.853598551894
86916,10409.394235832775
108347,8403.607511838007
94475,17359.957029304158
100383,10946.470732080596
80618,27412.589129638625
98926,13048.339931618932
77228,15058.542525082566
106915,14754.952549623686
92594,13844.89647255015
80745,23417.43369295343
78361,8594.127308944568
95725,24602.834341919763
105171,7246.183560740827
87007,10387.758868328967
104121,15412.047936527022
92877,15494.41331769752
108335,43574.08926531788
101357,13455.979279070289
89325,8359.396932199894
103144,8634.352424472336
101413,8581.307257884684
85182,10868.899065518903
84097,16470.381738290365
101970,7849.785177915963
98315,6777.9844785842015
89048,9898.9459300826
106141,10199.501572413435
87105,15562.154309473906
88472,17086.724965534882
93361,12919.00543405585
87040,10069.043352872197
99831,12303.68426432091
95677,14217.05262337606
89770,8397.330936535358
77371,25658.883452761766
107143,19699.774757421827
100271,13167.862110321093
83905,11588.042464625507
101531,14055.605636853457
90617,10069.66269435272
83895,18638.352280165447
89453,14215.004579528868
106012,19723.254834542367
76381,20019.31519979787
106986,16628.453919574113
84143,12822.412358646447
91665,46058.33046198403
81350,14220.151140811306
80422,13648.25109041087
84794,7134.851623578036
81156,26105.414285756215
77082,28822.852416218055
97356,8201.663099972817
82730,17513.336623068004
99244,10115.28944307105
85538,17871.664321637665
101585,10781.95375431268
90288,11422.05163277424
98799,6314.397096901707
93547,21362.501561730132
85142,8395.362791303696
82012,30853.391063267823
89654,16042.680821687174
102304,13425.678968199967
79288,47420.228635965745
77400,9529.456462842441
98597,6656.10127378921
103156,10294.419706819068
95446,26907.07199753972
97036,12252.322678805554
101401,10211.120915896521
80817,10744.40615079142
84078,7761.174859593473
95390,27185.74098180717
79883,22741.642173243425
104059,14599.859993764727
103041,11714.468632043168
81651,17275.274646228798
100432,11144.741181845813
84933,15389.678786260993
81600,19622.6576035965
78379,6719.717129172653
90816,10138.440238129631
107414,9470.702635663516
105633,20216.255237469624
99508,9797.535990593202
100874,10169.602227090827
104208,18592.5526610445
84774,14136.419422538675
96518,13772.393663747149
91543,24183.86558293843
107146,19629.962700262815
94426,13824.692956235609
99059,10003.856130354847
96640,8305.622196988079
81277,8706.47074274257
102409,15065.352032967292
104800,10919.19324331556
107498,16855.470597294607
90942,37470.07749292338
80202,19975.773644921795
76794,9682.772857506727
88973,12524.048130131427
91958,61734.429446025206
80562,22035.354090953733
103486,15090.458569139175
95237,14032.533901180701
105569,17571.645059514354
106560,26294.143593604727
107977,9150.868998898084
90076,18738.62786824012
93050,14549.73381453889
80609,26105.414285756215
88557,13398.361185948763
90894,19142.28942331211
83669,10697.225709252722
78849,17278.196534018032
101275,8567.937659708481
91858,10412.454592393751
96243,17544.309210079522
106227,24431.790660108538
105300,18140.34132058851
93065,34567.3465166775
78002,10080.841867941512
82500,12021.191140034653
78204,9932.607982507167
107851,8138.0280302230285
86217,10295.109733869713
82662,9726.546254462706
93324,28501.693142052398
79680,10619.079244038776
104920,20878.45862784721
96735,14713.999152742535
89992,9704.784105046736
106961,26281.204178869877
80078,16468.657431277134
101429,10321.43422297071
95551,18415.428099413315
79937,49599.11547776786
80680,22144.28629753473
99448,13412.771974256313
93909,27519.05134361457
96888,10287.679509976157
104584,11399.566170707936
107289,19607.89286870366
84126,13800.340992089894
101282,14227.147990082694
92474,20173.92624502087
88871,11223.076240098622
107177,14073.994897622686
106026,12899.305465064195
96937,10920.728439837114
83543,7049.422055068124
81094,18157.526348589225
77503,18997.82037460118
85351,6488.4636228707495
96000,11923.46899238721
87374,16184.931439500506
86394,23219.62813774301
108364,13523.896185039976
91441,25708.101809000214
97039,17509.35215043958
106685,9878.577050191534
95631,17417.505756214323
101883,8430.189238588198
78238,8249.334421033389
97508,10003.304807782622
98441,13382.74485252559
80066,15789.831846118128
79095,16914.008902494345
80007,16577.88969221136
100219,9702.727134555871
82511,10748.632833517666
89270,11226.401556819359
88713,9891.7752578785
100353,13374.833499291793
102841,6804.943630357586
90117,11467.993683619758
81549,45989.04902219029
82350,25479.85467687074
76546,28822.852416218055
81013,24879.560271224196
91240,18759.876922915202
91542,20308.151010475118
104518,11281.839179104416
93537,52029.910592959466
94372,26084.729754042022
104419,20970.89577072249
97636,12590.429482912672
96288,21530.371676227216
78717,9556.567368611259
105610,22789.0529311115
97754,22295.993274952296
81458,10921.842057962236
86931,17910.526867911834
90713,21420.72425010189
90909,27413.77203100036
77251,35653.94678642868
95081,13357.217981247682
95560,12551.14523496265
93288,18500.273314394213
105036,12008.726503730542
108490,10388.767077636783
96935,21851.590213643343
89373,14196.709126492633
98010,10043.601992147658
104699,22744.982015623424
86692,10298.614088363622
85024,8197.091342698846
79086,28731.649216269525
89939,13392.451727440592
79098,14194.467432904286
86141,18040.172155674678
105462,30862.222869314734
92870,28448.776453653707
92163,18612.16821509032
87481,18087.310547527246
83276,8101.2356337019755
79356,29566.5535977486
103602,12373.201248125335
88460,10479.912017703879
100934,8289.598406031811
96659,8356.433190191587
83204,10639.414027049399
104621,19739.76464888452
84110,15649.153655534354
99265,15267.248048402096
79574,13297.717662685549
78186,11815.516327148125
87005,14988.153509407088
104043,11642.614194498778
81574,27412.589129638625
104091,8692.654670545322
77759,21835.65376165116
78181,8616.423692438291
96169,12243.01014050415
98267,16607.449541349743
97837,12464.383985274668
80133,17826.731477120087
98571,11850.28260121813
88628,19473.127989312758
78622,14390.207758080296
88678,11909.923142626665
87278,15680.759727762097
86963,9891.7752578785
100350,15540.042587715045
78771,16981.97952842845
95935,21881.068776027052
107590,14396.142346175828
84458,14254.768921534822
85656,8397.330936535358
81611,9564.823829529529
92638,18495.778784317015
87478,7905.190352743987
98407,8189.027568101249
95581,10661.643896648311
100645,11913.442911564576
97184,8199.80261478754
84473,11193.23936749304
88951,8143.4001131777595
100836,10532.824150724204
91338,61369.47230847786
94112,14870.12436572522
89882,20179.941447926583
97097,10287.679509976157
99151,13750.95616520558
99607,9669.622732889746
78931,15357.918554275011
97805,9709.984626463094
97477,14749.2111214148
87819,19192.269956579476
76361,19621.182783905224
99201,26252.632300406025
103410,10278.233876718019
108436,18432.634242440996
105558,17704.34545144651
88025,8186.316296012555
101944,9130.699413469576
80786,23193.046653291643
84001,14617.898835245898
78304,18984.768201295825
100501,17229.187182725236
99693,9550.283066605505
94557,17729.178773775107
82152,20765.485666315526
92039,26072.06066876347
83177,14097.566044799913
90726,7567.526572827124
82879,14110.882910106759
87378,15245.655193543433
91699,15197.55755960466
85500,19014.664208918326
97050,11549.275832236164
88754,11140.402463277764
79069,28822.852416218055
89329,15544.750546978468
102605,10011.600336981688
93090,21808.536768234026
108403,14765.102941316525
91391,17965.753290221117
80964,25949.0811402359
89444,16459.94542570315
84092,10479.599250163117
100617,10012.129863061624
107962,19401.97223020937
106640,9482.456106939953
95123,12540.548268078848
99114,8136.040869110893
94461,20328.26840994651
88654,14118.719318409889
80421,13157.356359413141
78113,19405.38243630253
100558,10030.050945552457
78873,22752.655066378746
85480,8897.683129826777
103902,11913.442911564576
104816,19723.254834542367
89039,15494.41331769752
95169,16737.407921165548
93971,23265.673129034287
84450,19265.98380534499
80824,28383.84929060754
92545,15828.07472090921
89226,7870.743508738455
93873,18247.785131278884
85871,14740.407818283178
86343,11578.478934481893
93634,36498.42783796642
106942,8367.796625700403
82535,11101.112103299418
92259,18660.572909601477
88794,12558.549458391897
77385,34484.45156195782
76996,9295.570335922841
102708,8623.245536599292
81359,16563.710143701617
90486,6413.681977552026
100200,10747.391158198247
87970,8790.671858084135
107512,9118.845920776967
79078,26076.038508370762
108477,12569.176609422371
80312,26280.308953043957
82208,11177.06775841117
100695,11787.335752319152
99506,10181.639820055318
85773,13346.594895746903
101887,17405.78433871014
90129,10511.427096524729
84730,12356.864981321456
107601,21902.647997000167
89592,8575.006368749764
84844,12422.028707920505
96938,18738.18338940784
84981,13419.061802855666
100698,15407.866249841769
103306,15314.471992609124
107175,26274.968793862143
95411,27519.05134361457
101169,13973.134051109697
99407,14641.94523495518
78248,11603.046126066472
79031,20391.70950667702
91040,21732.457837343194
76464,10906.907906716058
102813,9539.931638257158
86811,23188.838501467497
81191,26270.21764675882
78202,31126.52648641437
82471,11881.754231468496
103920,10941.016153412578
79904,23038.65720549551
95670,25176.9300197254
89931,13244.564746056583
92605,28614.771756776117
85695,19272.197724374037
98750,12355.569046155852
101284,16936.50660747892
91932,19094.508953292552
98623,12503.797199498096
82499,11371.915723494843
93193,26616.800054917774
106110,11789.246751449873
78500,19900.0507364431
89447,14611.295647922683
103373,18455.004379920374
87872,9893.729072468459
99425,17468.762089934055
96552,7972.3652344202455
105787,13746.046135393824
82567,12776.235198009868
102894,8493.135039186445
77641,12110.030188721696
100827,13227.638293894428
97712,18088.851370775003
95197,28405.794481679593
102993,13206.516748850156
94855,25240.55063754405
81534,17439.678711846896
95133,17234.92629490703
107468,7449.288662333914
86402,12578.471439870678
102666,11913.442911564576
92984,24491.140576065936
93891,15396.32394241731
94312,12765.457494991839
91959,34050.44686241333
91802,28894.9344758263
108175,16635.099465798357
78293,26270.21764675882
104991,7632.318238981607
104302,8404.35051507536
79807,17723.416400260874
87167,14504.56795350844
78620,16896.99646734376
81174,23027.28812685152
83125,8066.489036049229
103123,9602.576597743322
94065,17678.00264583723
78480,13293.26371652067
98280,10319.866305311718
83415,7881.44567543661
92297,106127.19304281536
100221,10946.470732080596
78829,16075.012853422866
93418,20217.32204206781
83424,10868.899065518903
101749,9710.178236825519
103456,10937.513402540872
88503,11331.390027727788
84931,15137.864763225582
107552,16698.800732225438
108037,13001.43862097016
94539,25400.919468938984
83697,7641.701425963946
87455,18275.13072887421
103044,8863.282024965289
104852,20125.445741359676
93437,31852.75505517217
92885,17508.20287957559
80922,18472.95069680845
102886,8289.62493001808
104586,16162.184108222602
81164,13507.258378875189
106074,16200.00938061024
87617,17946.38473573293
84513,14560.051120062546
96743,11525.248064988908
81209,13675.22808114544
95463,16469.15631774475
95457,21099.320552479712
101606,11913.442911564576
97485,27649.343464390826
91916,24692.175056056232
91629,42778.39164839354
84215,12335.299044167985
108190,11012.52980503127
88314,23191.850603692346
104526,17711.541898574516
82467,10820.582315014268
91827,27747.95384004614
77885,53002.279391705764
83459,10022.103019190718
98375,14727.02695454611
101233,11283.212068085524
97186,10155.08895923776
95520,18349.65810968926
95216,35796.76040152714
100878,6923.19801366314
80031,26270.21764675882
106134,24811.202406755085
103526,10027.065598429883
104018,43612.10102243089
83920,9647.541516618507
88245,10350.070403103842
86248,10092.02848302737
86315,12159.402596119113
108157,28340.980234685117
102814,10909.438182949883
84371,14643.62332102149
95270,12364.013880632725
107670,20766.561067347076
78745,13980.183520356382
88772,11920.19816106166
82335,17293.534299719493
100049,8744.27301390259
84953,9734.876682175445
98948,19149.476384317986
95952,33306.03192386668
93638,21816.881557080225
91164,28448.776453653707
87627,14180.611922256547
89209,12237.484446774704
94140,19324.73743246184
86567,8468.644022061706
81451,21466.890132310527
94658,31271.9855417254
103969,8814.73550451582
90158,13558.053808019664
107712,12528.611734111397
102518,10934.118554172406
91367,24769.934780293883
78764,11678.71570510667
87411,11175.562912123878
80790,24332.105520989568
97848,17510.37678548577
97985,7834.358486806496
99323,7442.857857650983
96854,14153.402765965837
103917,8587.542632337358
86223,7439.98925468688
101812,10140.74442257675
102098,10532.824150724204
93414,12093.405565793997
86794,12392.203434567395
81508,26270.21764675882
105781,19305.95795236609
103758,8583.022834028287
100877,13453.085956576282
83075,14678.722707379806
100303,15693.22841963666
85269,18283.329024509323
95693,17345.008816522735
85891,15268.248061570948
85991,8647.306448946809
89378,11124.532179041786
79718,10497.738889609021
96415,10082.278521729753
87510,10479.912017703879
95579,12219.497704245608
96453,15427.758778334633
80182,28296.01904695044
103363,10733.263293323635
76430,17334.62373560459
86302,8186.316296012555
78876,11374.99129235419
106740,8879.666384158336
101855,12789.3179536741
78987,26179.092467592644
100155,15290.301671960739
76069,31126.52648641437
79889,24625.69642609861
104035,18699.515409706382
102533,11391.838719249607
85374,13787.04234762084
82210,26211.935270426562
81145,10847.156246565228
99738,15267.248048402096
98201,28571.118364235208
88630,8737.05684631751
94084,17970.886827785216
79771,22253.861091475574
91057,25700.473130725317
92492,17524.28401323462
103600,18000.43724608657
105315,25164.08769834152
106151,20738.916257520952
87426,7815.6756406400955
85249,10174.898174576629
77379,5326.713142987286
76190,10791.07226104918
89820,28189.508662508222
92650,26941.618356844734
82906,15508.381526394875
104766,15393.845141412095
104673,17197.071539153967
103734,7008.7433478875755
87652,11914.065122138918
107399,14406.06853672766
97222,18712.020542218874
100614,8519.642181468836
95807,27747.95384004614
88084,13365.149530021305
97997,14806.447677152753
83321,11193.23936749304
83002,14627.750514969433
103995,8404.35051507536
102305,8347.179704307506
97774,21736.373493019106
87737,14267.895475151972
102191,15290.301671960739
78470,17927.26084982057
81787,25752.34343670303
90975,26253.424610813436
76598,13284.624826295536
88308,10056.064809764457
105997,12069.943590787256
97095,16621.33266850123
100555,11297.655742471832
106628,20450.750965070703
84638,7398.096342051071
106752,21964.606252498517
88072,14097.593876716584
86734,10853.420611343807
105842,23321.39434406851
102037,15106.758685681614
96623,12197.52575719031
80943,12275.139658766004
107882,9889.8063800041
96069,9923.642476888694
86796,19198.604597703805
83234,14271.602495365953
85044,10549.54185829768
76183,26179.092467592644
102124,11710.981009055726
105963,9577.718502312277
108127,13354.683730064982
76435,52982.84391826252
89809,21399.257126370754
98129,14608.791704705878
95632,24678.345890719655
77264,22685.130511058618
102849,5250.004144557591
106860,14754.952549623686
90177,11879.433031227065
104336,11250.336087315458
91068,20188.633489331023
85416,11112.953470088682
92720,21128.002111136517
105257,8687.952243557917
94524,15227.25663634105
87069,13701.787028254268
79026,10622.345083222484
100533,11725.419285123851
107396,8625.176992071567
77220,9579.837773365354
76863,10477.388491269185
89441,14815.087544895712
86301,15040.292197396057
82808,13400.276305327141
106681,12437.371377085008
100673,10929.973580918158
87115,8647.306448946809
84819,8391.317393329742
99889,15267.248048402096
100435,7013.932999071016
91329,17272.276574080148
105897,10318.42493251702
94788,19200.46561410193
96403,14235.94892930907
105780,23928.061088699124
81290,20847.108076784516
91689,16979.94518211111
93660,43632.5311577824
84018,15604.703987686578
79166,18173.275973276435
99850,11831.852666777568
89900,14275.985720503757
76628,20102.87223584962
99136,12509.247128721147
89388,12599.257087493324
86441,14546.267248827886
100362,8046.3508640355
99493,13217.065462190914
108082,11891.859142603187
94759,21934.441817618263
91954,26921.089451660213
90378,13041.091447811665
86126,20251.407462769464
92990,16420.580881600657
80507,18464.42086984904
105394,20812.220916088747
80679,10624.41549543406
94014,19813.500902879434
78092,26177.703037921794
92725,12526.703222937982
104609,7010.41658038725
89940,21263.057021705168
84337,14164.306521701876
80392,18836.687574225853
90992,46686.186917564504
88342,17270.065758452914
83193,8197.091342698846
83080,23504.593452761943
87197,14706.935840842589
106043,8404.35051507536
81316,14585.776776044439
105197,44104.82591576481
86103,11898.497275827833
107819,45225.55588118251
94911,16736.402439889458
76597,31101.219020567518
96614,9725.221459286066
102197,7205.10924390677
104617,7088.683065972222
101445,10922.650405754832
94521,52637.47605688106
107290,13027.55403766192
93099,23228.334539271505
82179,33291.22223723431
96268,26291.446107319214
83202,14013.655304670387
101568,8408.501230926513
89145,7411.089072561936
82718,8484.989113903077
84595,16007.84722935857
86633,12856.771596815423
91925,28943.635215317958
100357,12719.236757027627
93684,17265.855710517048
106465,43606.74756547227
84631,14225.590720430848
97796,10700.495895520857
82836,12322.113914466523
81314,47913.017713587506
96868,11561.718510969624
94329,21247.353836672224
85728,6569.593461860785
78259,12572.770336947555
107084,22908.748011433207
96134,9679.592073479318
81583,25464.45695913229
104264,16690.31585234831
86202,11837.81035566735
102867,10876.387123679644
83461,12307.212194469814
77589,17514.269239611658
94394,15649.507767250414
87588,13850.611527142502
98769,15267.248048402096
76735,18997.82037460118
105592,14213.828143502664
95260,19966.88729307607
82699,7671.352153222895
95827,27186.47464070986
89294,10418.871098525413
90853,11994.275311808322
86522,10959.288758285178
80958,26213.07325132389
94038,24960.3196439154
88512,8197.091342698846
80219,14678.428690351619
86063,4561.41468712012
87724,7848.663755497266
88835,10837.164830864624
105687,17589.445634785563
83567,10807.615404274236
106584,23280.251455185662
98492,7759.083181188742
94494,22559.27675124885
89061,7818.227893204727
103125,11917.587884818824
103883,11917.587884818824
80430,11710.76463507658
95544,27511.098840652747
105136,55565.72303702128
105560,8008.999052861343
108397,23093.018946383687
82236,47548.15261009222
89477,15664.169115276925
98106,9550.595834146266
85996,8285.689148975353
103439,14356.141108252545
90831,10153.246752585725
100746,13419.867453469764
81518,12794.407763010795
98610,10118.22360050468
100644,16894.346438734417
105486,15023.631976239281
79765,17017.382365779285
107609,9506.854034441898
85407,13084.043301539938
81527,25018.896977838933
80955,32192.960551813296
79400,22656.70730419234
101238,9817.394040235531
87024,17902.69558364621
88662,10633.4820534772
107983,22865.890374864855
93662,26978.861596783114
81557,24626.65428943434
94520,15874.957888790734
97010,15737.805197634063
77628,28383.84929060754
89561,13918.383218806566
104218,17570.373756619534
99839,11233.808749268408
87279,10081.469433937536
93760,21600.85745209225
89551,10125.994582833957
82714,14998.016916823848
98166,19120.668303106468
83812,12049.696396893694
102617,8045.0098673764915
76869,14908.285829106875
103735,13858.828937708844
94201,22180.78821730553
107893,19376.731636351284
78651,9284.775410087004
85246,13566.552380241003
81194,23035.157510881338
81133,23403.552779469093
95611,27519.05134361457
93004,17561.29194919698
81826,43959.491888512
100157,11824.944902925843
103768,13408.921275982006
93350,16160.544947037366
76901,18503.14733703863
88742,10897.006122147632
102866,11963.961918574963
76438,26105.414285756215
86105,10440.025010784944
107506,25918.139866862628
108520,7712.261050385053
106613,9889.713690387125
94164,36873.79244133827
100964,10971.684198103349
92769,12146.913375289267
82221,8800.115343941137
98686,21564.335341887134
79762,21920.483571007804
84645,19203.367493407655
107656,18227.910272680707
97538,15451.127640726882
99552,26550.37329873077
102157,9724.12997910034
80935,9149.266947953958
100578,11821.233912419002
94686,24388.3600507148
93268,48050.729287937436
91842,25719.459904895564
95609,25233.99544953301
91576,19291.82340796904
93139,37611.62174926138
101030,8399.389288501532
80172,34758.71503273589
106262,16932.9527202012
101562,11755.733989964854
102273,6365.879492002668
87102,6745.6114797531545
78491,17307.455987222955
90631,10126.408271120164
94672,22292.99719212467
77261,48486.81352350484
80434,22680.293247260535
86840,9157.292575063826
95011,24690.241059258762
90870,13946.107432482217
97999,12914.651627202331
77016,39262.737559178066
96931,20484.02821756291
85215,11782.247065787751
105268,17536.806115690735
99519,9291.401767072532
104056,17712.131456862502
91117,48561.8892960316
107099,20462.945487442972
80475,11815.516327148125
76216,40542.982495096716
93207,24552.78554000086
105166,11013.2674865466
107209,11642.349315442969
100109,8744.27301390259
87232,14518.622031332607
102624,11004.603065885975
81948,10256.3757854367
93625,43778.860601001106
90334,14322.295968839386
79878,10038.86092794777
105653,16248.51898250537
108014,12022.03180532859
105491,18936.57555055934
87064,14953.353296832518
106773,17972.252199002214
93489,12239.394931184965
89490,21429.75650130375
100771,13459.142895351817
100803,12754.343073177417
92144,13619.27499922504
88632,11103.259347080248
78778,14604.994383112267
99308,13338.714925086866
77161,13567.680222980329
97501,9719.838636512603
100933,10936.827898070957
77489,20943.98642274422
84309,8697.58122241951
108040,7933.230582917997
97159,20528.302840181437
95779,13846.339817074844
89650,14252.748383826804
80999,8207.370670195436
91887,22447.01853755476
79753,33483.05611507044
84669,13355.856493710948
76401,12430.660958912687
90299,24043.958753041952
80820,10394.150392171532
80744,28452.649376720005
96151,10175.857625245591
101368,9040.971624306032
106886,25623.69859204758
90590,12807.179863726393
102988,10568.120789399658
96155,14061.595794887233
98069,21427.619391455675
99349,21560.291081095234
105341,8384.677394422373
97054,11319.33700398168
80210,22990.789501755597
105334,14399.606930824137
88495,19257.978874006385
101578,14799.787861587263
103240,8754.435507262235
84979,11330.121962495321
88799,14188.393116514264
83073,10150.893203052761
107288,10600.944662055204
102097,10551.567014946817
99042,10115.28944307105
87242,10452.466805027083
77310,21723.73172978661
87982,15591.699734275908
95506,12276.46908874874
106574,15606.069295363532
80962,45920.428122244135
102168,10055.06115370614
102528,7168.705875624098
99307,15267.248048402096
89354,12575.725608990457
96717,8366.810631275992
99267,17380.742724194333
84588,10170.221753327374
88920,7837.203963710462
101122,13402.911875738077
100916,10877.763687052904
90206,13784.984240625006
100314,10903.513454487182
91528,28981.445043254887
82508,8510.423145753215
77095,34722.747879378934
105943,9886.22904212424
92610,24285.17369469303
76706,12130.876523946717
101753,11090.189423532756
97020,14718.087822474477
103582,10853.799725171413
89559,12570.644008125018
91293,12108.619264870635
76698,26291.446107319214
105365,21540.222679303686
102755,13246.12667098844
82363,17820.01623649343
94314,21791.1068465597
92463,19444.14658836992
107566,11724.95544898547
99251,14845.09612815318
108140,30916.223803297187
99394,13026.236600123362
107849,19496.00249422896
85021,10590.102564777326
98878,11662.793079230774
80258,7568.645647873384
85751,11218.008738672876
77932,14055.919077638491
92120,16814.40423824548
84462,13997.6063335148
104744,15711.827594585486
78174,10791.07226104918
76239,25612.328112976025
99098,21190.564294400185
78068,15544.766698191814
80129,17358.78873601305
92276,24690.241059258762
84297,19423.51899648061
99082,14612.769159676081
103218,11141.29768390476
100512,9844.389805491168
100481,9491.933414919224
77761,11501.619195044424
90764,7511.68055568472
103431,10889.733045052852
96133,21525.055433147336
80377,26026.708900388607
93811,13479.970924876568
99125,12303.68426432091
92377,21399.559032484838
84221,12749.629029500962
87280,10777.027673311866
91188,22896.33364503295
83645,9772.789865958388
105967,13124.146259005016
89389,8768.790043568591
78866,17580.008708771067
82761,14919.676911926881
95049,18106.13606580299
80729,9991.882967605103
76702,26105.414285756215
93554,16688.426860140415
98932,21435.76475900952
91264,23744.174425340483
86993,12467.1546989652
102784,10532.824150724204
79105,18503.14733703863
102943,12283.199025803578
77065,20822.24023009787
104740,15466.780546572963
95500,18479.86093463978
95345,14769.419682649936
103581,11810.958893984009
86417,13400.276305327141
87299,9976.42924172021
101375,13652.566762175846
97640,30582.147027750052
99560,8744.713748810422
105849,20331.946368969333
95701,26992.45807560512
89124,11111.534992283634
78589,15053.572191096284
86742,9762.578964574002
84620,10735.173877390858
91165,34871.01786677993
88463,7727.059042752148
87571,8218.421474641924
104773,21946.61757613413
83370,11191.337381093032
105599,10479.986059760315
104275,21702.05535590114
87908,18125.033729051316
92637,8249.052760076791
101747,19997.323519243175
99271,9550.595834146266
77493,29030.152071031378
100122,8222.202090401512
96424,14098.45617293534
103113,6753.484476697152
107985,27522.072674163104
103634,8820.042473982883
93302,23934.039605217098
93877,14919.446170976427
98121,8403.972085982103
91191,14051.707239840009
99106,18798.324844346254
83151,17505.207739543126
87913,6507.3578370370315
105517,13881.124565984299
99452,20464.702197047194
95017,24283.55182976591
98803,11556.821706348033
95625,27376.138496336305
76846,9940.384905869854
101791,11251.965709454984
79911,19143.697433816124
98545,13225.503202388136
106811,9103.120910841044
78007,34505.061103395834
97259,19971.615989336828
96999,8362.108204288588
101969,8587.542632337358
107018,30916.223803297187
76246,26172.80304238084
77303,7244.297658370592
103674,8299.195011140515
100794,15187.541232592259
84367,25819.761466461725
101652,14446.452078635719
95111,21732.65973657258
96965,9784.634754279146
76396,11839.630537623685
80269,22383.42216240075
87328,7824.869042651471
85984,14594.854874321622
80193,26179.092467592644
98525,7829.261678435473
77460,26270.21764675882
85424,22296.518001999084
77271,15544.766698191814
104786,26104.21967654917
103727,8744.27301390259
91819,26647.779792316138
107028,16395.472490253258
94966,21658.074434396385
78126,14441.174315316284
86200,19891.504400823855
100317,8850.520277486574
88403,15728.398503676257
102036,10549.04349883599
78858,19706.042470010383
85122,14766.951254893509
107516,16373.09060419623
103432,8578.19246911034
97354,8362.108204288588
100218,15197.478769602863
92759,14872.280694347199
107648,41110.832780890385
97107,20512.175593565917
90871,9177.044795141408
78611,34547.91696504515
107537,12258.724797014918
84840,14104.631735496094
79802,22975.11935587181
96763,6562.38829374261
93033,18031.176394618145
76969,30683.787316047325
106154,8409.176177213507
105965,9890.026457927886
83644,21360.974629602217
83889,16165.233826052387
88026,10787.190193915238
81652,27117.305096776832
77312,17268.901777910804
102749,10532.824150724204
84444,15587.911531186779
81496,17893.713159427956
107471,11913.788269450932
84265,9449.68930607121
92346,28614.771756776117
87248,8012.9826749636895
94931,12882.939037369395
93712,24115.84491470083
80162,20761.10988852306
79351,23019.77252009069
85734,4329.408670682393
106372,10218.637971647719
96106,10964.007779988644
96702,23497.164961986127
76823,11815.516327148125
102214,7931.256903164328
81128,12442.931041211164
88320,13088.076157101776
83531,6195.184536494259
104506,22890.557742229303
84074,7882.858280725577
104709,24044.02575682968
85626,10110.699781876898
98427,10115.28944307105
78699,21861.860932676136
94756,24677.087131934222
101283,9842.357075803837
82397,19207.75256958596
77954,26179.092467592644
81630,23214.753108706966
87025,14624.429012750319
81189,14485.417264075344
107048,24295.344530951406
99510,8971.812690452545
85462,18989.356715934326
99442,8767.019387515715
85541,6965.966053090576
81635,25909.79043519782
83983,11603.892143916073
96161,12249.44421857637
90359,11919.422263129223
86597,9718.98074108202
77633,10924.848742463268
80552,28371.00858401228
87749,19341.663650055434
88246,11917.318052860033
100434,10885.588071798604
102049,11913.442911564576
84649,10439.557129821656
80783,17919.585292283227
102021,9736.61143122624
107760,16156.840575660157
98095,7989.607155761631
103474,8883.305054245657
101486,15873.866397008147
78334,32328.496146241825
97026,13772.393663747149
87049,15357.966649580823
94207,23218.271183030603
90080,9328.721032319787
82025,18218.658020889212
94478,24582.316168403577
90501,10266.32467754066
86699,11892.975302715951
91557,27255.954743003007
105343,10203.589509425618
80034,27082.215021109816
84220,14995.255821604473
79498,20299.598509234886
96294,23251.26252204849
107974,8370.245185120353
80316,13690.64020049099
99928,9804.32656973778
91851,7632.322208432207
87827,9007.497666456753
98130,15963.965242202448
96139,20365.0471463771
93176,25233.99544953301
90903,25180.47059096718
77200,14243.397812928855
95858,18043.159625516164
77764,12372.069805085244
93978,33844.44918154572
78852,10897.664277336307
82121,17205.072070715694
91653,26553.858890285956
88882,9920.019639362708
107327,8035.034869619134
86583,11086.565281403922
90101,13320.722955936833
90893,19768.69976619574
93813,26570.658611384082
79215,17154.23324209315
96480,9325.30516549393
78841,28973.588102985454
101519,16312.657246725797
77704,27134.479247727773
95308,22512.33931211525
106617,8370.64314438258
92279,17957.079125020446
77974,22958.484943402025
96897,11628.696672009823
84841,8517.36271282669
80966,14411.642926151168
81646,26099.46852944585
83773,10628.73122115604
80357,24936.325434241313
93576,15767.211125308499
76332,31126.52648641437
100522,12768.562061579732
95723,11364.69680857909
97599,12184.837858175273
83267,12664.50320763994
107086,12406.744138252692
80173,25306.917625500682
90902,48303.108205338074
85442,17996.801005315217
82924,9904.502315758611
106669,20989.250647261717
77358,20832.664821092032
86661,18650.532166746434
101073,12283.199025803578
83897,12569.176609422371
92465,20827.214789485777
105110,17070.488749674714
79370,9825.472282497052
106568,11896.789469686695
106121,6797.5944048556885
97194,11817.665931687194
89289,19204.106377178858
77301,20867.046206532854
89051,23232.68100727607
90207,16104.618058252761
95193,23281.58513731516
98653,11042.71157157764
98934,14625.608971654678
102897,10900.286754538938
90845,11432.479263567708
101868,8421.65228097212
95210,19988.022414683815
106341,9801.224496953411
101091,10559.793557532917
98060,11830.316225236746
90026,7511.000531150392
88157,10479.599250163117
97383,11629.061825506938
87451,10787.190193915238
103381,10852.057346586325
93512,17536.112760610362
77414,53141.190674497346
79553,12657.697037575555
96377,10543.30239141906
105001,8291.673366611163
106183,23246.81995748753
95745,24678.773104937238
107011,14312.591695704981
78953,16913.73334097799
85187,11119.076396015369
87941,11330.121962495321
77483,17990.316845051133
101372,11486.2225150635
83730,8232.659047308056
106166,21259.109253570532
83753,10692.633054020947
106514,28710.764886688583
101583,7561.691293554452
105137,4420.118670323592
105295,27394.11097741344
77657,34780.879710391724
88515,7803.2981410622315
93729,20022.029885331758
88280,16032.51414819017
102832,10532.824150724204
97873,10753.64108490798
101671,10744.818172222589
85210,12148.488715780759
80735,25464.605194619464
87811,15033.986218710637
97684,10497.738889609021
99915,11286.517875408226
97502,10287.992277516918
93678,33921.55790932285
78821,12135.882433894296
93898,18044.169542374628
100832,13943.690441011573
104921,12450.030081653736
83890,15406.466590022485
85696,6732.229712539093
89485,9598.746530269198
87460,15693.414819063615
81080,45995.98575105227
87235,11589.933417454109
87587,9427.340128306481
96329,25237.12697363063
108174,8687.952243557917
106700,9417.781040748963
98539,15187.660937345701
105234,20468.8451525983
104708,11556.000019989247
79081,21903.996033565712
90270,19304.650223120803
106057,6250.452737740433
80928,33206.465200729035
94218,27074.151734177965
107429,9936.263194251384
107776,13244.488471476458
105303,9963.448782564756
107166,30916.223803297187
94379,23544.765652756883
94832,8063.562916805988
83043,13712.485223496386
84114,10747.596465741319
84283,14444.238799822195
107679,7825.421013013962
89280,10041.811070065936
89840,15762.561880865598
89927,11044.499483172596
92218,21186.789131286772
97100,7800.485128760269
79443,10875.982404538989
96551,9715.659640560098
101305,11848.784053615816
102576,8545.343731599472
84060,17795.079898809156
92280,21812.436564250827
105210,12043.713373670476
104496,19904.976414223678
104267,10642.376732136414
91491,25233.99544953301
78595,15544.766698191814
100913,8973.859049236871
103028,11911.219331471602
77788,19786.466065576933
89629,8050.021772914505
93781,21812.436564250827
76551,45301.08155062695
84917,17254.880124006835
106009,13355.956652897274
96109,11927.645512174588
78933,10685.804266405075
80386,47438.18609537622
105590,17778.963744031127
87670,13783.003037158585
84443,22562.078461591496
95776,57217.23755952575
96400,16822.28338994376
90834,20828.48439362102
88360,10718.934967578189
106848,25822.470668632053
91981,28197.65175034506
89126,10096.096528588803
104879,18698.29964267418
90449,15160.8649499877
90667,20081.235876938623
78986,8185.2051145571595
84945,11204.887523078694
104356,9795.593971540447
105159,19473.14485960883
87755,4569.161179219146
80978,26353.22277238859
87272,19327.247386098174
77291,31126.52648641437
84904,10045.09466959423
99446,13626.699217356414
78688,24083.257568156005
86155,13048.069116646153
79551,26105.414285756215
78281,9927.295879605754
94551,37173.32983148194
103232,10902.307438501728
104767,9792.176844874213
88566,7443.473301105755
77896,27239.26476724995
96885,20112.247063752497
95778,20022.029885331758
86874,11303.830029308227
91080,21566.04007836348
107737,17378.375532782535
104851,21742.149574198633
85070,26136.286237517852
87362,11330.121962495321
92302,9916.056119793673
93294,21128.002111136517
83422,16708.082698266557
84862,17664.842018292493
84415,10370.189101069625
78737,18555.050007905516
84686,10016.727242049905
95112,21598.367830581305
86518,12353.065116439462
84839,11947.748302258477
81172,26105.414285756215
89932,19313.53975903646
87300,10089.283059431431
105568,11327.931512996514
76252,12393.890801806925
80951,21692.095874647348
83509,14215.192054314723
108493,28788.76922937499
89976,10059.954311242696
102525,13467.73531054848
88102,6420.059200778109
89605,13564.997789388466
92381,7405.373101602132
81987,40677.41082567581
91951,25072.64613136357
108167,18325.408873967546
89798,11185.421615851485
97312,17334.595662108124
106458,8793.672654727297
80611,40920.02263030284
83390,12538.214624131047
84346,15876.68885466833
88061,11862.81515012856
91266,14428.831832310982
99611,7112.021865471555
106366,14631.15233780265
91936,25180.47059096718
82520,14215.678920804232
84865,10871.423556027312
80141,23560.017295988942
91890,14321.633337432115
76251,18059.776996968994
84247,8107.368862748832
91298,33105.90698710145
88015,8537.915477660481
92776,25712.13436921624
76709,10649.854532816185
105728,14722.827660744313
103796,13943.690441011573
81171,25042.3061063486
88413,10569.874031995716
102155,5198.457010441654
81200,16106.680688202054
95674,13532.70749026203
96157,8463.22500820859
79020,18971.932326312835
103587,9709.53592132936
104190,27690.880668582544
80486,16814.993543276534
91177,10845.645885167454
76909,26039.5720507392
97278,12312.28127606422
77170,25728.255910773023
78840,9421.151171628848
107987,11810.052055089782
104444,14689.261666981463
98408,6325.043967168724
90629,15810.222213398578
85268,9960.122089112332
98419,11730.887231364855
90747,15436.979103273956
105907,10556.606088065393
88335,10622.108761596817
104161,21781.80190093952
101427,11793.810758043996
87176,19462.664214604552
94012,27567.762102612644
106937,17472.114827789435
106573,43336.937040491604
96877,10286.173142569474
102568,8289.62493001808
93510,21333.713900196148
78820,25281.793727861823
76763,14391.568738476493
106884,6868.631210819282
81041,14396.142346175828
93827,18139.147313635396
100321,9491.73165555227
81450,13483.22050309952
95107,16200.043257592573
93670,26147.64631935523
103551,13060.019676690661
106715,16110.52506072986
100863,9940.281511457808
79259,13685.057499496937
105336,28319.556544590814
88906,23705.23093541171
93039,24634.76101729038
85639,15992.821638228465
98378,8035.258383298587
93639,14369.351105883681
83518,10989.757837632807
79592,13524.358868085581
95678,17938.139361687263
87400,8359.396932199894
98813,15267.248048402096
79157,6516.884904501067
76223,12502.934685534225
95406,17754.885744639545
83724,7046.665235832197
89739,13215.977237589626
94933,22396.29182520003
82605,10807.615404274236
91566,21004.179032061827
76873,13127.64039223992
96884,17423.0153078708
85901,8436.910824810622
106449,18867.47812568148
90672,14318.304636637662
78513,20857.577607161045
86464,10944.878022443865
82921,9872.056575298293
93886,23543.868238054103
76303,10354.533466206873
98243,15175.752704029323
103497,11911.219331471602
87786,11199.267040325689
87780,12414.10154972388
99339,7889.934630645026
95351,24690.241059258762
106965,11312.435000213429
87540,11182.938974732717
99854,15231.352860627174
102357,6418.470272818406
90737,9920.322458384384
85392,17417.98863424749
96882,7805.104603025155
88268,12174.049247326486
106075,14575.276147927198
88674,15510.660035159526
77623,16392.802443758323
80394,14567.836822155858
94942,24569.03757750621
101237,15545.871523971173
86351,16068.682287358663
87055,7937.467594079993
94851,24786.48223662608
79816,15550.224418551592
97214,12589.911917826776
88900,10755.212831967463
97464,17146.541299834655
76403,14556.38052962741
79786,19484.78600360456
83858,10368.134593856024
83658,12665.551041359553
96456,14749.2111214148
106217,15838.721980030357
88111,11917.318052860033
86581,8547.266823550592
98218,15673.541549794672
93801,21877.469025397477
87206,11154.126668545248
88569,15583.556116697588
104348,16645.162721899287
76478,15909.97432900132
101509,13841.026475802202
100915,8564.772522672049
79676,20658.44445187963
102673,10520.805449393263
98151,9550.595834146266
77583,12402.48066415733
106602,34396.681493552314
90134,12584.078810731708
84228,10194.801803738541
100131,13199.713961939315
92807,21944.570687675776
95025,25171.236779707295
79779,10501.95338460781
77216,24598.193069031593
83476,12626.553018996088
88942,14121.882934691412
87565,16572.171169952697
97055,19300.31089002718
97212,24674.712542763802
97321,19696.51898106172
102240,11505.929324581102
91253,17081.250391467198
90284,16045.434023193962
83582,14155.273730660298
81255,34712.02983142798
93903,30261.08483853697
96241,19452.979397280662
99117,9679.51784671363
79874,26270.21764675882
105193,24592.594687136985
98186,6562.025482510738
103313,11734.3675869744
107714,16635.099465798357
101081,9601.3670441392
79663,8353.879818015272
81108,9776.901152867958
86643,7049.422055068124
90931,21324.330539781764
107518,23467.79475656189
84511,15927.16880037979
80689,9529.994676647866
86547,7940.744354783711
79670,12714.45689293945
82281,19769.94941417756
102274,7639.367596829905
107948,10804.042463275095
97149,10387.032804434735
95980,14167.046344449614
108047,30916.223803297187
94763,24115.84491470083
106148,16569.916975838594
84164,11901.781530141432
93448,27670.600846431033
103837,19896.50340146297
91861,19749.980211942817
87914,12020.763150113753
85944,9365.63548342239
83795,10658.461889111531
97374,15459.50563962124
80569,10232.539689757044
106331,27393.78279731452
93177,28600.340187858226
85257,13536.233283873149
80094,9971.017589838577
98473,11009.610048322067
98021,21286.2096674728
91714,21613.231113697122
82569,14546.267248827886
96451,10287.679509976157
86310,10045.09466959423
89702,8362.108204288588
87577,18027.53307578687
85221,20546.176110820823
100454,8493.135039186445
96748,6463.235076790527
91472,10421.457190043795
88350,6876.4432093646155
84386,19707.713765263943
107993,15038.08578327281
101496,7824.900541002442
96805,14591.096975907489
82084,20590.756311526664
94643,25171.236779707295
83871,14526.080203690275
82327,17902.1109471966
90332,10523.538382753446
84949,30899.978926765943
83111,19235.36261567607
92067,18535.782740629616
106714,21923.312438143836
85531,12870.016911428442
97311,10200.55775570318
78102,31120.74366976014
98348,17463.25258672557
76715,18256.960223853384
77091,12781.247748059073
105854,14318.378606079095
85983,7725.135804992893
80823,10686.415079362085
102612,17416.17182741737
104209,19478.78765206843
97643,10120.971866156258
95340,22385.088755313904
81183,41462.747987046576
87928,6361.864849650562
89448,8732.606880487809
98522,13217.065462190914
94213,11992.421244222061
91583,7543.090615784999
90280,11059.087849318183
93287,23324.17010021423
84510,11876.217075157245
98179,18798.324844346254
88162,18275.13072887421
78449,40685.33186501275
94548,17290.43881155921
95056,27721.09108002534
106725,8593.044146892216
97968,8356.433190191587
104923,8687.952243557917
97276,8704.22383171924
97080,22915.263453838805
90691,28081.812999257374
88033,15686.37939338086
90160,15768.825986756592
81661,11319.437179417147
101260,11670.945740613182
79520,26099.46852944585
78213,10512.571191148694
76187,27166.13302764508
85752,13834.969113002657
90729,16029.388521611172
77637,14639.495923617054
101847,9539.03271115201
86787,14945.385959148742
105758,8414.763709972274
79389,23237.20549693823
98312,7989.607155761631
100222,8064.661465234713
87873,8489.61658567099
92965,23663.025659502302
89168,17511.03431204609
82368,16500.084391648685
76505,17632.05620646593
100946,8794.807570111123
85815,7403.96437640884
87705,23367.098080263924
106931,11142.5380770475
95571,19008.239055758007
80308,19013.311697921326
91824,20335.26454760212
106743,25440.497633897816
101866,14620.363724089775
95817,25233.99544953301
108505,14719.740580951424
88722,15057.837217499997
104371,21220.556236679804
93879,13503.947146074486
96038,19851.257410106085
104690,10528.931705612335
93199,21505.201002115547
85967,12853.343852062588
88714,9458.416286569734
99467,8474.068596278
85701,11401.945100368852
103450,14160.807289216076
96943,11120.396363437772
88526,18567.719681699935
79326,11989.694314484444
92314,25203.12406162645
106373,14470.630829051419
76953,19157.318360332833
89741,10512.20921879212
100458,8657.566382509074
91895,54617.53962742775
92356,15922.536301480228
80632,17098.525170662768
106959,10368.65850750876
96251,15946.856879389336
97996,23074.46471260715
90021,14464.751153315101
94899,27453.856129662647
93093,17900.891247072283
100175,14055.054866254854
89968,9695.184074899598
102132,6655.690907328649
99121,13123.117378355764
92662,17472.99164368096
96612,20169.004907889524
77399,12788.829672294693
86443,11058.541267634913
93198,29196.778058997148
98001,16466.225291123854
97764,11502.920796601273
94983,98216.66139675485
82703,9961.94951769637
94794,25171.236779707295
79793,17600.303029281495
93376,16374.905027735018
76374,21689.21123830137
84045,8197.091342698846
106780,14251.074800624761
93213,14080.551346611115
97870,10287.992277516918
97748,11162.75628602338
97255,9703.163359333692
102668,13179.05416980488
105898,14302.054871310807
101786,14455.280230977718
87690,14442.479101827594
86329,11330.121962495321
77696,30189.303806203516
104321,55019.544576619286
86782,16158.80508380277
97134,26291.446107319214
86684,8385.82709673226
95509,28383.25381398503
82314,19685.283678161188
84124,11260.869778998906
87597,11330.121962495321
81357,21330.80959341353
95055,19151.96892731735
100244,11883.614686993436
79271,12773.761926999547
82043,19203.633387321
96348,19254.210020286966
76594,18040.445154045647
79552,17200.155125714733
97181,17238.34167427201
99147,14944.80880634679
90786,8385.902400784049
96203,11309.818888576348
100288,13605.83386602829
81529,20644.5701021167
84229,11851.260330748864
94332,24569.225017837813
92714,22031.091957489098
107716,14698.846401828607
107685,26300.37897861247
97836,6509.993518920831
98284,19001.545942904384
83128,17428.96586614771
105500,10490.752471019712
97781,11581.250964375797
99341,10115.28944307105
91793,25233.99544953301
76224,9922.87429700868
80840,23021.594886833413
94587,17528.479193932777
98667,10530.47624844806
78973,11303.797777124006
85175,14412.293089806679
107489,44171.19770203618
95790,13285.203060254446
108044,8242.044925574313
80652,22374.23092212511
76007,9997.302614557822
96039,8650.017721035501
102618,14477.858491616884
80863,17358.19277636529
95695,22322.184816159086
78815,19915.249218561567
98063,15869.290138673208
83732,10760.86576354277
83190,11110.247045476166
99504,10115.28944307105
82372,11772.701777878832
77977,39459.35997499642
81688,14569.414359294937
80154,18698.968368913524
108106,20985.149540499773
80724,14206.522406799422
89190,9872.056575298293
102321,15314.471992609124
97375,9195.338509818263
99379,21435.76475900952
84767,9936.52759932067
89470,11998.439618097995
85592,11898.497275827833
80381,27389.03006790128
92149,25189.144933192823
96044,22733.789254157018
79041,10916.466444745707
103108,16274.10957819435
91118,18273.183539706733
96434,10009.189610089898
86875,12901.854364757803
100326,10012.129863061624
106416,18454.985653118543
88074,9493.808756500704
91579,14772.239410847278
96819,27667.339819794353
80373,23088.682369447164
82681,10633.4820534772
88450,9731.533826090987
95040,14948.176826346764
76720,8868.797808647416
94576,7030.062486246217
82502,8844.106562577628
101100,8784.322408144533
104522,18739.739765974082
108039,10614.412325181866
77894,46071.90936364806
80888,13182.484020255219
80366,43710.90950460878
87653,8045.012595071436
98083,21556.18997433329
89042,13787.865537915826
102520,9359.828281930337
101620,11854.903812493572
108340,10610.212166200252
98465,10117.416418155592
82307,21725.484957462097
107499,20615.341945990225
101440,11821.233912419002
82392,23035.157510881338
79371,21188.15956873286
103916,17229.187182725236
81192,9963.448782564756
108185,7117.783712954697
81811,17000.826863079714
97993,23837.338428069004
80214,19254.210020286966
79896,20851.699115035255
86793,15762.42263461064
100548,17272.460812385187
98986,9087.169142479748
82411,11111.534992283634
98467,9550.595834146266
98645,20441.277770662087
84530,7031.296919629468
86479,7818.485044965102
90655,18738.62786824012
97319,10700.495895520857
107749,23418.284892959728
77199,25129.138324738284
79255,14509.296846442725
85072,8457.617379890151
99421,13632.363217107086
95187,13380.208964651149
103262,13402.911875738077
94589,38447.437879288846
77608,48046.93579492564
89729,6907.569141348032
99171,14477.658393879039
90914,24672.395552609043
83250,11522.549223521413
83275,8218.421474641924
91269,24676.349098908915
83003,10056.064809764457
98988,12446.29775872018
105748,14548.701297224641
77688,14642.81378400576
91090,15951.270451244789
100544,13991.564216171695
96608,11331.755053342049
98784,7956.864991007694
85655,11199.267040325689
104236,7024.393317925152
97437,11400.65667012257
100150,6343.437392465695
96911,30386.291545164182
87126,16402.852444289343
88544,10175.79366228703
97889,14728.956721929237
76768,14456.327509508588
101722,8754.435507262235
96407,16572.46078898525
80640,19329.60376680818
88000,13219.327067652415
103451,14091.319372391314
80542,36968.26401616732
82212,14020.573830450763
102407,10264.54269892815
79895,9829.336929078552
95909,17947.16053866977
79646,34564.53294987309
77051,26270.21764675882
79375,34566.95418204611
92023,25240.55063754405
87608,9872.056575298293
77731,13235.038200512838
94671,24112.085351786645
107804,18136.090527747307
106359,17612.819058396966
102758,8833.214586798553
76944,34406.74079172288
92103,13860.583041622911
81188,16133.842015799484
84157,11199.836556829903
77509,27160.65758834488
87332,6553.57374763969
101597,10532.824150724204
84021,11358.164786274308
79820,26211.935270426562
102505,11714.468632043168
82887,18191.6229693399
98676,15067.327623087609
89288,23296.913688873883
89410,14784.070018701957
76489,9677.621904222455
85587,12558.549458391897
93752,11854.628646590572
104857,14722.827660744313
91582,26718.433805145007
100760,10532.824150724204
95388,24608.520698443735
105606,16997.22140347298
93352,24653.617473441012
102452,15172.852401983866
88997,19275.233548493314
107478,16401.365190483266
82604,14369.637185511367
87188,17582.932592277513
97769,9723.81721155958
77941,17620.66439037275
91489,12193.675507194697
84501,14115.93570235929
97428,16816.065481579408
107961,17687.348646108665
106520,8351.479340712338
82860,15401.356429725629
93232,25441.423595011645
106592,8341.575263589013
81719,10041.044346804814
81658,21822.716371269726
92676,22997.43490647124
102253,10025.45646241419
105237,11039.333605381094
78527,21886.122842380984
97452,9468.47359641678
106530,19991.989542693955
84118,14784.070018701957
84314,10807.615404274236
92313,24676.349098908915
91271,28962.274272912873
86067,7910.948389752245
100751,10532.824150724204
99647,27116.784312871965
79872,67529.49293254723
89703,19019.60172482763
82985,10436.0931987184
86719,7665.3344658165
78249,26270.21764675882
94826,26136.273492862463
80867,30200.01978322106
88405,13797.997051470442
92596,18254.364537876696
90699,11120.396363437772
97504,21668.94131734609
88236,17508.02167290885
90859,9704.60960892354
84327,14164.345197972238
86926,9872.056575298293
98478,11591.638575292201
82435,11204.887523078694
105477,15627.271307765395
91685,16304.639039275084
77406,14562.985706692063
79806,17497.68406546425
95728,17529.217696314197
79181,23063.588708440526
89777,13008.042246539157
104090,11706.132300784595
106849,16581.73921652255
80612,20199.020330963795
78114,16164.266037968153
93850,26316.172030473608
91913,13996.531346668799
104359,13578.37920159088
103818,4330.90180084448
78505,6116.715256624756
78147,6970.813977897625
98618,21560.291081095234
80947,17410.999735192734
104926,8077.023803025209
87266,21177.127362871062
100085,10020.904632548152
99550,8709.119339830317
100618,14372.294452553506
88609,11581.73069589511
95379,21626.710987911578
97130,18793.68932137651
98078,26238.095950805935
81543,16194.082644359672
94442,17332.30196049927
88513,11268.344736457415
104084,16827.761374683814
77862,14441.253404135006
83231,12353.065116439462
80020,26093.231339673704
88533,39864.98386061394
89260,14576.697654623016
82264,10676.437580803558
84569,10443.666931801437
94361,39689.77626826721
76511,19481.622584966997
79088,14362.790185218175
85645,18147.308084883356
80492,20541.06490085395
82092,16024.358793693647
80792,11364.69680857909
79022,9752.595723991926
92175,18069.1708743472
87149,17050.5293785488
94676,24691.356773272026
82453,15969.800665663151
88623,14011.832868207795
93157,30253.98750183477
91767,19844.86798809472
82525,12305.047911119695
83387,7406.698209183745
104711,10179.814179728206
82040,19198.8630336703
90973,22878.762966783444
85628,16106.583066303785
96701,10832.387897384975
95441,18383.946644360738
104513,11611.662986384968
91247,18550.506909701642
88940,6562.402834576277
77571,21835.65376165116
104299,15836.385709481669
92609,21878.76081945211
85134,10479.912017703879
81305,23912.224672470496
77683,26061.01260043067
89313,6384.35847164962
85999,10633.4820534772
100266,13453.085956576282
97102,14758.144891996038
101321,7236.634087077607
108299,9184.329072448556
85057,13627.717501905041
84995,11193.23936749304
84612,11364.801226517759
94300,23846.327711239774
93656,98229.26980647274
89647,12014.316239549482
84389,8432.17721165436
90197,8362.108204288588
80844,7525.072803087938
105331,19726.571919293303
98831,8644.3427069385
89697,17622.299372258483
103351,10532.824150724204
99969,8441.417164631786
99325,14570.262792765941
89198,13389.471013159482
78239,14396.142346175828
82481,8317.28867834228
83655,15870.670187484391
83006,10479.912017703879
81067,46834.00749626632
82451,14673.296752044622
107390,26183.13621460088
101406,13344.576991419055
91715,26406.93541414075
99989,11725.419285123851
93206,25142.14066884657
85902,14482.494987104315
85195,16582.848637004765
78130,26446.61290709236
76552,27134.479247727773
89420,15628.257089918581
89566,11929.42282136718
94682,35387.622946211784
87373,14998.016916823848
83481,10897.006122147632
84348,11358.164786274308
88809,8737.05684631751
107886,10043.193951343885
84976,16816.221684837892
106340,13000.778048979715
87849,14606.419268811285
78363,7052.8372869245095
86657,14164.306521701876
89773,21263.057021705168
94449,24917.491797288152
90861,13638.715044100765
91749,24683.066211159283
87090,12629.904626045825
80200,20032.415240038517
79369,18698.968368913524
101679,9844.389805491168
88080,10741.975982988313
103400,8366.82326091668
100960,14249.389077924669
106116,11715.95414846831
76678,30097.31846922104
86832,6452.590926013682
80278,14290.2450744199
92718,15506.064658824596
80121,23411.97764736702
84360,8436.910824810622
98000,11830.316225236746
86852,8359.396932199894
84665,10190.455971418034
104032,20308.781740846614
88348,8181.85643584929
85919,13279.994826861952
102408,8352.072052758554
91678,12276.68990668424
86965,11951.894380128953
99748,6928.60883674496
79192,17609.960555608188
100469,12708.410468659875
102772,12140.917215019093
89526,16636.589928869955
96191,8466.04224141889
99222,15267.248048402096
77086,34415.15395727721
84447,8478.340831832256
99981,10534.398687751169
106052,20846.667232482596
79612,22712.667298092838
106792,15899.749846547411
99124,10128.583183464581
79678,30856.020159900363
101632,7914.558707847398
77692,18762.794003994866
84345,7814.077895082335
95000,23712.20686577625
83015,9014.0546316492
99423,18040.930666463668
107480,18220.645479008494
93765,18252.53883715001
105419,9940.307892310899
94052,23474.594247745958
97432,15025.43843848071
79133,23150.344682861785
93225,20078.68509039741
82956,10469.263577299214
101231,10924.20789060604
78727,14507.167841506736
92150,26777.325470160526
103869,8973.014493641867
98266,11692.587052495523
85017,8050.021772914505
76853,26270.21764675882
93027,11968.16503857269
88493,10605.626446382757
104829,26302.432639430273
87800,15565.598801721859
94723,18533.984342979573
77219,12253.09223018899
94891,14442.52009894622
81656,19262.451586418287
97239,20457.27833312176
83620,10318.645538484592
93312,19240.244529906366
83441,11647.50863030352
83959,7838.379034388992
83653,12657.697037575555
103364,11134.020436447496
81279,10763.70415977077
94483,18301.284624246975
78683,8950.824859001488
80423,26246.267337757756
104442,11730.48355722693
102026,10264.54269892815
105992,14090.279307754981
108007,9841.44183958956
81476,11260.932791584466
82770,9726.546254462706
97979,14719.327776173059
103866,8095.820109498464
83147,17860.909306810012
102902,10744.818172222589
105918,24727.035057608533
100265,11790.564388386838
86165,11932.509625485905
107697,23218.235226034798
94497,25994.391127901334
83540,7839.588791554595
76617,21663.01725460354
88133,12424.55153940053
92181,25422.277405155015
90065,7709.93940436128
94177,17444.906661818
86942,10361.212209031137
82629,6946.19275257464
92087,22441.706437965593
94508,14104.514400911094
81678,11476.070950195899
88106,11504.205282256
82869,17509.496356313663
81744,24123.42295208335
89208,6774.643254459034
93035,23243.121378831784
94656,24716.409921728056
105571,10642.376732136414
86332,10368.134593856024
76711,19491.00378295526
87423,10610.067053870222
97343,22713.85872469206
89591,21436.41514854746
83291,4570.654309381233
76146,21758.543508285
86683,12985.034100202289
100726,11755.733989964854
102328,10532.824150724204
100991,12265.401889827694
98049,12303.959786012967
104948,16787.350071536155
103129,8399.389288501532
87892,14097.593876716584
90770,21365.13866226476
97113,17551.07791422264
102422,11738.5296805824
82462,12409.39322076409
99700,17109.627324022185
103799,6050.188823704344
96959,12297.630910831884
97715,7822.83234962207
90880,11080.893999337573
106632,12142.342009634305
102656,18733.48210703475
106686,8492.826779648596
97346,10130.518869708301
88283,8332.307781002144
102248,12530.039248129893
89091,10663.747006490106
100474,13596.84877591228
103428,10183.090225685184
82698,6919.621687275053
107510,8384.648382454248
99122,10225.345002564345
93152,10926.197560128303
78084,15808.488155511457
103130,9817.394040235531
95826,41656.57249255096
94977,26592.224189225377
90104,8701.339195580305
89105,4616.391422743926
95397,23735.955181066292
77476,9707.2842857509
80208,10642.376732136414
96744,11817.599590792326
81310,23193.515535769027
88688,9106.562077715736
100514,8754.435507262235
79490,22701.355613809108
89236,12644.81175609332
106677,11899.554801994895
90882,13550.607879541261
105048,8341.575263589013
92458,19516.360216333786
91682,14591.219559269955
104659,22149.988265659642
99559,12056.42929638922
82608,8259.57118709226
98793,10036.125733651932
101083,8978.068759255983
86469,11132.683365156501
106304,9572.290193929453
100515,10221.238502012897
97006,10921.781820715223
87531,4954.863421422091
88873,30925.73245861183
91700,14714.791100190358
90471,23381.500190596726
88077,19420.05623734598
95546,42778.39164839354
77965,10216.849993324291
91548,20022.160653766517
101360,16653.87121931841
89845,15436.979103273956
95934,24983.163637922396
103745,9751.662682949258
85862,13400.276305327141
98424,8650.017721035501
81736,24252.243766616833
93391,24608.43167944981
76523,26045.03530536705
83573,18794.026601166577
103118,6246.821219629107
84399,23308.917913885092
84864,10041.811070065936
104282,8921.800644847206
95389,20159.953268670088
108097,15879.59425694352
94999,7695.056722417646
99345,19249.640297908583
92946,36370.53234968158
104048,16638.01825050451
76817,19559.42348543504
90448,21263.057021705168
107837,9889.713690387125
91182,17569.852910849517
102654,10285.495447852241
95298,20081.989496353533
93659,19527.12814027447
87866,19029.655297091307
99990,15440.843366275714
102469,10862.13997234836
107351,13230.675591156596
82490,8359.396932199894
80756,16937.503054336154
82365,23035.157510881338
92332,15658.986744234468
77456,28172.595731195626
81007,26166.998988062187
82391,21031.713763718755
84647,19255.635240588697
76296,17478.733215024477
100192,8485.074507415704
84547,13491.51231321764
88877,18234.047508064497
84254,10475.681009430979
87836,7822.83234962207
85970,9437.40240836455
94834,13568.980388219852
107159,13003.504332903158
106800,8420.7744200786
101989,8421.98232482954
95604,24401.26776274479
103637,15314.471992609124
104301,11142.5380770475
83799,11199.993776075398
107855,13376.09399471254
101506,11924.67516791347
86644,14140.317072781563
81902,68606.81831779743
90490,9165.565817447376
76314,13403.501745108679
95360,25195.700121203867
96272,8050.021772914505
103911,11058.994678702222
106553,7683.6111125609405
106063,14591.096975907489
84179,11411.72988561446
106912,15568.821124702312
103819,10618.903069949612
94009,29421.970406491215
98285,19198.660235647738
81101,17533.001993029287
76806,15794.846486201834
79127,12476.38929986031
107416,11766.390227266927
93786,25103.420375543144
101542,13106.986649249366
101640,9607.553511793481
98800,17068.46874027835
91451,29331.2169821604
104033,15451.127640726882
105550,18995.218763311306
88203,13378.856699306296
77481,14141.05170678679
83704,14133.224263400327
94474,20022.452785449113
101924,17775.50795256766
93203,29441.251399341796
104628,16595.885056422783
93308,31281.805494562683
81984,26560.020061613774
93228,22843.910367581197
94247,19515.754109670434
85162,10939.942631805194
104670,23254.421013121144
80875,45865.47494309987
80850,21698.982566004375
79475,26102.968224060023
87229,11932.509625485905
79162,12074.771591537154
107652,9775.245049199264
89835,16022.449159143083
77430,23566.742875312397
97568,14744.044126625715
78947,40531.52076985056
106692,10559.680370354354
97127,6490.99797935509
80876,21578.2871434495
100152,10013.60196918756
88949,15780.736388494626
95804,37440.20211842153
106833,9256.832178720084
89283,10714.857963940432
78115,48323.62695458638
86941,13390.240113326408
104794,22368.53238277194
103892,15483.63890744054
90746,13615.205399879302
92996,18766.107435729158
88679,15927.764333331948
101007,6513.886805750107
97824,11103.351428853304
85138,12371.928955011266
87869,12697.822527175085
84266,11405.830176151849
88682,11241.78400883595
84543,9485.642326753714
88967,17530.383919442753
78831,17440.950014741717
80227,23520.158886188034
88995,10071.766635221858
95761,18347.064781339046
82060,17475.041512780543
78253,16265.266618886439
81193,23038.65720549551
97309,8050.021772914505
93654,21099.320552479712
91399,24698.51870296395
107195,36328.942262513134
82137,14692.565296123388
108006,14093.778118559454
78534,52975.20450781901
75979,28781.197128868313
78847,7527.125271977071
94746,11815.516327148125
76591,11826.168283894467
97366,14749.2111214148
88756,11330.121962495321
105074,18166.70917597964
107641,26274.968793862143
103717,17473.492199835975
92559,27815.37524697599
85453,7014.668739544508
91736,27721.09108002534
100632,11913.442911564576
93314,21791.1068465597
82593,10444.793556458168
105791,17116.107940573453
104431,22898.352881573643
77967,18253.907788657612
91373,22379.588858062456
86095,9303.694573301796
90950,22383.816664610888
105410,20126.316028155154
86516,8436.910824810622
79221,44221.87163364939
86603,17945.155406154896
84058,17552.96069185711
101017,10590.451578945873
103065,10534.398687751169
102817,12135.807693062212
106443,20862.580621082634
96455,14235.426678521824
103514,10842.71369596979
88407,17384.627518944704
104658,19730.586062588234
83823,11193.23936749304
106801,13136.798577958045
100859,10554.463899596069
97156,10013.833721692146
99816,8737.05684631751
87726,14536.712639993319
88783,11932.509625485905
107654,18392.533266147762
102420,8576.927235931154
104147,30916.223803297187
76019,8990.895076996623
86158,11330.64421328257
82852,11018.731990929116
100871,16728.370902393144
92537,14627.896296403671
92028,11082.395314228612
78319,8622.330413247162
77111,18503.14733703863
81426,17171.66845953748
108336,10050.820271646266
106048,24254.619953210964
108482,13908.730469938579
91336,19653.132358684055
101242,14052.768498000592
108309,20752.26150440817
106397,9902.10276360959
82413,8499.987355935902
79355,32282.874674495328
92826,27504.87994263231
102020,8352.072052758554
93857,28448.776453653707
88875,10698.888630704732
81926,25381.42240576776
79236,22219.338587497452
101106,15984.356301723745
99069,9633.688924933078
90017,8191.140873194239
101706,11755.733989964854
89701,8097.500571044686
96760,30582.147027750052
103901,13688.801189549524
96780,26291.446107319214
78905,8410.7633402662
101894,8882.406229249187
94657,14739.50553001885
93703,11025.128471052434
98690,8408.973318323428
90597,14639.027923296802
80138,22966.483472226497
97044,10389.81215051302
84258,14205.826133669638
98543,11351.051908215848
99833,12303.959786012967
99848,13903.961345658472
89178,8431.899431926448
105598,16450.931046550275
95971,26616.800054917774
94875,25180.47059096718
96048,8647.278232129367
82606,16130.660550423781
104545,8404.35051507536
85571,9246.31431827612
103757,14446.452078635719
80192,16211.992897726035
100422,8242.384701681418
88065,14998.016916823848
83544,13295.162285805076
76851,34406.74079172288
90464,8362.108204288588
106501,8085.248173506551
85011,19259.43378486657
102308,9629.029043288609
82241,67554.06229944079
100655,10264.54269892815
86477,10522.309679235737
90830,4794.185154438582
83274,19282.230800669047
83251,8647.306448946809
82122,26211.935270426562
105600,19562.05251933906
87514,9807.629379769696
82184,27738.019352340267
84829,17393.74523018741
90704,23248.574966313754
86306,10422.339741177917
105655,23067.23464482417
98964,10787.913727691232
87189,16125.000332570931
80116,17503.582928633823
78366,26294.945801933383
103668,8522.277251406857
95799,23273.07219093184
97496,15296.210251550716
107112,13181.698743701254
79698,27094.488949177678
78946,30602.36631989754
82843,8737.05684631751
108537,19827.353579065562
93675,25233.99544953301
93629,17732.827097439233
103134,10559.767703165795
76458,12423.953294097199
79219,19471.626160642405
93401,23188.42910805677
87666,10787.190193915238
97697,14530.70242526906
77945,8441.752833199684
76173,26291.446107319214
94835,24011.894120702556
86700,7788.618082657779
105682,30864.56204424316
88546,20028.64460646466
100486,10355.777313365123
98187,14704.074249644855
81395,17422.429902734817
104408,14649.569339328043
79922,20309.207645483308
102955,11705.060776281463
85515,12453.645020493585
100490,14154.527139026206
91070,35373.67607308484
81321,19281.35200225611
90925,17696.696582645993
91291,25195.700121203867
83986,16010.272021348936
91729,15604.496417088778
95830,23112.99271205197
103720,10929.973580918158
97023,15787.662594852287
84892,11160.412216673838
86618,11539.016713760482
93094,21817.31836967043
102487,10541.235793310621
76952,31126.52648641437
90121,9558.37147487369
89687,28146.914786854795
82663,11518.853011280402
80253,18195.19677955258
96004,19516.446249700788
102267,9844.077037950407
77777,20867.046206532854
85135,14822.488618645544
103806,10431.033716278142
88031,14447.896890943379
84252,10168.670540735911
80246,24626.65428943434
83445,11673.858384651192
107528,8134.5955144150585
95161,36840.914963226955
105132,29198.483754539415
107504,12317.186642411389
96720,19435.514742719217
86060,10708.447167094724
76370,12583.628470094443
102092,11203.072071519284
93523,20099.336309928192
87963,8737.05684631751
94183,22383.816664610888
77548,25202.455499971024
91116,27519.05134361457
100013,11917.587884818824
105525,20679.70375484309
104210,16597.956434876014
91137,13704.122485215143
101960,13459.142895351817
80662,30200.01978322106
84914,14396.142346175828
107857,17730.073473023604
94916,24395.53810413255
102858,10431.033716278142
88182,10385.27522919135
85339,11295.480871217493
98692,17126.599862985186
98460,11584.905043864293
101787,8834.89129493819
105924,13464.163564835257
81440,22839.90984117941
107043,15451.127640726882
98747,8650.017721035501
76065,15728.789169552194
103452,10532.824150724204
87162,12588.556145615501
85972,10419.215702743193
95159,24890.534173176125
81106,21725.253137782973
106324,20702.8435795405
86957,11308.469647996653
76900,9421.151171628848
99319,14436.543375837296
105884,20463.14122861924
82889,10962.281835466289
82253,68137.13862157412
80818,13210.813632520943
97074,18171.920384017856
103269,17490.370958090916
78298,14442.479101827594
87216,13134.477528740028
104853,6929.651516401307
96298,19504.815417887447
86803,10636.04904160131
91326,12151.074333595832
90948,21823.85265316377
102795,10551.567014946817
77163,14573.5413159445
93519,21212.021555126033
94980,12093.16032880946
106455,27001.573608497278
88860,10633.4820534772
76536,26270.21764675882
106556,20181.772978523353
103002,18455.004379920374
104193,8404.35051507536
98247,10118.22360050468
82529,10637.464484116645
90499,8368.918465111514
89400,12122.439080191472
94595,21518.99942955214
85870,18220.300113303478
88424,22735.07737659696
82715,14464.274329634727
76324,15570.329971810566
102259,6550.123767102743
99192,21427.619391455675
81437,13628.002419828594
97208,10386.848197548998
76420,13236.262234835676
107557,9904.502315758611
104202,19853.297049522593
83400,24547.84901179239
99664,19128.729496718835
87781,11926.047417024647
105706,30916.223803297187
86320,10664.667376359634
81907,35712.2815756207
84881,10624.002269011784
78575,8925.363587961985
101857,10551.567014946817
104378,15500.197906366748
80281,21680.06245778124
88208,18998.32150596951
85864,9726.546254462706
86973,12429.644663951325
101072,6325.2972834937555
102664,7858.533677643876
107949,9954.38960622997
88832,9723.024879270848
87046,4617.884552906014
98930,11594.150794618436
98721,16922.343523285028
103249,9403.822653691575
88230,7064.878460880787
103604,7870.094078245449
90645,8329.507589989433
94246,12065.338149581
93604,20242.749258977205
99287,14300.634282483825
106684,14522.550348999477
89506,16282.91978694375
98726,14726.766232466998
77060,14200.837925344102
107323,19788.238950005783
100559,8493.135039186445
94511,29788.56074002729
81367,22643.61504087167
107185,15585.797015668264
87243,6878.09255451196
93241,16183.472477306723
90899,21786.01402498036
92791,25101.74450185506
97429,9709.984626463094
81883,26270.21764675882
82428,8647.306448946809
85224,11615.029368754185
90818,27126.536590648655
107186,14568.384883201728
104489,9895.23699960038
77026,13074.445159510728
103119,9839.167433719651
79360,28452.649376720005
97763,9532.610228690597
81434,18698.968368913524
102270,8913.327445709265
86171,22612.496962330722
102255,11021.708402639513
91018,24558.728154209355
93219,12539.212888133154
107667,19430.24601946799
89301,14294.60084621522
106869,10608.791842428862
101867,13570.895847378879
92922,18948.441156286794
80057,23106.417354575366
93951,20325.323608776635
89450,12850.179539939705
99681,14637.367765699664
85661,14558.346267204754
76072,31072.525552431915
81693,23320.49226018508
77375,9333.036410562645
77649,31126.52648641437
105904,17085.054715708367
81679,22457.733910152765
105555,25388.577309339234
78762,14545.473002711882
78590,10836.540307302068
92784,17979.014627857683
88497,6553.57374763969
108413,15869.140863211065
88994,17351.469518575992
103426,6648.875537971846
104394,19019.279605320506
88703,13518.837295245357
97376,9709.911841926865
97470,17570.65136952239
88681,15902.406873187512
76599,21414.20875994988
104274,8265.179736050412
89590,9313.510791508452
79749,47438.18609537622
107386,14285.743429141514
94829,26857.064355180057
105123,10490.752471019712
97602,20773.021377330246
93900,24779.70852727861
85986,9891.7752578785
78014,20867.046206532854
90073,22689.640018649417
91815,17663.16329225709
88067,12238.50373968258
79079,31126.52648641437
97590,11589.481793715771
84491,9976.862885489432
81997,14482.494987104315
90875,19502.181928138092
88805,14998.016916823848
84708,15233.746169582872
108010,7087.758265814724
96549,10381.227714795994
79023,13876.259394201867
80493,24331.488142301165
98860,15118.084429961124
99938,8781.245779286157
91154,28994.97410298306
102202,11669.122342365243
76479,12689.436933224993
102548,18458.715438483774
107979,8808.312065359989
80905,26179.092467592644
82630,10428.773200220308
81130,18139.515192618925
105382,11434.795323440865
101905,13743.828650305357
103353,6844.271325689643
88275,17461.314526186387
88052,14998.016916823848
85537,18766.753897116952
82742,7046.665235832197
105960,20750.711608782643
95151,29491.322279126416
102555,10324.959575323435
87742,7845.980185413515
107219,20495.562574273397
106170,8420.33325726781
103341,8435.04243597158
98947,15187.660937345701
90933,17550.23557312301
107651,8179.269674087965
107937,10460.490563811723
92742,28405.794481679593
91138,21102.2241546739
100134,8413.320583236238
83718,13088.076157101776
86977,12171.825968003084
102165,10946.470732080596
91372,17725.877766575584
95812,22594.811452020527
98911,47984.14471299475
86966,8467.659439397723
107280,9475.869969893689
89020,11593.24487953066
85167,13787.865537915826
100394,8421.65228097212
93450,14511.490069132935
86838,10048.477347099242
107563,20213.893768291786
99692,18784.382859739064
103946,8402.697917893143
89586,10274.482248540144
90733,10470.681490679452
91071,18982.347788163548
89142,10603.528078899655
79359,17526.21499464109
94435,18347.064781339046
86980,8928.438963054608
92661,31025.896234294098
84734,14097.593876716584
92829,17713.522026848164
78925,23226.914914984784
88863,10067.788137513415
100507,13587.786984632945
97469,15010.908977161775
106358,12401.328501949907
94446,18117.28938955633
100068,8413.378809882053
80005,22616.0406236858
106548,7443.473301105755
85323,11450.603353085286
92629,54232.994206368
78057,10392.700638313769
99591,14430.605426583135
85307,15885.00093653613
92660,25101.74450185506
89525,8650.017721035501
90953,27694.181578285774
103312,10546.013435049832
107912,21216.2204815493
93292,20124.997662943864
81638,34951.80488088222
105433,14765.102941316525
94804,28448.776453653707
85666,14095.276626429986
87338,10179.488721735326
98818,23074.46471260715
91960,28197.41481076253
95612,21811.788735500886
93399,17255.83658019338
86492,10897.006122147632
106169,11868.49319813774
106699,14202.905019979304
102175,34929.360998851706
83555,8652.008875934212
80941,21042.83113088502
91366,15995.009653566794
98045,14340.899835220816
86988,19318.71568167886
89139,13140.79640034873
106277,12432.555439895079
76317,14238.131207092489
101300,11912.480318810338
93086,13368.558452090521
76936,16984.727220449917
80711,17593.693062309674
106659,10490.752471019712
78296,9928.547493182485
97527,8183.352554004247
104494,29320.13791982654
77982,25961.66003423684
86456,10282.866936074483
85161,15040.292197396057
100583,11716.981544926628
93063,13676.371274703917
85331,20158.71362984418
101731,13427.556658718144
97389,52391.968665342065
79902,18744.479698119478
89643,8048.7617475134875
93175,15930.996025455166
98389,8838.512570719158
91334,14767.319093248901
98514,11727.10505352454
95382,17672.620387153656
77018,9759.039876948886
76437,15057.276487676354
98250,14667.983741723314
77104,18997.82037460118
103059,9639.773949265478
83308,11202.902738328927
95106,16178.138990527772
88684,21232.05911452472
100870,15187.541232592259
103498,14477.858491616884
105342,26242.736520791943
81398,15745.137310169335
91833,24641.77178602178
95311,18499.022474030433
77369,26291.446107319214
86011,10147.891202509978
84952,10922.7661843147
94056,18146.498603664026
104796,11588.664195036652
101571,11774.131195827487
77188,16541.427593219003
94304,19476.222678083363
106008,12012.369452641005
79849,18203.849904495564
106099,22401.79332871947
105086,10697.768273734679
85658,11308.469647996653
102040,11848.784053615816
84343,11276.076911412589
104882,7805.732141233704
88582,12577.949189083429
90328,19736.207946202514
90536,11467.357334534017
90805,12308.97903450456
106058,27674.419284115524
78871,27134.479247727773
95489,26395.05965438951
76637,15751.888316569613
87818,8191.991310109558
84478,20251.407462769464
108394,17380.246349668338
91676,25176.9300197254
104964,6231.877138856632
78506,31631.37243342269
92557,23794.159177425576
90715,19632.27212904865
101721,9686.95597587429
80715,25433.36288457365
81705,22835.945837901
94219,22147.883448978107
85893,13400.276305327141
80550,15802.364359810097
86662,11236.720170471988
85271,22327.14473730539
107075,22917.179663939653
100992,12636.575970542177
97396,9446.748967048543
103943,9844.077037950407
78916,14108.455231371132
94516,17699.371981639648
105411,8404.35051507536
78377,17444.706161167633
103977,13628.241192303694
106716,11849.566094986787
88465,16628.639946856747
77421,10363.044459243782
88866,10422.986466032075
97787,24501.602303405452
85063,10336.61013068879
92555,16053.175052820929
83695,8640.082095187128
81797,17532.744270844032
104241,29216.137171798335
94730,17910.594613070276
105191,14109.313788064534
84112,9733.860243665884
90379,9244.765450619783
88992,8342.431418739736
77423,19258.529132243595
85126,7948.3223571012995
78691,39598.306208866365
80320,26270.21764675882
96309,9408.485601054384
92577,12220.158532249601
78891,13233.295511244738
86056,14121.882934691412
82129,14236.57137720095
102436,11810.958893984009
101469,8546.929393291992
95885,24917.491797288152
92879,21099.320552479712
81484,10126.17544235388
95550,42808.79290678721
102726,10743.254423236132
95252,21786.01402498036
90695,14761.87476633306
95863,22513.85634669187
108338,20445.87557244998
105327,21540.222679303686
91616,17136.784803835057
83077,11236.329430167933
105582,18138.813959839015
84382,8610.973368267178
99666,21120.966897326434
84818,17505.207739543126
78498,47633.502786484954
78378,39500.42428766169
82799,7062.068506847795
81429,7620.991958066377
107572,16277.253681980601
91279,23060.322484315722
100475,8517.460099096072
86325,10590.102564777326
76825,26273.717341372987
107657,8560.76706890229
82346,6789.6997958108195
86687,9962.51806248936
103471,11913.442911564576
78209,18094.375061274925
95328,12146.913375289267
100363,10538.579466984236
87672,10749.957028831117
98994,12447.07545864445
83549,10207.262812958274
96370,17384.627518944704
87842,15033.914325666497
86297,11933.833945290937
96716,20317.666929617095
97492,18694.09297629279
92786,6601.748382048222
78254,15226.226973126739
79291,20751.207073973164
96050,19085.52765072303
82240,22712.665410121237
107938,9887.229998857243
85258,11372.371467659175
92512,22447.01853755476
79919,26099.46852944585
101410,7700.334655202017
88700,18244.680802641542
91847,66917.34084516403
101835,8024.070947175125
99878,11834.606154805535
96318,10387.032804434735
96245,16395.41139808629
96194,22861.950377645866
97973,8034.178076672881
76985,25325.874812770115
100002,13358.961502018074
91364,19727.19417043248
106980,7569.944864305054
76285,14260.6202724114
101396,15314.471992609124
83368,8054.171771036898
92820,14988.409854816318
92264,13010.157299341845
84052,9341.663708771017
83928,9915.089255487395
105324,18002.76125308318
98502,7814.077895082335
94457,12390.62816840848
79073,18887.89780155829
92738,32956.79493228535
91008,25163.435257460977
76447,31120.74366976014
81627,14267.0008452282
97016,12189.751964989246
83182,9018.790524463922
95791,28526.668623776528
87449,21204.739192905727
90013,23871.3869331593
107223,19994.75693757993
96785,14633.003543308221
81473,21747.142879091967
85403,13392.17255308753
106473,11829.40790336085
81568,20528.911018880543
76748,14161.338058164672
77020,17447.63596341416
93210,25233.99544953301
103955,7955.70074522472
86509,14624.429012750319
78291,19024.268038281534
88895,11303.830029308227
98026,10487.766126326454
108410,22865.890374864855
88039,13735.289106051598
91193,98589.784734685
88087,4957.922228737918
88708,14099.39464852357
98485,11804.031950123252
89847,16013.34457747864
81318,39234.02078645818
103971,12020.901556447316
85649,11262.746722921707
96137,13757.368029394518
81112,22836.529745465978
87825,18048.074829496025
103890,14604.312346589959
92845,68189.1262921227
95649,25739.259836882466
79000,7200.862878128073
91668,10219.354740781622
94544,25180.47059096718
107024,19332.948270789682
79725,12268.806972331122
107343,22917.179663939653
107612,14432.015794113062
76647,9921.729783075923
100922,8421.98232482954
88583,11970.025666722784
90425,15203.140230559911
86258,8359.396932199894
81973,14167.465685163952
85370,15694.591634845105
107854,10988.738616158704
78195,9677.621904222455
82124,26105.414285756215
79050,17503.582928633823
78880,29051.07851750419
88596,13965.322375225616
89033,10651.171312858567
78792,11406.723084099833
98664,21556.18997433329
78544,8592.16087937718
89184,11112.942360104242
83109,8069.04394314063
101759,16653.87121931841
87164,15599.508438079298
104156,8367.291309286567
107607,27393.844079604674
99705,9576.485772784636
79398,17326.432889622753
98401,10036.125733651932
91911,24676.349098908915
88175,7620.412861080889
77275,25309.55295807915
88946,16264.446840136015
98293,10180.502207705442
95991,18268.17274882707
82196,11462.300685260285
78514,34493.23639419532
102853,13989.737999898185
93984,21892.425753581105
104689,27627.5626912766
98534,8909.93092492833
98744,12802.762430114655
100456,10348.076622614577
83468,11721.969429195655
104432,15516.725026961078
86752,16858.26098271656
89762,8650.017721035501
82788,19190.99450760941
105604,13385.467908990937
105490,10643.896488257002
79447,14419.420350290568
107405,17962.94621724391
102782,13245.438792675108
82786,9891.7752578785
100557,16036.25792324587
77711,19491.72919102343
104935,6647.416947933735
90750,15030.79265059721
94396,27725.083928387612
99628,14620.93261664307
87360,8956.360357194762
103238,10895.49873536497
84883,6054.571301610261
91450,24696.08404324961
96221,10287.679509976157
82400,26211.935270426562
91940,11415.098418070122
101320,11711.125886296995
88653,8048.48334536365
79446,25333.835815421924
92672,29436.00592185655
85552,13389.471013159482
89858,11840.878556172112
96610,12352.65983068659
90447,8650.017721035501
90357,14420.217198164666
83266,12453.645020493585
106259,34396.681493552314
84489,12515.98739021284
87875,15170.975135763912
78430,26102.968224060023
77249,13211.716481142346
84094,9487.266274577401
102218,13796.785873054918
97151,14509.531112921346
102064,11617.955324526978
97655,18324.658582345262
97387,12361.984572162934
97118,11918.362180878947
101804,13908.88263310853
81888,22253.861091475574
77455,23078.121536499257
99638,15267.248048402096
76845,14394.77213643735
85493,7851.861029846161
99781,6361.864849650562
79322,28383.84929060754
96766,16342.339164386512
80513,38529.675493370065
83907,19628.193178263507
93217,17983.43987287634
77426,8592.16087937718
105044,7954.524085571794
86573,10746.912069612861
95251,31401.051635725857
86098,7309.866063097618
93674,24797.5103600058
104392,9889.713690387125
82340,21672.449467561328
85899,22327.14473730539
85579,6414.430039284735
86725,10583.914011901079
104810,39797.26083380085
94570,17449.701336059756
89607,9987.139371487589
108478,17616.12991092611
91464,24451.28673305632
77613,18997.82037460118
83067,9248.977654987444
104585,21241.331706261935
94473,22421.669777786945
98756,13048.339931618932
81199,20756.017066943718
83741,13395.483733665204
84972,11328.825418532824
87486,13950.53130899698
92290,23681.773260245813
97049,8397.330936535358
81960,23040.85075089944
85765,12211.618161915381
81319,22133.157390627297
84335,10867.410275386002
98897,9625.52305615991
83649,10738.411948262523
89567,4819.069234430009
101958,8434.276888960458
108211,17998.520298551273
88326,12915.98294709372
106424,20164.520877432453
90848,14342.663320910713
104944,20329.666527044657
81300,36660.68883799547
76804,122791.28283669591
93569,17356.182698767356
76839,12121.841554693237
92611,25206.36183330225
76006,19488.366918319018
86953,10690.212383858096
107767,18166.70917597964
87949,10853.591121759873
95782,24676.349098908915
94414,21822.027496753388
98483,21441.45799902762
95988,14101.79308232844
98640,10115.28944307105
102899,6533.7684204538145
79367,51630.06438466343
88430,19890.82134906503
79428,21994.357202096995
76247,26270.21764675882
90955,22447.01853755476
100711,9709.852465467366
83720,16373.480090599902
93618,20078.68509039741
94754,13542.469975390168
78740,24566.436672016564
106522,20769.232152823966
90165,10157.251956886506
99615,7854.352181170513
88112,12643.085667197076
90759,23769.79099541135
91835,12994.368648258225
91563,27238.338230420857
92736,35158.36952259604
96939,20422.737628646788
100301,9570.223974279064
80143,21969.557702938775
108141,8567.643918787062
99743,8292.038285947401
98627,19694.703686832203
86233,10090.50961202179
104568,13471.111801552815
96489,8482.239902356187
79018,9548.467559226518
92173,23688.44173432817
81198,14604.994383112267
102450,13351.711118283463
105038,18412.410479228372
93284,18314.888605064032
85848,14973.290309121017
89587,11467.357334534017
91457,14635.626733194806
88804,10991.28376382951
97228,11930.886687723128
105841,23788.112713002567
107331,16184.317688067847
81008,13507.258378875189
81853,23361.814033544786
103283,10568.120789399658
79036,15630.050023284271
90376,16817.772018656295
97271,8329.339485749899
82967,10877.369404059144
83663,8365.071946296897
81640,21776.59701996873
99076,23297.272365823952
107790,17575.558180931675
96460,10388.148938393682
88286,19848.953671979438
86545,11928.635901258884
97634,15737.805197634063
94452,14706.284218715344
94409,19056.811370297924
104877,9886.349384064235
102952,11658.18164194312
91502,14303.301707146624
105695,8231.269878888024
78608,10416.129262535203
77384,34346.011102336364
82188,25421.435405291097
81054,14101.352074813456
92709,18503.10542548988
98260,11478.024141089585
78996,15592.277645347913
103868,9749.404652326464
81809,27384.34271586401
84251,8737.05684631751
103762,8493.135039186445
101479,10618.556935809658
90533,10285.085320850016
84636,7856.253665630164
103208,7570.278347949816
90274,10387.350121443702
87517,14576.697654623016
79671,30864.56204424316
81486,18075.924423107692
89338,24992.76688733754
76912,9421.151171628848
89675,12046.60811633226
101294,8309.109954488256
98316,8650.017721035501
82457,13956.194007453787
78558,14162.35216935001
107933,13757.04312108013
87555,16470.840233739484
80873,15180.578990774675
94717,18700.432359089158
78922,16011.038265437272
87376,9964.29503748738
79203,25953.98113577686
83801,14464.012208927115
80314,19757.75921324977
96011,9713.29131387776
106585,23212.23586293341
94122,21739.771275565425
101723,14091.319372391314
95561,18416.699402308135
82751,15782.940921125206
107424,20771.43993228866
108316,28318.322716024224
79229,7633.202521702287
104835,7912.754479184977
106289,10434.632559641648
89876,13837.389531419067
96917,10700.495895520857
85982,22296.569577081915
105023,16376.428621101442
76749,27546.402609969435
76453,20790.768219546528
98954,8191.140873194239
101783,11658.18164194312
96734,11111.32263581164
76884,12202.866424740609
84277,12333.428398350978
104756,9890.026457927886
89268,21772.358186004076
78955,18887.89780155829
99279,11191.273019680173
77361,22912.870393658806
97823,20231.70688833782
84313,10084.613627203287
80520,24626.869203445614
105472,26274.968793862143
77671,9910.451545990723
93098,26492.679572548204
86559,16618.175856722373
86582,14127.014420287991
79414,10857.621893209587
97179,15678.262266422356
94617,21791.1068465597
85780,6475.5621564074645
90904,28600.340187858226
103178,8430.189238588198
105752,20274.197476095163
82636,10423.423849360335
81069,16336.292575794609
76784,6996.415316230179
105061,35747.25709662565
100732,10232.982309625819
106562,9802.24849736081
102833,10383.53992455491
79029,15686.80460949157
91944,19789.640789909732
99849,8356.433190191587
85213,18180.799996710815
92653,20277.239161537622
90824,10884.505015744584
102752,13419.867453469764
106732,16996.62870139512
77076,16450.908758134057
101825,20084.7246713524
78920,26270.21764675882
107404,15031.179866689597
80053,7455.5454460199335
108062,10614.412325181866
88256,13470.500665349711
93809,25169.679951198144
97342,10059.289930578005
101308,8066.62841598913
94366,23736.736350061667
88228,8782.319681882087
91471,20881.25751373022
92294,16289.81215244843
92018,22035.102312047024
77448,30975.997178113157
91091,12269.580569672315
90892,14404.198366458662
93754,25126.90000480358
103644,10657.320424311085
101170,6822.482396365624
87238,15446.803943831601
103651,18693.419951075597
108015,18045.611487146944
96704,10129.712395350358
87938,11898.497275827833
82456,11937.379940288567
94735,24716.409921728056
79831,17956.576446998402
99435,15175.752704029323
77407,19344.44446941682
105163,11501.105079167832
90450,21301.10941530307
101144,9703.019783732027
85101,10045.09466959423
102152,10532.824150724204
96445,27455.93228684245
93062,43814.10725083463
100172,10264.54269892815
91519,21878.76081945211
77563,105846.12473670715
106245,12168.749010215297
78606,32001.575563316535
94171,16399.551735512032
82263,8608.89055687998
104528,8517.399571763548
90918,26175.87230373144
85512,10055.043858019531
88317,10479.599250163117
77807,11362.54720404002
96992,10687.68939779973
93802,21787.490401943523
108022,25252.964169583913
97029,15652.668529174129
92027,49125.89618281566
88331,10135.451690354561
81387,10672.31811789984
78465,12035.664538261073
104119,12468.825051895396
86438,6969.611094092012
78315,11231.70580106132
102212,14188.579974350512
83625,16114.722002924977
99983,11057.671829048997
93838,16519.20960085347
86485,11199.267040325689
99164,14620.93261664307
100640,15481.027724678579
91693,24690.241059258762
90195,8225.78214330216
85076,9891.7752578785
83090,8822.047981569907
84161,10468.635158848954
85985,15284.760379508152
84759,12386.298293269763
105838,7033.3799992110835
94748,14524.659446143949
108188,13240.752770270099
94465,18285.183763113997
81856,17333.81458872602
102715,10926.917234504592
106448,14610.16259045161
103923,6294.106782605939
79482,26099.46852944585
86062,8737.05684631751
95217,19914.811807248672
95712,47452.18710309355
98498,9550.77033026946
79175,13986.216862254374
82244,14584.202023116888
91792,30058.81189501001
81626,14148.064994156357
83185,17461.314526186387
83134,11675.488311332663
97667,10121.596556310045
90780,15880.483348632679
79383,23040.85075089944
78440,31171.249797994155
93657,17285.374626924196
98771,18634.506400468472
103569,15106.696107860373
84696,19766.705360866465
104235,27030.17592399433
89916,13329.777781908422
108238,9722.285811298316
97737,24295.52418427146
95184,35577.478831571105
77985,19891.006814762666
100680,15603.711909546733
105919,31071.607273851205
102177,11280.327806193109
99133,8278.761234356674
85097,10037.696882355995
102464,8424.087215487807
83036,7744.28425630612
82142,20814.061101262374
92118,13918.3525812367
79734,16130.75652141295
107861,20760.660487705027
98253,11519.129518900829
103183,10387.421367870847
98112,13272.334808381962
82339,19198.8630336703
84875,17267.127356415815
99774,18952.474432008563
101808,8189.766463257506
88731,10362.535756836916
84055,7077.1672705547035
87777,10113.257423915904
93362,16162.17676628204
96195,8298.268419802986
87650,9871.743807757533
105329,10008.194762525574
84167,12734.59068971639
79667,20263.509655686572
85111,14292.868834378514
79561,19976.437949761163
81753,23035.157510881338
99584,12419.72128030002
107389,6820.4818421210275
77634,46207.69718960975
97353,11124.686293006562
88362,7854.352181170513
78923,26273.717341372987
78687,20352.246509312234
79611,16138.58820278297
97264,9706.840433197343
104372,8625.176992071567
88340,10749.155717820795
81409,10672.31811789984
102716,11793.533945502217
100489,10814.004675097807
86616,8647.306448946809
96450,9809.704024929368
103898,12600.877775520663
78965,12371.363871346724
77910,11183.368977242722
85534,8071.569227209558
81814,19971.970784612622
88537,11199.267040325689
97930,9553.663820007012
98346,10115.28944307105
96397,17613.982325750956
106812,34396.681493552314
88599,15916.138807206016
102760,11808.78870624971
94884,24693.133843409807
77319,31171.249797994155
77255,8613.194183642561
79483,16191.736319050075
93869,18139.50615874824
78283,26261.27220417526
79491,13219.963957007152
79679,17809.894995034705
104817,10308.646038739407
81355,45577.4200166397
102513,14714.476646014155
102311,8883.857758079548
94639,29296.65931640901
92057,27706.086253450514
108057,8518.460905432294
78415,19872.706634690716
91755,17964.199829170182
94507,14158.098042599062
77368,21279.335056372092
88838,15290.665522392295
86482,11986.074311545728
103032,9040.971624306032
101482,9715.346873019338
95744,18302.492607660806
76424,6993.222608340862
98537,15116.237606848279
100039,10929.973580918158
76025,13394.466775855197
82426,7697.598886316581
88387,9549.971177031364
100785,17280.599384978144
84030,9942.324893552453
107046,14247.155890989745
80159,7930.016778918113
81743,29076.06698253435
85348,10479.599250163117
79901,23075.119745399243
108373,19739.76464888452
79436,12003.33915666039
83626,12413.558369380262
84211,10362.535756836916
107879,7100.942679676794
107245,13218.294918363848
102868,10551.567014946817
98034,14259.25359999229
101634,10532.824150724204
78902,14303.790808566007
104908,23354.937197360316
108265,10614.412325181866
89613,13720.975332688828
100852,8254.308568146178
101045,13237.32651309884
98194,15192.599855354374
87876,11316.01586029703
88436,7411.089072561936
103563,13738.664112240516
92679,11929.655507799722
97639,15946.856879389336
101310,8657.465391238262
107398,23962.131602961777
98740,8356.433190191587
103081,11048.2587600637
93701,32034.88145047247
88341,8391.502110829262
91276,19329.52487719326
78877,12678.590015508255
100579,4334.504825155682
76474,19049.04411190193
100963,11180.866271682611
98672,6779.330723724128
94737,19988.022414683815
106382,8066.174801857009
90771,23388.611978823243
82118,20011.36223107286
104839,27394.11097741344
88881,6573.117240794064
91400,34850.19333037282
89615,6206.890201099174
95916,29165.826453877646
99952,10756.453253785487
95605,21958.873232000657
108251,13251.340229619314
88507,12644.81175609332
97142,23035.157510881338
97129,10989.780026358352
106320,9414.28529736938
104569,8037.61355821554
86018,19085.808048382332
98054,8362.108204288588
85925,15040.292197396057
82859,11405.830176151849
107329,18430.78796612095
90943,25126.649754254984
83393,8197.091342698846
108091,11706.132300784595
81571,21442.327081844596
102704,9567.593637406568
89511,10102.59327637741
86361,13400.276305327141
86449,9856.720613413505
91048,25224.761638273125
88932,10135.123199734333
97096,10380.148779677134
92493,28894.9344758263
106005,34144.96888568807
92101,19990.321381475467
85618,11920.19816106166
92275,10610.13331271339
104354,8239.24114392006
100165,9851.18316948853
102137,11153.125047609145
92251,12256.915216829226
102299,18627.02541890205
93358,21833.644427476578
91807,46708.6754197654
108402,17422.429902734817
77155,21701.606997203842
79195,23178.86263583893
96974,10073.542113086147
105848,8404.35051507536
105425,9490.688598146862
103620,14050.45585567627
79238,28296.01904695044
82292,16306.858673327308
84451,7004.631085370216
93942,24456.853401835284
104577,7870.077792877578
105690,26105.36489642584
93421,13993.75682432751
94411,18224.55226100933
103746,8366.217351686719
104927,13893.05439588771
105798,9886.349384064235
88601,8492.556124118611
87898,10546.665571001005
87580,12192.098100445253
106294,28318.322716024224
83194,10897.006122147632
76073,18669.603207320233
98161,10031.985816697044
99152,7856.253665630164
78180,9761.260628590051
102662,8744.27301390259
98915,11907.797902168893
103302,12283.199025803578
107764,13836.749487478512
79227,21975.451162241545
96799,12357.628866032188
106081,18431.894748149494
107508,20771.43993228866
97995,15267.248048402096
97586,20618.075038580475
87104,24080.022353416207
92790,42778.39164839354
101900,11824.064966601902
107104,12444.023712879578
93384,24294.40750595291
100649,8834.073246951144
94525,24690.241059258762
103004,14162.909384073793
81477,51238.309305873154
94774,13568.980388219852
86403,13965.322375225616
95958,8270.646896030243
85977,19152.493761882157
106000,25966.0817738261
80189,28008.747980769927
105330,18077.86356385905
98119,15390.69870617527
108242,14756.299638184903
86122,10849.998300023693
90847,17175.625099881712
78649,16968.401071299453
78043,27850.87631834131
83454,16577.399266208282
98842,10115.28944307105
80378,35686.562654485686
100525,11228.75622406391
101979,9833.301538063293
93192,27639.245519403798
96062,10565.610274300827
96319,9982.86819745071
81121,45995.98575105227
96527,14742.82286078757
76762,47856.60042582931
89658,12395.722829807668
97136,10381.227714795994
91941,21804.962420607157
107113,9890.026457927886
86846,10708.447167094724
102674,13205.567199873853
85905,19118.477636012536
78034,12370.592697927523
96919,9713.29131387776
81474,23021.594886833413
92121,14532.008961707348
108308,25251.923212310743
105113,17779.620888763857
77939,31126.52648641437
76253,26091.54725563592
86272,12752.76915318776
103786,10568.120789399658
77663,19559.42348543504
90143,14759.5883980788
83487,13820.947427938345
99629,9550.595834146266
78016,47521.32328451829
97062,14071.470633035653
87499,18288.74176992224
104580,6659.084171449108
92086,19950.0424219713
81704,22712.665410121237
85458,18140.322674101535
94697,24692.175056056232
95730,22362.26451524985
95533,27469.166321075547
76852,10469.79331227231
83813,15625.411518715939
91465,23380.21589968337
98380,11514.829854631404
86923,16913.959178498786
81159,23410.912959033376
99462,10115.28944307105
86553,8359.396932199894
96547,16606.812714149066
77542,10762.090638035143
91704,26777.070858049265
103567,16044.086216845368
98508,13235.831210252833
94989,8367.796625700403
96305,13322.160288815296
103772,21700.083329531382
89923,10511.73986406549
84616,14685.354514628601
99970,10517.041954725344
100286,8300.965181553733
95785,18246.076522099513
77239,7659.2139530650775
103828,9734.086096904382
86204,21324.05296020102
96855,10358.184591529203
90132,9707.188167392449
83949,7120.4363876042435
97042,10287.992277516918
81439,8549.823245236843
78200,23088.682369447164
96583,20112.247063752497
77935,12394.142722492157
91759,17773.308633818597
104912,18474.563744883577
95613,17430.539443803613
105447,8404.35051507536
89828,14659.48624530258
97297,27128.581386857928
107599,16389.16317907665
103109,8195.441477354509
76094,9559.23924114822
104324,18691.779711020245
82877,18337.865981821717
88953,12327.191624166204
106644,15834.591743509021
100086,7244.20525733812
103949,10920.062917351792
87447,11199.267040325689
103384,10946.470732080596
108506,17123.8230138776
82045,18172.004670381615
86346,17528.427372615668
92643,30879.04867589797
106532,7952.980197741947
100209,14446.452078635719
78371,18142.48539450673
79815,21682.679884707097
99946,8614.187296683634
85965,8647.306448946809
79558,23394.958635878287
108318,17149.93861959139
100907,8435.04243597158
85301,8314.741321316438
86214,6953.824635220862
76307,11035.256080850995
89487,10359.19587823451
90272,21529.793457503467
92470,21531.01653800565
89056,14628.857372966346
108376,10281.278305780641
90393,18053.541417449553
90202,8847.285237525919
95164,14965.274850454147
80501,21905.904335722782
80614,26105.414285756215
86354,12059.075899973775
103851,9795.188177179312
91517,7976.916194840236
80179,26270.21764675882
97710,11348.072115134906
94083,25214.280459645626
83733,10982.803120298548
105032,22201.027894439332
91064,23908.956700027855
94799,27706.086253450514
105548,19734.889256263796
94248,41831.83029424203
91984,24692.175056056232
105390,9617.175950758707
84137,6772.246276093036
84643,8359.396932199894
94173,27732.331348042502
89789,13941.178036619156
99329,9553.570971659992
107125,11017.898329221196
81011,9021.806388582774
92062,54072.62521861327
76630,20125.924964605383
89022,8359.396932199894
91463,24658.7042423146
101563,15428.26247075474
104307,26302.432639430273
95572,22406.99540583327
91019,16397.03270716343
76966,14590.996262489727
76916,26270.21764675882
82319,26106.02103407946
93863,20063.836579322295
96798,30916.223803297187
87072,18282.833646458028
92771,17092.83364064361
105915,8066.174801857009
106830,10490.752471019712
88798,22696.248129176358
81750,10089.775995800528
90415,10504.157248742855
91110,26835.287288414598
82187,15676.52006908702
102386,15104.457381608683
103517,8487.305628249587
86270,30452.187347188687
83526,12238.50373968258
83728,12370.428259318664
76878,9062.710772461562
99712,16993.30388760293
92556,10425.781741777315
89879,9731.154093255132
85276,8263.830188623284
85272,10885.615888086219
82645,11330.121962495321
81445,17011.846632186116
97841,15564.420214590564
97088,20122.5981605439
87735,9898.9459300826
100748,15525.256970924578
94315,27915.430407601645
105218,20296.886728597085
79295,18703.131006303218
85482,10862.71156650434
105112,11138.248147478711
98458,12315.47960414205
98177,11413.92710926292
92392,19484.868761882517
106885,9516.814351443809
94239,23430.065275919325
98355,7782.6257201276085
81111,19323.00850369299
101464,11762.604570079964
92070,24582.316168403577
98707,20995.456874833235
91095,17373.35318344854
84486,14446.090301288528
82898,17533.001993029287
108233,9356.963906104176
80001,26177.703037921794
83538,13930.74921790793
88563,9499.922940182974
98871,8632.974206898041
80645,48689.959007472455
82054,18482.20043995677
86397,11281.61003517943
97865,14845.069989328587
81700,23068.336295625664
100417,10909.438182949883
91017,18925.039210523635
95218,22238.31219246138
105519,8687.952243557917
98097,10115.28944307105
89232,10803.55525798315
104997,14396.778901548047
94952,48565.04215031251
87017,12358.107710226868
94876,28448.776453653707
87741,15170.563649597309
82776,10179.488721735326
106221,17550.50780729252
100602,13220.490823525639
105337,10491.065238560472
94476,21362.501561730132
82899,14738.824637781927
79145,31126.52648641437
90481,19090.890801878348
92396,30437.51122810401
94605,24118.759421274863
101668,10880.133493130586
79742,9197.819195342476
84465,15387.326563014296
86828,11361.826667102414
84944,20283.048320450995
93680,25233.99544953301
85778,8887.658232901991
82841,10479.599250163117
96597,30386.291545164182
106852,9978.835270168633
88003,11199.267040325689
90461,9944.319575108035
91184,14006.785017271148
88055,13958.074585047498
99180,11700.698084304906
87766,17378.846308197095
86691,13612.166994835432
107751,39258.03407481064
94882,25180.47059096718
78637,23120.412915695164
100601,10551.567014946817
106271,9632.739313189173
94355,24310.764704539404
103261,10889.733045052852
84449,9412.419040041192
79799,22990.789501755597
78481,9761.260628590051
76569,21063.551941560952
90516,21291.234396288477
91054,27465.398550254624
97435,10296.1498485164
91203,18818.468224654654
86130,6374.7337438218
93768,27725.083928387612
95494,24911.79855727005
94319,29367.811704878317
83638,12626.217648168029
82289,35279.25189509915
107990,18435.211832900433
76261,9515.335095553712
103466,13358.961502018074
91403,20006.35207828333
106025,14482.494987104315
79465,26177.703037921794
102871,13655.496271227454
108446,10344.506789084355
107305,21756.891095450803
80190,23074.68680832737
81649,12092.05460062546
104611,13342.927320007158
79821,18454.45376923367
106756,9147.536461161422
94209,25224.761638273125
81524,21920.11477183813
102947,11906.11176546312
87868,10697.794062387433
95933,18506.660613286746
86850,8309.495035222048
108381,14591.096975907489
88771,7398.9491553412845
83105,11947.748302258477
93264,29246.68436836858
93240,25017.81196389756
94060,27519.05134361457
95003,14347.13109955734
105812,20826.247267975483
76675,23630.448809999474
91421,17647.824493927605
102047,10532.824150724204
76316,17772.988081817442
108385,43523.11264739645
80043,19290.250508057423
80122,9724.697490125001
76885,9518.930234585492
100765,13943.690441011573
90748,9965.471771511333
90799,13934.496318222684
98792,15267.248048402096
90085,8362.108204288588
96967,11539.450922724993
77008,23354.906564196946
100132,11842.447422209281
90720,19978.49994937963
105966,11019.580262592253
75981,14432.257447196494
83312,19257.835556510443
106478,13068.617535855343
107800,14051.698957150837
103769,9991.912528145467
91814,19522.570574411122
92683,24570.603913960596
93319,24676.349098908915
90670,14786.493963498639
105982,18418.94463315029
96565,9471.871701773302
89299,20131.48750805699
87406,9891.7752578785
93260,46689.07328958538
101201,15314.471992609124
85414,13389.471013159482
87273,11489.44693230637
77653,14482.494987104315
94848,24682.471991488364
81983,14251.18347725056
98927,11128.128046619142
105078,14453.42909191001
102825,11343.69675948493
91211,17823.1360983786
83862,8366.207193022821
76624,14216.41460768704
96502,8302.755588649949
93149,27452.574789986284
105761,18433.458207546762
81327,8521.505152718419
76688,11722.412171291397
99302,9564.977907937367
89052,30872.394958157674
106892,22162.087038057307
97157,15737.805197634063
87715,15097.07569251893
104669,20204.450165182578
108522,18032.657793021583
104725,28230.49247236712
86473,11198.99955857617
107402,25999.79098992639
99376,18275.529756134947
105473,8367.796625700403
101761,15314.471992609124
100229,8309.303700428378
104122,7128.163024116743
103433,13851.690362931107
95259,25107.352571698964
76691,10598.795057516136
81526,20437.323715272418
90817,14786.735353480159
106577,27928.86189969207
105900,15866.334774096036
86342,15604.703987686578
100902,9584.65283022447
84715,10110.068631251297
90605,11926.54271316555
80255,11806.06306796447
84484,8106.412140740947
82894,7373.814849124332
86148,9871.743807757533
100981,11602.150755359666
104559,31178.885425613436
96603,11762.06442502153
79461,13530.523067076314
83864,10369.31006505515
99364,15072.554045443943
98182,6362.96774379602
85145,19192.269956579476
102591,10976.392274945945
91416,27567.762102612644
89032,16099.83940986749
98530,10197.196673271537
98214,13273.181525381457
87931,10723.174167651961
90835,20264.801304186913
82398,23035.157510881338
104749,7533.190967995575
90735,11625.118291536543
105444,17781.44807835264
90324,15750.10072844824
102500,13884.68338366687
106702,6594.572018526004
90727,10266.011909999901
97427,14226.988938324599
99844,12179.751243814742
94541,51698.58115174558
84483,15886.086651576099
100773,8984.973630113636
97910,9171.3219140273
97461,16600.953202348777
104846,9325.301329159714
83951,18335.674671421595
90276,14759.5883980788
85508,11480.275879975448
90153,12435.52930733105
89830,24398.0125156616
89708,19970.62469895771
98504,21414.32604954016
80397,23040.85075089944
76172,36542.44249915416
85446,10753.953199507709
96732,11635.048573599644
90781,7031.296919629468
86208,11164.158043698717
87814,11372.371467659175
90938,26973.73648831909
91231,24202.35508827955
80979,20123.505333085253
85098,17862.57300038715
82160,45995.98575105227
82809,21943.231474861703
86468,11932.39739761163
104758,5254.386622463508
79772,32835.95540509326
94343,20359.60378472915
91304,24744.343770447507
88751,12478.650618243053
108437,35731.148401189355
94059,25189.144933192823
101856,9208.58984510542
76319,12127.987854309562
77918,26270.21764675882
81976,30438.883445914053
108377,19542.747149379167
95984,25233.99544953301
102208,10532.824150724204
84420,17511.03431204609
103716,16656.633403409105
106428,8663.630486049162
94602,17460.917922574936
101119,8240.617880243524
77387,12437.348883418292
107227,14761.468142645983
86164,16849.379020174674
85096,14172.741788774063
108198,8343.69941796097
86401,8647.306448946809
86386,11316.01586029703
82726,12638.406407734643
91977,25186.163830985282
87805,16286.138653149957
92810,61710.14376228198
92387,31558.055459209492
76117,17268.483534446583
103862,12036.48435767777
86962,14011.832868207795
77023,46054.044626359006
102863,11138.170622541898
85375,12865.638632296006
84363,14683.520238772579
77485,11443.037656016426
99266,9932.013936318206
100253,10538.579466984236
79037,12366.202102175479
92228,34080.84265780449
84144,11211.641921508945
96577,15814.298848691624
81837,10847.156246565228
77791,16857.317915364114
80717,15366.106636455666
88865,12379.545688152502
103611,13427.556658718144
96150,24903.35199676362
98071,21153.47321694797
90964,14296.066537339533
108523,24281.229921671318
89431,11583.464376405353
107595,20224.9988121895
94778,24115.84491470083
91385,17817.962719165844
99288,19429.07992814767
82885,15209.233019025412
100437,12710.556863131043
88938,21940.169688265192
98801,15175.752704029323
107023,7281.28741770972
88675,22898.180436159673
90159,12087.823712741403
85804,12104.093165806646
80088,30377.50694466607
94929,27328.655274278502
100421,10532.824150724204
90603,11063.572318919987
101899,11780.272415467867
83201,18097.104447586895
96023,11064.859494019513
102019,10551.567014946817
106863,15243.47167206054
108263,18442.46433347445
100605,8427.407597232152
100998,9483.980827569878
105544,19844.407513606937
104343,7882.256700018153
89692,8342.700760403039
106309,10608.791842428862
86065,11253.034011287742
86436,11323.734147191944
103991,9844.077037950407
92712,42470.237112215014
89709,14057.299426390546
95415,24676.349098908915
84959,21736.17375076315
89069,16125.404425152092
85580,14921.07190953051
100728,10811.72799678816
80638,36046.261881631915
105713,9545.089831772297
98494,11703.630005881192
94819,24965.32341583588
83800,9824.82661448782
91085,18023.214015066384
102276,11185.85134231087
96111,15861.702819096274
90891,23388.611978823243
80010,9430.074229618576
99501,10221.780967838553
105431,14482.494987104315
82161,12095.516273304911
97426,12038.441455416714
100242,15314.471992609124
102470,13205.567199873853
94769,31450.892906179502
83472,10741.975982988313
81138,26099.46852944585
82719,14950.194663974979
97305,13569.814711176685
77744,12313.407497869042
83536,12351.799253118195
85355,10459.880567582908
84273,13772.190629615909
100061,10934.118554172406
78109,20838.4420455599
86119,14431.79972610903
100274,11493.58125382706
90390,15199.505431889369
93338,25186.163830985282
97460,10355.843854034805
87833,16473.321593114113
107064,21220.556236679804
80942,8928.388705521174
87473,11581.10126169026
105869,12138.074899747768
91776,25055.64434107808
85853,14120.559829846341
94909,26193.042630186224
82407,15829.447520621496
97633,11737.298335152671
80176,20765.485666315526
88572,7034.780966048344
97971,53072.62924065247
88633,18082.245385090988
76234,19479.187532623917
98579,9718.712347601544
90034,14561.423070434917
80857,25018.896977838933
85633,10925.460729484095
97760,20565.174147228416
88831,10867.441334221263
101303,9371.412305909242
104373,10346.228943939874
83512,8043.3806234677595
102692,12789.3179536741
87092,9013.859077221976
104305,19901.59804782517
95344,23766.604935337138
76629,26108.913980370384
83699,9896.108344449929
99290,9783.692897472929
93528,28496.302546732793
107251,7041.252589034053
103980,14050.45585567627
94469,27254.37834228321
96448,13787.04234762084
93511,20080.8532887543
101249,19743.190087382314
90543,14547.491161440788
94928,19399.043542303552
102623,10380.294403610495
79505,15750.141328038257
90175,15194.273972650148
77417,10635.56086223674
80974,23035.157510881338
78874,11998.198449089217
103376,8352.072052758554
106490,27393.844079604674
103267,8639.981569505468
92434,24808.687858912017
94016,44694.80302677381
107217,22789.0529311115
100783,8034.209575023851
104306,8588.921544466537
107691,44171.19770203618
79101,20999.54414463306
79607,14236.136941111617
96910,11607.882499694817
104648,16690.31585234831
97752,8737.038940384113
91917,19514.984980058125
78307,28221.747349151083
77462,8395.660157208546
92958,95251.83435298981
92148,37555.524881173376
93317,25779.916862301354
77824,20570.74663240433
81043,18374.360139573728
77339,9667.593888347648
95942,23486.183081186875
106865,19561.453586573312
100781,14422.845902983321
82907,8682.835533243313
98541,23390.632660672123
99032,7084.478731004826
94935,20035.119152438045
88567,12223.483319825873
103765,10532.824150724204
82436,10369.804812223527
87940,9925.912341416873
83542,19137.310895437833
80229,28315.087940599235
99988,15960.40041138537
83379,14807.161812325134
100404,16682.903399685267
76340,15567.257992112343
104105,8294.20827873099
107460,20787.582915829622
83058,8647.306448946809
87987,10056.064809764457
105926,8179.269674087965
92263,21791.1068465597
76100,10174.443879240183
98059,17204.87969976689
97622,19227.540914263573
100124,11769.123797318502
85132,15333.327321125671
90849,10287.679509976157
89461,11235.393790563541
104144,30864.56204424316
76429,30131.006321843837
95660,40400.73186679202
93649,13141.072135447543
86295,15040.292197396057
91313,38429.066491870886
77778,33645.838180820254
76003,10163.63002168814
96131,11698.133255415134
80441,16090.31826407344
107065,24817.284830531105
87237,8408.929179400453
79135,34406.74079172288
79471,13557.552989880372
88444,10626.768345044904
80954,9828.933070623925
87030,15248.406123391618
82803,14027.71177947424
92307,18060.79088845017
103846,11912.480318810338
81505,52646.06374014754
96454,10088.140242511125
92723,22825.985139263208
85406,11773.287074803278
94692,20126.45770437506
96459,10822.941376754796
97045,4957.922228737918
88125,16381.793640938811
107173,20787.582915829622
86708,11773.287074803278
104799,8055.561410363484
99726,12055.85758210349
83300,8341.739774607844
87117,9001.39173390308
100398,10600.634463605236
82731,13800.340992089894
106322,28318.322716024224
83937,10709.951216661968
76509,17233.44308173023
85158,11373.957508463775
90411,12689.583688098613
79751,16889.728359507506
103864,7881.138113758022
85183,10337.853800395407
83429,11779.062051149105
104401,7346.196516080629
102908,9720.222952919734
82107,20608.932703083312
83546,14975.760191870078
101326,10038.992977049536
83489,14120.185841866643
95464,14447.749258435899
95312,19719.08431258594
76958,9421.151171628848
87284,9932.586906769046
93565,26540.597357161292
91521,28608.986653087453
103751,12566.81851553629
102806,7561.691293554452
83404,13389.471013159482
78539,21391.765197647394
106376,7039.587150666036
84742,16780.83951852107
80991,14487.720200425456
99185,10470.681490679452
81160,23035.157510881338
101309,8299.808743709676
96620,23035.157510881338
85514,8805.889496923046
104504,10498.487921463357
90442,15249.1018643883
78824,12416.59311457281
93907,9981.684479439815
92574,34333.77743311538
87966,10133.46533305924
84013,7500.255453435728
76192,11924.64465979248
101039,14153.655621572301
93377,25739.259836882466
89911,16593.170317630396
82649,11308.469647996653
92244,28448.776453653707
79456,21975.451162241545
84577,9446.68029553836
101829,11817.226446446935
82454,10481.507583492456
90738,11207.973875854412
78614,35931.465818192446
105723,14123.008844186026
92281,11342.05444875483
83361,8144.679625216205
87484,11111.534992283634
94268,27080.77092151476
102791,9489.5820510132
80098,45682.01629437625
91058,15226.669874681053
94029,25169.679951198144
88543,10526.365102321799
81670,20003.810056903676
101579,10532.824150724204
78436,14395.046968974677
106875,13232.428396233461
87655,17436.628189797953
91929,31271.9855417254
91251,21878.76081945211
89471,11065.792095132394
97578,8313.70309573793
82672,13940.342864537693
78444,20276.677537953114
100808,12632.604584792209
88869,10369.804812223527
85357,11810.03151883486
89167,12317.572273817423
106862,25784.18237534505
91281,43632.5311577824
87788,13965.322375225616
95287,16380.710204561654
85680,12538.235151448149
94781,21164.925228405762
84268,12798.498050508306
91867,25186.163830985282
77714,20813.3239015887
103499,10551.567014946817
83996,9941.402070714727
84187,14997.049853681514
94237,22189.256387319703
86917,11199.267040325689
99891,17848.76652953811
100901,8650.677970397108
78556,31117.984602071578
98139,19164.049351628735
83447,18324.486606651328
80732,19048.73051843478
81168,17216.486956537727
101789,6647.981800187262
96183,17551.07791422264
104888,20812.220916088747
79944,50308.76460474716
84752,11081.37109824716
99274,15813.29802772038
101601,11777.812598832106
100509,10757.020378531843
83579,20624.977717784168
78657,16448.776287291974
97894,11000.413547814713
98305,14349.048915964677
81298,14692.654466335789
98132,15408.66932364735
83681,12351.799253118195
103875,10551.567014946817
96447,20521.644192937725
105060,21220.556236679804
79150,47615.1903400548
105628,20663.158070945545
84027,11360.874130172859
98984,21568.436448649078
103343,9991.912528145467
87304,12328.808234842007
92483,28600.340187858226
78555,19617.560612184923
78697,37276.42773253307
102830,12356.403504085853
105192,19871.642169977138
88749,11360.874130172859
97670,26754.869705240966
89034,7617.520662280417
101691,13199.713961939315
79307,20434.069980996435
92856,15286.140524124045
85540,6774.9256712683755
86841,12644.81175609332
78144,18997.82037460118
106175,11428.760287503765
101199,10551.567014946817
106284,12008.726503730542
107920,4977.826840245924
85677,18618.111157228315
80672,27131.474729397367
87751,10842.789167876552
81660,23139.68629064643
104608,13361.57466630337
90356,12244.056366078303
96037,21612.5864725084
85376,8737.05684631751
94596,12210.3395146547
88457,11153.075625392554
92475,14556.38052962741
81195,20416.28928115586
92529,28614.771756776117
96471,15417.158096823878
107840,10822.135440388634
84210,12307.212194469814
103192,14083.194268964662
101468,14404.674704824878
105529,26440.743383264904
97367,9438.20435573454
86100,6844.681692150203
106778,13440.298048386638
81881,28148.1801499382
89597,10958.936849026968
95589,26609.74616369941
78552,47342.13135589901
105240,20628.539548136665
83448,12324.958059810737
83290,9891.7752578785
93867,28605.537945516233
104187,22917.179663939653
90760,16100.948297682222
89599,10266.32467754066
94415,12358.593574314786
105080,8487.772954983813
100371,11828.218231066316
80360,24700.22351330947
101046,7403.837812204747
76264,14417.688417717198
93041,23557.83818582992
104160,13584.318029145114
78058,47674.69536432326
93770,15711.913835155687
101223,8421.98232482954
101983,8620.364319749522
98730,14845.09612815318
89800,11045.160849179601
88196,13070.950275930614
97641,8050.021772914505
103870,10532.824150724204
84704,7766.0477680589975
77526,16897.11945497879
77738,19977.51142682734
90078,6374.7337438218
94292,23486.134110252067
78838,18284.600327404143
81836,26105.414285756215
80276,26025.6631396192
108312,16810.015061388316
107467,20450.750965070703
79713,19344.061192029174
93468,40309.640111443645
97220,19153.899869399276
98297,10115.28944307105
91141,37478.74075512802
105107,14351.07916829885
89334,14412.293089806679
80077,23249.09828822095
85326,14089.413174910584
88677,13109.083596148655
86517,10726.97480325374
78770,26177.703037921794
82840,15604.703987686578
84256,10461.50555043063
92318,23934.039605217098
92119,19195.06551506345
94970,24980.989868207234
76714,16950.037935531436
89170,10914.353658209138
90548,12667.757180224831
92194,25224.761638273125
78522,24641.76792658065
83527,15005.080228723797
104239,8242.044925574313
98128,30916.223803297187
80712,22699.97270523173
80259,17408.520355170596
78469,31074.864727360342
101923,7088.2009221035905
103655,8744.27301390259
101481,10320.63825010493
86550,15647.416951344276
90289,12254.787009128164
86255,14506.147602534558
80411,16766.121124293368
97263,14277.647462763594
91086,10204.415039575924
80675,11947.104854538116
77800,25459.547298540856
76613,27615.866410748502
87002,16113.333634029566
104952,13241.640535802646
94790,35577.478831571105
89888,17410.34128039618
106268,34401.71745159095
76926,11507.220944436793
90503,11159.287546579251
89083,15889.609459854235
92741,7867.41063273361
102911,22041.998529463886
84601,7852.813753619657
84846,9891.7752578785
87884,15929.365367453047
88305,15082.03765597873
85335,11928.635901258884
89396,17599.786301429074
101992,8744.27301390259
90693,12366.202102175479
83262,15943.692345066005
81620,16298.997891275096
88435,11927.785576529915
80013,35448.70616175518
79539,23030.46953202927
85226,13639.157827875635
93522,33831.4671199171
77175,33326.808432266924
104947,9890.026457927886
100869,11725.419285123851
91575,30261.08483853697
105880,34396.681493552314
106564,19627.510005095395
100585,8853.23299729532
107332,9533.666427671007
77295,26270.21764675882
90575,12266.957701529953
102261,7375.888162541009
108080,14201.612798943437
80364,20448.058476499784
92476,12007.447951524935
104078,18218.92106251797
79184,25118.24498178203
107575,9890.026457927886
79281,15791.487082999287
88560,15556.170828894084
84166,18668.524210443735
78054,7596.024298854447
97324,4957.922228737918
85558,12455.303107504642
95710,13905.832688809129
98600,10706.130845396916
89622,16118.987154571883
81838,23387.421550854517
90646,15160.8649499877
88110,7049.422055068124
104085,11570.356161226464
98242,10012.5831131417
106226,10531.00684710119
87500,8956.62487648016
104807,16803.209007863938
100160,10534.398687751169
105379,13283.39357424272
96754,20541.22158209014
84863,11615.029368754185
100130,13590.421174104365
93462,40082.18370022992
91640,10717.290360310642
95922,32223.802458218088
81137,26270.21764675882
78194,13690.64020049099
87308,14202.224584531017
106775,10133.58172007728
86629,8947.397758602212
87659,16701.078466088973
76404,16133.525606415033
87258,23425.06269071808
100560,11776.33258159442
78660,18255.1841889699
76485,18086.179817628712
99545,18035.499765215623
103074,12489.041221257809
77874,18511.62027318373
97514,10381.227714795994
103308,8419.937217365416
94753,29421.970406491215
80045,22545.315217802578
107089,26296.197254422532
101236,8523.021940068744
103264,15314.471992609124
94387,13870.111570317971
91926,16805.087685891267
99972,11828.218231066316
98651,8361.13561717899
94873,26922.96110396045
80722,11298.224681096648
95907,51940.862830965874
87746,14097.593876716584
90574,14345.716412311554
85387,12558.549458391897
84204,9891.7752578785
80453,18825.528649304404
95244,28448.776453653707
79952,17284.140443411456
105770,10498.487921463357
100419,15064.96047010616
84200,8647.306448946809
88059,14236.36023026671
85615,11397.972082352271
90795,9384.176494573836
97219,10287.992277516918
81380,15732.464504854184
78928,12430.660958912687
85613,18721.64669068921
90529,12607.320732925935
89825,12833.9376000708
107431,10614.412325181866
97707,8044.333347241256
76203,15300.98107288753
107808,19836.921899796296
106497,9890.026457927886
101925,8198.250646418157
95434,21144.142374656876
103718,13929.64672576517
103544,8503.819230116562
78735,14568.16948382577
101803,8493.135039186445
106491,20766.561067347076
85594,11277.154442327725
99930,14132.17746578294
100927,10934.885932708376
76097,18059.40207538009
89406,15040.292197396057
103773,8493.135039186445
107843,8687.952243557917
83507,15521.971977073232
89693,8810.269358840349
101441,12218.869206868123
91438,7949.18313899362
82189,25825.03708591249
94224,25855.247164575252
105046,10989.685661797483
105441,9940.087814387112
97014,7814.077895082335
89955,12054.822911171428
85532,14049.765156597632
99916,11793.810758043996
103336,11714.468632043168
102567,14350.657182469533
77309,9350.500700592513
95074,21831.165366020003
105279,15919.678235378871
77443,38062.11474467167
100797,15314.471992609124
97954,6362.96774379602
104854,9889.98793904013
77615,8189.695538156553
99982,13206.516748850156
91956,15765.519218441195
79467,23035.157510881338
80293,14482.494987104315
78335,12344.849094338584
96252,17382.863839539066
94301,25760.750976673837
97832,14734.884116378395
103557,12092.118388307274
86997,10451.959735684679
78106,10203.589509425618
107176,10921.488280171237
102079,13204.223692748556
87624,17505.207739543126
108178,15927.3909203414
82226,7919.327420790997
85709,12582.248813091763
78061,43044.27572672278
98092,10198.845124894611
77846,10497.55466850897
91751,19924.79880031379
89344,20253.832846395544
78458,21473.318526019277
90444,12672.271312837667
100411,8641.63699850024
76272,18639.323354425902
83891,11201.1524420287
87391,22687.378371219238
83460,9872.056575298293
98018,11167.71788016424
99334,15267.248048402096
97352,12584.874379608244
85704,16017.108534078905
80151,16161.011439980348
83044,13738.097734001374
98476,8047.787773350528
82495,23794.33452186501
100766,6391.600618522022
87429,11036.84883491159
80457,17767.929274597886
97923,14574.642995439797
84002,7854.352181170513
100461,13928.640938916189
101414,13969.320970094617
86834,14706.935840842589
79455,27412.589129638625
89913,8362.108204288588
88592,7674.489156819043
90339,12387.605496943823
94894,28405.794481679593
76725,20527.41277759811
95859,24712.793953006476
92694,16375.764199505846
85619,11372.371467659175
107634,9992.332006202078
101014,8224.315395494503
91174,26815.104486665994
79521,17539.498104868046
97334,9709.487514780893
80761,12268.704179342027
81867,12226.383551722485
96925,15352.577776952414
89478,11185.421615851485
104606,17982.04754021323
77120,47715.65525836399
94436,17737.07071043776
96562,8278.068373627288
100076,14035.044779214591
100900,10119.43285716352
87706,10479.912017703879
84868,11249.502295730865
77447,9394.953125816362
99633,14686.586452010022
107182,43543.157965111604
103805,8347.179704307506
79968,18800.431063046835
106861,27208.408554647107
81356,27117.305096776832
90962,23837.421575483273
102794,9040.971624306032
102702,13453.903503724454
101649,10554.463899596069
92766,10191.94831053973
95750,13918.3525812367
102296,15314.471992609124
106629,14681.687621150484
98746,11834.606154805535
95417,27747.95384004614
91178,16802.55943495363
103915,8883.356917008272
94148,25610.459908287303
92159,20330.4366083034
89562,13588.832243479384
84575,8069.04394314063
98654,10130.178749253158
96212,21851.590213643343
102653,8841.474632544241
88269,12533.018359193513
79684,31801.52211736481
83922,12448.631538715583
91288,27461.808601246168
97422,14749.2111214148
85223,7814.077895082335
101422,12738.73998839126
80295,17427.727466152162
88778,22696.248129176358
102400,7014.596918530432
106858,16162.184108222602
91510,24764.317619867754
79257,22701.355613809108
106694,29785.69515182487
86646,21757.32633966358
100380,13419.867453469764
79631,35428.45711451314
83337,17707.847177827098
92866,12424.248501277536
93764,21629.855728753653
100701,13966.040428938066
85085,9067.358792442497
102731,9432.859972855476
107928,23164.81118921011
95668,26049.262803828402
86229,11950.417918320927
102872,10885.588071798604
95063,27617.914050585314
86474,23490.586614065716
80950,44406.898409793925
84432,7412.499828588941
78964,9260.660054187127
86914,24607.84705004092
97272,23292.754457393454
99757,10840.492398040604
92235,19725.322676910986
87764,10969.362426888742
81233,6974.329077980567
91506,28524.753516454693
77920,8275.779432074201
104487,26167.868529010615
102823,13984.531945163852
96590,14488.054675912907
101069,10724.147864088472
82549,11317.14632973885
77585,18476.540874808932
98854,44156.63087303028
82501,14447.896890943379
101386,9372.158063205394
86959,10085.86716034114
105135,18505.72231885798
100304,14052.768498000592
76999,21890.84535060278
93936,12517.902038850318
96755,8356.433190191587
102115,17570.296963612174
81953,8471.741926868286
80238,45620.124474339325
84324,11323.734147191944
105850,16344.76192769203
86327,11262.746722921707
87989,6820.6923594395
93530,35610.17925579679
99610,15192.599855354374
102129,10532.824150724204
100985,15905.104378660675
76008,45120.901206809845
77703,18655.621314256354
94691,17476.88494845288
103293,13450.767413207199
84439,14620.190173707955
77444,17401.208782633887
85455,11284.726483988847
93989,60473.27457396819
85336,10479.599250163117
100517,15794.784303430812
108179,28677.941154455286
77395,8708.573891820433
98462,12810.76446241071
84943,17185.550732283904
78028,31126.52648641437
81596,23320.49226018508
95852,30261.08483853697
88816,20021.943366721174
94448,25868.58032419028
86470,13664.576159922693
102503,9579.36972001735
105474,11010.335564970313
88119,8647.306448946809
96141,9463.081829888546
85763,11268.344736457415
105011,10705.71610043122
99747,6815.230618700324
108392,18353.346250196057
90949,14218.78986884751
105446,16206.453712347165
95792,26316.922273044238
94956,21305.036022237968
102277,6492.341554711365
77366,24066.762689059447
91112,21503.432780203853
76355,17776.930243276267
79142,20885.090270502096
103859,7251.148394496473
82352,14522.550348999477
86826,18816.49033121794
86754,8647.306448946809
104363,7862.930887064557
93154,26769.242078697804
90930,19535.489369723593
107269,17574.946922177118
104109,6325.7076499543155
100487,15958.981910840714
106527,15824.817642614918
96225,18524.16791962436
89925,11621.242956542868
76775,26270.21764675882
83082,20088.975605311374
105115,29147.947487507427
103481,8987.054482530999
105642,18019.47982742197
92703,18256.767551877587
90864,10658.190609306708
96072,9940.993787796047
98628,14983.946644028196
102378,10929.973580918158
85185,11919.422263129223
93707,28421.99793640873
98795,14712.236855925208
97577,7346.196516080629
79804,22057.793745408235
95541,14606.246011020025
78568,43157.33283308423
79608,22568.89286939497
103860,10554.463899596069
98449,14880.889115290127
91377,26709.342923702257
103436,8352.072052758554
102582,11793.810758043996
78381,14339.791262049854
90999,14370.910106552816
89764,13812.638471016064
99515,10147.818401784965
89133,8263.830188623284
81859,23413.93399833926
108005,11597.707315399424
103733,11716.981544926628
105155,18256.967884727805
100185,6050.188823704344
102347,13384.70842660105
107943,13526.468091331586
104445,10377.816756963
90149,24583.255458695625
106593,14428.831832310982
94733,16634.48087005276
91481,26962.866761264067
100201,10747.391158198247
94149,17615.102689013904
101639,6511.36202197586
81577,27389.03006790128
80120,23040.85075089944
85995,9445.447776118739
85199,12293.497809354987
85909,15803.258254742635
78676,26043.645875696206
91948,31592.00985434179
88041,14479.251986645853
92848,23735.955181066292
87598,8563.160021389727
83613,15418.272332007855
85054,10522.309679235737
96903,13196.759241652428
78725,12338.714953474693
94869,29613.936671326497
89121,7958.691745481896
79858,64702.08898183672
89079,17378.846308197095
77639,35531.66176358102
84498,8909.992344380671
90431,18204.94780392251
80553,11895.619500627823
90257,8043.3806234677595
91607,24793.863668798753
82794,11434.183700894708
79243,34401.71745159095
93687,19615.499005330254
91774,25240.55063754405
104622,8179.269674087965
94152,6932.956778484702
107441,17061.493472716567
96359,10666.349601305903
105873,17336.2805249697
82415,11949.06909946287
106807,10752.812935473694
82732,4787.147771118789
105350,16565.76000119263
107206,10870.721582679562
82693,10479.599250163117
101998,10535.35237376478
107032,22944.95743862259
88200,14515.827023947146
105801,12729.890005392313
86649,10479.599250163117
104334,20442.199645482087
101972,7828.351104143979
99530,9583.010754585246
96201,17384.627518944704
105972,7779.214632346667
100425,10264.54269892815
106763,24281.229921671318
90434,8557.908585834768
88690,12005.250548423042
88747,10935.238009105902
92158,14762.703789753825
104298,19037.07384228061
91527,19992.489579832356
91731,17824.63922420344
89575,8073.04845918052
107525,15412.047936527022
80805,18034.25173698545
87001,14994.814159040874
76256,31126.52648641437
106726,14761.468142645983
100912,14653.641706034894
78223,18882.968723785987
78232,39208.94604981289
79424,19224.46537512485
83551,14961.801740869596
98945,6899.642427163116
101673,10643.57638830095
108525,11179.085149573382
92543,46689.07328958538
92373,18577.38982992846
96994,4330.90180084448
80957,23879.382601198256
104185,11533.346456610747
107318,22790.924439100712
89348,11231.873345269583
108046,23328.458594572192
107385,17097.8199037843
104247,23426.140966984636
79675,24621.484343891476
95374,20121.82809568464
108422,10270.212906549843
76584,32293.10556141015
94645,16049.6538421398
87779,8683.375648239782
76043,16888.260245155103
101605,13419.198073053738
83501,19053.600761651716
95444,22432.36676720583
92724,43824.00775854315
101099,15106.696107860373
105469,10007.746757639548
78289,26270.21764675882
90064,14784.155275332309
93527,12531.304825738547
102951,13190.117279648872
95138,18761.041591431316
90436,19313.53975903646
86900,11605.783618000041
107779,15939.649440010908
98096,7811.757419404097
89305,11228.696722851626
81735,13772.168721665756
91537,17045.012064042872
79302,14729.867920594434
106769,15451.127640726882
105306,10234.340183698525
106670,18432.634242440996
80113,29875.891198270394
87168,17615.271942961554
90710,9128.32454975241
90995,14759.721082930913
96388,15189.87020296787
88029,11713.225089555923
92389,14728.457924821761
102649,12070.160091203648
97530,10080.34879662288
88501,14546.267248827886
80998,23846.696087779877
89624,10266.011909999901
83063,14619.27946826658
90128,11929.42282136718
104897,9932.607982507167
85490,23711.274118318594
99453,19692.44631968905
107743,11869.127218746535
105662,17339.89268652736
89186,17428.96586614771
93355,21832.437660860927
100497,11787.335752319152
104389,14730.628587239635
104476,13593.09148807479
94822,16815.050452225692
102639,8903.511247588196
86493,8687.224053934413
95602,27368.50160167543
86924,9780.84704834977
81852,11969.966209112918
102319,14475.187311602007
107863,10804.042463275095
82938,14781.789152563379
89666,8751.417031158773
92812,24880.87831153087
97393,9702.291777897155
92386,24662.045557009566
77152,9963.083095850929
107259,19530.996309173806
90094,10274.482248540144
103704,17323.8164348625
107194,20472.162237349236
86326,12538.235151448149
84993,10517.551952885318
83853,7063.525987728679
98484,21435.76475900952
91880,22812.86995289278
89715,8199.80261478754
101393,9955.927000570104
87375,8652.98146304381
81722,18640.820284821384
91249,14271.238609950793
103603,14441.6780898952
96576,12240.582407333957
77094,12083.572035941368
97706,18475.47626570988
76932,10043.193951343885
86648,18052.43212138252
95671,20024.328852123406
87831,15583.556116697588
82577,11819.27616363901
87475,10479.599250163117
99557,8709.119339830317
82882,6367.015242044455
97798,12357.628866032188
99009,27154.33647473556
98120,11899.554801994895
86637,11200.277041612915
91310,17411.93715934613
101677,13967.649083136464
105146,9884.351443830883
99727,15267.248048402096
84169,6761.84411314291
91121,16729.64474940493
87151,9847.075905665539
107732,15815.463702101013
77136,34296.835611728624
77148,5030.248749261696
104946,14067.46865805943
88249,10522.309679235737
105127,16128.036625826866
89504,22283.864095160494
81927,23129.17245621366
86452,15980.36813777837
78250,11071.308670383452
85921,23478.002540693797
81378,14151.919139781832
106286,11956.662191824753
82085,18033.469047595536
100957,13202.961899602433
98903,8782.319681882087
93994,28317.76791619992
95727,34780.315838258044
102483,15884.524979699312
85566,22775.152895940173
97406,7546.981445481216
76120,9432.6485539135
101642,10885.588071798604
86245,8186.316296012555
82830,15284.760379508152
85386,11077.697721557708
102072,12283.199025803578
81015,16500.68645245864
76016,23577.87295595602
103157,19495.724714798976
85980,11848.468580790395
107548,21962.327390834675
83411,14614.822323492017
99745,10184.515980652304
103338,11114.623676499483
100366,10029.08231348317
107718,21130.24224799997
91888,20022.029885331758
106559,8576.199552503536
102293,14620.363724089775
88007,17418.57837744048
100545,16173.331396399413
81498,19436.429067527733
81632,53668.28084222896
102626,7544.694880164588
91621,20100.692766491622
88591,9211.647547346129
87743,4570.654309381233
79289,26234.589168029506
79813,26270.21764675882
93561,35460.313120286795
99218,8361.142154457373
83575,25703.549409113242
86909,10742.915172704224
81952,10041.044346804814
82101,28347.350583539686
79912,15105.743726867362
106129,12043.713373670476
103614,11463.480367539734
108271,8510.466099455827
88813,8647.306448946809
105533,27610.200125276835
97693,14569.053080326656
106423,11121.487646233343
88858,12356.794629091888
79568,25723.350488012005
78667,40998.09193601665
106744,20791.670890408896
79183,22389.25457507425
92329,17682.366745577605
93551,72452.98837703578
84807,8051.100820250539
106251,19710.202661237014
86816,9511.949241964
85547,10545.97927788384
101577,10075.409428427474
103281,8660.383125291684
101919,11854.903812493572
97281,9720.45290523669
85353,22327.14473730539
99143,9550.557315258508
89606,15122.751556277903
108144,14463.426646489183
94628,20170.052802944178
78418,27546.402609969435
90238,19487.433344312263
97412,12593.5332420323
95368,19443.129595972754
80945,27099.04105037973
101657,14602.59762587349
92454,25219.283007396538
79075,9284.775410087004
81257,14456.579441436288
99019,12358.920653205589
91946,11885.62745415119
100356,8409.176153598128
88464,10743.510506017412
82081,17547.52140070648
97199,10151.333700091995
99762,12127.713742121468
101497,8431.004566042444
83716,12850.455182425432
99067,15974.487229246894
107895,17769.925608227255
84198,4693.256674950874
106770,25496.570654810337
87767,13762.003708853641
102945,13330.507749119788
95956,20397.835095027716
81644,23031.829707068497
86278,9613.94249953358
79399,12279.854215148218
80474,15438.471770860264
94588,26787.129262431212
108471,14967.3232599034
93417,12619.515915290141
104702,20985.149540499773
84151,7007.357773071422
76589,12460.241708370851
104490,8231.269878888024
86365,8132.223406813026
90620,8189.027568101249
81071,45919.143476780686
92311,23563.34360362564
103019,8551.854838911078
100231,15161.287225478958
83298,15040.292197396057
97958,18038.954176424126
95436,25401.008031789675
85413,15005.080228723797
104619,13727.60280679329
84835,6843.636042856396
86314,12533.018359193513
91780,31466.69178953476
88338,12366.220163115828
98012,9552.36638086514
91161,17679.226797074683
108156,6481.859828223149
80607,16751.101179307883
105607,18285.17370770119
106586,9506.854034441898
93442,7044.246347172358
101779,12550.837523299764
86324,10479.599250163117
101056,10461.990666242062
89524,9709.671858922335
96619,7854.352181170513
102914,4418.625540161504
105085,23426.140966984636
88414,17230.11875855748
94174,14146.67703502265
77296,14201.809642778155
93567,18197.933422075017
90823,11298.229310287363
83440,8341.739774607844
91053,20920.574443813828
87349,13338.600400791787
93853,14104.514400911094
88334,9465.201414583502
97251,18154.333752120565
108429,26274.968793862143
90331,14305.131717861936
86234,10027.388868034757
102632,8760.310344494208
82553,8879.018588337074
105227,19623.154403095585
76476,11266.058103453684
99277,8377.528657339737
107214,13448.822075950566
101622,10673.642531239899
91446,16476.149816079134
102009,14863.420239742041
87852,8520.413062465552
93868,20079.787653091065
106100,20827.03654967724
84477,13673.688239737685
90371,9449.833586902163
101643,9413.683552115072
92270,29152.167726062627
91036,25072.45358405788
93120,12531.304825738547
96986,10989.780026358352
88712,14423.33001368987
107673,10047.051013402594
94689,43625.594428920405
91664,26327.641176482863
101139,8303.854644159295
100211,13179.05416980488
84843,13936.5821215611
99077,16173.244402859757
86601,10098.247753935602
82207,23624.483030191295
83457,9969.907380806622
78306,34494.50089521118
102397,10544.511979342798
103423,13764.212334094718
105818,7033.3799992110835
97146,14457.257496161288
95680,17433.18496011662
102459,8421.98232482954
107092,14202.185576815067
92734,34040.51625408021
95647,30827.26300294057
77576,10667.331590208294
101530,14305.281276963246
87264,7895.763722744009
88978,15541.169099094746
86197,8737.05684631751
107810,20829.153786270155
81681,19905.28556179359
105951,11706.132300784595
103476,13260.656639260611
100268,6343.437392465695
92647,19914.811807248672
80498,19971.970784612622
90634,22302.760830684038
86670,19394.556170010197
108110,6663.555970640736
83881,11760.904301407194
77006,10485.310446162284
83528,18148.55250549699
86178,7429.696731088455
105430,7824.92218244347
84321,18860.92669605543
90491,17169.088880063988
86339,15639.482517527826
92286,24174.26652629454
101926,17607.141628745525
106776,17222.737873329526
82619,18136.797067213596
79817,11478.525381822456
79626,18217.8386162906
87043,15283.78821811899
106571,14591.096975907489
87059,14557.848140690803
97729,10336.753445811173
100298,10568.120789399658
98256,11899.18997933694
97907,8356.433190191587
95953,21102.75879517562
91657,61721.607325375284
101343,17496.71094904242
82111,53643.99933156987
108388,11578.262187473169
88818,15861.95012668789
77029,31126.52648641437
104074,24592.594687136985
86201,8009.247873796707
81545,19484.987257927747
87713,14921.07190953051
92371,22383.816664610888
77156,9938.412798790454
76880,21793.58861649138
88282,12333.428398350978
96654,31587.515927072778
97866,26213.968173379584
90293,7138.300517038532
91292,21861.169748016753
77320,16390.75060678953
90383,9395.226526210394
100241,11237.375210008417
107973,8404.35051507536
79074,25729.69371741298
92862,18261.318580538962
96379,15245.655193543433
100683,11658.18164194312
76236,33451.478316409346
99113,14846.601508218848
100305,9716.066873520884
86570,9890.433330352927
93251,12515.823994305783
95890,18420.85987015664
104632,26176.900829593138
84213,22361.502897658287
107818,23404.089865192127
101521,12737.733059639517
83053,17493.57325980334
92890,21099.320552479712
107449,12008.726503730542
84022,11280.67493855102
90915,19918.77933747211
80324,45993.08291353129
81352,19254.210020286966
94642,21628.36939628063
76123,27169.56932339479
79202,24595.634132668136
104174,26272.91513304433
91030,24687.339525834486
107033,15510.604253507632
102759,8184.666430668218
102192,11979.927477310559
101885,10238.489220884134
97716,15630.665001257663
81631,10874.2769156468
81759,23040.85075089944
98702,8803.989427043169
105784,26274.968793862143
81817,23140.39837816561
86529,14202.905019979304
97857,8362.108204288588
82820,17993.517626633882
79072,19730.571798633166
92301,24555.40433032555
80309,13978.455986351251
102835,7942.195060511396
93599,16159.883001578684
90253,14324.722609465527
92875,24678.345890719655
83698,11605.783618000041
104398,50633.818110175824
96860,27614.649067566053
105925,29457.21122815451
97861,8644.3427069385
80226,24599.417196746082
92699,16106.334467641671
85949,9624.417858728148
92215,23718.59334921865
84214,16457.47842279908
106157,13003.504332903158
87047,17473.663024637375
102413,11276.355868475539
97955,11830.316225236746
81441,23040.85075089944
101029,14315.834582913092
91634,22291.174146275982
84859,9518.794670227884
93328,21801.76226588973
97318,11489.763204596466
108048,14754.952549623686
97815,8106.412140740947
101921,8802.673380182638
96260,6846.517107140522
93491,14396.098713466663
95257,14649.498385746268
83326,30404.647910471984
82475,18078.997083872775
107393,9756.880168651576
94132,21905.595426808704
103233,13978.778070958346
88140,10672.366015994481
88395,9030.281555359335
95094,85578.3963435696
95939,22337.993644369762
108234,10466.40562959316
78788,23354.906564196946
93021,17740.445907246034
98301,23533.437404373475
104221,8404.35051507536
92384,24392.18856972683
76288,25040.255195271027
99805,14438.091299345018
90900,12623.811091055022
77888,25511.891153040167
100126,10383.53992455491
82197,38555.08313439715
90987,12256.915216829226
105383,20007.04389906419
100476,10181.577955873943
104238,8404.35051507536
89211,12349.637371686627
97794,7362.630600510635
105692,27864.513915244446
98699,13819.272923887818
104212,18753.30796353701
107544,10849.998300023693
107748,11563.818888953318
103427,9600.526352354165
84063,6927.341921031814
98384,10849.913635541463
91209,14290.2450744199
101379,9485.679744928577
78090,51904.14593494372
88321,15549.424453703698
78786,12121.841554693237
90751,10111.777793856207
85706,17614.413630125364
100853,10287.679509976157
106131,17202.42988710645
89397,10825.352859886829
76263,7030.062486246217
108441,35579.10923515846
88221,10938.785684022727
92526,22457.916282155085
81169,29710.611882237423
99853,13606.173609816811
105516,8404.35051507536
85227,11196.061759452587
101567,9968.150739532151
84331,14099.39464852357
78187,26857.73310623636
94441,16304.639039275084
100067,8834.073246951144
84660,13374.7615368718
98951,21564.335341887134
93815,9701.387358898319
76848,12456.406817934823
83378,11848.468580790395
79966,7519.007107069434
98219,12126.99350846041
89076,11895.124907255022
86619,15132.155729721797
106225,18155.134899467284
76793,28731.649216269525
88351,10337.940499095019
107927,19825.784792072893
93374,21786.01402498036
84067,13354.288409191744
100355,18131.603025544566
82099,36362.85739976529
96457,14442.702229476763
103061,18455.004379920374
89169,18354.555009552074
97340,9709.984626463094
82912,20011.37886727084
82266,16141.334006639412
78561,46041.063593039704
100839,6503.959065097299
85302,6883.590891978733
99375,14644.478479398527
99881,8384.648382454248
88083,7365.689407826462
86412,9423.354519132128
84852,9612.509517068298
89087,15715.458783702088
77702,52161.915662793974
94308,23037.29326008342
100896,8540.000153221286
88225,9066.122358818038
89796,6970.406340002182
101985,7818.259391555696
77360,20923.760879132104
92220,25240.55063754405
83866,15048.995792302885
103140,7845.1956598065335
78348,14240.94621073063
95353,24577.563929857093
81413,14015.894372570783
77106,18491.79201408184
103700,15486.034501348502
88524,10700.118147227222
87461,12591.845895669749
78565,28957.126718518437
82507,10878.813782488762
95578,23650.769707136824
91998,20140.54906797781
98342,13350.555926176974
96413,16378.509886626985
78273,31074.864727360342
105735,17241.233671747155
83640,17577.362224676923
100599,10287.679509976157
108024,28231.640729395378
85550,22696.248129176358
82875,15561.458556920747
93272,14051.762688189523
87870,12643.085667197076
83279,11444.485175495114
105742,17744.61208648394
96152,31082.9569536106
97215,18029.19840313669
76322,48046.93579492564
104938,13508.943633451468
81197,12275.306625380872
94638,13225.48402181633
78474,27539.163565547755
78282,15701.689441470446
83765,13317.41884148835
81798,21430.82136244619
84877,11199.267040325689
107924,11243.988124001095
107870,10053.822316457066
86640,6995.584310470532
90317,10863.678733068968
90787,11347.61725184051
102045,8567.937659708481
95893,25146.281786725376
104067,13582.350822084796
83702,16694.68683393466
88581,19137.310895437833
76140,19149.74451341212
87782,13965.322375225616
96924,28383.84929060754
81993,31658.646306557286
92440,23225.04153740873
97803,10289.587843305493
90468,8650.017721035501
77617,26172.80304238084
108325,14277.98653977689
78387,21499.424039342666
93953,98293.54790684408
87120,12350.644852922489
103344,11505.929324581102
86899,11796.528536686184
79585,23035.157510881338
86908,9891.46249033774
101362,14620.363724089775
89150,14895.401104909082
92083,16113.81768420632
81913,17978.096213260727
86370,6732.229712539093
78733,21611.40992830822
92552,24285.17369469303
89154,15417.158096823878
97775,12408.644129094844
94930,54072.62521861327
79476,12479.648663077789
76220,11056.77487631069
98869,14965.018242544005
97474,17384.627518944704
99008,8644.3427069385
107702,23821.225018898513
102495,13796.608930011484
76423,13796.316369251683
76460,10534.292433918163
83918,11909.923142626665
90937,23341.435395570763
98893,8466.04224141889
95015,66746.4362364907
94231,19907.861939830396
107866,15890.261493459522
91935,14575.95232962844
94141,24608.43167944981
84712,10346.531020748527
85125,11199.267040325689
102606,15314.471992609124
82305,18161.701696764085
83086,10603.528078899655
87329,10695.347677594384
100213,9614.162908568325
93661,23714.75703884403
95973,23735.955181066292
103243,8386.972136221366
77036,14186.797801682444
82262,7856.436983739524
103648,9833.301538063293
91920,25379.784049392976
85960,13344.759550340463
92632,28421.99793640873
97381,12436.883927223513
100466,10199.604578295808
77087,9786.70573047761
89734,14444.960264172549
83766,10699.149262778645
91812,68242.95336992168
93927,48303.108205338074
93439,12179.045412935873
98318,10936.156649944094
86863,11112.942360104242
95233,18391.75261041615
78974,15723.374228649413
89793,7332.683336052223
92799,23074.52695255227
91635,21791.438392723492
78414,9780.934973891994
90596,11226.81990615912
80519,31367.499630969654
89515,7646.765406442802
86481,14411.839693446882
92047,17684.839369397403
77635,16104.762771445605
98546,7933.857484725188
93556,11876.217075157245
76764,27412.589129638625
104600,13078.25215607022
107170,23894.556243726005
104809,12307.85451567702
104957,41995.49262585056
100565,13920.142269623258
82733,10068.910809851413
90487,7815.030618855832
104778,6265.1334964588905
106916,30864.56204424316
85771,8471.349055990326
99896,12438.91894771226
94796,13840.297750367261
105856,16208.82771724225
85845,11881.754231468496
102590,11710.981009055726
95913,36551.239508188744
104395,15989.496339388555
96422,11602.40110911903
101279,9900.267308644588
98041,7828.413542611784
90702,12456.332793158657
104988,12008.726503730542
99996,15680.628040558891
103713,10264.103352650884
79170,31811.469587732056
80452,14011.822192063293
105657,27347.062555055305
94986,20144.49762519251
106339,10804.042463275095
98568,11582.687515848147
88304,8833.634450700965
87628,12521.027805135374
92003,20191.905837003298
97111,11098.612041272347
98892,14637.367765699664
97778,11544.290390312706
95960,27721.09108002534
80575,16223.609987628653
94709,21958.306796638426
103647,10184.050745552559
87784,9891.7752578785
77344,26270.21764675882
104068,12012.087664778293
94747,22952.952775592683
82797,12176.038856977575
77079,9496.124991398321
99217,14940.383717119128
84624,10338.472596263704
79999,19824.83344350663
107791,9796.534843766294
86274,7830.469266487342
92407,13789.860255135894
98109,21435.76475900952
104428,23404.089865192127
76693,17582.487995079715
96321,8199.80261478754
107222,9889.713690387125
80693,11999.759369697345
87795,11969.156878836962
83814,11649.727961505203
85548,11817.665931687194
103252,13391.881726746604
104453,16885.94499773561
80578,26105.414285756215
103826,7700.413921779406
103199,8028.1247498081975
97338,11244.562017858396
107287,10888.433675905631
77059,28822.852416218055
93965,16868.192883433196
89513,9715.932334453963
83064,9693.17778888518
103490,13514.706624288425
99116,8356.433190191587
99690,13661.419143054358
96405,8656.827981858429
96969,8362.108204288588
84317,19230.14345922433
86480,16018.547104758849
78305,46052.64745503644
96458,20029.37155624172
96847,10002.628084609685
87888,11745.33661357068
92753,35558.9533287438
84191,8123.2385526843755
84830,11761.060799270084
100910,11916.785610401763
94969,43534.238599420605
89103,10005.65298598677
93092,18271.69066066773
106511,12521.334778705395
100549,17350.483082503004
90741,14711.032561024353
78118,12120.727055425708
94087,14004.489212474025
87584,17853.94173968424
107254,10974.734784590799
105985,19496.00249422896
88323,13846.489678646467
105221,12011.079405815379
101901,14052.768498000592
90944,34357.73619254458
98634,10184.515980652304
94057,17735.79940754294
77391,10521.700903641238
77284,40497.004082214866
95838,29518.90942560862
105720,9997.093371974282
97257,27128.581386857928
96339,8420.143457460852
81848,26099.46852944585
79581,26041.186153113587
97762,11064.859494019513
101710,8779.154941131988
104892,8404.35051507536
98689,14407.691451027122
102340,9103.141809708122
103335,15187.541232592259
80348,18559.505330580127
101717,6050.188823704344
84797,17384.627518944704
80101,20048.94596835612
83224,16112.800902995617
93736,12242.276629219148
78612,11490.614846074319
80009,12275.966626043506
90246,11929.42282136718
83348,17390.894355925368
102263,12341.921781181629
84153,18434.272450989298
90556,15788.661057421685
83726,8683.375648239782
86153,7147.466469801137
99219,15267.248048402096
79008,20954.022723032045
76574,14565.38007166754
93345,11666.062975220553
89271,18812.526238052527
84424,17428.96586614771
104788,20822.93544291529
96178,17366.77051334492
90344,14929.519893850658
105532,24911.657650542857
83994,10522.309679235737
91151,24553.845690446393
77889,28731.649216269525
76382,19850.165173028086
97738,8363.243451014512
86371,13338.600400791787
79800,42062.8336617803
79323,22712.665410121237
88652,10911.628708923288
94397,20085.992361027136
80125,12270.649522664404
103621,9760.430982976843
103073,8976.216797429965
104977,20774.19787782566
101232,11716.981544926628
92921,14635.626733194806
96524,15677.811834795353
108206,7041.1413400296
98011,12354.80668055757
82282,47976.28607516192
92162,9369.090866712157
91162,22529.938690140865
98222,7683.6111125609405
106388,25947.484124500705
76194,10656.274262515019
93165,14157.575791811816
77080,20157.283822159883
88188,12629.609799279355
95987,12446.298453667161
82919,22173.623331988594
106334,8066.174801857009
92868,25240.55063754405
83314,13655.647042523173
83498,15432.58039072508
99081,10981.49991545594
101875,11913.442911564576
76353,35206.46911487096
97969,23074.46471260715
86292,18964.35196206651
76622,27185.732510355127
103480,17548.794395573288
85818,13907.73516396486
83971,11909.885682659045
97382,17671.27194047045
101439,10363.069390415834
96661,12323.716053495855
77795,9605.25267514871
105731,19844.407513606937
91696,14970.454916859015
93939,19532.42471150196
97415,12510.961852143464
103354,10534.398687751169
98909,18660.5825093383
78125,13284.624826295536
106866,8056.981399845634
98910,8199.80261478754
106208,23322.97748035761
89885,11484.273200165248
76580,8073.817199299871
95892,17441.137140375686
91957,18422.663066335677
99645,10287.679509976157
79562,45912.206747918695
82838,8191.991310109558
101076,10744.818172222589
81361,22972.70189539345
108419,15354.765437212236
93085,13721.226880518328
104426,17326.369861403335
88313,11901.781530141432
104866,13293.24689362813
101788,9117.129556798058
103172,11980.205931066963
98374,20227.332124176923
107111,22176.922585169832
93480,15310.293817683927
94099,43722.9368261935
100358,11141.29768390476
82106,30907.681918954397
92783,27671.33450533373
95978,14215.381165174664
79394,16168.552575054318
81521,22701.355613809108
88260,7403.96437640884
98649,8709.119339830317
81422,23134.92338904259
86500,10868.899065518903
92997,13397.559998087676
107940,11029.053890062718
80225,50392.651432117986
94805,25919.25144999696
88709,14202.905019979304
106470,9890.026457927886
78835,17415.11936771388
90721,11809.129252252085
105429,42949.71287385114
107998,27393.844079604674
89287,10020.044705116368
77311,14202.905019979304
87200,15412.047936527022
95348,13472.263318204481
83148,14999.255655366584
100616,12007.365399925015
81487,47956.850601718674
85031,10479.912017703879
86761,9924.423809071499
108219,20989.250647261717
106290,12391.496273351195
81428,10238.915886142719
94572,25224.761638273125
99173,10238.415321308208
85760,8559.354017506666
89013,28177.715800072543
85726,15260.707698557839
98647,12075.96261358467
76300,31947.05251792381
76204,10133.51756761894
99199,23734.082119133833
81833,16145.477813954889
79245,30767.936467945143
83196,8737.05684631751
85013,7792.057154462319
99200,10115.28944307105
96238,16781.278098106217
96548,29769.34879237911
104251,21069.575939081464
91169,25356.60104119913
91530,19248.28622249243
103143,8853.235333463392
106804,10606.542531877254
108066,21584.378900441592
76048,34706.02225220267
75977,12076.315638728736
96347,12210.03499586713
90190,18309.583138968916
77081,26105.414285756215
83861,6543.469321629994
100546,9438.20435573454
78182,23612.125821628175
89589,11159.287546579251
85606,8682.049343837378
78359,18953.285482653857
97559,14169.875107443308
76721,17440.950014741717
88097,22254.330649295385
87435,7010.41658038725
80798,13061.912980657564
90537,9113.410748775064
100528,8841.474632544241
106401,24596.15125075822
81910,15873.357968339613
92691,25806.477151617953
100615,9022.205321211224
77234,47715.65525836399
78332,26270.21764675882
77572,9892.467445020991
90150,9719.83017663319
105917,11951.213241219988
76449,21760.451307619667
93412,16496.345034744158
86269,13873.009813620589
87995,7722.645101108003
100075,9040.956707319345
80021,45989.04902219029
90343,12200.723326574327
106349,8785.451710145775
87255,11733.15199895799
85507,15005.080228723797
76232,9421.151171628848
106308,13082.507467829164
92289,22242.450871491452
104499,28028.04786987482
81788,12094.888598341795
100405,13197.992928276353
106380,11428.092454985166
81018,18501.57490648787
83259,12329.312834802555
94489,25233.99544953301
92430,24608.43167944981
82401,10402.765740682249
79510,45004.108892627286
84456,19259.64938388363
98445,14297.04828092553
88466,14164.345197972238
94340,17685.152628307118
104411,18432.634242440996
85378,11920.19816106166
93363,24608.92918889138
108217,22253.915782978787
84003,8647.306448946809
78674,10685.573690155805
83754,11344.058684076017
107659,36611.62889358435
104134,11635.6766598282
80428,16245.564160134742
107034,8649.032429399656
105024,21269.0710555389
105501,12149.658545835107
100183,13424.989297999218
96262,14389.084397955494
102419,10946.470732080596
76520,13687.208979994002
87564,7837.203963710462
95034,18705.619341859114
102071,19826.32769859699
92236,27713.208168636374
108245,13539.997258747937
90472,8454.4558583953
91733,18713.890139902935
86418,12830.55133955071
91544,17401.827063230878
108294,8170.607932494664
103067,14047.529369337699
87683,11360.570754129529
99427,9065.180574789227
78592,13244.976672846034
79477,23088.682369447164
100575,8251.685228920554
103629,15994.844887866831
86341,16915.62410563059
87901,8186.316296012555
100467,11000.387034965126
77769,9669.70172218317
90466,12577.49268495437
105120,30851.932859182976
94434,24566.528258032624
90333,14322.295968839386
100483,9711.60577119926
91083,19482.962631475773
86536,10358.568447213309
108361,14074.23188915656
102652,13833.802913629925
84120,10760.93656303979
99541,12020.33450831253
80658,12224.544638518493
96028,30299.033889554998
82478,8888.262669425887
99296,16113.950245826687
92923,19305.190892313454
84564,15507.438285999491
83515,11909.923142626665
80070,33354.75141520847
104027,23107.891265299273
79391,19074.77005526647
108108,9855.293859964795
99156,8361.142154457373
94668,14399.457252836808
107534,9773.901583840523
88509,11777.448567117954
78713,31117.984602071578
95033,24936.176915215678
105878,14656.733838914804
84590,12302.442093253772
104297,17913.19055417552
93140,21786.01402498036
95943,42781.99126735321
87298,18278.368293698957
105774,11434.140916511353
98658,7006.599520939035
87070,18195.722474220034
99465,7861.705163204991
105845,9338.293626479532
85369,25087.158616545235
83600,7055.674295507061
93030,31453.311423269788
82159,25831.219368961614
88527,10469.406395169222
94866,12179.045412935873
81680,26020.763144078242
85293,12397.117678932833
83020,12855.193401098652
92112,18165.881103713542
97809,8362.108204288588
83970,8066.489036049229
86745,13956.194007453787
100652,13928.150344201078
78837,23378.821525837233
96354,10025.530991266978
90084,14695.903881694532
84838,14550.03559362251
90416,19295.40047997248
82908,8566.456933126614
81469,21589.244263725534
97939,11462.327826182727
84109,4957.922228737918
94042,37617.02926001504
78843,12122.363805480485
94386,28431.651095281435
79961,36185.84464785842
98556,14899.139499313205
78323,15829.982255542485
98349,12451.924518811264
104599,10467.640856928008
92804,12961.31465387004
81485,18349.16190705035
86984,10666.954503648667
84902,11587.96031415358
87230,14998.016916823848
101698,10726.890920510668
81187,28296.01904695044
91728,21965.341717792475
90136,23361.628710687415
96483,9715.364535431827
103424,15147.760775426343
85712,14568.421495967641
85509,9797.136083075304
79976,22372.395924251476
93406,18843.19353933706
84108,12248.718386312456
82598,10173.548604777017
88086,8359.396932199894
78975,53141.190674497346
78989,22332.58340702595
93597,15757.224485619481
76707,22524.86426008824
99370,21560.291081095234
90372,11545.04124207614
97227,17707.847177827098
93053,29405.464430671174
99724,10115.28944307105
101261,10295.84725166084
85273,8652.98146304381
105019,22710.148164347684
107234,12014.538090737733
80816,30694.731281765162
101175,10014.75804873695
105866,42462.735703312224
96858,10588.526815889309
96226,8644.3427069385
97454,20008.277222052217
94540,23995.92243876381
99937,14005.043014563877
96637,15966.430762810529
82607,11781.724815000502
107708,23426.140966984636
104404,22917.179663939653
80758,10798.480345321906
99346,15267.248048402096
100310,15361.502974715
91670,23934.039605217098
91353,22598.472233244524
96061,12533.722166257734
88206,14672.43926095607
101814,8025.666941117457
82298,9096.148306251273
94958,18435.386182762115
80444,26099.46852944585
93957,22154.602539882162
100830,8408.501230926513
82523,10072.888334091587
96073,9580.26883083052
87933,15804.09754171835
100553,11725.419285123851
86623,14591.096975907489
87445,9387.299184041376
87890,9482.786892696902
103149,15314.471992609124
102862,10463.49901121241
77553,18742.985608112274
104728,14522.550348999477
77884,31066.32284301755
85105,18379.266465293145
76064,34706.02225220267
86071,8610.973368267178
97148,17503.464059974187
76161,18478.786572149307
82950,7258.992181533009
87334,9312.626044407745
104120,14234.320821544026
104591,7880.905796141437
106665,16800.435834489468
103766,10393.526070865604
104087,8087.720599822844
95947,41808.22283419013
87165,6992.514670018028
76294,26088.04756102175
108455,18753.057180186715
85399,12434.59481746409
84698,11081.37109824716
80713,12292.349677624123
85799,9726.546254462706
100254,11051.678594869047
80264,10479.290139916431
94211,12034.528471798098
98839,20111.488943322132
99631,21190.564294400185
81506,28986.309346046906
76167,12781.247748059073
91308,47966.389467865854
78803,19035.75440803667
92010,14399.925758021958
99424,8356.433190191587
82042,16326.00919912215
89760,11419.985334795409
78489,23383.7589497092
102712,11269.530336061029
90935,24965.32341583588
102912,11957.084228379876
99041,7674.484595003915
79903,36044.09956253016
96670,8650.017721035501
76729,28957.126718518437
91107,27423.981670877758
87286,12831.97507367468
102303,11293.576519188455
106623,20989.250647261717
86955,16046.73865428573
90173,23166.107706800824
99829,7934.351775134126
106155,12897.630713105238
95426,48701.133063742134
82218,21692.23196019878
97534,7403.96437640884
104186,14141.309445564633
94450,21417.15549087245
77720,28383.84929060754
83278,10650.977594238511
90401,20010.989558778485
95842,19992.489579832356
77025,8597.393648601372
88288,13722.188109017923
83552,18913.581709720613
91467,25171.236779707295
78417,19785.414674853426
81312,25475.825574124025
106656,14556.38052962741
93396,22650.285771174793
89063,8647.306448946809
94830,16423.825062038955
98183,6808.375347190837
101338,11295.341778103546
86784,10255.002784041479
99315,12486.327615573698
100058,7683.361658958857
89181,16033.153248072167
92271,23688.44173432817
97562,10386.848197548998
79601,12071.526595155165
95361,14759.513609768423
82021,21415.9232324616
80766,11982.663263816912
107591,17116.107940573453
97689,10089.25834950117
77322,17762.488238584723
83942,9891.7752578785
80703,33029.27018527612
84304,10972.474560473021
92976,24540.289723671893
104652,9444.71484061893
81684,24547.53633898106
90189,18496.51998873745
92960,36103.99549247089
91335,21692.15080748782
105310,18753.01292545112
97940,11205.892778447993
79726,23598.475983838427
97677,17447.63596341416
76868,18366.565454050935
82008,51777.04687859264
96078,19239.484414114246
87835,14998.016916823848
79247,17659.056527821984
77781,8146.239169298863
83214,12915.98294709372
108215,26245.960825287675
93824,27376.138496336305
80787,12418.661004876167
91615,26343.40477680619
80389,23394.619048572258
103596,12617.99394576666
105821,20759.77812917518
82476,8403.972085982103
95265,16816.321755120513
98399,19151.59845518075
76238,47958.439782921465
99100,7847.711031723769
104714,8264.874349460382
90919,9664.662435656805
83623,23367.098080263924
104865,10469.34810422266
82002,19753.780864409873
78910,18742.985608112274
95502,25700.473130725317
103857,10244.986660638133
97624,14052.141372614364
85720,10045.09466959423
96531,10210.769634229584
83085,15029.161291793163
107580,20755.677022413238
100283,10936.827898070957
82635,10685.85634535374
83319,9937.813335179791
82752,17407.83532110869
89036,17657.50162935761
83309,11673.858384651192
91103,21828.551605897235
78064,77156.35764138695
93250,30273.34113025535
104512,20647.20382954205
79857,11728.333952687859
105526,15943.384387960235
95901,25240.55063754405
88558,10605.626446382757
106352,19730.87511296886
77802,16994.657535576094
87315,8359.396932199894
78742,26656.973508374595
102737,12064.327966542724
102515,8683.454767637926
89811,7854.352181170513
83376,19893.860425028186
81478,26099.46852944585
90640,20488.12882454158
77782,9813.006752209269
95954,18471.571092338894
102593,10929.973580918158
103795,11691.446324080487
90806,12349.22466525158
89657,20285.84240571772
86003,11833.804174480101
95380,18415.428099413315
105152,14189.078597673662
89783,12466.337038024925
94941,12104.204352851215
97059,9550.120955170552
94104,28775.544840457624
108398,9033.825577568172
84930,7998.149789668025
107156,18333.893033083958
95687,16200.531052590966
97033,9446.674694274781
103036,12385.119425297511
85849,10368.134593856024
103638,11923.377706860942
76938,39898.42855168447
86884,12103.219026974966
88711,12819.122578840137
105179,26274.968793862143
103858,12635.441235639608
105362,28434.240097279944
77038,19020.208371558037
98935,14341.373003246745
83763,11913.670967894503
106254,20024.28204214888
96326,22703.268239445726
91225,31632.86434159008
90336,13141.276378802637
99070,9762.758213770736
88213,12778.951130553993
80925,45993.08291353129
99202,15267.248048402096
98190,8198.830027677943
93632,12376.047399389116
103377,9646.835894837015
106788,19853.297049522593
104266,22890.557742229303
97957,7870.857728462513
79055,24474.823312846816
99963,11719.816611958964
104883,14243.4059583468
77565,13477.13903702345
104641,9253.568532193198
92456,25385.245556702983
90989,32470.42680623756
96336,8628.34907550992
75990,12896.63112196647
81685,23451.525368854323
93610,26841.20483374975
92156,22276.607255654657
98823,15169.262925404162
92141,37097.34348039721
87756,9504.409134789163
87211,11519.190901972792
93983,24115.6305182789
87098,10291.693912095427
88453,19223.118919462297
78408,13335.86559516933
82661,10519.108404588083
105658,8648.047292870242
82377,11798.923555993517
86738,15201.796952658002
90498,10045.714888781986
96128,19344.061192029174
81136,20067.118821430937
96840,11124.686293006562
104970,21455.781861023122
102228,10532.824150724204
77466,13503.367161561426
77981,10201.439904886547
94406,52833.698363661555
107110,10491.065238560472
106442,19496.00249422896
90593,11166.922733214707
85731,10688.706162042467
91243,20020.88910304864
88327,16274.010839640196
101596,12393.05596202645
91216,26348.980510643425
82093,47274.01068685695
106882,17085.054715708367
89713,11118.657349815552
93144,15642.005832721645
88299,16333.235027546621
78242,16826.5616984973
93200,23304.979098149055
97874,12358.69067158556
93836,36873.79244133827
77774,22016.328888565276
94322,22099.726995778838
98230,14864.776138061246
96006,12378.682407221788
85959,15804.09754171835
88398,20149.92738320281
99305,7839.588791554595
86936,11539.016713760482
107147,14718.605705504795
89432,15888.190616252967
104475,16327.72564372491
93164,14355.04291231526
77276,12406.669452762644
107454,15867.223449349553
89979,23871.3869331593
105360,8174.169641498676
88586,10479.912017703879
84105,14584.030620378035
104625,13917.96795274579
78707,20885.090270502096
98962,6575.814504568878
105679,7138.5738203845085
107418,13361.850187995431
93072,67042.32627552601
78519,9828.188613116243
98281,18051.290049607822
99872,9291.401767072532
99188,6381.659411152888
102719,12167.385657614494
107129,9723.93426292139
86785,15934.784485616667
80533,16862.1649061133
78168,19213.79565182494
96300,29769.34879237911
85605,11989.20561282762
77676,13146.478213924487
86360,12366.517787607268
95177,43179.12181110706
77263,8135.908456740619
83488,18234.047508064497
106949,22769.995387212657
86400,11926.047417024647
103763,12352.264192254104
98495,11746.898597307858
94363,9790.330060635688
101940,10885.588071798604
81366,17582.487995079715
99546,14786.75093583502
80651,17594.74112918754
101196,13187.744058586817
102050,15455.938724088583
99804,10260.173929877596
87153,8370.71573518855
81225,16345.263846289963
76181,22186.964044072392
98469,13128.569543820233
93979,12116.53881721213
87480,19181.910884912693
76369,10313.043890093657
88375,13054.590536261003
79983,13650.138339268691
87393,15076.493144043086
88732,8782.319681882087
85383,8274.605235309575
101126,9205.905917469678
95928,17686.423931201938
103011,6519.269233605678
80083,35710.28809097385
96118,11549.275832236164
85674,11249.538257942513
82917,15883.253434627304
91143,17528.823101852646
101645,11346.98263696425
92817,14562.966540553
97402,9727.63176882729
83885,23113.623709834294
101758,11911.219331471602
98594,11672.977187741884
102018,4330.90180084448
77568,13371.586028233427
92202,22276.928021365962
83954,14127.688376905699
92567,12072.197276114033
99006,22305.942348998386
90732,14223.442319726093
81955,11793.532035546961
82585,10523.201196137456
106285,10473.743630650726
93620,18291.70774788238
90725,14611.292468801217
92088,14190.985934382084
107174,8018.175690154134
90304,13781.575843789962
104127,16982.301549002146
98880,11544.83552106853
83303,6488.968166774342
94770,25111.937312118513
89074,18193.31963886467
107549,18297.915795087047
99624,19463.30553541168
105181,7869.5709099610785
88189,8434.546193138867
76455,18958.16087527459
101020,10725.937234497058
76745,11671.227481917342
89568,16072.281842751632
83478,9896.295333694414
85747,13589.375646640443
106272,25177.86509698941
82872,14998.016916823848
107532,10608.791842428862
90049,15972.036437940518
81364,14395.046968974677
98040,10197.196673271537
102958,16556.779886920212
79260,26099.46852944585
92243,32174.16926246907
88478,14749.2111214148
86621,19084.063496735842
104072,20989.250647261717
90813,17019.073987250653
107620,18435.211832900433
85958,8353.284634802347
91758,24632.425175465563
92388,30556.409502124574
95940,20185.45292234566
95423,24746.19532489365
78205,15398.84626306908
92781,19591.370057885757
76964,16472.499355075983
91309,21791.1068465597
87312,15079.414035869506
99960,13156.946898761069
105615,16951.64700224209
81777,14591.096975907489
90088,10276.39058186948
101916,10210.079780239985
102032,13205.567199873853
78757,32245.145127619442
85089,10479.599250163117
107536,13382.574586496929
79554,12315.216474876961
100053,13295.837081396417
102087,13948.483782557816
79180,40061.99357788343
78292,10590.95765441324
87547,21757.32633966358
96714,10401.582300388456
101388,11671.22126230524
98889,7812.788059440674
90037,13411.214720154832
95831,16325.855692769323
101678,9040.971624306032
77780,27164.69571926376
104014,13472.155241032284
105304,6814.596929020622
77837,15061.871644321152
88541,7700.666795318587
89143,21626.38637072559
90294,19592.620527360385
94097,20054.832084840782
99108,14415.676091663288
107044,17189.14793417022
108467,19147.28630090273
88739,23399.45371706343
102441,16008.938327820824
86183,10443.666931801437
106346,12451.954578287496
84130,15209.233019025412
107757,10363.500780852502
84412,13579.210411295839
96522,30380.15711593587
79372,18657.819032506086
106945,16309.994545226891
88312,8071.18643574759
97814,14717.086232535428
94724,48487.41487817382
79892,19384.079297196236
94500,21384.064610156915
102161,14620.363724089775
85073,11903.414549999437
103316,10934.118554172406
81537,17925.70738876963
79187,30853.680984971936
93646,24861.366472431262
84942,11883.521046092486
105305,30687.84954627445
102440,10883.241440832444
99694,16179.841421345214
97189,17521.891409202777
89680,13440.600730000844
104471,11706.132300784595
98066,6764.902920458736
104541,9437.099533945495
90039,9695.826502842538
99640,14423.535288136663
85034,12612.80642130731
105699,9996.873774431237
103097,11060.641780966878
79154,24870.990684474054
79730,25949.0811402359
93954,13159.766177390993
106821,20447.721056921288
108129,11685.820859810721
81433,23163.494585131364
106810,11219.665455906787
89340,8072.527989559505
92137,25180.47059096718
89457,7776.730013326188
91797,21747.17603318023
92334,20029.337155961482
99141,17945.80079502892
104901,11531.970570477004
98189,8362.108204288588
95071,16250.00298081788
85149,14292.868834378514
83164,13588.961483027078
79589,12387.25620677794
96533,29675.452165058963
79514,25835.969792019194
97024,21805.420962085725
84010,7264.218986445573
77716,34388.745096343984
99999,8645.65658360247
91937,25140.825510306404
83222,15033.986218710637
83874,12822.412358646447
85379,9330.303145574333
80923,25360.472299277993
87263,16244.506232918991
77648,14396.142346175828
90784,21391.627604582784
76092,27169.56932339479
85877,10084.613627203287
108297,9475.489811788268
81020,32915.70617522793
80092,23021.16194976154
94008,18691.23930034192
101425,8384.073121702579
81218,24621.484343891476
102599,17418.956263407563
79959,22267.672535841077
88223,17589.76575062949
97792,13808.045444702837
98438,8644.3427069385
107986,38228.49373104996
83947,7939.022988422365
105867,17608.867690100884
107403,16627.676228179334
88885,14979.544619009017
98450,12496.368142796355
83554,8537.677122763918
92398,27402.986657291487
97238,7747.509313261693
79115,43156.69921959155
92394,15770.516395934039
86813,11848.468580790395
106364,8066.174801857009
93974,21820.195814981387
96921,8199.80261478754
76493,9922.188098312048
76358,13299.050139003793
89895,12363.612232984276
91354,22316.78586899673
105589,19730.87511296886
96412,26291.446107319214
98970,13282.094858774177
103020,9784.928783398489
87261,17552.96069185711
76112,26206.89465329183
96166,18148.816497685686
90696,14255.016486432469
94089,25855.642408549906
78422,14624.540434219365
106298,12367.383118668396
105489,16667.880236706907
108304,26024.860931290543
102353,8553.99113904808
76411,12761.365239050217
84847,12324.958059810737
91646,12418.085036340022
76141,14482.494987104315
90730,8369.724194521763
100429,12878.41141821251
85989,8089.881543718694
105539,11972.548968199271
79951,43794.954978726484
96676,9709.984626463094
100762,7558.1042356769685
92509,24810.11614605165
79582,31240.17904024497
108529,20324.496182391675
86542,12322.709144064234
80669,13715.784306053443
99953,13938.084465962394
93023,14287.628797142306
102223,12247.035753423344
102167,8780.34725387639
84525,10975.406482049308
76654,26270.21764675882
96998,15296.210251550716
94337,16543.966862899415
105106,11399.795495829781
77494,25285.66558492015
91245,26684.423225529914
98303,20967.279500249926
96838,26270.21764675882
82064,16204.053323238335
101129,8004.886736363675
78108,13953.427036950094
95497,19483.01179622443
81175,12277.149175714152
89631,28137.848315286974
93976,20118.417404134398
86199,17606.322264841972
106842,4996.619561466684
78263,11796.184738891754
89187,13390.806613731207
104396,18839.487131314938
87198,18998.32150596951
78994,12275.34719933324
82655,15682.72334316532
76432,15873.050368286642
95404,21342.015158753846
83767,12514.431823085097
87719,9741.591012325904
105980,10371.147835250298
99851,18152.453953389286
80432,9928.547493182485
80344,28296.01904695044
83694,22998.507228422015
96247,23876.928540541474
86395,19021.965938318375
103276,9601.3670441392
80262,16466.721919959324
88698,6706.542042112978
101575,9040.971624306032
101293,6403.045940534006
76732,19396.37428564081
108287,18843.080113968765
100140,10889.733045052852
85239,11337.840249390238
85252,10885.615888086219
77174,10476.547602572531
86250,17551.554298803698
101740,14330.313183693523
108134,7321.342673263018
82406,30907.681918954397
88667,14423.33001368987
96978,9709.671858922335
78635,15077.500885268002
96572,9380.0277398518
87841,10127.778111591952
77951,17702.50323979507
77253,8441.752833199684
99102,13335.211949955137
105959,9560.364734519755
91687,26783.729505292977
83483,6815.3216901814785
80361,44796.887684084795
94647,8509.374050894687
100857,8890.522530479087
82465,14202.21767053552
100672,9863.870206055977
88369,15723.938616784817
89345,11949.06909946287
89610,9202.4110437741
108452,50614.38263673258
77913,51574.091198299546
94990,29105.908525854236
78501,10901.303678603823
78393,9393.147803019569
101975,9758.738049596352
93585,25514.695880536678
80079,25829.106994375292
92292,28534.62112673835
88595,10417.411946565988
107865,19614.120517839925
106687,13272.33070971349
101741,16558.637775878953
93999,17477.08265408743
107722,14754.952549623686
80167,23044.350445513614
81844,10375.490150336273
77048,13502.007830742126
107873,21494.593467318085
84939,9942.324893552453
106486,19216.445851021144
84683,17440.23211994252
83721,22590.88283015508
95371,16005.360160372898
77370,23327.487969794573
81285,22301.66863113095
92306,15751.636629065724
107739,22959.074782927884
89483,9712.863181489454
78832,16888.248457393733
95190,28894.9344758263
100747,7648.362825764202
106957,12014.538090737733
101143,9064.842064426995
92745,25233.99544953301
96890,6374.252460813148
76809,9847.922403018334
101202,11371.133346110912
98845,14329.211117222003
106599,8245.742869740872
102195,8685.785128429336
92630,25097.026870734866
94558,19295.925349554753
93959,24678.827144867377
77993,26270.21764675882
105814,23309.453099796247
90144,11346.303432723791
102474,13819.36635505032
93582,40733.54902134706
95183,21102.75879517562
102451,9699.3492778941
90109,6369.772061280382
78889,13078.994801506287
94338,15960.808306297653
88104,15621.823818444533
99955,11179.594398956528
91274,14145.989022517675
82254,26270.21764675882
94279,21362.09822133572
84677,10948.299053665898
86814,16226.795001826122
107316,21531.484314347726
108497,27208.408554647107
97403,16622.330917161875
104859,13546.225512558316
76106,26270.21764675882
77307,27832.87996293778
105083,14754.952549623686
101644,10885.588071798604
75980,23732.036810983685
80678,26046.645570826953
96987,9706.527665656582
84261,13265.754958661211
103391,11359.5485940085
84290,8238.082039814559
103179,10297.007993862419
92887,18891.126664333566
88486,11611.644563707163
95325,20393.9164046837
108122,8201.882497209468
85364,17314.14529899692
80688,35734.04708377693
84356,24518.27779987467
82717,17135.81654672371
95166,24690.241059258762
81154,14395.046968974677
105294,26278.971599464945
101409,19803.897190876487
90808,13440.600730000844
91000,25171.236779707295
107931,30916.223803297187
80058,19209.454576747885
90511,18040.92664584432
92525,27514.272130309142
90057,12619.886580188275
80266,17291.28090852181
84467,12122.961330978722
90576,19308.66436641573
82575,14097.593876716584
91601,35905.8206269704
80196,20376.04158719791
83418,12403.285773010402
97121,20102.778464380684
102024,12780.66468709634
85225,11980.471137556751
107001,25261.81889336549
82592,13799.535880514572
96681,11158.466356454588
87462,9426.996799573286
96787,17521.54763845766
98868,7348.0021320137075
86472,19210.026140651367
91250,17140.125724994796
84328,10479.912017703879
101840,11639.123785468659
78225,16137.160405085575
81026,13848.741887404336
82325,16128.386692569475
106596,13247.337859339234
99810,17076.511955431833
88054,15966.737546578122
80041,35325.69197652455
102577,9999.397246989623
95870,19998.267113032412
76937,14141.39519642102
108359,13286.057245200962
102482,11026.664838261606
105228,19234.05765420844
94110,47685.43857724241
91022,42778.39164839354
84243,7336.93075030952
88868,15738.487704662355
86994,11241.651031668896
103924,10532.824150724204
102415,13377.730877358881
89954,11242.701250015321
98212,8608.009626258869
101117,10899.643708619216
103865,9232.87993926737
81944,18162.90968017791
87371,15290.899170000954
103778,8028.1247498081975
84310,19173.486994942858
78146,20885.090270502096
83910,13922.486701141708
96498,35414.608394520845
103937,7532.312235526964
97439,17568.746722705542
85156,10459.880567582908
93197,17944.626447022452
98573,9875.692024935659
96816,13956.695160375111
94610,23441.17790943352
102536,6847.545389194943
81021,12490.448113401355
105037,17753.037421947625
82891,17473.663024637375
83601,14322.058557798951
93413,17131.15264272707
84517,11869.395472387
98296,8709.119339830317
83442,12822.412358646447
83641,10397.921832313818
106454,26172.000834052185
88540,7689.235700247888
101350,19841.41516504152
86741,22173.623331988594
79411,41804.7513116136
81400,20369.699092750972
92460,10545.053433565588
76076,23630.448809999474
85593,12517.483089422167
99476,10115.28944307105
99991,15391.78674369838
80184,13059.179150958471
91365,33884.315506362866
87967,8782.319681882087
97960,9688.677397136726
106216,9947.733338785798
94470,32890.8758515391
105054,24379.018533132716
76801,10148.321350601062
84376,16471.44349464779
95818,27079.51360503934
101354,9978.682534962312
81184,12295.119765532212
95386,24673.844660135568
94813,19008.242338043223
100188,12722.50801877287
97816,19579.220068379705
101948,8449.464704198657
108229,21756.891095450803
77604,17475.048444231914
103052,15106.696107860373
83998,9904.502315758611
103163,10766.961096960116
78407,18660.220432813712
106267,13865.085232361973
84808,15672.72230287408
102176,7264.4727952624435
103807,10245.72096347763
102936,11163.995434040415
77803,19451.159108315387
91153,22153.907498693414
96806,27117.305096776832
107797,18435.211832900433
92654,10729.559391782115
82110,37666.51892710937
92570,21296.175118457464
84350,12324.958059810737
82022,26240.87859324131
101036,13250.05606481179
93012,17309.741755554285
104053,8925.133182583866
79339,17515.088943767132
79767,15859.41018107987
97252,11607.882499694817
95098,25116.155092632318
99791,21468.77653363112
95121,18276.193864250836
100598,10241.708318529198
88806,13400.276305327141
93433,18744.42210252615
85064,24023.015372912236
103820,9126.065200128513
86190,23348.206767379837
96438,18002.990292857492
106282,8404.35051507536
93667,17624.16492184279
93191,16942.114648429095
103899,10535.35237376478
93568,30261.08483853697
104546,22208.29790433708
80852,31524.867621766727
91782,15652.5328239132
100867,11318.106101151592
96727,9723.81721155958
88787,15284.760379508152
80175,14492.748166847445
106215,17674.013364649938
82884,11303.830029308227
99701,10197.196673271537
96972,9710.25732035696
102844,14099.003733729805
85912,7814.899301336712
105580,12312.095671593745
92949,20263.57019573099
95794,24926.947500731254
81410,17980.84019098634
103413,12325.496537916188
94880,24693.133843409807
87634,7998.622925697107
94036,19484.63513899799
82130,14698.250902363934
97256,10876.911531967913
103817,10006.322423881036
104456,11553.62554041911
78003,10512.883958689454
104097,17817.75421515063
98797,8356.433190191587
107315,19461.749455195433
106755,25294.75284483021
81147,17515.088943767132
105271,7039.587150666036
89017,8436.910824810622
90194,20618.380213080793
106608,8378.036244975629
106146,26204.364675161276
105471,13139.644691375313
104538,8404.35051507536
78198,31631.37243342269
104720,13689.422042425347
94900,28866.48512173682
94045,24925.879832634397
100816,11964.252972773727
85400,8067.249418765408
96876,25331.015590123203
93515,24690.241059258762
94077,24692.175056056232
87247,20326.393736405174
105067,23086.78356137595
95538,46689.07328958538
79301,16402.068144485587
89679,14607.359190063931
90677,22361.302250777222
100348,18955.011787683878
82373,23361.814033544786
104030,10901.303678603823
91200,26969.52540850778
108132,9490.688598146862
96587,8471.349055990326
92498,17686.423931201938
103409,11963.961918574963
91232,22167.142292106455
80016,21724.25400674898
98705,10153.38660932904
94058,52384.11713098807
107248,18037.35975381975
85165,6568.399544336992
87202,17246.772479369556
84291,10125.800031783772
96682,23394.131314593833
76451,31168.26217289514
91004,18956.039620314015
87541,12533.018359193513
84735,10185.703426268143
86029,12361.535454979705
87675,10868.899065518903
79434,26475.579747548138
104691,22442.20081127385
95401,12312.547363879958
103975,9040.971624306032
106441,14578.139812907328
105335,22971.783337616613
86453,6650.313505391836
84490,20247.817854970282
96908,11145.616574070682
87472,10898.998815330293
99908,7578.3015884384595
84898,11764.2140295606
87539,12269.561281765946
100666,13212.369986784694
82231,21720.52255065778
92648,23736.736350061667
84694,9564.202259283453
81594,11565.403713121032
82685,11791.586557993289
76620,28822.852416218055
76943,19903.90484787937
80231,21222.917097246424
94782,12406.715884992187
83815,13956.194007453787
101713,10019.678728376848
86358,10893.578377394793
98701,15808.128848916911
106421,12220.461955007559
97920,12080.506804415116
108072,16502.98924344218
91315,22885.681139128028
98550,11840.105375153049
99263,7411.994136496968
95373,16533.777059825952
80445,8547.89732844456
76982,15921.155896894255
85544,10591.698130565903
101977,13179.05416980488
80279,24618.036025124653
102808,8435.154564164837
107325,14240.5321450424
79988,27452.53612065473
83473,7043.664187255567
80074,23066.979199545363
87094,12507.052954688868
80523,17714.16192340071
84129,15244.939152190502
100159,11429.635010802574
94256,25779.5216183267
79199,25799.33141304879
106674,13966.479929720666
76299,13626.167882307085
82217,23413.93399833926
87294,16477.08446256305
87361,7439.98925468688
105782,10804.042463275095
99109,15267.248048402096
97733,24550.030795288003
80963,20677.71115482995
105129,14487.325413225615
103322,11655.072693210448
90068,13440.600730000844
93845,18480.26773266733
104956,22521.48151718817
103473,8493.135039186445
78167,18975.15851563759
80718,28383.84929060754
85621,15514.213088446659
88490,9891.7752578785
105456,12285.046424411223
98490,8709.119339830317
86488,8737.05684631751
107303,22888.735375486584
106463,9890.026457927886
100403,8744.27301390259
86991,19255.635240588697
95381,36218.314308022855
85219,10459.880567582908
104635,19496.00249422896
99004,14711.950187585822
80747,26105.414285756215
97854,27412.589129638625
102646,8887.076855724612
93364,32190.196879956347
101209,8178.991416571215
89140,13389.471013159482
96244,12586.728957392228
93727,17534.69868339136
82138,20744.49642013835
97759,15250.847769260976
86015,14098.65742214805
81090,31866.215397760552
106085,8358.282035528928
101600,13938.084465962394
94831,18576.432380938048
96566,14201.809642778155
82361,27929.511515495196
80479,19236.070741222982
82068,11041.489145360127
104750,8687.952243557917
93539,13449.732434099493
98127,10115.28944307105
96971,14395.709768638491
94105,21507.347751503417
95326,18254.839075891512
107438,14937.952819734704
100536,8641.63699850024
92659,18945.576940610263
94809,24854.952317413547
84186,11341.992386097185
85631,9496.635709175378
86381,17539.53795644218
78721,21393.19746682544
91773,17713.522026848164
90453,13051.752329632225
107225,16720.19667960523
89949,10649.258403636693
104531,11798.923555993517
76979,12359.570950715419
104743,7281.28741770972
87731,12584.894844465658
79915,9938.557212739277
105072,30835.600197874115
99332,10115.28944307105
88800,6644.697544739807
89522,7800.84464928127
105361,10367.561270177186
96528,11592.697281447976
101546,8013.429370270069
78680,18996.0562452635
87029,14107.85986594394
80591,46001.07016857678
79887,26684.573986467392
76107,40246.239381417916
78272,9571.520583338955
88116,10307.031006678597
99644,15112.789666569095
87595,20446.160869503976
79324,17210.62493383608
76408,40214.82518344545
79173,14791.354328931517
95084,15229.689715286979
95455,21811.788735500886
83809,15230.966362935043
107320,10504.149251571258
78828,24870.88164869615
76284,15349.26717002797
105622,10434.632559641648
99344,9865.418676697578
79395,18037.804006636296
86906,11959.865920255388
107576,9889.713690387125
99418,13882.547867056304
89050,14188.393116514264
83758,11772.474156993696
76289,25729.69371741298
95798,28587.747160705974
76119,22134.63723130838
87583,24176.590851883342
93110,19834.813056885014
92911,18269.99826872351
99758,9550.557315258508
91697,24932.640740749357
85260,16292.152240653375
108475,22083.602934968258
84184,8647.306448946809
95737,17736.28150864774
105286,14207.546902791502
105354,10177.884454621337
101587,13358.961502018074
99526,12303.959786012967
82328,17996.525728409008
91052,15586.233419606497
81332,45932.75092061356
84562,18306.889709170828
86175,18746.32192795275
94828,28322.283301042185
76792,28822.852416218055
80436,17986.17910764722
88143,10168.068522612852
102644,15314.471992609124
79459,23298.25602359127
82225,13678.012314832822
83772,16832.93789116051
82109,20144.056354544824
102803,13563.037756019768
91947,43615.36101921029
88498,6458.681627376091
104204,14591.096975907489
103303,13852.771998933309
95989,23478.80007840881
90917,25132.51108000369
104994,15664.908329057516
91408,20811.851856544083
79084,21816.104314453754
94840,12058.101224328466
103127,15103.065096331602
93504,14639.705180447245
88642,12329.312834802555
95535,29426.4583860699
82775,9929.122489164696
96490,8644.3427069385
77545,43222.99377734826
104939,8506.440029816582
97679,13787.883238906212
95462,14119.024481936807
82601,8652.98146304381
91541,23794.159177425576
82997,16086.358241994401
86757,6773.739513871258
86498,13965.322375225616
78468,19778.489916015205
98262,19179.277232654804
108488,26274.968793862143
84813,10544.270550397703
84965,7870.478685370495
78478,26026.708900388607
98819,17068.46874027835
101543,13983.620403477562
82061,24626.65428943434
101359,13197.992928276353
107203,10141.189685095049
98811,23136.74911169147
102982,10532.824150724204
89603,20427.41915591916
95083,53435.87930605029
102426,16150.578557238594
88264,12192.098100445253
87119,12482.426069670271
86554,14115.93570235929
103454,15106.696107860373
99382,18115.562958314957
84255,9896.674207990658
101580,8789.28859620738
82690,23244.251741425935
103650,10600.874467930085
92587,69984.72514152159
92831,13520.402201852932
104410,17109.268482925603
89264,12333.428398350978
82865,14713.999152742535
76984,20812.77163072606
94265,24381.216742895278
76786,8448.411075129969
86379,10370.189101069625
89735,10850.018936863891
97066,14696.963405713092
77007,19544.2207473193
89137,17002.128116165164
78243,17598.692866787795
76669,27169.56932339479
89281,22277.902326288917
105621,20511.855278714083
84020,13223.374854384256
90142,21391.627604582784
79677,21224.34679741786
101025,13742.244135158033
101821,13753.632541989242
77424,14686.828227806476
80188,18285.081727203185
94655,26705.291292690148
85282,8471.002781776911
78763,10153.223199630116
85774,13394.088736061572
79278,7764.514065615751
84460,11204.089048055295
81489,25452.94012112366
90788,25175.845089141298
90191,10484.963875383288
106772,34596.75380009948
108112,19730.586062588234
84380,12524.048130131427
93636,67980.16765001108
103749,11052.459019878548
93435,12598.151241854881
81394,10391.578674383925
82146,34600.66069205116
98362,6624.368230330809
88250,15665.019818076973
107041,16790.531600043618
103478,18670.023464094927
89273,10479.359791263454
93583,28448.776453653707
92107,24983.487149262706
79557,6732.229712539093
77861,10342.55394407692
84591,20045.652994461103
102756,7641.922503921306
91798,15322.485657829837
100309,15106.696107860373
94987,23341.82838197536
89991,13807.021784659912
81523,22712.665410121237
82815,16545.46654094801
84366,8610.12630340956
105609,8341.575263589013
89695,9350.63342377225
86242,17391.1634823576
82477,7984.175444600785
83774,10203.834684831325
103676,9478.27601391198
85371,17925.2066153689
77386,42119.532885784225
93572,8514.67758782812
77535,23450.171788020998
97174,12501.75681722857
78330,34406.74079172288
94032,12598.151241854881
97537,17725.192252753197
93975,14619.701112539298
80657,26056.112604889713
85971,14105.27693505758
77536,13524.015964484724
81757,12447.666996765256
81232,23069.367419680166
88606,10310.236642630727
107709,14212.338226320051
79596,21295.53436410212
85671,13400.276305327141
93617,23735.955181066292
104211,17855.56559196024
98843,18198.11142998509
76153,46050.70193529276
105258,7031.296919629468
94812,26127.972825212582
82892,15553.348380001324
87816,13681.698269865205
90058,9968.327596881778
95471,7949.18313899362
90419,10863.678733068968
88777,14130.739959914647
101559,9537.694377335782
86808,18247.159191905783
93637,21162.480601320327
81562,16035.350823312068
76442,35086.60230344728
79967,24233.42663817764
88683,15889.609459854235
78139,9129.087593994831
86530,10479.912017703879
77000,26270.21764675882
101915,11112.356601922924
90706,8519.757602581767
77396,13281.325882092133
83475,19976.388640716785
104217,15613.127138128879
101461,9852.78860948871
82676,11260.21558023738
104438,12418.501122604886
94757,21923.30818745472
84916,13834.969113002657
85934,18957.91088363218
93051,17558.717766689646
85136,11283.441195660433
86448,10481.507583492456
102828,10532.824150724204
101564,9313.77238364718
85740,23017.396086841934
107725,17461.776576169475
77165,19344.092581539513
107859,9985.654330971027
83065,8197.091342698846
83470,23490.586614065716
82147,21621.504308119067
103691,7234.283520351022
84024,13084.043301539938
99630,11264.483553406162
105243,18471.986154424136
103804,11211.351288477861
80130,12047.646147900528
97317,9796.301306117606
78532,28822.852416218055
98989,8993.461628588178
87716,10514.336292561284
103640,7490.1818670084085
100541,13793.632581693071
101428,8498.349418288046
100899,7622.481052461262
91739,26628.675814669015
94502,42781.240336077964
93919,27414.292971599567
79707,45995.98575105227
91516,28421.99793640873
93156,26922.106051242252
93340,24479.79792227637
86892,11975.559142995
80420,16672.8598223895
91660,48177.64595741276
104006,12320.341054180275
79833,41874.6806324177
101663,8689.242888307217
102471,10276.349052227552
105380,7560.382244785988
107076,20445.87557244998
97009,18608.754151348297
78577,28383.84929060754
100281,8300.461349457662
81075,32178.57673478891
105712,26104.21967654917
90807,11826.392761657653
84240,15747.986805555198
96951,14532.821811323014
77270,14301.279308424508
81760,11805.303533727487
92040,32807.73291435329
89339,15515.803280273669
95256,23371.825067823538
84788,19192.269956579476
83686,11949.366593829127
98633,9709.984626463094
76608,15837.86051607626
98918,14576.594780779678
100264,10895.49873536497
93998,20114.946705703558
90051,10249.128650677612
100506,10273.440761781043
95747,13203.965079391592
91393,14307.289202827264
101051,13565.395841730435
107844,14711.33734050132
105479,19117.731255014853
102468,11141.29768390476
106785,15831.535357296902
91577,18278.044331045352
80832,11565.403713121032
88616,9437.030060508025
78897,20741.06202060931
83228,14937.581763082258
90389,9316.621303257523
90154,10086.9843374377
107664,22917.179663939653
84602,7852.813753619657
103155,8567.937659708481
94290,20191.905837003298
84292,13969.031867683601
82455,22919.93735784272
84453,8089.881543718694
89161,13400.276305327141
104207,15612.326173803598
85660,10626.768345044904
80032,45755.548980136875
75996,20425.151669109986
83712,12573.614847512961
89784,15030.859424696722
101364,6291.349963370012
79099,17696.39472971411
101423,10532.824150724204
89977,11060.794029566712
87688,10605.626446382757
87401,13906.620251306185
90723,11342.03196888541
85875,9980.456321593034
106387,24944.76900467505
76002,10567.39839644929
99436,11529.514004275927
107239,13251.340229619314
80251,19281.35200225611
85127,28391.19881198047
90351,12349.22466525158
95526,24670.483519904603
79335,26099.46852944585
104754,9309.755255126925
91081,25074.043498510502
82005,14591.096975907489
89414,20337.130209823707
102366,8744.27301390259
107017,8024.256683372629
88810,11336.453291203445
86694,7841.353961832854
79641,8066.489036049229
104863,15534.140615335831
100526,14778.62481821662
80318,21377.507265350792
100931,13455.979279070289
102375,14145.799547547393
78617,21556.472158514058
103552,13312.033163725862
108268,14547.123110666987
77842,10819.17247202808
88774,8737.05684631751
82323,14503.90575349158
94125,27414.292971599567
98661,10189.355363581464
100997,13929.95346414622
76933,7473.121519060374
76957,34318.30575737957
84347,10667.325169991818
102000,8493.135039186445
84626,16426.138469613416
82214,47548.15261009222
105909,31498.190410721803
107442,9378.235098719713
102342,8966.84620716035
104461,19836.921899796296
80095,45989.04902219029
83558,11211.641921508945
104376,20783.481809067678
105494,14290.2450744199
81702,35918.123434320805
108056,11581.807469597807
84131,17539.53795644218
94242,24294.40750595291
102987,8493.135039186445
99643,16165.460026006367
78954,26087.4651527596
85511,18865.45713327694
85380,10718.564610712418
77232,25297.856006657563
86585,11627.193575898107
99729,14588.437309627603
94946,19897.906941809473
97768,18779.002519098856
83855,23395.92419035753
92397,14213.550898438023
90311,15034.051235924831
99324,10128.27041592382
81167,15869.68263303762
80030,33103.92435206474
103679,8675.169202494799
80164,14599.465753142693
103198,8413.082145984838
87658,11139.711968197633
102090,11158.402291288196
92710,11425.39107045909
88551,10479.912017703879
91001,24598.051295330224
100653,10815.352480814574
106050,18432.056684233856
92084,13590.363568059889
77402,19768.772451140027
101296,11075.030752930275
107242,17458.457132322026
95646,18069.811055812563
99126,9550.283066605505
90982,20943.471051693166
94896,26618.418703188563
93011,16913.80189022403
84607,17499.0785138857
83352,8263.830188623284
86097,17710.881414859407
99312,9604.681283823655
77584,26192.97662584421
97372,15253.903259486833
107179,18468.143984089027
105835,14754.952549623686
92924,23635.85997655607
90798,10177.601897867044
77487,15544.766698191814
87523,8359.396932199894
104328,30916.223803297187
91404,13461.617902047785
105702,20069.862832735067
86051,11934.79145605433
98136,10363.500780852502
91149,17974.272286917618
84015,11379.595561202674
78227,22299.49742868435
91810,37490.04098196986
92345,25412.890387308234
102647,18574.719282279588
106549,10804.042463275095
97007,18100.43434472734
86887,14895.930247408412
103983,15043.877223796546
89554,11243.745064787734
88066,10431.248198703
98778,15677.073737705794
91459,25233.99544953301
79659,26099.46852944585
83978,6824.479909733561
88036,13400.276305327141
80483,24296.383506912807
101770,6544.4947268089545
98220,20330.45972429691
84427,11909.923142626665
94491,13636.230077829998
83782,12426.304142174893
101945,12619.691869772576
96613,10948.225880345808
80126,44277.94838475182
83381,14233.77346201238
100263,11817.226446446935
94953,18540.016130092758
84413,15153.057221113937
94816,35972.888793544895
78578,19979.810393618987
89766,13331.312917367404
78560,26270.21764675882
106444,17377.316983923767
100883,6307.212032171577
102769,9809.507824298124
106426,35155.71726868707
92404,29055.461230318873
84800,9921.729783075923
90714,10476.630122750954
96274,21796.30728471698
88259,10824.490719658044
90683,11342.03196888541
78878,13887.96407910014
78675,14015.742485114339
102189,15354.563825882986
97959,12602.142823909526
78324,19482.32559858017
100397,11121.907018019741
89808,10813.198925632212
102920,11158.786724063108
77724,9930.697097721555
97183,18577.02714109759
102360,9365.204677407708
81748,20050.39423445332
100225,10103.804609748426
101411,13206.516748850156
93887,23422.62716410186
94437,12636.169414893413
102317,10244.267239505503
100939,11725.419285123851
102016,11586.196106703088
88651,9891.7752578785
99340,14078.356728137242
107078,24811.202406755085
100937,12620.274187189858
86922,11132.683365156501
77864,26270.21764675882
105180,12882.615401735884
85599,10085.216412986381
94556,48291.04183656785
88368,23232.68100727607
81005,49685.07393408732
79083,30418.484669275877
95200,27001.054129180386
94374,24417.815188230306
94160,23704.01664000846
104549,14453.42909191001
85933,19401.670228955627
104848,21753.293079873678
104424,27862.933245228556
78183,10097.577799910052
99280,21414.700507628084
97928,9714.498078231105
93122,14716.886002650726
107991,8168.494627401674
92468,24677.087131934222
97451,9709.671858922335
94463,17442.84737981075
77629,12507.74813910105
86008,12822.934609433692
106210,28434.240097279944
106181,16201.264952991367
87485,11126.203481962984
107645,12234.68279163353
100084,11292.926689098855
88201,10481.507583492456
86236,15001.088896522071
97090,20003.810056903676
83909,13348.688393059467
77686,26270.21764675882
85505,22672.42007598066
92046,26358.596212393313
76681,10702.278411474526
102648,8941.026124832913
104998,43622.90357076785
86349,10826.055839349043
77229,14458.031318578665
93379,19058.90881053764
84973,4617.884552906014
80681,41597.97639394423
97876,11589.069833339869
89330,10547.99069744261
106836,22877.196985437302
96449,11598.315584094013
88765,15549.424453703698
85710,8652.98146304381
104002,26102.166015731364
99224,9326.758771615645
96767,19740.96925388811
91035,25233.99544953301
91531,14501.288242060527
95857,24775.982471095398
81338,17863.74158898259
97921,15267.248048402096
94040,24693.133843409807
88240,11409.440049726703
104643,12713.199942064006
84702,11245.640023247674
79809,16623.702434527746
82171,16940.90356263382
102481,10568.120789399658
99514,11804.031950123252
76656,44660.638199527704
86176,13348.871571015106
85784,10478.092882756435
91529,24115.84491470083
96184,10086.114156235417
94982,23735.955181066292
89887,28148.574141932124
91306,15596.581084999552
94801,17735.79940754294
84873,13491.51231321764
105262,19213.345858612567
78755,16563.715653644318
105378,16077.829200378697
107314,27817.763782617832
88401,16412.66394284474
104523,12971.940590142856
95968,17713.332453288855
106940,18036.879992837632
85854,12856.771596815423
100090,14620.363724089775
94299,24678.345890719655
95815,47452.18710309355
83336,11030.129885043529
93357,8910.238821892033
83671,11499.0804678542
95352,15298.112857058393
81447,10851.253369324902
82530,10658.074154899128
84072,7413.454651195423
79590,30027.64402386926
81072,18153.664848482564
100894,16262.801340720776
94501,24690.241059258762
98410,18587.955722421888
77356,31126.52648641437
89008,8274.605235309575
79270,71168.81682125691
102768,9825.368381918624
104671,15412.047936527022
91482,26616.40481094312
93496,24766.890237951484
89699,9364.93598865047
93711,18737.95117470146
92768,21791.1068465597
102118,10534.398687751169
99410,8131.659808965084
101552,8567.937659708481
105876,8063.456700117897
106386,26037.18132774134
94563,21363.3862517288
95860,12151.250314429604
83636,8683.375648239782
98837,7413.3962652043165
78724,9999.148566530866
92579,21812.436564250827
82223,26099.46852944585
84289,11268.344736457415
77579,21810.520029495907
83896,8186.316296012555
87389,10262.016682996773
88139,10148.638659596223
106790,30916.223803297187
82260,36171.157985322236
101627,10753.90397624126
81876,24908.054343396543
91029,19427.4476446597
84583,6418.461482591217
108158,14603.44395368442
108203,14746.149246492063
98582,7881.234470633139
107003,43360.57588754053
107777,26208.97840932786
90308,9286.472694067763
76799,14589.59585522892
101387,14683.459913710481
79964,18432.560502742806
91606,21727.08232871177
103952,13510.039653390035
88622,8426.916895371365
94559,44972.63705459104
76143,16390.20343181521
94903,22408.67929512333
104486,18474.163467859467
87551,6725.082029924976
78063,47882.47195667321
102556,8669.049450299035
100052,10551.567014946817
107074,42753.29674739859
92069,23640.058471152148
107850,30862.222869314734
104540,14102.44756223719
96846,21635.30273555566
92391,24666.485383472165
84659,20469.328235295474
84117,13389.471013159482
79120,11849.817617258695
91389,13869.427247411626
84349,11533.237048758472
90954,35833.19179207008
92695,14396.142346175828
107811,20450.750965070703
81971,20741.73847460135
83450,11166.221081928848
75976,21830.72480520746
102965,10534.398687751169
90287,22344.10160437758
77605,46092.234988784505
91214,26760.94809875048
108303,14699.412058674303
94860,41533.669005368116
79366,19899.76044215884
106091,10922.80907737563
76439,28822.852416218055
87417,30418.330990882707
93478,13119.124805113715
107216,21760.8193374537
103764,13594.030397435698
86879,16054.874471359279
103625,14412.315602885257
76402,8645.735695026224
80311,17432.152064218037
80391,37532.325697264474
100880,15187.541232592259
83171,8291.06894032205
88078,8407.297722154219
84318,19247.41958494566
93526,22589.535247557244
94190,15885.396274176921
97052,12672.271312837667
86101,10239.82417974173
87543,22760.59943878987
85029,12644.81175609332
83740,13756.679947130382
100089,8352.072052758554
98227,12588.099641486442
98248,10636.358882811768
107138,30864.56204424316
86854,12074.645751193046
102785,8352.072052758554
87839,15015.884616768517
93906,19495.288867983418
84661,17905.047646826435
87432,12893.484820467424
85654,17875.151398636895
90678,18940.085191142374
95299,21106.96182724112
95236,27282.521679281934
107608,30916.223803297187
87004,22319.764077547694
100566,10889.733045052852
80665,10925.81814996417
88010,7814.899301336712
102663,11765.8179899958
85485,11101.112103299418
101269,10532.824150724204
104674,25990.75868934386
89263,14969.39460702532
95420,18169.761035182186
102691,7699.863014322364
86663,8407.297722154219
106138,14482.494987104315
91571,24709.066608678342
93819,10888.908805295527
78571,14240.916360505273
94985,11974.209197950599
93301,20174.305587553485
106718,12011.85292644757
86771,13389.471013159482
87704,8186.316296012555
79666,11334.297651497987
107584,17600.356865752532
84895,10110.699781876898
108408,9890.026457927886
98171,14038.468825766504
83310,10053.062974129738
86673,13559.406745802673
82853,14519.75924924561
105650,11658.195745441708
98670,12577.222626556659
85066,6364.014193467824
83794,8914.305693445376
80583,16958.0895347274
88130,16281.155765194359
98999,10221.780967838553
101330,10895.49873536497
94984,19224.48246280016
97990,9543.479540939144
86985,19197.672057255968
105865,19934.288003395337
108519,25126.984760314546
85264,16820.02816267336
99920,14367.264468280475
79757,22610.152945615282
102991,12072.273155003777
82734,11539.016713760482
93798,24678.773104937238
78739,14387.412160974354
94102,26972.064213083777
107720,15467.643831988426
104818,22198.809413353032
105035,6497.209105846282
78882,11572.872907999687
106768,10729.672244374577
104488,19461.33315771362
83401,22873.440900299007
96513,12455.627521871073
103742,8600.7529969337
85746,16971.540485638
89503,9530.12493622686
86162,10033.040242448238
90081,11911.774286723537
87809,18147.105286508453
105903,11580.66989418617
91476,20133.915141457623
77323,22879.79512730839
79344,43413.697136492265
86967,11920.19816106166
87631,12397.117678932833
91478,21484.815347277738
87477,15549.424453703698
97456,26201.994657750874
91210,26470.52380558748
88841,20534.8389044619
86262,15245.38358498175
98038,20785.068825712628
108461,14851.48965449694
95645,21823.560661821528
91233,16889.749770486498
81480,23040.85075089944
82671,13400.276305327141
105275,9890.29915182175
77852,12507.74813910105
90565,24416.514781554808
89172,10479.599250163117
102384,11752.837058396031
88944,11666.90063522891
80531,17438.701161520974
101795,10744.818172222589
90744,7393.023333486965
78179,28347.350583539686
94388,24180.191396530045
92546,19142.28942331211
84282,12524.048130131427
87078,14998.016916823848
93190,25176.9300197254
92014,12598.151241854881
104501,28318.322716024224
79523,19917.248152285792
81096,19134.578531816383
78193,28596.57269780223
94720,30561.897689120233
97242,9516.22643493055
103784,11765.953768600988
100186,9614.162908568325
91494,14798.548292839356
98765,6340.388408672772
97370,23679.582023990646
76295,25036.88764233541
105840,15817.22870853431
100641,8754.435507262235
97160,27667.339819794353
96440,16984.108867053965
84853,6883.590891978733
105223,9389.542070550246
105879,9939.039929286439
80347,27117.305096776832
84534,9039.819900822944
85045,10887.903363297792
99348,21526.435984082953
105487,19378.03895688858
101906,7129.601401427823
84905,12379.849640936305
105810,10626.565099973128
76346,14936.661683449995
104163,9890.026457927886
91997,21144.142374656876
94182,19399.63853958107
98583,14913.75237487588
78048,16924.91896568691
91650,13830.936657755326
99045,19151.59845518075
90167,11185.499668718223
81936,7009.2139142551805
97322,7860.617303431152
79506,16037.132220341728
101689,11716.981544926628
99677,7820.719044529079
104364,7728.498548987214
104493,19627.510005095395
85811,10362.535756836916
76088,18992.56972316523
107014,9889.713690387125
85517,13253.652614489925
100065,11207.740942861963
100700,8352.072052758554
100178,9900.054149108068
86072,22507.17984827036
89071,8186.316296012555
76027,9922.689485814368
84394,11921.571867668292
97989,15348.165001010937
77527,8587.927210766744
89342,10479.912017703879
94118,21362.501561730132
94468,25994.391127901334
76061,13774.551816150879
85744,8647.306448946809
105185,10389.008316826554
79043,13238.844645257173
103948,11913.442911564576
98325,8356.433190191587
77056,17600.01012197911
85262,10720.777226423219
94885,26577.868795890237
92436,71754.30133139063
105339,8404.35051507536
85288,7826.9823477444625
92944,18853.15461026999
83145,15852.126030551588
87905,11730.332703925611
89188,12085.826683933825
90245,14064.918448781025
80370,19666.37407232493
92165,30261.08483853697
91638,17742.914088814054
103657,14156.905590362443
81016,21722.75000947472
103792,13772.415764991028
94815,14158.098042599062
78957,11399.795495829781
83141,12569.139483213121
107365,11418.130097207257
95563,22281.2503521562
76918,28014.818371294576
87215,12533.018359193513
108328,9416.000620506304
108027,25244.735224434364
79325,23413.93399833926
89545,11342.03196888541
103967,9114.110729879616
77530,28822.852416218055
95330,41296.59276750476
78671,9282.066561011481
102103,10315.7785981338
80024,18729.361910448664
89481,11045.160849179601
89138,11123.000352132505
98762,8644.3427069385
86166,15958.464421562485
91396,14482.494987104315
94749,35373.67607308484
95788,17558.717766689646
99730,15142.051006428519
102801,13682.054534218492
87208,16184.505032218263
83098,8667.690164845211
96015,27110.984346140984
107970,25604.86361425697
77471,31120.74366976014
85822,8365.071946296897
100518,10264.54269892815
97282,24591.88972336937
107193,7893.237501453251
104825,7158.63796153897
82687,30171.0350438787
83026,12324.958059810737
77470,10815.080891919068
79254,11956.064845522587
108020,6496.622066718061
99103,9842.055166431112
78665,24900.488087911115
86932,12337.783173342797
79269,14262.890748473237
92024,48241.33680627323
95652,25086.438703747634
96170,9166.167272431854
83586,16107.663070705774
100804,16426.48457347151
100758,14315.834582913092
107628,19418.399107757643
108337,9884.038676290123
83175,14546.267248827886
90838,9348.815175230739
102741,15299.416495525456
81263,17874.384576518023
97071,10287.679509976157
95004,16193.55465387942
107019,17222.737873329526
95503,17723.48656889472
86249,12575.725608990457
106921,25294.75284483021
89972,18953.80283930776
77660,23363.70241928281
77328,26179.092467592644
98264,11331.897532970697
86800,14739.318404319698
76661,14230.663617906475
81734,33779.094849966306
84741,12040.214695403494
89926,27126.536590648655
79502,12970.194935520052
96963,12479.278195425675
97855,30864.56204424316
86877,18004.588366339278
96814,23019.77252009069
94648,31466.69178953476
103104,9428.973620256193
77999,16998.129901693665
77500,18339.07391711487
108189,11335.009766276067
107124,19078.769948422552
105320,16635.55796124748
84589,9903.078358758527
100502,4926.868249385187
84272,19199.59609389279
90146,8362.108204288588
89016,8970.759110577914
92360,19403.56731498432
97341,15737.805197634063
99635,10115.28944307105
93758,19017.468070389314
104345,19730.586062588234
104346,12043.713373670476
103219,23171.193617119774
94240,15748.13420941471
100510,18178.763936173433
97788,10991.746099414046
87877,22739.050166144523
83993,8066.489036049229
95268,26093.093347527465
90857,12254.787009128164
89897,17390.379144806615
103642,8444.551625919124
79712,28099.45925147426
84733,7024.149237015352
103510,10206.86416455776
82151,14600.99435222586
89275,4903.5738999453115
97022,23204.503743175563
89964,8050.021772914505
103169,10551.567014946817
98586,12193.535622677151
78199,7072.494113171219
78507,19475.936822961223
88856,14573.705652740731
79309,18542.436005033076
85685,15652.06862455175
76527,9990.633588120238
81636,17735.25703850241
86638,12867.182982384606
106517,19445.807632048592
102023,13426.283735885852
91620,47581.25007626083
101886,8831.151488681233
84887,13088.076157101776
84751,8150.218964605269
92613,25741.77272391626
91825,24115.84491470083
101895,12056.74004008198
90560,16100.948297682222
105545,8344.678856575416
78700,19831.869272777705
82886,18750.768667115906
105649,8777.485533552079
77577,22995.21259239659
98003,21518.29061652911
80537,26229.002172442946
87387,13968.981869793504
97626,8356.433190191587
92948,25355.571442532946
104000,9889.98793904013
78385,20361.128456033082
103301,10297.007993862419
100102,9393.885269566463
91401,11001.62674218204
105726,8687.952243557917
108002,11375.167020244577
96055,10223.080581278013
86533,23292.056459375777
84966,16928.283075843807
82750,8188.429601105546
84780,17391.1634823576
99760,8709.119339830317
96353,26182.31677208838
90252,19271.712773016778
92114,22652.62420246356
85641,11580.971326697148
78846,25674.71213700496
97479,26291.446107319214
100657,6507.3578370370315
92553,23448.17200417488
87684,7783.490326719623
76579,18330.22674304702
104441,8625.176992071567
102915,13185.453075010408
98255,13256.555118307266
84716,10412.220651232075
85426,10807.615404274236
76829,14243.397812928855
77899,30975.997178113157
93875,17743.87470029601
94170,29331.2169821604
96206,11044.933391318003
82777,15529.338097010655
99399,11584.905043864293
76017,21793.58861649138
78785,14396.142346175828
104195,8625.176992071567
100767,11924.67516791347
93500,17491.434861432183
103248,8063.613336119292
101828,9839.034296655012
93209,25442.713629365757
96665,7817.143923948822
94208,19397.203487237985
81789,44784.604925813124
92578,16220.020379016269
84750,11951.894380128953
107543,17575.921197782918
83294,13389.471013159482
82408,11798.923555993517
104836,26176.900829593138
87366,8647.306448946809
100488,8841.474632544241
87296,14919.676911926881
99820,8298.268419802986
103856,10893.43243738614
80536,22323.57161370852
95407,21359.3968634613
78024,16877.198466841397
88166,17650.965566924882
79046,10637.016066262582
100829,10403.917340553915
99250,12255.15117382788
107164,9194.575190741873
83857,11070.978478621797
90031,25486.754765927533
97531,30864.56204424316
78237,14240.94621073063
77205,14240.859888495968
84796,17137.339623876007
79769,19402.636559146467
79899,12531.24212578807
81570,26105.414285756215
96209,8390.911219271853
108012,12305.089441213011
83784,11746.372784855592
95293,25224.761638273125
107894,10614.76329913793
90118,10670.54192094331
81548,14036.440980865647
91246,18387.114753472073
106066,30864.56204424316
76349,51596.283653098326
84792,11330.121962495321
94792,19446.447555804578
98772,10115.28944307105
81023,33015.223475082035
92760,17053.6269426573
81049,26015.92625523288
103697,8412.931795531702
82248,23088.682369447164
85475,23478.002540693797
80927,23075.119745399243
93520,21362.501561730132
103034,9260.067787463651
88006,13184.772852956685
80697,17545.98815489498
89565,19234.91536616509
106983,14556.38052962741
76042,20063.995773736227
95214,20207.879896657996
77712,16046.73865428573
102226,10036.237020835631
106128,28340.7911603136
94347,43132.13067098634
84176,10436.787004202934
92633,28448.776453653707
89147,11589.684499208306
76200,16485.414454735466
91972,25739.259836882466
95624,18662.271492059772
88237,12577.949189083429
90626,19282.5141884088
79402,27082.215021109816
92751,14109.107022709022
93494,27042.733749441733
77785,30127.239444759576
108502,9889.698095607311
76356,8592.16087937718
90256,14380.63282405471
76286,16297.384831736274
98835,20955.148139060126
78799,27747.057467857143
99864,12372.09195162305
89317,19420.05623734598
81235,35734.04708377693
82980,7796.364744354141
79032,10673.68864985343
94549,17268.21501701737
86872,10151.896201434613
101730,15208.060716717344
82684,11014.864044253365
99516,11162.300288484828
80017,8353.879818015272
99863,15267.248048402096
92792,30936.62225736442
100593,10029.589391943215
86135,7084.478731004826
78870,9518.273429469977
107586,20707.71897216123
83757,14182.643562928059
92765,21803.62156957675
84890,8418.135709463004
108290,14646.234027475432
82893,24080.022353416207
89660,8587.769153033378
105543,12323.234349018934
106368,14202.905019979304
81799,37957.45121444665
102757,7824.900541002442
87520,7891.192365225261
85172,8443.728830339798
76593,16574.724980519546
99431,12351.455073507832
104403,20063.314679848943
102932,14112.040383415158
81998,14219.055763610155
81391,11561.686165579835
108151,14998.670836148727
100164,15314.471992609124
77950,30975.997178113157
100416,14387.391163093647
108237,11600.991066115192
93464,21653.631371493066
83899,14297.004944007911
107184,14765.102941316525
78001,26393.00417259775
98816,9550.283066605505
98737,21399.88852931726
105432,16666.300402338966
99160,15928.571921314311
99195,4331.7273412264785
90337,10154.475121148924
85546,13965.322375225616
107128,20774.19787782566
93327,25233.99544953301
81501,26105.414285756215
78485,17338.664380165093
98491,19164.049351628735
91265,23411.280179830028
97185,14888.73114571116
95708,17832.027290968363
92269,20515.71407363712
90122,12522.16259043286
84219,9906.94596551488
95920,18098.32772078355
82679,12348.710864144798
105174,16155.703859490017
90879,13662.888092054804
77507,41263.935918431765
88757,10412.698700914721
101256,8202.855595327152
83426,17714.383141239992
76075,26423.7771865841
76871,16661.999205122276
77695,31962.08035888527
103555,12279.77556495015
94893,19454.42559164237
95836,17309.741755554285
92061,14270.52953827478
79710,11278.155501547979
93899,11772.701777878832
83299,11750.996719656028
95620,25219.283007396538
104279,19730.87511296886
83705,14998.016916823848
95472,27778.9335774445
106260,14765.102941316525
76886,9496.124991398321
97248,11387.340369691947
80660,20405.82543702338
101333,10946.470732080596
89360,6650.313505391836
85450,10626.365674651168
88836,14863.144081911687
77416,23138.805806884713
79577,22416.039414302533
98503,7792.057154462319
76778,11130.010277062936
93681,14714.95495560874
98418,8356.433190191587
98615,10119.872052127756
91857,27582.881573459188
85059,11751.518970443276
84064,15539.806620345616
83511,9952.065440846507
87961,8703.256236516512
89756,12034.765295022851
106904,13253.909810090021
78218,24924.257377788344
91503,16441.123109233115
77126,8032.819972751031
97801,9715.659640560098
87474,11920.19816106166
77057,19569.03346940438
79478,22849.37217910861
90041,13022.263318440955
83374,14678.66398490827
102094,11143.827089439917
103780,19896.50340146297
105079,9842.691394526177
80462,33286.16085957132
101705,14150.687121241273
105756,23179.997768954894
88993,11606.059139692099
89593,12506.027674820622
86338,22231.312103387667
77853,23021.16194976154
92077,25135.620074626993
102494,8863.282024965289
92534,36600.36647088038
78971,26273.717341372987
84687,20452.588828670843
88376,10705.419117388754
105707,14765.102941316525
80939,26041.186153113587
82258,21138.978496517666
104917,10139.37904795027
95086,19021.48230488344
79275,13573.481116367428
104721,14264.23494709078
107939,17550.50780729252
106703,10376.212841816026
107820,9837.581459187068
79947,21915.327155683437
89961,11230.262393075978
106451,11042.867878160787
98821,11312.73431096145
77748,28298.10509473081
104802,23903.454787667863
81481,47567.58808353546
93544,17552.81816455822
89611,11344.982635519398
79850,30377.50694466607
81466,22756.614355213038
90668,9217.19821156481
89743,14561.423070434917
106672,21765.47228006923
76030,14312.170455566178
97231,8050.021772914505
93484,25229.418945976846
81393,12566.496232302286
94369,18417.298965537222
93507,25224.761638273125
100752,9844.389805491168
95565,22489.616689126477
98749,14683.30410980288
99634,13938.095684742964
86127,7779.3736193186705
101842,16916.61669075557
108481,9890.026457927886
82863,11390.809959870703
90043,10296.1498485164
76857,27865.940052055154
83241,11471.50704675969
103197,9646.081678815879
95458,14797.443289550201
76515,6605.772741938638
84987,12376.456969800616
80199,20537.407920899113
77835,20058.23169935727
80809,12431.988775847807
77245,23005.006923666653
104828,14953.440600183205
107338,7525.072803087938
78811,25729.69371741298
76708,30097.31846922104
88559,10562.817702790931
99380,7999.007949772699
89411,9726.233486921947
94532,24692.175056056232
88046,6979.221447665496
99155,11172.10734323162
80986,12401.57813738006
96122,23893.40633815625
78618,15529.792841195882
98205,11298.582356838393
98995,22242.87338805128
102432,9962.629666268153
78709,10923.6685454251
93586,21107.285004434012
98147,10192.013632627408
95468,25205.120853437187
95425,16751.22721735937
89106,12644.81175609332
85764,11329.957430903129
87674,10590.102564777326
106365,34396.681493552314
106263,8625.176992071567
97423,16663.439696020127
86855,12211.618161915381
101637,8973.014493641867
100129,8253.965716974446
89346,11512.405172384733
80037,6054.571301610261
87439,8295.563385874366
76329,51601.779227260224
101234,13402.98942660597
93715,24693.133843409807
96728,22239.903368034793
88023,15688.553767954372
100289,14378.873359364967
93685,8197.989054144477
97301,15842.356278604313
100588,11826.174748297484
78240,14482.494987104315
91194,36663.22322788204
78088,14243.397812928855
103811,12171.623888652684
79852,19098.43891858495
77718,14777.534744144728
99968,8376.084429866929
82937,13783.003037158585
106774,17197.071539153967
85107,9891.7752578785
77329,25706.05697147581
106498,14117.759786989818
80946,22389.25457507425
89630,19370.637274024506
105995,27394.11097741344
79926,45919.143476780686
93982,15153.208982014037
95152,32281.01764507841
102460,14783.60409063738
86797,14577.92660116878
98696,14349.048915964677
87491,23897.398641938424
93185,20008.868116586444
90910,18057.878292239093
102510,6632.365676075806
99707,12520.89634700924
106468,12669.414322093235
97505,13058.652109074303
85240,17378.57523821201
89795,22048.054836159463
78677,18249.49848424254
94311,19990.190613040708
79406,29877.732024536195
85528,23705.23093541171
95656,16346.783035562175
102783,13884.758193606838
76191,26270.21764675882
96193,14360.04130779151
108352,15566.677950536035
94226,21841.21871512045
94472,19620.941078412718
78628,7533.190967995575
96861,13948.641035789235
89698,13934.496318222684
89021,15820.561209410778
98919,15050.787613171946
107511,26104.21967654917
104317,12059.300587258143
105587,18725.78792029236
89244,12830.55133955071
108221,43622.90357076785
104558,16345.267022314714
99691,12061.558179571299
81153,20032.73941978431
83019,12847.037417586384
84699,10298.614088363622
92354,46957.74190375087
77258,28387.50699978402
81991,10861.500271153778
99191,14503.946667850565
80072,20604.14549136706
97195,27673.829968736958
83104,13956.194007453787
104712,10634.633540121215
100443,9615.611288212844
93443,24608.92918889138
85543,16607.690492893194
82977,14998.016916823848
92597,25195.6655274124
89182,15507.029028409695
89737,10359.19587823451
103093,14353.49166735557
103417,8975.134202998523
78550,10753.084204006589
93081,25842.525665657202
80992,12165.827542195677
83725,11400.414291438163
90755,11344.982635519398
89727,23505.600619196168
82723,12440.9376132956
85046,8652.98146304381
105507,20862.580621082634
102497,17050.294607914464
86897,8366.207193022821
81522,11047.671513803043
106201,18612.53428060616
87615,11330.121962495321
84646,10385.168269192716
104296,23020.378108337954
84433,6371.976924585873
101470,8355.72153157645
76641,21872.622586413945
88265,8359.396932199894
101728,16068.785709762205
83541,10224.353054747264
93807,25078.98622143786
83873,10479.912017703879
76785,33355.239964251065
83629,11779.062051149105
87576,17479.374010955482
93395,20141.138329926023
95537,20399.144536697535
89598,9696.139270383297
78074,23923.183525434462
102980,11202.810632162935
104929,17578.592558865803
97395,12377.28682027723
106751,22022.768632204064
101628,17276.171870948587
103613,15080.865967309617
103641,12399.046896770004
95834,17686.923843398872
101797,6550.743804923289
80042,24442.303886344438
81608,18180.419247497055
86535,12370.662762239706
98235,21414.32604954016
94784,18265.340247863205
79342,12021.426120365777
97906,15119.249066413295
84622,13770.183629594352
85948,22319.764077547694
88274,12026.958618012868
92480,20130.204937263912
86378,14998.016916823848
107558,10891.252104902967
88531,14208.751421228142
103681,14050.45585567627
103559,8493.135039186445
102821,13217.327207244116
77372,31126.52648641437
108078,9890.026457927886
96014,7389.202137913927
91072,17558.717766689646
78981,18566.85059845385
85860,10926.938506934224
91538,21133.2162292727
100904,14045.446936229217
83903,10754.504991641767
89075,11387.871361775495
87210,7805.104603025155
95405,17406.433385391618
101957,13447.176092914846
91384,21824.455844724096
91816,23645.333779361554
93271,19300.182588475378
106951,15697.268937754017
77457,15510.958366981768
99216,13231.109177437316
106683,8231.269878888024
79593,14370.536201079862
92575,16971.143353975145
106332,21756.891095450803
99751,12421.318652176618
97844,18333.771537541386
90776,10353.394603514596
107788,30916.223803297187
97552,9724.304475223536
85396,10695.46337117977
90072,8040.493281294062
104380,8404.35051507536
108171,14712.677269051474
82534,14120.559829846341
77917,23206.75099697371
76212,17335.441975382168
77975,17581.280011665887
96718,23889.06174171698
101250,9952.869140356252
102875,19896.50340146297
97385,10283.761269244018
93943,20185.45292234566
76389,12540.792795210906
104653,14376.405281784346
85000,11746.372784855592
100844,8768.201323652247
94384,44260.3940553548
91625,20128.036738907023
92124,24294.40750595291
100983,11295.341778103546
97669,23035.157510881338
76674,18149.33936256347
104012,17485.381081622774
100742,13214.433884750108
97937,12448.717493227248
99509,21435.76475900952
99834,12055.85758210349
104037,16301.807372766503
96369,14720.158212233651
86125,10449.839315496245
102999,6632.365676075806
85473,9927.612157034138
90508,10334.634050932693
105281,28340.7911603136
90368,14342.663320910713
84029,9938.412798790454
88603,10397.10527183189
102423,9965.18169823325
105253,23172.238501578275
76230,16796.783397392537
100316,8717.388286653822
102553,16710.583726607158
76308,39250.61041196862
101348,10905.649430781219
105689,24281.229921671318
78347,11537.222040256245
88127,15294.892524329069
97320,14713.999152742535
98421,20138.975894342962
87422,10418.022364396065
90886,8040.802254106513
82580,10002.439179926898
106420,11177.06775841117
80218,13507.258378875189
77197,12026.459845777259
81116,15705.364776772438
103847,10532.824150724204
76611,27765.740100331084
80677,14718.33918686104
91546,16168.834678806032
83706,9946.343286434725
83288,8768.790043568591
83664,10702.961177394935
81103,26105.414285756215
104136,12151.554199553204
79754,26041.186153113587
80794,23088.682369447164
90027,10995.708369744869
99186,15083.342408658864
79957,13507.258378875189
83420,10923.6685454251
106971,16349.592292510646
88929,14136.328850976708
79354,17984.824396396503
104624,20324.496182391675
103631,6410.193623148123
106329,11000.261966041955
94466,26968.712560897136
79495,14755.39486253537
92262,13870.111570317971
103626,10626.316960025311
102620,9040.971624306032
103026,11994.0769524823
95440,24692.175056056232
90675,8362.108204288588
92169,19972.977162118623
85598,11581.73069589511
93980,13568.980388219852
89884,9494.77959721218
100361,11755.733989964854
95314,18222.680707839067
102984,13358.961502018074
97290,28680.75170794069
88702,9737.643738359815
79250,25432.479743359585
101218,10573.9457258693
85994,17391.1634823576
91181,20766.65507152591
105974,11658.153806215045
92222,21936.34612508139
91691,25815.93509649198
103472,7979.685878164563
90116,12084.889910718166
94185,20953.531220412206
95705,26616.800054917774
92442,9628.963256414458
83759,10479.599250163117
106311,23086.78356137595
108531,12431.545510710934
88487,10768.040479012749
88956,10919.997661895924
80477,22653.36888163455
95422,18413.029833916706
77410,10695.618669195608
91873,27296.514215497595
95274,21791.1068465597
90023,10378.387047570783
77204,15542.90363300782
76504,15038.43682730694
105902,7041.252589034053
81820,15873.357968339613
89405,10123.949812024155
92206,14051.707239840009
79328,20140.182912468128
94971,17602.251750093452
91185,47512.42846628205
103332,11912.08442997158
105983,17140.291928723735
81775,17988.287737220333
81946,23035.157510881338
97846,23380.589762732427
103884,10532.824150724204
105182,10309.934464986487
76148,23578.203278191733
99255,18869.72280080612
87785,11909.923142626665
78903,9866.590904078497
94578,23288.693909387694
107853,10974.205258510863
76717,24083.257568156005
99052,12151.597283301555
82390,34332.919695975055
83676,10185.703426268143
87748,18070.851717707028
95443,25171.236779707295
94430,16850.8937468877
83886,17479.374010955482
78492,9421.151171628848
97540,10380.148779677134
103167,15654.924367487802
82621,11909.923142626665
88729,18994.68670729897
97779,9508.117135693772
87179,8034.407331410582
83693,11330.121962495321
83068,17383.1100361817
87978,9577.432146196232
77547,9761.260628590051
104135,8687.952243557917
91838,20151.981091925136
81044,14631.15233780265
82100,30200.01978322106
79196,12217.68195345173
103420,8644.977836862801
84430,13757.368029394518
95116,24608.92918889138
88758,9891.7752578785
102600,17408.428677833967
97943,23435.5065117392
82923,15406.466590022485
84173,18602.501834809445
91455,22700.340182608863
104107,12406.744138252692
84031,9801.863065532561
103307,7218.633388632154
103516,10781.418094564055
94534,17709.339184647262
89498,15492.038225617014
78100,13724.193724912839
86728,10006.720389198972
89787,18592.74531576874
99604,9392.152880484935
87920,12626.553018996088
95679,24690.241059258762
106342,9889.8063800041
105013,9401.458271894042
94526,24948.747316100777
79217,17422.429902734817
105206,21248.96535184277
80930,12416.706148477024
101748,10888.802303999937
108486,12504.928796791062
93949,27519.05134361457
99658,21568.436448649078
97561,13478.353908320929
101617,9486.308226107303
81330,44877.02615649196
101771,9913.57438625599
97270,7818.227893204727
101595,13907.927018560873
98215,11616.289874710714
84007,12613.312732690429
92680,21791.1068465597
78992,14408.302231666983
107596,22021.58420426011
77206,13868.358097974427
82743,11615.029368754185
83701,19156.46533860992
99165,18124.15886442701
94432,21791.1068465597
86548,12476.351650456163
76397,19488.568730612176
100070,7858.533677643876
103513,11587.474311891041
80091,17950.790710120287
76782,19017.723457262975
100886,13183.162885867276
103951,9844.389805491168
87351,15539.40094484078
85974,19965.6676721096
79314,25902.926420531818
102475,12408.014046790158
101614,8625.660426394837
99033,11804.031950123252
97666,9797.262557278913
99253,10115.28944307105
91658,20022.029885331758
82007,17590.37993174237
76687,45724.34189570776
83921,12458.29202864729
92186,21954.38219052032
85865,13773.820857115772
78521,10392.589328949474
77902,14125.687818698461
101697,14083.251413806956
98102,12638.601051624031
88037,11335.279673541923
87226,7838.737739666589
107492,7321.342673263018
100723,7913.473171916079
78581,16178.6229527422
104777,9337.497857143324
95606,14218.78986884751
101145,9812.140620979751
98544,11156.400210949536
96417,26425.561189986263
102714,10551.567014946817
85830,10351.57180184037
80541,24155.88543453544
88142,16913.959178498786
95553,25150.814506884846
107711,13121.423627138938
82572,10852.147904562762
77820,47927.00087861131
94456,17661.768093713912
90433,7814.077895082335
78161,26105.414285756215
98322,27506.938263698634
101884,9352.652269064489
98723,10257.629169955186
100828,10552.31424020435
100612,13358.961502018074
78754,14748.908896173969
95053,38455.45846148133
87293,10749.957028831117
83679,14120.559829846341
102810,8782.835718121903
103021,19525.76202511662
90497,13001.433717756494
106798,10639.348916900382
96234,12419.29866281557
97962,11663.208874648804
81585,10345.835662276091
101255,9914.291021358238
95824,17559.79460553592
97053,11926.646196660746
106657,22762.400231109834
107453,19723.389499158224
77979,9828.42142952989
93717,18096.828447457978
100424,9922.451648717566
105579,24882.093903757162
85608,22434.361440821012
107878,27208.408554647107
83229,14120.559829846341
95478,24603.742724146614
104405,20079.449997925378
86681,9579.79250846138
81901,20129.27667481829
77806,13396.255951383348
102650,11652.603613966423
80845,18690.078832997864
77445,13087.816167540977
79206,29758.316668751162
105219,18474.563744883577
82665,4378.132044369261
79532,26240.227679135027
98125,8194.127600690537
77147,17635.491741404552
84836,10661.816351041467
105376,16936.352961733384
77343,36308.89487420091
108114,14264.648927902808
94994,15573.717415542873
88610,7807.72082519142
99609,9256.753944890608
107243,20787.582915829622
98829,14349.048915964677
85362,17442.82284068457
87409,10867.943870035204
95322,24112.085351786645
86185,10072.888334091587
81792,30862.222869314734
84113,10590.102564777326
86139,19896.028623385075
84719,15272.048035769558
85120,15055.927731719417
101693,7234.8203075072715
77413,17540.60181622606
77179,13160.983771007837
91580,52663.85899760231
84116,11118.687916082246
93025,38455.45846148133
105224,7826.76622898002
102854,16570.05029980689
76237,20812.77163072606
105595,20991.05089691061
80155,32922.0478262188
92056,26628.675814669015
103229,12967.068819840735
98783,10164.220863553104
106357,8002.385224604465
92305,29531.96227399345
96312,9449.480580228144
86890,8112.420481356866
93354,12386.487795488305
86898,15863.068809747645
76058,13944.764646026848
90555,10188.969824278243
107136,11695.401657734736
107052,30853.391063267823
76384,28148.444745225857
101670,14049.961617004808
102438,13172.616557842448
81063,19375.525046987757
88254,12143.468358249762
87041,10246.879145668116
84909,8009.247873796707
79053,18996.0562452635
88187,10642.376732136414
85814,11353.865857611383
106396,18122.713354591113
90460,15092.453079055293
79261,17581.280011665887
105167,20227.47854817662
84047,18186.81598458057
96771,8874.193444681996
91074,74603.11326256287
92357,24555.40433032555
99588,10197.305795321863
78138,28383.84929060754
94328,14018.849858661379
92019,12220.324614870286
77557,21975.94368870464
83024,13340.431115620675
94888,9735.14076745381
94193,24971.87860384692
97909,15066.862248283483
79111,39125.403529675976
97936,14612.769159676081
95276,30261.08483853697
107815,12998.524944469367
92806,21791.1068465597
91317,19839.57926235051
89507,19313.53975903646
97462,14775.619795837585
93693,16220.676941266853
81331,26020.763144078242
77260,47671.538437099436
105287,15739.463859955573
86064,6451.5339447619735
94906,24668.846378101054
94965,21614.83342388907
105863,7061.360153716578
96962,10672.31811789984
82573,13459.886351496525
83271,12072.579453214215
94624,6363.795607448768
105014,23161.212250813474
99965,10551.567014946817
98009,14310.780745631237
108442,8580.562333905573
78211,31074.864727360342
87609,6505.308054976626
95639,14917.566110490206
83389,12822.412358646447
84086,14945.385959148742
105956,11706.132300784595
108384,6509.993518920831
99053,11379.469916663651
85503,13980.507514316158
100879,7280.877051249159
102238,13858.828937708844
107311,20379.874994616246
90740,9715.659640560098
96463,26003.481280950353
96521,26294.945801933383
100020,9036.795070929136
86048,12910.371678288338
90310,15816.78679335755
95810,10933.357213840685
106809,6575.814504568878
90420,11794.8002907651
77189,19408.9948146859
103940,11771.638803612232
99054,19952.467037509952
86669,14030.376505683385
108226,8715.828443323744
107731,14556.38052962741
102410,11240.499231037611
107012,11766.390227266927
85117,6735.289705787388
89298,8359.396932199894
80880,16014.563064678061
86954,11919.689822976454
100029,22606.656666798797
98943,13376.950375136497
81089,34560.72779369547
89148,11337.840249390238
98024,12279.383053230666
84621,14011.832868207795
98748,21556.18997433329
106824,19623.154403095585
106049,20445.87557244998
108266,18432.056684233856
98763,7096.358294942708
100238,8809.397203045435
107279,8807.363843885809
78188,47696.21978492075
90443,14377.793948482256
95384,10421.457190043795
98928,19177.11666073546
83992,8050.021772914505
94914,19170.728474949847
92340,11991.113857192737
77677,9135.68715994519
90840,15816.314979360879
106434,34396.681493552314
83736,13400.276305327141
90022,11199.533929522566
87633,4329.408670682393
101312,17217.870250621563
92614,24678.345890719655
79410,13335.86559516933
83220,8795.022138851129
96064,10386.848197548998
96470,8650.017721035501
77247,8005.692759725529
102732,17348.65174257895
92569,24576.325011661327
103467,13520.588916273982
102976,7999.298825471654
87220,18014.511702132077
82183,17352.720618218067
88173,11623.991120943585
94227,22668.264069790166
83048,15931.317386619081
85320,17891.60248276561
90217,15702.671144386652
97112,14827.91639406349
78246,7574.468897814027
82000,22437.535801158145
79672,10645.197448818266
93499,18261.318580538962
103355,10895.49873536497
93334,27376.138496336305
77302,11710.914242660187
87100,13601.231874511184
92568,36531.40552232087
102148,9844.389805491168
81098,22399.03598929394
77544,31114.261238912688
92644,25224.761638273125
95996,24923.452946907964
79138,16132.215706497509
97082,30383.261712181
85843,10361.911782441042
103831,10929.973580918158
78047,26172.80304238084
99184,15263.879277262504
83023,11740.102354627923
100629,8434.065397017806
106087,11467.808558940249
87161,11030.129885043529
97572,11105.054188838607
86106,17573.876676796255
90163,23411.492977327056
95623,37264.58329339845
104349,14765.102941316525
84422,9733.860243665884
107061,8682.277229460915
78175,31767.720820751012
87468,12035.63871480129
87136,10760.86576354277
84238,11344.058684076017
85432,10868.899065518903
85363,18780.361519807422
105017,10367.990647414426
80633,23040.85075089944
82273,23035.157510881338
76668,20228.71618717008
100970,11977.67076720018
104985,9343.826607251964
76457,17442.450750086955
102241,12325.496537916188
90884,10394.003109149255
79706,25981.009975400317
92608,22341.31994599141
86284,9951.752673305746
103990,9981.528479173427
106152,11586.302551456138
97553,12550.329085918524
106477,7952.980197741947
78423,21899.695160403713
82766,13400.276305327141
77477,47715.65525836399
97680,11158.466356454588
96346,15455.676660189185
104141,17714.615791184016
80807,23021.594886833413
100442,10929.973580918158
107029,17884.105559557644
90213,8127.175333946749
88434,18316.13945231915
96441,13329.344138964538
80102,13084.054486651467
105520,30862.222869314734
78279,30209.77793432244
95023,5522.4065653381695
76739,16821.991714632826
76776,31074.864727360342
89754,20793.602955391776
92585,16405.926652300335
83197,7949.143763355677
99947,13416.108436676624
108399,14190.985934382084
99140,10327.448920634353
91454,7990.350448259543
104130,7852.473036128416
108320,13245.028652394525
93440,27738.98999528621
105567,13298.977260294429
89460,8916.263351191248
79662,23218.35975707072
88491,15272.048035769558
77034,11419.199133644852
90404,21529.793457503467
76014,12120.719879607273
104971,8404.35051507536
92516,16749.945466805057
86856,10406.758939261084
90648,19255.640151959924
97201,11596.51887055238
79186,22319.908554418475
98204,10999.612259366744
82568,21342.68499251274
97595,6802.122264134503
101703,10872.253698881324
84202,10128.988116149549
97310,7346.196516080629
105498,15325.879275642803
78896,28822.852416218055
106029,17377.06694194426
90047,11944.448455719812
83277,19097.857050239374
103503,13176.246353122422
104327,19778.253003350288
78026,28579.714951743783
80909,22633.934806614572
85733,7855.173587424891
103986,16338.718963815581
103236,15314.471992609124
94181,23688.44173432817
78518,21133.08214219398
88239,8940.375148071162
94503,48303.108205338074
76074,12845.545997375188
94424,18916.57579474774
97663,20604.627781076033
82357,21784.371609231646
92631,26777.070858049265
95482,47583.89966857472
90697,12055.472076281909
78798,14237.337502539087
103348,14052.768498000592
83659,9950.368098029627
91108,11794.158513919332
77916,10782.672740449416
106086,17222.060462344743
81928,22791.570176885056
108406,10608.791842428862
89731,14736.23191802651
106178,11366.569784076923
107719,25252.964169583913
90633,18802.24292290174
100003,6294.106782605939
98978,13119.280163247693
88009,17329.10076110414
96631,15861.702819096274
93628,21719.098361457818
87288,12866.809392382142
82057,23027.28812685152
82925,12209.136709491795
100038,13886.198084062056
78420,16938.19520704895
96271,9051.79935214185
97966,16421.212347240835
96110,10387.60232093895
80393,14396.142346175828
78706,15886.029265650865
107484,13212.25632086662
103084,11775.404229548314
99792,8363.243451014512
93476,29331.2169821604
88975,11791.586557993289
83981,11199.267040325689
79492,17384.627518944704
76802,26270.21764675882
83781,7797.932190977978
95719,24703.604169551938
106177,28868.74544158881
80626,24608.62049902411
76158,12269.03564872134
91434,19330.806627747577
80463,24271.39372732338
86263,17946.578016587355
107666,20463.14122861924
94262,21936.210039529957
103501,12931.470989514348
89996,16068.254367859417
87306,10708.447167094724
82265,13088.112076993031
106825,18654.090223373805
98851,15973.136377400007
80547,23088.682369447164
100440,9846.423387001647
103194,12517.52706562513
90394,28081.812999257374
86111,8017.822573337318
88528,19219.021032671782
86857,11325.07795451664
78099,9936.263194251384
92331,17763.81084478286
96016,15037.317642702412
91750,23934.039605217098
92459,21743.430585643633
107321,21658.038220189694
87091,17201.639848169
97925,6844.681692150203
81737,17581.216692184895
99093,10119.872052127756
99531,11797.572393527063
84423,9920.587074134077
76406,21571.454961154082
107350,17852.043771098237
76326,47696.21978492075
84338,26266.360122654907
76577,22100.98950054756
95385,12282.473638263386
90391,16312.935130593092
107624,27204.084912991344
99241,6647.125545484262
80248,18701.57125785298
85295,15178.424026962914
96343,10287.679509976157
80926,12279.854215148218
94027,21128.002111136517
79544,21074.03752541238
84425,10633.4820534772
105264,14312.591695704981
82643,10603.528078899655
93474,12303.342671396143
107072,10204.415039575924
83519,8336.060334360187
85962,13400.276305327141
96932,30293.259357438987
100759,10885.588071798604
107022,6473.090422287001
77012,31376.836955848274
100651,8741.670505703618
89430,22327.14473730539
88981,14292.868834378514
95740,22238.31219246138
101954,13515.100845608069
103408,8028.1247498081975
81304,13882.916242772671
108421,25152.904547488914
93532,19501.656035286374
101576,13947.271327765213
79931,17992.1835072135
108176,10626.565099973128
84455,18115.20067530891
106797,25393.426328275233
76513,18975.15851563759
89674,15822.68930895874
77722,21417.899428636592
84754,15040.292197396057
106492,9890.026457927886
99242,11442.895995121788
107569,11879.818725547928
94320,17707.582856925197
82637,8755.445668259612
96550,22709.267602547112
105480,19408.077972008363
100624,9757.485850143541
89114,11239.866048816159
100866,12022.966801440876
81896,16689.80214029028
102689,17225.476124161836
97911,11834.606154805535
97099,8644.3427069385
92071,18449.929001269003
95849,35366.61112800783
102903,10892.442388951402
103725,17272.460812385187
101176,11295.341778103546
103887,10835.479008495018
80921,26240.227679135027
92266,22777.058622282475
106467,6054.571301610261
92139,21960.746717229842
106826,30126.926915415585
88193,14172.741788774063
106211,18468.424268917526
88612,14099.39464852357
89179,12910.371678288338
80004,28966.496060805977
98225,9177.744532558627
99856,19149.64537877128
87150,26256.087062087845
94786,27559.809599650816
98471,15808.128848916911
103319,10544.511979342798
89393,10595.44757738276
85789,16027.47836809214
97761,20222.238288966008
101800,10929.973580918158
91588,27376.138496336305
76096,7703.865551096979
77378,16868.521840206755
105010,16690.85040314655
93587,24786.263715289653
90171,9419.66769117794
90438,10153.940449585662
91148,17137.31334997815
91323,25945.60407060894
98577,10233.839326807863
77741,13980.183520356382
87789,16007.84722935857
94742,24969.78126134738
78295,6462.868977392947
104797,8341.575263589013
77425,11766.390227266927
96208,15046.120945834035
100731,10934.118554172406
93163,29331.2169821604
85915,10633.4820534772
89993,13271.45406707522
99626,21435.76475900952
78228,17015.850055368926
78779,10563.020983830078
78654,19540.789072508192
82947,18016.651906083367
99479,7349.71335571886
90585,14736.663813711692
79933,21050.657751290946
79287,24277.498519137207
92899,27040.79384119983
93755,23735.955181066292
92117,27903.83919425085
102417,10011.600336981688
106587,25294.75284483021
108201,42174.55893202347
88442,8136.7570973750335
82673,10791.172624554682
104223,10501.225047204594
86036,8329.600399574667
93425,24285.17369469303
96693,11254.936793048197
82050,23413.93399833926
99460,8356.433190191587
81829,23394.619048572258
83925,10757.576963420375
94041,24966.920512521767
82035,10938.799081959649
107368,8367.796625700403
105591,15917.464433336405
107782,9090.140210385069
96340,12590.703033665268
97566,10394.003109149255
91719,12340.753541531149
79210,18932.61622889395
89898,10764.829554355136
106642,11385.180435411537
93485,21719.098361457818
98774,14735.433496235417
90967,19863.690699168706
89550,16493.951196342874
99247,13075.14917756847
99897,9550.595834146266
91394,21696.94490155712
88135,6999.593519811989
84111,15549.424453703698
91479,27181.279379917858
82622,10216.315762057948
104106,27862.360160353754
77050,26270.21764675882
105631,12543.619323685825
86427,6464.664181543979
93552,44342.744925717256
81830,23413.93399833926
82034,20933.240460393434
105857,16981.97952842845
91623,18297.908149758277
87886,15324.6577673129
78123,7831.3135336692985
101951,9548.865971566998
97543,10064.029027924573
79462,45872.41167196187
90234,8613.637801795401
81860,22971.13040630529
87045,6961.3195372962755
107162,15554.844572028345
90414,13630.683461690194
78353,26270.21764675882
90940,21834.9585593618
104123,27394.11097741344
88330,8569.755738120011
84769,7701.088546189603
108396,20397.127671170536
89556,10353.575395481506
91348,14771.19091042942
107687,13293.24689362813
90777,13882.329840901828
104801,21728.588454344186
82951,10591.486180509508
106440,18520.68805324274
83562,8953.646054898558
95283,18819.97339598188
84042,8403.972085982103
97883,11354.42322693292
101997,8233.66155366063
82566,10056.064809764457
87497,11926.047417024647
79697,14602.655933128095
85723,19204.106377178858
103511,13407.772599773589
101075,12016.85936133385
108424,11530.807896468948
102011,13510.039653390035
90054,14594.901393480126
105933,15890.945771296618
83807,16068.682287358663
77338,26177.703037921794
96060,7446.591398559098
103133,10532.824150724204
76548,17378.908025137727
79177,21564.90950353937
88937,18023.39031827722
105216,10618.49962467214
80415,14664.386986542318
89404,8191.991310109558
99503,15267.248048402096
102640,14620.363724089775
108003,28286.84336437183
78038,9745.921308986533
96267,26497.890191260558
106361,26204.364675161276
90046,6970.406340002182
81034,19272.46246634045
77832,17015.273650362582
76482,10807.437325117095
103687,11274.846669368604
104148,16722.402610336754
96008,10089.113815982892
77464,26172.80304238084
83612,19378.274430437556
88727,15064.384634028873
92881,19252.269332068918
78787,36748.20947811446
92593,13595.869379155403
93216,17487.37283498808
108447,8025.564750199819
91746,25041.264060297606
78670,12414.163380861042
93142,25097.289648319016
103515,10978.533422394205
101254,10546.160430965872
103532,10243.660049586486
95650,23928.46664997125
100251,15057.876634873954
82597,8652.98146304381
83045,8507.409839132044
95764,22513.85634669187
83685,9562.496883171701
108088,13404.11430529427
99800,8650.017721035501
104273,8909.544867697796
86860,8404.78393505397
103756,8694.05716647067
90038,9322.214252221462
81692,12849.293653373767
76875,9690.055415200935
82474,10459.880567582908
84165,11796.528536686184
92416,19992.827025492305
76486,10221.611920369854
83332,17274.962623914897
86362,6722.080981348346
99000,14349.048915964677
79474,12483.581572327079
81625,17684.374336245335
84416,10868.899065518903
107026,42073.63034573466
78888,23584.452956233512
91402,13878.895334102348
104996,18364.624168203653
108161,18429.85874254457
95547,19909.047840590847
81861,11815.511831182084
77574,31267.702659736653
88480,10088.829507674198
78311,35057.46512944403
79130,26105.414285756215
86087,24983.030308814763
96083,10910.852746735436
102730,7316.03530306043
93459,25135.620074626993
103121,8419.937217365416
106519,10490.752471019712
90685,10701.267452296273
95357,14063.095646671221
104263,6541.428981075465
92978,21807.343742671485
85290,10807.615404274236
90632,18353.253188980292
105283,18431.894748149494
77070,12592.727532408253
97304,18787.33472624488
97350,24373.946843342437
88499,8087.445470385877
88773,14998.016916823848
97413,11698.133255415134
97795,13100.074672563442
102571,4953.539750832001
100395,9496.435534248387
83692,18268.86675974064
88058,8475.855457939086
88108,22696.248129176358
89818,8656.902227290453
84732,12622.439046348067
79794,13671.512661783072
103320,7461.663190120207
91794,13520.402201852932
83061,12626.217648168029
88593,12148.488715780759
100252,9416.642100081222
87177,10529.242736830229
108018,11122.905972879546
102667,16633.78336924246
77541,11467.99533823587
78985,31126.52648641437
96495,14576.697654623016
91698,23240.82331587135
80282,21924.69790530134
92825,25625.777341477442
92684,24131.984496676214
93840,33128.628586654806
85266,7104.55131041968
96656,11124.686293006562
87600,11615.029368754185
106994,11009.787297411813
101405,16108.939071274972
86756,5026.997337980247
91439,16924.43092542496
85088,8359.396932199894
93892,18248.842084484008
108240,19828.392072836883
91934,23893.96790413003
79263,22558.97574144186
99012,14880.135482617237
99507,16102.100918310563
104775,14646.234027475432
76783,14584.82280811624
98630,7848.663755497266
105799,10298.362981937791
79687,19902.331735888092
102242,10532.824150724204
104987,13911.849043937513
76197,14628.778418298827
79819,30001.52464613603
105059,16057.820841771672
103748,8760.711758633048
104789,18048.013495602718
107740,18250.083684795136
94310,21099.320552479712
95974,22897.03789605503
78991,22072.046433644315
85346,12525.469059635645
104905,17693.616475464696
84858,8349.564671983582
95021,21799.546889621346
79234,46217.8723136542
93929,27709.215320274103
93964,21878.920790879438
102327,15187.541232592259
93930,35796.76040152714
94220,34900.232086361764
97355,17617.29941050189
101356,14240.58766768122
80132,45932.04715411438
96537,10094.728167272742
95767,9882.315668960333
102780,13199.99048630842
98549,8183.352554004247
91031,31554.99000987395
91922,22421.385547708272
92327,17909.46455323151
101273,17053.7495210035
83564,10134.745469790863
93121,17152.03125874695
91848,20711.47898326982
99112,14562.866887265995
79484,18167.080377749106
83792,16375.764199505846
88337,22175.01276165944
98896,7105.687888701777
82576,19592.109294720536
85186,11007.675531117822
103570,8391.708099054564
94806,22626.663813419516
107394,7178.500598958224
106891,8092.422898806799
77508,27571.164410477973
78851,39911.28738045013
81113,23821.503113705872
85437,11985.050651502803
82280,10624.41549543406
85886,18195.126279428456
79625,25322.64345675431
95239,35796.76040152714
82313,45911.20438231484
90789,18073.772377634054
92484,20128.036738907023
88349,7819.180616978223
87936,4330.90180084448
96057,10166.743695033134
102286,9102.338030520992
97187,9715.659640560098
85499,10874.48948702725
104015,14109.313788064534
99732,14186.690233804846
87915,10372.410029290078
81687,10645.197448818266
86009,22327.14473730539
97444,8418.323891651873
102004,17276.171870948587
104458,8056.326254138679
98519,7320.805815519398
82785,15303.797877744846
103479,19803.897190876487
100675,12762.825725198014
102764,8336.78752474776
84770,11589.891667009597
106124,7798.6942244671645
103447,9850.336900847165
101681,13969.136381881523
97714,19913.21433539114
101446,15649.922542929218
108526,14457.257496161288
92403,18060.79088845017
76218,52982.84391826252
81456,10871.081778479012
81297,28296.01904695044
90637,18586.954709446603
90327,9537.08720016148
95775,17106.023789527928
89328,10160.745772454587
76281,10581.389134665375
105285,22168.372154264336
97967,15991.936704725602
103677,8349.368329697747
89371,19227.763313389907
93864,12477.410052749245
103191,8324.830872243881
84138,14809.881464314552
88931,20341.34766598562
83174,15811.247108631189
96700,12659.6761337637
90557,9700.00031742947
106224,17432.166301877354
76032,16850.994053112354
93904,7873.559087175268
83233,9891.7752578785
97166,15412.047936527022
107008,10833.738928409579
98411,10994.02892286692
76898,9109.595457766509
77335,26043.645875696206
103661,13419.867453469764
89251,24504.416518391732
107278,9889.713690387125
76306,20741.06202060931
95821,25266.09155753382
93738,24676.349098908915
102085,10531.844781602218
87697,11211.641921508945
95925,17975.825747968553
86432,16180.329210536338
77843,8420.780842184462
91784,18949.564362991598
101658,16666.382922774774
77139,26307.946483517993
82509,8789.678806763253
92105,25867.518168301147
89714,14784.155275332309
104701,16184.317688067847
96529,11364.375134654958
86466,12545.204505266005
91745,12686.186148484447
89336,11381.751041502554
77392,9856.783291732963
107821,27208.408554647107
96431,8043.3806234677595
96177,11201.994170194603
103091,8419.937217365416
91003,17838.555033460776
95781,18648.399180517597
96216,11624.351905275538
78178,43051.15716989569
108259,17078.926489871938
81909,10867.674604960508
87054,9936.263194251384
95949,19105.820983022357
84912,14121.882934691412
106750,8411.160775898286
105535,8059.533652410265
104790,9475.489811788268
82394,34533.70962763156
85536,10053.062974129738
88663,10002.087638733257
95114,21930.578875156534
87720,10203.589509425618
105355,9541.270956304345
82633,11791.586557993289
77178,16768.904989027807
82650,10633.4820534772
88354,18838.24497173167
91594,17785.90279131822
106838,30916.223803297187
92201,27182.832850798717
86903,17998.520298551273
91790,35546.76358710463
89435,23372.670026997224
106192,10643.666086908413
100291,8625.660426394837
80263,20058.43475916282
105259,6645.840079749685
90581,11065.306506779292
82168,15811.368292117055
78900,18997.82037460118
92927,21151.16126755511
86035,15478.879808100237
82812,7529.020644811619
90960,16747.908551183584
80564,30907.681918954397
88136,12571.137084706152
81598,12099.213150075315
84515,21963.731246352578
76559,17410.39720910007
85602,12591.845895669749
87221,18558.91016812111
103271,11072.585473303743
94627,11313.368317624805
79016,5913.213125643655
89875,16186.697409627111
89037,13389.471013159482
100203,7889.337697618471
86521,9726.546254462706
100287,8431.004566042444
100028,11818.901865774416
99993,13280.462078877394
89572,16105.193454828903
89439,23741.544499864805
105686,8414.219089004944
92939,14755.403794936376
94055,25198.336198998804
80380,22282.37492469935
99967,8853.23299729532
95543,15809.35912720056
97455,12506.027674820622
77160,9447.023943159498
105212,20783.481809067678
100236,10544.442916640928
107291,9723.93426292139
104571,13096.46171625588
107474,12242.128418374154
93115,37852.84227958351
92068,26349.003317730956
101225,13179.486326264032
87087,14995.248299759947
98133,14627.24907379128
108494,21569.11101957926
93501,27414.292971599567
99785,12260.188712046413
99377,12187.81902909073
104791,23164.405613551688
95521,21810.0552421865
98752,21711.736474831352
100191,6624.368230330809
86298,11103.259347080248
85617,10324.744014504067
101651,15073.39056921628
93014,18202.616315507166
89934,9322.214252221462
85334,11215.283357040247
97879,17510.37678548577
79690,23076.859984603387
108126,20759.702015048137
77117,37139.73287054073
99027,15169.262925404162
102822,11924.67516791347
80603,14411.120687978604
98014,8393.21187963674
77131,47107.511882029394
93449,20312.069700819135
96996,16451.81377318454
86682,7653.239045841055
88766,6311.177618673351
89860,7775.513614246319
103646,8435.154564164837
97690,14476.624795892156
101168,9486.888387673342
106415,5935.393256152211
83711,27947.23161809248
87996,12481.518985977036
79855,18600.295125093868
105266,10736.390551194669
92717,35796.76040152714
88833,14188.987716484045
100290,4621.715776198739
79845,14253.672304272
102781,13894.314813115026
80780,26179.092467592644
95643,20072.569133777113
90478,7748.8940019614065
78919,43655.90854039177
87599,25488.82232164064
83576,12444.764513617192
97582,21623.090248774894
98560,9301.773349314122
94839,17392.692806630923
79584,33532.69339806626
95009,27544.30649672124
86194,8647.306448946809
81291,18035.729640548365
108264,7660.9944256193785
91618,26628.675814669015
103987,6557.611999648378
98687,10128.27041592382
89683,14264.987186146322
80178,14889.240324625605
85041,9446.68029553836
85795,10609.957662551153
92667,24703.604169551938
88648,10742.915172704224
81003,25897.041423196206
89530,14318.304636637662
89343,19210.026140651367
84383,11595.736093856893
95447,19397.203487237985
103195,11775.322935599543
87916,8610.973368267178
79701,6980.967891195753
78939,28936.088047084082
90700,10266.32467754066
92770,25633.36149817472
108076,30331.06528867629
76716,18996.0562452635
94223,14639.705180447245
97551,23916.270470811607
92126,27859.95940189388
92616,27732.331348042502
101680,14153.655621572301
91237,31724.737882208534
105108,10490.752471019712
96867,6725.647998649916
89088,11199.993776075398
92402,18956.039620314015
94049,19389.780490849178
86720,10338.472596263704
100554,13144.12723662682
102551,13426.283735885852
88297,10697.42304480505
85365,8468.644022061706
82994,8106.235980038189
79914,10418.980890758778
108258,13228.720734757455
76068,10824.956216210545
82252,10344.724380437756
85769,16288.960429425266
90927,29246.68436836858
106917,11683.41197856897
97051,8557.93835246481
89757,9711.60577119926
90517,10440.896100661179
100679,7849.991043737481
102698,13350.271613236133
76935,14577.117643017595
94802,25075.48652682369
106017,26300.37897861247
105400,9841.44183958956
107120,12265.355699443078
102046,10532.824150724204
90067,10852.14389868211
82781,13044.289414947996
95277,46051.093112726914
95689,23736.736350061667
105027,24403.627058129663
85236,18425.180718249092
97380,16397.055882083707
100285,16009.537513547877
98812,11913.264878750113
96265,21361.812560911352
101336,10029.589391943215
107335,15975.938783025791
96385,10386.848197548998
78322,34406.74079172288
91805,35457.10768885174
106808,12551.399371974348
91272,25274.65786460169
97409,9715.659640560098
84801,11559.731607117556
84783,12937.529749835727
78594,18258.16084338305
84618,11932.509625485905
95162,16359.300123849453
87803,11951.894380128953
92565,12852.174095248625
107155,18642.0173683759
93075,24690.241059258762
102973,10176.526100541276
89247,8274.605235309575
79555,23560.017295988942
90326,19313.53975903646
107169,17221.92418490697
79268,22763.86181106648
99954,9040.971624306032
80374,24914.52860019617
101695,6998.753825270327
91260,47246.8354967913
78376,20299.98828227215
105554,10128.31533332933
106897,18069.77578296622
88890,19979.597293901094
85043,10674.122757601684
90014,15816.314979360879
99924,10534.398687751169
102210,13197.992928276353
102041,10929.973580918158
78082,45978.755402085044
106653,8404.35051507536
85042,6812.3222248999955
90502,13781.575843789962
87396,16075.56757349893
92489,18436.657485656935
76383,11865.993166894383
82522,10479.912017703879
89906,14757.791363830362
103260,8760.711758633048
78162,11892.975302715951
102594,8391.207292027593
103841,8637.843430627529
78789,16843.576100392984
106717,9855.931147974303
88775,8276.558029733502
88109,14559.292807769709
87997,14245.4453486063
88027,16288.960429425266
93890,18111.249514185663
94101,18921.4895966765
102675,7856.299678079899
101475,10920.062917351792
80558,13015.608310064736
87171,7847.711031723769
88266,11581.78160076037
101850,17276.171870948587
99649,17076.511955431833
105512,11039.333605381094
102290,13294.000172985103
80390,22687.918615034137
90266,8044.333347241256
84938,10742.915172704224
93151,43722.9368261935
95267,25180.47059096718
92188,21649.36650143093
80014,25955.37056544771
103390,13929.64672576517
77627,20366.05171090595
104741,8231.269878888024
107297,9890.026457927886
93101,21828.551605897235
94142,17801.49328918776
93814,24676.349098908915
92300,28411.908993549325
89616,11422.05163277424
102876,9724.12997910034
106731,22917.179663939653
97653,14759.36151310764
86484,11498.324909327062
97041,11589.069833339869
88263,15706.774051666463
79035,17080.384555054516
85171,19284.123084408973
99949,10936.827898070957
97528,8362.108204288588
89333,8218.421474641924
108420,27430.725099492
103545,11784.678423974354
87578,12644.81175609332
89794,9715.659640560098
78220,20885.090270502096
86074,8737.05684631751
82330,21907.672557634476
77108,8469.640368255878
90682,18407.732566547133
105643,43353.63915867855
104819,28710.764886688583
98722,6647.416947933735
82464,16345.263846289963
80687,25893.146802703406
101340,7238.178174633889
86763,13338.600400791787
103549,8239.725839326733
85520,11111.534992283634
95658,31466.69178953476
98745,17375.473273909436
102751,15002.821572130155
86044,17139.60152074699
87791,11234.263132189102
85907,8048.48334536365
82976,13400.276305327141
87738,17497.262214785736
96035,13678.012314832822
88577,14482.494987104315
87932,8130.741387022775
100197,21037.467843620634
87983,19209.508477855354
83455,17384.627518944704
100627,8987.054482530999
108491,11569.164125188056
103896,4871.14942994518
100166,17502.567413328146
84224,14621.940433045922
82279,13723.464577078275
102695,10153.230115209915
91730,15750.12047322414
91520,13094.147272138971
93441,15295.53747594691
104061,16372.448172169494
85328,14328.98940656522
78431,10479.890880114091
89987,13602.898850861404
89785,12015.925729284598
87524,12375.140211196787
105313,20750.711608782643
97204,26270.21764675882
81190,19534.814179554356
106185,25901.887847323185
90483,10970.840832509492
85436,12349.637371686627
89422,15630.665001257663
94943,20106.071814837243
84834,10629.159169777959
104864,11429.47320037351
104593,18435.211832900433
97614,7593.196653462666
105794,8687.952243557917
87647,12926.799106785864
79445,18748.786575216847
86179,10507.998821709503
80653,30162.95780160792
86987,9871.743807757533
94399,12392.918376313179
85016,8436.910824810622
97822,10287.679509976157
78119,13324.196696233912
100744,10089.567077999794
105979,9890.026457927886
99994,10369.500825716697
100774,11308.953913695195
92935,17860.831394937883
98288,12303.959786012967
76583,15756.352331213355
83919,8885.34186362898
81696,32189.603461207917
82491,14952.844104871954
105912,9863.588034107015
81324,20017.488487834893
76616,23191.819102607224
77437,22752.655066378746
87372,12853.467312202405
92668,23929.68464192459
89936,9699.77149156282
103228,13576.099718986114
97587,10524.627161320506
101465,14025.460044367444
83831,11317.359667621724
106127,16650.780897473538
81306,23399.93843721946
90977,17975.825747968553
104439,17154.999344004675
93212,17286.928087975135
102209,10112.071927681618
100072,9606.057901557784
82518,12387.211075528117
103988,7800.743465592122
89788,9965.471771511333
81061,17965.129689971218
102430,9128.646031031923
97938,8356.433190191587
82243,23078.301150576997
98210,14349.048915964677
108342,22710.148164347684
83764,10868.899065518903
106233,13154.655416470117
99659,9586.73685344147
99142,13272.334808381962
98655,14962.718000162027
108449,18106.70376981506
104515,8682.277229460915
97931,12168.882595338055
100995,8650.677970397108
96070,21003.957973948836
76333,13807.302206638953
106307,9401.97241551821
92092,18183.81361771348
78883,9919.580178536853
94921,25780.209836972583
78172,28824.06158328922
96430,26177.703037921794
82844,8222.327370404486
82378,10701.008543823482
105297,18006.58293648154
95050,25703.551107123763
93124,16713.746409339175
80112,21913.619937877847
86478,9759.229415904994
83917,11259.266061653281
100721,11943.372614763492
94123,25180.47059096718
100693,14265.859326609465
106688,18081.69368904311
102131,12003.445335766848
99935,8068.145511653588
102108,10929.973580918158
82729,9449.68930607121
77495,10119.171823709114
98827,15546.697582049183
97526,15208.572488688767
104954,10151.188901136438
78155,14240.916360505273
79469,10978.028533303448
98055,11934.015617955582
102443,11084.150402380315
91468,23905.614654222347
96944,8830.567166885447
90974,20032.820185646397
97294,8362.108204288588
98347,8644.3427069385
96505,12600.464783485404
100542,11977.921786928526
79348,17613.827466284143
95285,21804.962420607157
103440,21410.450935221103
91432,24676.349098908915
84815,12349.637371686627
88959,20134.86511142522
96017,23394.131314593833
105760,14211.895450551234
102874,9220.236873349622
103528,6543.469321629994
87558,12501.21164749225
95691,21191.466986347423
106122,23916.975819573818
92479,10753.553958823995
106673,8168.494627401674
108143,30321.378005510356
88298,9891.46249033774
102149,13392.350096506807
87765,17247.159075641935
90258,15904.935362010136
96940,10387.032804434735
108032,8772.519330258465
77733,14243.397812928855
90186,9697.42393628261
94702,21375.579566734697
95120,24667.813494640166
91144,12225.009021421529
103053,10267.054019284873
99408,12069.053704196518
79533,23376.67867064106
99369,10537.011624914849
105062,16208.82771724225
102029,13350.271613236133
96368,16454.315781920617
101066,12576.10010376891
100088,7524.378838568626
84869,10591.82492759944
100736,15314.471992609124
85981,20216.587656352833
98872,11834.606154805535
84037,8132.9782007653685
89217,11921.571867668292
89775,23386.088121139946
88379,22254.330649295385
80011,24150.284845111622
80836,21897.911963374514
105215,11909.172870537075
93719,30261.08483853697
107968,12540.680585279382
98967,12171.026410526512
85591,15922.54783291895
80478,12070.790133735592
92882,18961.82027018899
89721,14342.663320910713
101878,9839.167433719651
102301,11159.588361797289
101408,8493.135039186445
81446,12346.319360102294
100045,11691.325402744218
82986,12533.018359193513
78772,22249.22146775019
78208,14530.70242526906
81689,13995.123240940606
96791,17809.16952308653
79141,9606.631259451986
84271,14601.72003499691
94879,14482.494987104315
107759,23180.872895521148
83675,8373.61498807991
88258,13491.51231321764
96976,13660.330865403572
92824,15547.818728278557
98414,9550.283066605505
85028,12644.81175609332
97506,11746.571142266757
92767,24122.400102711872
100210,13467.343181322982
84470,10895.820199453257
90627,4617.884552906014
98768,10555.38977532968
105263,10351.117053087113
81662,26240.87859324131
93787,14856.553458267483
82688,8371.882207119823
88923,8359.396932199894
97463,8650.017721035501
93008,10949.820504640777
86807,8359.396932199894
79997,23149.365137143548
106742,13230.974347054296
94777,16724.3310867088
86594,17539.53795644218
82991,15002.793860469536
102203,9466.200387396684
103539,18069.493284160064
96264,19938.246258508767
77721,9794.95699708729
107801,13239.331328857941
99511,10993.319325397126
92801,23802.734125809624
82658,7818.227893204727
91732,16591.446489799575
76557,22112.514803392165
91314,30261.08483853697
82198,17551.13232427486
100607,14441.6780898952
80984,11450.501810251188
77901,10482.049697667457
95736,16843.506006826447
86809,17861.84115054763
78288,19167.39431278698
101339,11915.32255131156
87249,10148.019701306768
82143,23403.552779469093
83850,14011.832868207795
106952,15711.827594585486
106504,27522.072674163104
87341,15242.204297627357
94165,80851.65242863017
79986,19044.23080195932
97235,10381.227714795994
84860,15623.754006018939
94913,18314.888605064032
82439,8436.910824810622
83066,15705.938491566785
76993,27169.56932339479
88803,19223.122588125625
77506,23595.021462300912
76456,17582.487995079715
84599,7849.556797239566
76680,19556.47358641555
78685,31126.52648641437
80310,19791.783342359227
107412,24281.229921671318
89792,6543.469321629994
87421,11117.812827082536
88821,12820.163442899944
101930,9841.610891943783
105822,11138.248147478711
97642,14116.135938702522
107339,9890.026457927886
76550,15523.895190819672
88272,10962.281835466289
85777,9743.31443921965
104995,15388.738375212726
82640,6931.333251367688
80887,14407.256946766152
105022,15829.447520621496
79920,17511.3214211374
96724,14567.009689000442
87654,11909.885682659045
80242,30200.01978322106
103464,10038.992977049536
99537,13279.922564295806
92524,24693.133843409807
83634,13336.771841317519
77597,13238.844645257173
87830,19237.855670480963
87700,18508.062740994472
86513,9969.773865642572
92891,12048.538034551268
79513,14685.148748414238
101087,14772.21563739533
85729,8558.664037703751
107672,26172.000834052185
77549,28731.649216269525
94307,17562.232034609464
84500,13054.590536261003
98867,10128.27041592382
103039,12058.63220924378
91192,27747.95384004614
82205,17497.797309696343
100369,15442.752712442285
107529,13683.712291091331
106073,13549.380323730069
87934,8359.396932199894
99978,12972.312790732814
97512,21805.420962085725
78085,18514.62121877554
83329,10018.912753804248
106679,19129.293138339646
102680,8650.677970397108
100260,16411.65927608678
98100,18784.382859739064
79452,47913.017713587506
94814,24310.0395730089
83431,12173.601119721528
102298,6369.361694819822
86411,11310.535945975484
105783,12043.713373670476
79588,19379.6029757789
77976,10030.440689420308
103387,17397.416002860802
93070,34031.28306617038
108393,17724.230077683118
105094,14756.299638184903
101152,10208.484479429726
87464,15541.169099094746
92410,24467.22386488806
102395,9838.91395471502
98531,14452.852117901772
89945,10011.775146322865
102454,14477.858491616884
104729,13347.583176274376
89493,11467.57754873874
92058,24676.349098908915
93884,17361.838610060484
87594,7439.98925468688
100891,12033.787498633803
81535,25729.30294963787
80847,26937.689219556607
90120,12520.635205532753
76004,19302.2394241372
76670,12943.771086956182
82018,10657.492426914907
90007,19599.032413308145
76604,8978.57009935176
88324,7551.275971400856
84260,12176.038856977575
104662,18474.563744883577
80740,18903.266953503222
94973,16304.644549217783
89099,21101.428200509417
89528,16449.54512334048
87947,23308.8452440937
76967,23965.584052588423
94126,21994.301061658494
92187,37930.74108877101
104140,8231.269878888024
80573,14667.524428403744
99372,12170.35410306498
79790,23120.412915695164
94392,23816.528717342713
103573,16163.652253201324
96538,10252.94471466737
96774,20555.672945551243
83631,13491.51231321764
89532,13227.990944943007
83991,18090.731273254947
95769,26986.84349056016
83263,13338.600400791787
87065,8768.790043568591
107642,17419.867017971723
85968,8006.682065140772
77321,15360.893498307703
79237,23320.49226018508
98975,30496.501978085955
95590,24718.09080181104
104906,16806.472077811828
103289,11917.587884818824
82134,18534.50647522567
108432,15705.172313275314
79361,11974.225523619689
79283,11895.124907255022
108270,8687.952243557917
100333,6050.188823704344
89059,9636.281800608045
96852,7966.89805413321
89651,16268.212493899831
82856,4957.922228737918
103072,17272.460812385187
108315,15554.844572028345
95664,18837.27231378835
87882,19338.34816498686
81682,24374.866117508027
102981,6481.518494136105
104776,11550.470722628223
97621,16376.715794303898
100451,11776.33258159442
94393,35611.871599236045
87416,14447.896890943379
105999,7462.952673510713
91075,10607.414211013796
104390,16174.166958131911
78471,48780.96072616703
91077,12256.021519966629
81733,16709.561727897802
81475,22998.047239626907
89546,14736.663813711692
81968,19441.26759306857
82201,22423.363277540535
100703,15997.96189271106
108173,8004.615965337554
99283,4330.90180084448
88618,8436.910824810622
77172,14790.257839376953
105813,12138.074899747768
85410,8359.396932199894
77665,9678.758586155747
106427,13864.982502827108
100684,8817.621185421665
77682,76725.28877978082
106196,9850.834061500851
88627,18254.375445327423
108029,14712.677269051474
80142,24212.228462846906
101534,18509.47912726428
106737,19736.686803733657
84776,8197.091342698846
100686,10899.643708619216
100393,15946.57693928182
95593,20539.334056006563
106482,26204.364675161276
82594,18275.13072887421
95052,19070.28186941802
77581,31120.74366976014
105894,22591.515237075608
98981,19194.96325693539
103791,11516.45101618829
89035,14295.695409659756
78988,41971.452899350064
102284,9765.150087201817
78961,17435.58600449761
100824,11717.17779955068
80563,19401.173440391933
106006,26274.968793862143
98874,7281.28741770972
92004,26764.39000488753
76541,14938.04650566887
76087,11740.102354627923
96383,8650.017721035501
89403,10479.912017703879
85502,14616.913575544364
78453,18095.132520448118
105672,8402.827337540659
94086,25199.17062842675
103223,11753.88323337887
106894,9850.834061500851
104079,15662.94027600285
76659,48827.176956792966
78970,9606.361502285225
94467,15875.435391842098
106317,11706.132300784595
90990,19238.617827340044
85168,14418.783794918347
85329,18682.841021416836
90573,23203.4828925547
87552,8853.922024695494
106650,8383.626773127015
97658,10633.45044363424
103443,10540.534311052623
108293,8623.383669161241
106230,17825.16612763195
90762,7815.030618855832
90385,10813.198925632212
92892,26379.753088367102
87166,11824.104253203479
88217,17509.50498777276
107357,15588.61301517637
104588,14754.952549623686
106711,22936.572748411018
82117,23035.157510881338
76811,12582.138674389855
96629,11587.070303560926
82497,12314.500528530147
105204,9475.489811788268
92020,20168.47376841222
103534,11788.125723032752
87801,15623.524771718216
76388,19185.27673498114
101512,8198.250646418157
88523,13133.053794616058
82847,19264.524776504357
96295,23088.682369447164
104555,14408.302231666983
82459,8197.091342698846
88896,10539.857659857847
98912,16017.9963867675
87904,11729.93017937547
97899,10315.654860902489
84404,14806.04691346092
83628,26467.083591786613
98240,8422.037866318966
77405,47615.1903400548
95241,21099.320552479712
86588,13776.320080779113
100568,8739.17084775333
103330,10946.470732080596
88168,27891.78447019997
99695,9550.283066605505
105415,28318.322716024224
108291,12107.380853339564
82483,19238.82549585148
76215,10665.590584532045
95883,9932.607982507167
93944,18358.793013745664
80545,12096.876643736177
87133,14510.873932193861
107929,14765.102941316525
103594,9962.629666268153
98090,6344.1252836162785
85950,7443.473301105755
97817,20007.995296460576
80349,11567.5533176601
92065,21819.12450634166
81419,18628.32031554928
103547,15287.630491945862
82647,14998.016916823848
103287,8413.082145984838
92620,22234.57287660987
97818,12236.816648572018
94762,14480.993866425742
86986,13956.194007453787
80244,14805.347237826149
81808,31206.444072919025
101955,13510.039653390035
100277,12062.355161964322
97433,9528.048660043454
101701,11945.104474296668
88891,15599.508438079298
97998,10440.896100661179
84676,7804.8753482874545
85102,11441.75215583783
95997,21921.61662617215
108269,17394.363918087245
101745,11032.198016225151
94167,24760.077404445674
100965,4349.694522065238
96695,8513.35213447448
84077,10633.4820534772
95666,27519.05134361457
93525,21022.82054917318
86442,8795.022138851129
98856,21439.279432158393
102762,13199.713961939315
91868,23218.271183030603
85895,11115.005632375734
83837,12577.24286109654
97933,21564.335341887134
77159,43573.29206602265
86267,13783.003037158585
102669,7765.899419744907
99058,23416.94574726537
83648,18234.047508064497
90586,19326.87116864423
96303,11143.124181855426
91599,26647.779792316138
104830,14141.163049377035
103867,10551.567014946817
103352,7811.58439918982
85911,15274.187435744048
86215,8069.04394314063
100026,8818.535007893912
87347,8385.82709673226
95363,14547.580654098174
105922,21422.888126726903
100582,10324.959575323435
90707,11199.533929522566
89442,12474.943325062286
107455,12718.08167466536
79441,16557.40581674208
99119,15267.248048402096
84855,18203.358459032905
95694,21810.0552421865
98802,19202.68771053995
93759,22748.658622724815
100855,4330.90180084448
93601,28401.067421858836
103425,10238.489220884134
79810,32378.685075787977
106082,11998.198449089217
96555,10706.35337102746
76273,14970.454916859015
81265,12334.673039226564
76722,20790.318279954034
87080,8045.1547534956335
85477,14355.029784734765
100688,10946.470732080596
101612,9482.150658498122
107135,8472.025770108328
82754,7529.020644811619
77167,14395.046968974677
95627,28609.078516758014
77685,19977.51142682734
81835,23515.921472786667
108459,14936.636600891898
99976,17607.141628745525
77873,17427.164923271932
91574,18212.211380853656
98487,12831.515319257378
101067,6796.510324033497
86888,17391.1634823576
79051,17731.715763209508
105704,11467.808558940249
93009,25648.411616557165
79182,23073.29737865652
77226,15927.635642791029
83439,11088.75434640616
106093,18471.24666013264
85243,17509.35215043958
77181,14417.688417717198
85451,14292.868834378514
76412,42721.41728340542
87990,14177.069846478895
82077,24637.04745282655
86289,16581.799841378986
81566,21040.36086521788
82864,12810.874221745915
99130,9562.703435945657
96176,11587.070303560926
102269,10383.53992455491
91841,22447.01853755476
76041,20885.090270502096
104840,16122.186746567273
106253,19699.774757421827
98245,21198.709661954028
77039,18984.768201295825
100730,8338.517962714204
87739,4787.147771118789
107559,11874.708565251072
103282,10869.216464691652
76646,23035.157510881338
80252,12279.854215148218
103895,8563.118940707827
92491,24998.875625057437
89765,14433.562370118394
106652,18171.05971408195
88005,8032.873555454454
99470,12274.619762625924
77069,14455.190723781481
77955,17130.00653789637
90809,9286.472694067763
91610,20170.83978031441
102774,11792.683732234951
78231,8891.679095598114
101171,8415.439054111486
94420,8245.74413068518
91378,27412.589129638625
82771,10475.681009430979
99918,4786.737404658229
103574,15978.016200371241
86799,12424.97170045197
94318,17473.733744071986
76950,23049.600501126522
101720,8820.653005736232
106698,20842.566125720652
103488,11942.430839122655
99153,15130.377012044957
104945,17714.081850589053
82708,15562.154309473906
80674,19215.014264096048
84122,11330.64421328257
100375,4330.234211064391
89456,17229.661632379342
82974,12627.591753285065
104716,20888.510793069352
88124,14099.39464852357
101244,8744.27301390259
82069,18103.569062642146
98606,14624.429012750319
94412,25171.236779707295
106030,20385.81533682206
89877,8199.80261478754
83349,13601.67843591586
84253,13871.95437334897
79774,20978.02875332937
87259,9952.065440846507
81587,10009.896362178619
94407,21099.320552479712
105889,12458.19279752763
90829,11795.265029334716
90286,10102.59327637741
90162,15141.656012503046
86022,17032.93077901849
108101,18652.62107969747
76814,12452.737717959275
106162,19986.66382479092
106605,16613.122345606076
99590,15034.02183726282
102676,11204.23591485819
107658,11701.02214048774
82396,14047.932460622935
108051,22401.79332871947
92955,26968.561159628258
83520,10119.875714843982
80338,14235.426678521824
89312,7313.46843064739
80751,26099.46852944585
90622,7960.254322370348
79431,19110.33694181956
82870,10364.024633311892
106446,25609.4461803183
96223,7083.6356633890455
100491,7796.483511848237
90125,28137.848315286974
107869,20415.95241550848
78278,23630.448809999474
104244,10921.488280171237
93810,25097.026870734866
90911,25791.792622052595
81869,28296.01904695044
100472,17418.45972588837
101927,14345.719390710416
99713,18271.32412122457
108184,15337.036478658634
99764,8490.347674453491
101286,15409.607335809917
106534,8242.044925574313
77461,9891.50800982591
108272,12249.235041434664
106010,20846.667232482596
89193,13984.410218262297
87761,10084.613627203287
88154,15879.225758633333
97789,13304.11210451272
98271,9550.595834146266
84160,19963.84831155458
80752,11912.793848307365
106107,16981.73590616609
87260,14186.410430665685
76549,4381.784220267364
106619,8029.760142975019
93849,25698.612250266055
96045,16713.009898882163
98306,10998.63096307154
91896,25700.473130725317
94048,18177.526507867882
104918,8404.35051507536
97720,7998.919664344755
97482,7822.83234962207
94156,22896.33364503295
96469,10385.953869315876
96918,21525.055433147336
97241,7408.149548008363
78150,9424.369775110817
77808,31126.52648641437
103265,10264.54269892815
99485,12021.644785466677
77860,9789.337333705078
83834,22087.41382671772
82565,6663.555970640736
104344,30377.50694466607
88984,9463.90511379436
92161,18205.499720217023
102199,17468.15907513226
103723,10520.805449393263
94677,19110.997098331012
104806,10929.088111473295
87148,13954.379872362644
78411,17964.08778078174
97856,14290.2450744199
80535,20003.309971699273
90156,13284.171013934254
82176,25203.743392616925
76790,10849.998300023693
91762,33948.83452157017
78650,26230.95403863259
82763,13392.17255308753
82678,10590.102564777326
100137,26192.640343576688
78365,26270.21764675882
88768,8936.119509243481
80346,20139.593748643198
106682,16376.399963839945
97171,17501.258129242662
81701,14579.65853374215
84073,11932.509625485905
79549,10007.746757639548
100269,10605.167574277853
78466,29675.13630388088
80489,11561.686165579835
100009,11775.404229548314
78769,13218.886274381954
96821,24682.67569757344
107253,7854.859252642564
76045,10739.84948412143
85567,18430.413253024053
104651,11125.3983650948
94428,10610.13331271339
90549,15203.140230559911
100940,10936.827898070957
105608,19225.1639779194
105280,9630.921966885298
92200,15917.910370086933
91082,12035.008790333934
77298,21766.756023374768
99432,10115.28944307105
80426,10201.439904886547
100817,8421.65228097212
98552,17091.7308704307
102428,8149.036982326627
100978,10751.786972000282
96371,15737.805197634063
84334,8345.104249630995
90196,9378.56198140404
102540,10920.062917351792
96914,8525.784094241904
100895,10909.499446488038
105296,25676.215414973874
101888,7171.806199033532
104077,8035.034869619134
94267,25186.163830985282
96803,20546.204346179435
88905,10807.615404274236
106132,8242.044925574313
104388,10048.942763423125
92704,18306.603995012225
86345,20054.881922364104
98326,44163.56760189227
98572,24255.002991235902
98754,21568.436448649078
77794,8592.16087937718
101082,11773.277269239648
98455,13938.095684742964
95796,16132.13898242443
98861,17130.28484345864
87570,11699.388206315218
91904,19437.822827678854
84147,13776.320080779113
79470,26270.21764675882
100012,7890.746100798493
78698,19154.71067170638
84929,15828.651369800487
97808,15728.789169552194
85299,10807.615404274236
91297,47773.61859613466
100772,9709.671858922335
88500,10538.158395111492
86077,19831.303312341155
91891,23579.19239052941
81059,18270.624454753604
91023,24555.40433032555
94693,22680.309112647617
83779,12591.845895669749
102323,8754.435507262235
86078,8754.896239673131
85595,18423.252423555794
78582,31707.729016636735
82311,30916.223803297187
107228,23270.72652032237
90613,15583.556116697588
102643,11244.777821846836
87044,16628.639946856747
94680,23704.01664000846
86222,15536.170410105493
92844,24744.776530478666
107625,4330.90180084448
98155,8491.675452102234
95145,13420.127972222535
79545,21419.71842600867
86312,13583.938902421252
106466,14206.369604627618
102721,8736.024541024553
82720,7854.352181170513
89908,11937.736007055266
86593,6273.12414587654
86930,7306.585187395732
80460,17437.02917821662
85235,18867.762082423014
103331,13547.908209149835
96526,21851.590213643343
93359,15579.520157671634
104761,11701.02214048774
76684,27615.866410748502
76697,14061.669039284481
92488,18304.103745285607
107148,20808.119809326803
100685,8931.55743059083
79407,18227.910272680707
90983,21362.501561730132
80435,16426.210316661414
106658,25128.502372031602
76894,28403.00646084669
77367,12058.515361514223
80301,34888.10999193398
81032,13537.992001600147
107900,43353.63915867855
83046,13209.42737649595
102331,12039.877534778378
94376,10037.051531314146
83559,10441.464944101266
103509,12155.878406856913
76553,12529.75724863386
85897,8982.436574306574
91644,16163.972130996019
101598,17350.483082503004
89707,15590.167007671465
106964,16416.20739387799
86117,8329.384894766985
100179,13358.961502018074
98605,22276.658599682458
99719,9706.440689664081
96764,23086.870885142107
97262,8650.017721035501
79645,21698.982566004375
85785,12353.065116439462
103444,7926.217458328191
105639,14702.704833921978
106379,23299.63438229541
94283,13474.126804137437
80195,14417.688417717198
84709,15040.292197396057
106270,17222.737873329526
106321,26296.197254422532
102975,9040.971624306032
77231,36059.73007587177
82488,7814.077895082335
100406,13427.556658718144
79606,12305.396656870189
81036,15637.804405947541
95806,24786.48223662608
97217,14962.705625667997
93696,25398.899441852518
84438,9561.333274817329
108083,14712.677269051474
94109,25148.16381138764
81873,26041.186153113587
83535,9965.507066395103
108253,8404.35051507536
103572,9870.860073909684
97782,22703.268239445726
85759,16001.118426961362
101313,8352.072052758554
98905,17105.67773978029
96344,24567.281028389527
79144,16124.53540382544
93593,12372.186804161935
99886,11869.497654917248
96085,8650.017721035501
91717,25060.77037161233
100170,13947.271327765213
101760,14620.363724089775
104762,30862.222869314734
94364,15619.387487874184
81819,18622.900353895202
88720,15451.426400275537
76810,18144.871282101158
91505,25180.47059096718
91740,25189.144933192823
107115,31022.45167487803
79860,20131.758058498108
103392,9833.301538063293
107926,7730.382027986324
98206,14719.327776173059
91551,42781.99126735321
100331,15947.231538891741
76115,19647.67026989623
82255,16199.743673964089
104007,15504.875572305435
77667,5030.248749261696
97247,15737.805197634063
104182,43612.10102243089
84802,11441.75215583783
82517,7847.711031723769
79978,33238.99011965965
104400,30916.223803297187
98809,15354.484664773845
96889,18712.020542218874
106291,28868.74544158881
99347,8709.119339830317
101462,8054.203269387867
92841,25180.47059096718
78210,52992.75816397069
90440,16139.043456511361
84119,13105.052486983212
96872,15739.470718726434
99411,8909.96364558367
88399,13965.322375225616
93645,18082.02248543815
106472,12734.6633382226
93223,17816.691416271024
100761,9201.598029702605
84396,8647.306448946809
81694,18712.020542218874
91499,48587.584402492896
86428,6942.400565183658
95718,18243.149683268988
102532,13526.000182649468
101976,10387.421367870847
101696,11374.637703968423
98887,8696.131612074043
88660,17384.43163392012
88640,12907.841447926892
84379,13695.774583454626
84581,17551.09343229426
102278,11556.583789122122
87590,10622.108761596817
105244,18854.257601134083
85140,23168.127100690188
100212,10488.722918417228
82463,8516.200681786126
89649,10805.632219500782
105119,19739.76464888452
101138,9318.059953224618
97613,13808.045444702837
106323,17433.874198640435
102910,9451.86770705753
106664,18429.20646557063
78285,14231.637172768093
90102,14745.757530855934
96386,11657.801755742623
90800,10105.802811603271
98566,19052.5166479659
101815,13661.07325882908
101798,14052.768498000592
97728,15296.210251550716
99174,11972.599761677582
94250,19082.43706084003
88827,12306.543590230802
105493,7950.237174663101
77991,28384.10581854493
106003,10491.065238560472
102938,14085.564056131281
80815,19404.230113748297
102775,13427.556658718144
106108,10016.46403135529
86213,12361.535454979705
97119,18685.351436195484
90341,17121.86754185201
81713,24321.88049673933
99887,9550.595834146266
80067,47567.58808353546
104710,25999.79098992639
99374,15107.458438683265
102685,11474.450289492986
88454,8647.306448946809
88121,15685.842515476927
104607,12677.16062215389
108321,16184.824534370875
100788,15314.471992609124
79504,21564.82888776674
108273,18435.211832900433
94291,24928.679320919273
92974,19413.015879879367
98506,7264.218986445573
92238,23218.271183030603
101214,8618.718725503944
92872,21810.51644065996
92412,16655.59755100408
99487,27708.877023986075
95246,24693.133843409807
83843,8768.790043568591
77705,17582.487995079715
82903,14706.935840842589
99335,21974.53945243283
83112,12867.182982384606
82946,10622.782004652108
105777,13452.473591082959
87013,8677.70063414278
96752,9695.798182191438
106136,19406.994332136244
79867,33962.54204397562
84377,10589.789797236564
100807,14653.641706034894
77327,34411.77674976151
90531,13363.78505494642
80907,10363.500780852502
84019,16572.29907479015
90542,19599.032413308145
77431,10488.965195524484
100648,14052.768498000592
86836,8434.282640926665
85657,9891.46249033774
104881,19739.76464888452
87108,4617.884552906014
103909,15883.909598039641
101363,11963.961918574963
83894,9891.46249033774
87239,16277.44920357457
99880,8490.347674453491
101105,8744.27301390259
103682,10532.824150724204
84580,19210.026140651367
103278,13837.773507629812
81972,8941.180363520367
96088,8046.900171464623
89815,10106.157311103203
83189,12445.97631739201
93790,25607.721155206134
86893,8186.316296012555
85632,7366.286740176862
84891,8013.397871919097
81765,24904.001966196967
104808,8065.985135824804
78274,15606.836047874154
104323,14283.042790674113
104215,23928.061088699124
83258,14210.492250760017
85415,9871.743807757533
76352,14791.194935720727
105843,23270.72652032237
79923,9936.263194251384
86788,19229.70683367022
106140,8991.581866667824
107298,14754.952549623686
80097,33482.6160914482
84584,11196.616222793136
97123,16139.657863662313
82024,67608.13742782903
80482,25051.252579027743
85092,15036.619437516372
107615,12670.790347446316
83158,18194.25666825326
98377,13231.109177437316
101038,11209.17578508549
86398,10479.599250163117
93257,18278.976762774866
76372,18815.177280683587
91976,24654.047005583034
89914,28146.914786854795
102249,10643.330612374306
92223,19990.321381475467
96162,9723.81721155958
78476,33424.996400204574
84032,19259.64938388363
87790,11583.999128776515
99047,7823.573252762226
85743,14118.719318409889
100359,9436.16613532772
105381,20726.11108542687
87011,11276.679526696777
106016,23328.458594572192
104246,14845.670348628115
98535,7820.719044529079
101636,8493.135039186445
86057,18554.569939380886
103082,8786.477160796325
98076,8194.127600690537
83514,8009.924453217338
103770,9619.283563321118
81344,21921.643918503745
95622,31540.362777777686
103797,4334.504825155682
93056,24344.314460066453
78395,17428.96586614771
89628,8650.017721035501
103060,6992.813581519258
76440,19491.44431264036
91172,27769.21097715123
92399,24678.827144867377
93498,24693.133843409807
88211,6420.059200778109
101974,7485.3630662484375
92110,13676.371274703917
108282,8687.952243557917
91046,17547.499014066656
87325,16450.142384582134
91442,17619.652532700882
105058,10168.841345637074
83755,9891.7752578785
84596,12087.16447202389
86642,10568.987925995263
104884,34413.407120728574
99464,14398.952396676037
76380,12619.34819100163
84398,11255.02843602679
86695,12145.608607579132
84967,15685.842515476927
91413,34040.51625408021
104536,21902.63085739089
103653,11302.545100004565
82660,9723.024879270848
96278,20518.834240809625
104281,9928.547493182485
96493,14706.935840842589
84816,12712.423186142096
96248,7948.3223571012995
84910,15030.722514438388
76150,31631.37243342269
84168,8685.163394574542
91284,18161.13586323037
95359,17180.016919805985
99809,16614.84706781371
97478,8795.856196517434
90354,9163.747511461326
76268,17001.83642752057
99017,7815.030618855832
92966,13697.884719069692
98031,12361.469036257211
102949,17738.491704923777
96793,13169.060777769115
88706,9726.81894835657
100609,11148.905616552349
89116,8436.910824810622
85861,8403.972085982103
81217,25894.760682326953
93134,25602.105137873536
93383,22177.138027697125
108417,8625.176992071567
84549,10987.539560111656
97741,23054.029325166455
82038,26211.935270426562
104696,10921.488280171237
102985,10657.320424311085
76015,25729.69371741298
89233,6340.388408672772
107693,7753.697399358089
79543,17778.551006131827
88941,12221.635707021123
107133,16987.97081707105
84262,8292.038285947401
80022,14482.494987104315
92947,9815.990076150629
106355,20781.686211284392
84561,7527.125271977071
98987,19138.04296082732
106383,22569.019800519796
81784,12155.867043371349
100364,12632.604584792209
107310,43434.10448594394
95690,25043.651794631427
76393,26270.21764675882
99698,11813.188319171952
92142,24779.70852727861
83931,19192.269956579476
89216,11582.238799449393
78447,8275.779432074201
88380,14663.146360351782
106609,13430.73519622228
87906,15048.995792302885
107946,8793.672654727297
98084,12180.846320254894
86920,11547.461722789832
96738,14745.576322744259
90639,14888.379854256831
85170,23400.840862265
78613,18997.82037460118
105247,23389.1865214615
90641,13665.934928192597
103803,11708.643964717432
101871,8783.375330652487
84737,12338.330023146656
88357,18132.268522841456
76060,18696.46596221868
96081,9706.03963811305
95771,18059.532098120948
90465,9416.354149332587
105795,10686.809639377265
99716,10466.278798579384
86627,7758.1652522610775
76452,28265.34906718057
106972,18008.464644565764
85032,12830.130645541361
92339,21786.01402498036
92906,26969.894944434003
107476,26191.527355768292
98693,9380.0277398518
100745,10757.020378531843
93962,27709.215320274103
87071,20561.785963539052
78456,11354.3114821434
98616,8199.80261478754
89502,15242.204297627357
84812,13400.276305327141
99278,9715.659640560098
106760,30916.223803297187
93843,17282.902431461207
89686,11691.881427090393
89459,12890.159135881058
86882,19874.003001553196
89055,13219.327067652415
103280,10258.531540732301
82388,11692.844450120843
84322,22696.248129176358
99763,8709.119339830317
89240,7931.145732077109
89369,7848.663755497266
97845,10387.032804434735
98505,23060.90208855922
83594,10824.494110551666
76879,18997.82037460118
107542,8521.308729929431
80047,21607.154486456202
103396,13563.037756019768
91511,24424.58380515379
103680,8834.489213763436
90952,25180.47059096718
80329,23038.65720549551
95213,12253.733782789634
93454,18568.058508435282
98790,14625.608971654678
90991,53672.752485202676
103576,15314.471992609124
95054,15945.013390672177
91254,35796.76040152714
78354,20867.046206532854
82354,6054.571301610261
88849,10590.102564777326
89577,6321.297268702313
92417,17735.79940754294
87390,20405.277919920074
90610,13555.498381076115
76083,26061.01260043067
81716,14581.299398291312
91781,27449.02384023793
90138,19313.53975903646
82651,8044.333347241256
97872,10135.51769883985
84809,15690.727426649293
107232,12047.930627695008
82070,13653.835216039095
98299,22870.9138431316
108152,8588.843911391938
81894,13201.423671970504
92170,21820.010851894698
76815,10867.88158660423
85318,14921.07190953051
101609,14094.894970253634
85681,9726.233486921947
90628,7665.3344658165
81278,12522.648664250357
85022,11687.693909638047
106237,9978.938635782113
99060,15267.248048402096
97068,21703.32807789826
81590,23249.09828822095
87125,11403.570095887979
86034,6732.229712539093
92154,18011.3899540545
94085,19251.740633700934
84555,16442.87604402697
96138,20162.505201178952
87289,17384.627518944704
96099,23239.701117545435
92408,17466.365658668394
79885,25964.46174460623
77403,18502.419925472437
78502,31631.37243342269
101012,14620.363724089775
87470,12855.193401098652
85394,13389.471013159482
90467,16078.068020308674
101768,18455.004379920374
82421,12257.369441272738
85707,15040.292197396057
90630,16186.697409627111
83619,9394.297515203114
102793,9895.811015097821
78299,12122.363805480485
108074,10598.31272222175
80894,45895.72557218967
107622,10608.791842428862
89930,11929.42282136718
105194,15261.067804984152
87228,11192.892000648291
87821,22327.14473730539
79921,11775.115531305395
85109,17589.468555690408
104039,6383.426715162211
103523,12450.71434779873
84724,10443.666931801437
101351,10532.824150724204
76444,26273.717341372987
108202,4447.934898658942
92774,31852.75505517217
97279,17946.666153343693
94079,13341.149160934941
101938,8426.85251596272
105071,19036.69931485059
91761,42778.39164839354
79296,23088.682369447164
100769,11121.907018019741
88597,10422.339741177917
85935,10530.015253605825
100302,14091.319372391314
89081,22169.034720769243
86282,7413.454651195423
107202,7591.708760300223
101999,8352.072052758554
77135,18887.89780155829
99417,11666.70874076885
90406,18346.797795463408
94752,12338.389670748682
83342,15719.698893347422
98973,15478.343336227541
79768,28315.087940599235
77192,9928.547493182485
80500,11990.69255895592
76835,33780.58340996833
86983,12584.095488699757
97069,27128.581386857928
97193,10287.679509976157
105073,15879.58583499489
108405,8023.084978591021
90739,13491.745767966955
100079,19803.897190876487
97513,12580.312607929689
108004,30383.261712181
100330,9920.58151769062
88508,15599.508438079298
81325,26099.46852944585
105920,16667.880236706907
81530,9963.448782564756
86776,10863.224051421901
80384,12224.808583650074
105020,17174.28154587513
104228,13336.817785963554
103926,8045.660635481473
92044,25169.679951198144
107049,9895.230778332589
107408,19836.921899796296
97280,17540.763683832225
84121,22956.96820819985
107517,12633.121591885658
81847,12398.344881890047
93671,16069.485324949343
81276,24742.90503358823
105034,20450.750965070703
82559,14605.773879108796
97468,27128.581386857928
101227,8935.011936061801
84614,10961.323544712272
76259,19156.34575999058
81329,28518.85095818858
91999,26642.71839170606
83557,13598.008607382026
82819,8407.382584660447
83735,11933.257689034483
103607,8062.106558143312
93256,25508.46766826569
89255,10200.492782632711
102147,11359.5485940085
86853,12712.083654537868
76266,12457.255684305346
85025,18564.939434522872
79566,25292.814301493177
95663,21271.51573500844
96600,7875.865141713953
99798,10177.435151512595
96922,21160.408168197584
76888,38227.60948483287
78701,26270.21764675882
108246,8180.30448084104
102309,11118.96139477135
89158,13980.588443480228
95309,19012.025590310455
90997,20568.153131327494
88930,16116.694376154872
86235,18160.30492809226
86159,8771.970661800327
101049,13355.21640952966
81773,23040.85075089944
81389,26025.6631396192
88802,11330.121962495321
85702,10084.613627203287
98780,20557.45686119713
84786,15939.874749313163
85683,13123.491901238825
77857,23355.53252085033
88429,17605.258583450533
102069,9846.423387001647
104862,12263.172045629315
108204,20707.71897216123
105476,11764.240622727859
91778,15410.466704514081
100851,11199.012135358744
82960,17428.96586614771
84799,15040.292197396057
86912,10423.364990507587
101533,6797.1840383951285
90657,11440.395685823203
88912,11808.441027246763
86715,14569.414359294937
87508,15549.424453703698
87984,9687.232929650943
94852,6601.748382048222
94905,21809.764589691218
76632,20885.090270502096
84100,7413.454651195423
95802,14102.718215317169
93740,42869.14151309721
98565,10115.28944307105
104153,10996.98881123326
82480,7808.769153500966
100660,14120.169384543895
76089,26062.49319641599
104329,10810.048259886778
76434,19204.467746387265
84061,15745.137310169335
92097,17476.47030312834
96236,11064.859494019513
78908,8178.779370942076
104602,11507.220944436793
102750,14445.062933486195
103394,15319.856555466531
88113,10027.388868034757
95654,24676.349098908915
86372,10938.563288757925
103110,14154.101167503206
88378,15585.765634873738
97704,9505.157032064631
90821,16712.8777555247
84901,26266.360122654907
93956,16897.09297586625
96320,30916.223803297187
81148,26788.626042236512
96461,23394.131314593833
84615,10479.599250163117
108104,20241.594657111542
78039,16175.444996016486
91425,25025.48391350309
77044,14075.4654053617
83049,14573.85067511123
99803,16850.855738043116
77693,17115.369668163614
95508,25700.473130725317
101593,10065.498764861108
101499,8573.20295898465
88319,19192.269956579476
107344,34660.79243616496
88590,9719.23422008665
102740,8438.416404027575
85931,15230.966362935043
77210,16941.558564845844
104732,14444.238799822195
101802,8639.981569505468
106071,9890.026457927886
107867,11559.10896872192
103449,6409.986960991684
79433,23406.710000474366
94897,40900.882087911996
79851,19465.61079362503
103779,8047.153434677863
84206,10992.337050546297
101707,8408.501230926513
90924,17370.645447742678
92910,28565.59451644846
95774,36722.385056719504
78551,34537.316516426465
97038,14100.937625358923
107852,13212.483833251079
87639,7885.5682778622895
89958,19195.11611833718
77096,9793.476396216482
80491,22966.483472226497
97835,10130.066894850288
88697,10096.871266195754
78196,47696.21978492075
100662,10885.588071798604
93739,17947.00467331298
101433,11886.086402860145
79620,10852.147904562762
98914,7442.972206647306
86750,11932.509625485905
99223,11545.111042760587
100046,8290.190134867442
77452,26291.446107319214
104703,14411.023297289355
98198,11327.33455994583
104049,17197.071539153967
102264,16499.709097713054
104967,16689.857356899192
82009,20455.725115285255
79345,14245.893449057628
76063,34484.45156195782
92506,19030.656947788397
105509,7346.196516080629
87958,12820.163442899944
104150,14631.15233780265
76395,18890.245768423723
92933,22447.01853755476
105564,12356.020475500749
101877,17397.416002860802
97863,11847.668012719625
98886,22057.91108098717
108166,21989.48764318367
84870,18500.36020223385
105095,15706.701637548642
91461,15127.705162252903
89581,8759.160562605475
79917,10028.334656442094
86396,11053.39221803146
77190,19399.60025152293
81287,9058.65182894203
103138,11913.442911564576
87123,9952.065440846507
103793,10857.724175510712
93077,18225.65789196192
107545,28434.240097279944
99055,11544.83552106853
101183,10883.241440832444
100713,10383.85269209567
94948,25029.687723648796
104333,10643.236719638062
99987,9767.396513709908
85251,12644.81175609332
78966,15322.959436683139
106038,22580.896606672723
80139,22963.768164496618
86167,10206.449263331428
99261,12290.920165650849
92352,12231.333396080405
106505,17697.62050025551
100845,16530.877289607844
99620,13529.53465280117
99159,15859.715570972261
106476,26274.968793862143
98980,18201.63114763906
93289,21548.705207103503
108209,11611.662986384968
83126,11742.558979458805
100563,9713.29131387776
105255,7966.89805413321
94179,19855.07124266553
90552,11742.962309714769
91267,12788.79115371052
96812,10380.148779677134
88257,22651.542618619183
88718,12307.212194469814
83854,10591.255411095226
94902,19849.337417506755
92523,14020.573830450763
89821,17949.88944838337
95400,36837.7095317919
84369,9687.427782981258
104199,11225.277970316565
82116,25355.56747364462
100708,14153.761216362856
82790,12558.549458391897
81821,15592.225670510355
88277,13809.47263807146
81500,28452.649376720005
86835,15707.66474350981
79378,30916.223803297187
91295,25182.52135039295
91973,26783.951145188814
104856,16804.14714528666
77543,15567.257992112343
108162,8138.0280302230285
91217,37886.774721656926
87896,17511.03431204609
98107,8650.017721035501
100169,10551.567014946817
90709,10287.679509976157
80086,34401.71745159095
81299,33962.54204397562
96112,19257.26398422198
103775,8064.661465234713
95669,27723.535832360343
78443,14106.487016467747
83136,14094.10656482327
103945,10893.43243738614
93010,24588.5151118271
91906,24780.39480678512
85113,11573.396295166798
79454,22458.744286220208
95079,41320.04450791924
77330,47715.65525836399
83798,10709.545621537387
90237,8790.427331371595
90782,9715.659640560098
93557,24570.603913960596
80716,16928.113225809226
103222,10184.249178569733
88529,7086.154299570733
79327,20338.69021373289
103525,9080.330385337491
77294,10685.886457696566
86934,7563.792936105855
83687,8476.61992929173
101179,11817.226446446935
86285,12316.874883548446
108225,30916.223803297187
79458,21568.743859066308
79962,23298.25602359127
77878,23624.278273933534
79980,27422.099082543285
78111,18997.82037460118
96878,19507.96308251266
91368,23735.955181066292
85298,7413.454651195423
85082,18969.301531553152
91369,21610.82676287896
96485,23088.682369447164
77644,12269.03564872134
87187,14965.771011003002
108438,14683.133648791152
83884,12626.217648168029
79694,13701.586232687368
83581,14577.92660116878
89661,16186.697409627111
91756,12432.3555953495
94344,12598.151241854881
104700,27468.651876248165
82382,30864.56204424316
107594,42036.46243956339
78751,20237.1428709525
80127,14199.065432596173
99586,15546.697582049183
79871,19750.594056329763
107372,17714.615791184016
108028,23411.166817221147
85904,13770.183629594352
102788,14158.71716011003
99942,13738.664112240516
107103,12265.355699443078
84087,6484.7307189515905
97292,8704.975562654083
104542,14245.376388032764
94429,23375.59593174077
86335,14120.559829846341
82367,12418.661004876167
86457,11199.267040325689
107346,10786.185937698927
77766,47948.56584297778
94768,36220.34922563168
84426,14551.170488186637
104173,20434.375815344407
80165,28246.63634397658
80521,22959.71972037292
95028,25173.75482123402
77278,34484.45156195782
104940,17310.64672244819
76864,25419.850976757363
87845,9425.46559512871
86391,11199.267040325689
85488,6725.623358560533
87274,16086.358241994401
102371,10073.332648366306
77811,17285.411746306276
80166,23038.65720549551
85693,10323.080971663996
86192,17795.079898809156
104128,18218.258463790742
76805,8908.889241154307
76360,9677.621904222455
100706,6543.469321629994
101318,13428.032152471622
99579,18161.234512611132
77331,16491.199113496477
107340,13452.473591082959
90662,18019.105395867424
83565,7820.719044529079
89664,18161.450913477925
78421,20875.621671130288
85006,10053.690209521103
93876,25734.378426172916
97786,13984.299502043628
96174,25321.346255884957
87729,11586.410443991204
83280,10647.829602506117
102207,17274.245083703157
100949,8238.964263302922
105703,13258.830962810984
100936,6773.329147410699
80419,31658.646306557286
85990,9890.746097893687
107505,20407.7543058952
81337,15873.357968339613
93683,27583.840360812763
94646,27759.829599797376
93987,17179.94272749842
80512,19716.1055408499
76113,16858.554141319557
106835,7934.359484153812
100428,13973.134051109697
105624,23076.110572780566
89652,11332.988951946092
95108,24676.349098908915
99206,11690.869692561273
76036,13394.989026642445
86230,9911.943101846367
84454,11888.900469263603
79349,20318.48140426347
85609,11124.773395410804
77345,14402.490374450692
78726,45373.188610851954
94445,27511.098840652747
107695,5251.327815147681
106991,15722.536107040418
79308,10479.290139916431
86486,8735.034717585264
80429,43872.37430584036
87107,14579.02197836993
80582,17442.450750086955
90386,14153.061268146948
98363,14871.750518806331
76705,18996.0562452635
104824,8231.269878888024
104154,6268.69802133847
91270,22820.24841316395
83116,10547.99069744261
105710,5254.386622463508
95042,14814.777464265995
88001,16038.962589140421
85212,10837.083821858516
91875,18548.06036980327
108248,9984.7961933926
106378,18364.04660999651
89950,16570.192252744804
108165,11609.979999881707
83958,15780.642012978147
101582,8352.072052758554
106377,13893.943973548532
104057,10608.791842428862
92245,25219.283007396538
91187,24971.87860384692
88022,15031.488894264436
92561,17666.64299744804
96757,12222.86623859893
104597,31701.829790807165
101485,9963.245407796536
88381,8118.332389932677
103776,10750.100502096799
91215,25682.14183030446
103022,13453.085956576282
101933,13757.269769510664
93174,27497.459528638607
105945,7046.363247752298
78879,15318.340498513197
82065,10008.832910278928
99235,21589.298337134765
81250,22990.789501755597
98942,18041.93799863879
82966,22427.960178988855
81141,22763.86181106648
101325,13393.857092536326
82470,10741.994721445864
79063,26270.21764675882
95324,35577.478831571105
86407,7800.380441914841
94026,57903.01094702705
106390,12083.572035941368
105069,20808.119809326803
88045,17386.156843218032
85356,14251.408120865444
80298,26110.634768246044
78479,9271.20968508838
98197,19728.853887221354
76490,21530.408206255914
77678,26270.21764675882
87021,14263.079526113093
107215,19683.68902789367
81404,27979.401749938446
84641,13391.907689617743
96328,18606.548220616773
83845,14624.429012750319
102745,8598.317679023648
105081,8612.182964628139
92135,16810.777850948187
105888,23121.96469477611
103985,10935.887400344518
92091,18657.2631882217
88090,18275.13072887421
106712,9999.689440963324
83446,13389.471013159482
84263,10479.912017703879
87277,10709.562062911382
90625,9696.42297954961
79466,21709.04800390357
77287,5439.361534335928
91628,20090.4062207065
89171,19259.43378486657
78750,20696.256044174323
77085,23525.126458213817
80877,25953.98113577686
76526,29506.86803030548
81085,23027.28812685152
107918,12247.786398395778
89072,9994.857783913252
103832,10946.470732080596
90495,11200.034655833035
100430,9384.219280050227
94346,11691.881427090393
94350,19174.128695603165
85431,10715.262887109917
105851,19308.15407458078
106969,14396.142346175828
95370,16704.519656765617
94611,18273.15509153309
79129,8848.672756604912
76596,20857.577607161045
93211,21349.300348032164
102753,13191.024073157378
98370,13303.460536159479
90773,10813.198925632212
98298,11834.492045861647
98150,9550.595834146266
101220,13187.744058586817
80802,28371.00858401228
91398,18049.32200049694
86010,17552.96069185711
81267,43708.099716807425
79745,18973.62528493516
105864,27184.101088046893
99245,15127.727571147983
77308,12407.852116373426
85341,14232.86782696405
78845,9580.109449647065
78542,9834.966768832579
95408,17905.244409816583
99562,9550.595834146266
82748,15673.3379738833
79419,34345.117763056165
107846,13353.401225953723
90929,19454.42559164237
77964,13400.613075471523
95902,22441.706437965593
105576,10608.791842428862
94067,25677.609985099363
82322,16247.706000837208
94533,13860.259741518132
102326,13563.037756019768
97048,8341.739774607844
84908,10370.189101069625
81143,17486.54716301736
90090,10738.81032191929
93029,21149.134819023056
85943,14094.878287097137
95392,16902.8456369599
107057,15944.289006177401
89067,9492.109770389341
85202,20632.252505974877
81457,16717.16818226019
77074,11703.926867876597
94378,20173.92624502087
78921,9498.915669710652
80414,23110.031696824997
78653,14051.228979690584
87185,15483.487120231013
103928,9614.162908568325
77930,14093.952040566777
93057,27778.9335774445
81986,26025.6631396192
87505,23423.95037879977
104258,9948.02092407851
100795,10250.092351334893
82702,16229.225190638259
98156,13816.843380018156
81155,23067.25361888215
82204,8375.021012591438
79859,15378.102957078765
79501,23413.93399833926
78998,10642.087744430739
93846,7627.811479560094
83490,14121.882934691412
81890,31658.646306557286
78672,13462.352049702087
79310,21829.007668623533
81889,34749.52477232715
84975,14144.028131344963
104001,18188.156370947778
90374,23388.611978823243
76586,47359.15394189035
80099,27229.81588435794
78984,23583.078670812465
76198,9535.932886563962
106595,19304.432277747706
78327,17526.21499464109
88954,11317.359667621724
94710,33854.955510390806
82380,17388.09190989317
95780,26114.453867982815
80440,51630.06438466343
103715,11292.80286560612
94371,24669.448057750185
105793,23015.110990431724
104941,10421.176763538999
77499,10363.500780852502
79776,16172.19630210841
102456,5693.362279241325
87034,7502.59827333427
98570,19542.656378994743
86294,11940.947365683129
86579,14425.61638194413
78767,23630.448809999474
101407,10284.535316710406
90427,14318.304636637662
86604,12851.307700576426
104481,7712.900514406142
102055,10012.62496022403
76565,28347.350583539686
101769,13191.715932736219
86849,7877.084472510746
89128,10227.57328923392
77119,7273.940918392071
94623,24677.087131934222
94988,22896.85980456921
107071,11894.756542068928
106724,11136.090464119046
79938,22215.010227660303
98217,14572.904737454088
96660,17509.50498777276
82817,11615.029368754185
89810,10079.854368731332
108212,9889.8063800041
82851,17875.151398636895
106739,15837.96657406085
98224,19202.68771053995
79457,28296.01904695044
87381,9128.874866633529
89127,6391.004074053664
79388,26211.935270426562
100705,8497.169102753003
106385,13241.640535802646
76142,27013.950942122043
79007,12557.70265897633
95972,39236.8313478588
100737,10876.387123679644
81958,23040.85075089944
100805,11906.11176546312
81226,9557.743783804975
94857,19047.951597712214
103193,9833.301538063293
80622,23249.09828822095
92116,18486.011551961823
108228,8049.026584396957
84744,10633.4820534772
90654,15242.065705605663
90551,19383.265046477074
78428,26270.21764675882
80781,23084.964177212016
87118,28164.642391506826
90187,14465.048188511262
76110,10534.292433918163
81102,18985.525243455304
89957,13266.070463557757
103585,10298.332189175871
95786,24582.316168403577
90883,9324.011609405885
94705,43987.85434392062
98890,13898.475106856264
91766,25688.275585604315
95207,8384.648382454248
77002,13728.361377143186
98428,14638.145640800134
85456,14926.357709898324
102472,14482.632480357403
83021,9562.496883171701
94063,12279.162678028908
94665,27738.98999528621
81432,21698.982566004375
79825,26099.46852944585
95008,25899.560061588647
104634,23033.258702810122
89960,9939.915286374633
99162,11907.663600325975
99269,10167.598820933588
102221,13953.193959558954
88075,16118.987154571883
86981,10110.988707650455
97144,8571.208819683565
95073,24676.349098908915
107794,9887.72430484955
82837,9893.454823815457
76265,23088.682369447164
102416,14031.732734648536
106292,24882.093903757162
94162,19857.874926711567
85715,9247.917286089438
108484,27347.062555055305
103120,10031.847216027993
98178,9553.570971659992
92208,11481.823588881249
82800,13655.647042523173
86660,12210.992198194477
94811,19072.45006777491
95020,12068.219646183534
103339,8647.278232129367
76719,9830.480269879876
106391,9892.31374442813
95855,31852.75505517217
107989,15898.304454939787
82154,19245.320484371307
77767,15477.719899946855
102776,14083.251413806956
79642,20477.904614755782
77306,8671.089742434313
98007,13174.339757686266
105538,16379.253248753874
84076,13596.510809344838
77749,24037.161065618086
95734,19958.765053728497
80602,16446.294209601732
100988,13943.690441011573
83690,11160.19540354948
84882,11202.263162633959
101699,8501.695468978585
86025,16820.377400788566
104331,21269.0710555389
93789,17468.114793101784
100427,11670.945740613182
89980,9564.65205954947
92989,18283.337138471456
96820,8070.398738564487
76354,18143.599979206338
93143,53396.86593370047
95045,23064.353896357352
78135,8433.985127085374
85841,11036.84883491159
105453,15991.437248308524
86843,10830.247758230205
76450,46177.124198527454
94878,36836.98953662179
85792,17509.35215043958
92518,17309.741755554285
91382,20260.32740525957
91966,34765.91440505298
95486,18267.432109498524
108090,19730.87511296886
83588,4407.833608452235
101240,11119.046981896134
79797,37134.681106341595
101978,14664.091471153113
77559,9048.15129716132
84171,8359.396932199894
84012,10466.043336628632
78716,14264.669179439037
100485,10130.663835162388
98908,8650.017721035501
93238,25233.99544953301
95809,24115.84491470083
107070,21658.96213049655
102546,8598.317679023648
104507,18852.721254493736
92943,27678.584119018567
90241,9704.658225071913
79542,22635.537700048397
82510,8194.104615202548
93255,25708.80981757094
96559,10381.227714795994
108483,17575.419773188376
82288,27528.802495698783
104480,8262.451064774581
92328,27252.345652697677
95793,25233.99544953301
105673,14044.474553363494
95841,14037.30506580649
98338,12486.327615573698
103579,7355.487166678195
76861,18996.0562452635
84414,6483.344079411371
102508,7947.264578209281
83622,11581.73069589511
98822,13273.358468424889
86291,8144.507841183029
84831,8180.775638008731
82626,10219.649864681785
105508,17095.789300228964
77130,26105.414285756215
94652,24716.409921728056
83243,8359.396932199894
80908,47976.28607516192
106139,15427.26560753335
91617,19176.450308687025
83524,18182.412287612882
94486,25867.518168301147
106044,12729.890005392313
87195,12258.96627750995
77450,19846.07622025319
99239,11830.316225236746
104813,22710.148164347684
108254,10810.048259886778
105150,11581.192144973418
88390,8455.254792977357
97902,19198.660235647738
101186,8444.551625919124
79116,17292.81632454281
77214,20822.24023009787
79298,12112.33519420188
91370,25730.514588901387
84827,12616.20342302206
107282,8404.35051507536
97678,10287.679509976157
93570,14545.623378698723
77654,9734.610454325719
77227,26038.74588015525
106789,18562.17232953074
78869,17298.644602980883
76531,14101.264534439717
83469,10459.880567582908
92278,21832.437660860927
105949,11380.750882357084
89026,22541.570276842158
102066,10404.605680091297
96352,14279.678312393933
77819,27867.039505301636
79655,26179.092467592644
84059,11263.897902477616
96541,10095.706229458126
89319,8186.316296012555
107795,8350.876748089468
96961,18742.472174308103
78158,20097.95286861207
77428,27901.42892843132
101125,10528.53146044207
95105,17821.06953848578
80306,7615.317349425781
88903,8737.05684631751
80574,16014.796913227596
76321,20933.826203485518
88786,23636.082328951372
95682,17816.691416271024
103135,14367.264468280475
84241,16125.404425152092
77809,10704.720245239756
92926,29331.2169821604
105895,25294.75284483021
86247,4330.90180084448
103470,10936.827898070957
98865,23188.981651603015
107363,26274.968793862143
76516,19452.4408588697
96506,10381.227714795994
106306,10047.568944671815
89093,13510.532301681757
108123,8687.952243557917
83510,7088.683065972222
86792,14180.611922256547
99984,16210.137925538244
76508,18996.0562452635
86580,11832.657477937159
88428,12507.717707100328
103922,14471.489684948237
96703,23870.55947582377
107626,18496.210748928774
90100,9700.49308924712
101987,8296.54124333014
88615,10846.415845957314
100138,11112.356601922924
83743,7439.98925468688
82321,16186.020740732603
88594,10183.026748832248
93842,36904.391075261505
89350,11946.784702099956
87643,16116.694376154872
105892,12144.621007616575
105711,14368.046309227633
95657,23667.642484002277
96330,15039.814967148615
96906,14695.445520599596
82247,21300.39394209893
97125,8644.3427069385
101306,11797.026202240131
96708,17374.674609421454
77250,12418.670886917555
95451,18921.4895966765
99405,14552.669019975543
94758,18146.498603664026
101101,9801.484160946047
77643,23102.71798660567
90209,13146.206610773806
90312,11920.668242373406
93955,18296.280057976724
76334,22283.20614917819
85190,14235.168827366206
97992,7346.196516080629
92748,48230.19294058454
79843,23770.165150689027
88769,12535.255817319048
97453,15415.57497608692
82550,7931.967138331486
90775,14936.583205750607
88190,12341.582503264568
100712,15241.960613188105
77237,31126.52648641437
78997,25736.08384687665
105656,19739.76464888452
93368,22816.6751090704
93469,12159.363801303607
98426,10327.448920634353
96832,10070.296579904627
85322,13227.351541016591
97139,12343.014154154067
78678,13403.501745108679
97821,15716.570080860176
95410,12265.11416573659
107358,16620.850545966536
96750,7818.227893204727
102529,7166.291355892154
76433,12072.337279524267
101626,10532.824150724204
77790,14608.246604088365
82932,11910.219270338655
89517,7579.551928186464
82905,14453.517018181712
88552,11191.095969495878
103006,13951.423847151453
88811,14971.790200933285
101734,10485.858229172773
99230,18979.864217521914
106537,19736.686803733657
107114,17714.615791184016
98513,14581.167903909398
92795,27694.181578285774
98563,14863.119121680113
78599,10870.280524550026
78911,18967.499122668334
84652,12390.84627088538
91014,26976.11449039998
90901,13714.87437848115
82041,34439.799387394916
79218,23040.85075089944
107371,43645.60578829219
94767,19515.078465779472
91910,68219.06652248773
103462,9396.889289498544
77125,14243.397812928855
95567,36864.10150140234
95039,23307.179959397556
85065,11663.191750823742
78252,18369.757658504124
89580,14281.448933625616
96742,9708.07595853179
79876,33576.19229063005
94674,20019.86168697487
107822,13838.570375463138
92586,16492.12754162965
78107,18975.15851563759
91241,24712.08482369537
79077,17823.264203922503
86212,11605.783618000041
107527,14489.467782285217
88056,8737.05684631751
108480,14711.33734050132
77620,10834.084379531329
97188,20537.369360573975
94979,21640.972772976955
105541,18031.098091051987
105852,23127.499269128573
99182,18192.384447106167
91355,53839.97407951471
88516,11132.683365156501
76101,19724.233885870854
87097,8186.316296012555
96299,9709.984626463094
100944,18201.233565818653
83995,6483.085358955131
100407,7447.763700660879
88255,10574.616283002633
93935,18482.506976147914
95442,21812.436564250827
93571,26693.99648740269
78642,47950.97314983375
94545,26911.08534420921
97746,8199.80261478754
96419,27123.7077827269
102851,14243.584589145225
102356,11488.79550103916
94962,24285.17369469303
89175,16664.280694368295
104139,8941.490639155756
103395,12742.346074473524
97017,9712.739844783082
101358,8569.679056188497
107417,11803.9134634254
97977,12170.690883712645
86765,14715.343102646766
95743,22183.282151341682
97804,20650.55154160559
87010,11659.992108801825
86791,9624.97564711929
97486,12589.911917826776
81124,17507.069679161265
105391,20758.56902299866
90275,8612.182964628139
104855,7041.252589034053
82804,14036.446157801845
94810,18456.47198790585
79517,45757.894769658014
101826,11670.945740613182
89848,19297.16460931016
90432,9079.127811231878
83070,10368.134593856024
78270,11385.180435411537
99275,14406.330518787496
92424,25522.676973507332
103334,13349.775685286897
79160,17933.503926341637
98830,25298.6666445217
87956,11927.368214229042
84523,19050.971240275976
78157,13048.895324101411
79460,18631.498643615796
81918,11982.663263816912
98433,20469.827607375963
104582,8620.238386454997
80046,50530.26337847805
82135,19324.702970287337
89685,15866.338006390844
100990,15964.71603938268
85624,19962.628596146445
88293,10605.626446382757
82215,9562.131368482384
91261,25233.99544953301
78018,8503.096720689975
78266,17947.052000540414
101074,9844.389805491168
97075,18712.020542218874
81806,15639.333730220867
80743,21678.99608752145
95234,21902.22555083247
100410,17350.483082503004
106840,20463.14122861924
89637,8044.333347241256
85382,8796.151732526008
83832,18079.780599405385
108331,7416.33619209412
82026,16282.493975143383
108448,9887.229998857243
90028,13812.638471016064
107663,26296.197254422532
107477,14238.612639836454
93709,9032.033845800328
91327,44599.21973408173
98548,9151.81012664471
79064,14551.541384618617
100670,9520.299617799434
96494,11598.315584094013
89974,7805.104603025155
96107,11588.71771854746
78151,16973.906979457068
79304,20030.414677581084
92842,45390.99729019431
87813,10045.09466959423
88762,17511.03431204609
90399,19013.305373047417
78756,25287.053178580452
94019,47541.37236390786
82073,9862.428334462555
91846,26789.961450291692
97414,28958.79842091173
92758,18147.74187638074
101342,14012.096271375447
105987,20862.580621082634
81349,12028.491383950417
103712,13459.142895351817
83627,13945.449485751351
95247,11985.981106877736
92833,16575.486201706368
104587,14567.009689000442
93265,21579.403708129797
90518,19636.03244445874
104256,18740.717659278234
80882,15985.365925136595
108148,12016.890464666101
81385,14352.391064679367
87860,9891.7752578785
107638,14396.142346175828
103947,15314.471992609124
91049,41448.948959579604
97916,9490.159710329153
95433,21858.441264883622
95871,38050.27258285956
85779,10265.562119848973
103360,9483.380561423253
80203,26102.968224060023
88511,10478.092882756435
101672,11913.442911564576
82992,4419.293129941593
103889,11734.3675869744
103630,8987.616083525418
103366,15645.772941656061
97200,8043.3806234677595
104563,11947.233923527308
85824,11517.131081500684
91924,21723.932761023647
96499,12584.874379608244
99026,10057.199158994616
81965,23074.68680832737
91604,21827.992668031526
77552,26105.414285756215
93750,24634.76101729038
78941,28405.994162525836
102717,10599.572349733744
100534,13199.713961939315
99036,23297.272365823952
101961,7851.892528197131
76940,14537.948124559534
106310,14586.340770222674
81520,28347.350583539686
91800,17413.769563843958
95707,21830.828149395507
96395,14554.43241427351
90505,21391.627604582784
95284,16206.211148888813
98094,21427.619391455675
97884,12191.274105445522
98933,11912.793848307365
77664,34508.26653483089
93941,23621.84355189086
87812,17511.03431204609
81266,22270.299085746206
103825,12728.12708607121
99494,10130.178749253158
91256,17939.40463056659
91703,17955.00465227553
99971,7830.487511136776
76631,20812.77163072606
103612,4616.391422743926
98611,9140.144408188913
94591,24676.349098908915
80518,25563.259113522854
94000,27541.65885522906
85010,15980.36813777837
87369,8359.396932199894
86714,10224.353054747264
79985,12370.428259318664
88051,6773.445096730249
97065,9709.984626463094
91307,21688.808427190146
98365,11657.794840777971
76522,47682.2106684048
96638,18171.920384017856
79703,10672.31811789984
83107,10938.563288757925
79104,17981.44530273408
93563,25233.99544953301
82599,8047.530621590154
83486,14781.789152563379
92895,17552.81816455822
108343,30483.77569273197
101774,9369.39476288459
82612,15326.59731308675
86861,7820.719044529079
101902,15477.007100191746
82973,10110.699781876898
89872,8016.000116436049
105616,14990.078550609738
84876,14215.192054314723
105133,9889.713690387125
98877,19180.220303408405
98515,21556.18997433329
98327,10193.59084251964
106633,10743.7081221373
82505,16192.527565803375
105007,10016.990834027147
97269,10287.992277516918
78140,14348.8079347983
82318,17590.37993174237
92993,21149.358579057476
97743,10901.303678603823
87763,10603.528078899655
104942,12228.187087352464
92045,19814.796533925844
97767,28695.857027462618
108348,18161.62204772711
89665,18714.403174024355
96862,8755.565706895435
78597,17776.508300116602
107574,23903.454787667863
94460,18127.046729204823
86944,8944.844432809672
104505,30961.84291775145
94837,27965.3976063658
84576,8282.866313510352
82427,6572.080963660765
80054,20654.36693671049
103504,17933.849496649924
101400,15895.46734078837
95904,24115.84491470083
99877,8650.017721035501
87554,11209.869872418181
81180,16929.255583023372
101239,14191.634632144784
94258,34333.851816264
82942,13041.191417745384
101204,8414.28173029731
98516,14587.6593364866
86925,9830.35384027425
104724,6562.025482510738
84627,10693.52492576672
90133,12244.056366078303
100320,13799.97455149346
88358,15688.877564238866
94280,14186.381210684593
95334,23261.601962566932
95899,25868.18508021563
87270,17800.386642614132
80723,22969.79996722461
80469,11661.321410850602
80280,20575.545283712607
79493,10380.343312944176
92221,14735.826409084948
88547,10661.629725074328
97994,7998.149789668025
100047,11963.961918574963
96172,7524.582478467924
88933,16692.718998588247
107059,13241.640535802646
104280,25147.534106932548
94714,21174.23357725079
88671,26256.087062087845
102414,10378.969270795882
78051,39541.939341155216
89512,12497.743451681941
98524,11580.165655320836
88047,9884.359472908003
84441,8531.825586160623
78156,20466.491404093198
78648,14482.494987104315
78364,12500.593938763719
86764,13364.613637758337
78495,21030.27214148722
94609,18653.833049400506
83449,10369.804812223527
102392,11963.961918574963
102455,11969.988100217388
83713,14413.929810186988
97475,11084.946354070034
93371,17220.991641515404
94199,27461.808601246168
85023,9891.46249033774
95338,13688.672434738393
90965,35796.76040152714
77195,50278.68589255582
81875,10787.791068466873
104416,22697.616653645724
87203,11204.887523078694
91239,21782.748063235118
78127,11223.661888292743
98386,17086.63465333542
96497,9519.199760531628
83232,14414.43512464595
107692,31022.45167487803
100734,7488.499079992256
78271,27867.039505301636
100136,11952.057159499656
86004,19284.123084408973
77776,25672.58145890513
84950,10186.713781754757
84323,10035.776874219171
87033,19910.94503978277
94088,22490.80731062568
100594,15077.464421499255
103071,11081.366422146777
89791,8347.101175935566
97852,11953.589399700562
105601,10728.553364535208
82003,16563.715653644318
84872,15922.54783291895
82701,15409.887186048718
92469,25208.404439686634
92873,19364.200193059907
82114,26105.414285756215
101316,10271.48536299505
85697,10738.411948262523
100885,9846.650326150158
95305,19410.580827536287
93741,7955.219222775086
76178,17441.542048145366
84999,18213.461473906318
104143,18429.85874254457
105483,10047.051013402594
86136,10017.76633541359
99292,15960.29656542141
95024,22447.01853755476
107831,10038.124058225238
95035,29331.2169821604
86842,17573.876676796255
79511,46224.80904251619
99852,8362.108204288588
92478,19641.756554944608
93704,18105.702485402984
101664,11618.075342097816
76931,27613.140270039123
81674,23617.906370920693
102597,10519.206294254123
100630,6625.217993461689
76978,26179.092467592644
102490,9465.044466446127
100842,8062.106558143312
102990,4950.480943516175
105412,9890.026457927886
78744,21722.035086295662
76082,13998.66561149875
82773,12533.018359193513
107285,14899.84509209938
85211,12238.50373968258
101093,8234.724789316335
96626,16809.923926415617
103089,9992.013981740434
98149,11786.702814973174
89290,10203.834684831325
104295,9853.792687801528
106958,27393.78279731452
102661,11192.991537577176
84082,10662.343291519845
88521,25213.574514291467
78312,27041.981076262073
85481,11255.02843602679
88961,10327.515355411584
96432,27667.339819794353
77539,8135.936690474242
88374,13338.600400791787
102919,7824.900541002442
94335,14106.381502471546
85305,8417.089147050152
96360,12389.083752818933
85471,10668.09677899908
104566,10786.043906514873
102100,10755.647389247237
80170,10736.976819591466
103347,15065.352032967292
87487,39484.09382114633
84090,16919.950868697782
100034,15549.823848178086
86825,14975.760191870078
80018,45920.428122244135
102611,16529.854834804344
102665,10560.417785616746
92920,20185.45292234566
89381,7566.615266601479
105151,18036.45390706445
84039,14749.2111214148
102217,9893.325774905037
102388,10800.427138668156
98820,15835.228576998656
100665,13592.922563817092
90384,28146.914786854795
92859,10041.044346804814
106356,11382.34956142873
104723,14689.261666981463
93244,35348.23105017714
77449,22849.214705581217
107911,10103.340211928831
81721,23040.85075089944
85237,8417.089147050152
87601,17901.586890108574
98578,12436.865945197917
80704,21821.92270006745
89078,9406.233887353395
92042,7527.125271977071
100450,10911.640355827458
95304,12035.008790333934
76023,16619.472740661895
90609,11188.45033535221
95170,19421.615336268584
96870,10121.242056810115
107247,26302.432639430273
100484,9192.005113858899
77659,28383.84929060754
79832,30907.681918954397
91419,13527.96331224595
80371,19385.482753722856
83386,14120.559829846341
103919,9191.78927257947
95201,14497.84027113943
84155,14614.822323492017
90743,11312.73431096145
104381,22321.50950750678
89097,8200.958132666596
102033,8834.073246951144
91725,22385.088755313904
92999,17773.135640777295
95835,15695.413364829412
102206,10885.588071798604
101763,10128.08194972745
81377,17590.37993174237
105683,14472.88604748618
91033,25195.700121203867
103314,9156.850934470529
105070,9810.501969258672
86950,8452.303490333967
79171,18503.14733703863
81227,17509.919897824493
80197,17580.853675333652
92037,24678.345890719655
84688,12333.428398350978
101952,10744.818172222589
88604,19130.579260412447
104058,21218.502575862
106274,7560.382244785988
84985,11379.595561202674
99085,8492.29121425682
80801,17625.600386174276
80233,20543.222733029383
81000,38282.343112916606
89057,17807.738822841337
98382,10115.28944307105
106493,30916.223803297187
95057,21642.223062226898
84556,8359.396932199894
103037,15314.471992609124
92174,22206.693282145126
90920,14599.12871847406
93409,27519.05134361457
87113,24688.8310131048
104981,32108.92151936028
104556,10694.737108780708
92782,19199.55399162333
90546,8040.493281294062
105506,12617.05119705708
84787,11598.15212546199
100399,10920.58203953706
105911,8409.176177213507
101920,9843.251292170722
89224,12148.488715780759
106787,25209.126724207865
83083,7649.089047718662
102399,8054.203269387867
77196,9671.317852393968
104889,7056.335082480976
79598,8537.677122763918
100540,9844.389805491168
107792,55541.3845793875
85758,12832.831634499871
79333,17650.255293602942
99351,12542.76407996921
86706,9940.124736263557
89547,14532.269204271763
88092,15846.710123888855
90348,11365.781448093217
96125,18602.64878046913
86921,14526.080203690275
76903,28951.807329871233
95539,10027.934463773388
89841,12888.690445757135
102771,12112.907511925818
87174,12533.018359193513
81975,45607.03220951419
95289,15361.050965861185
77318,26061.01260043067
76955,15438.018008826197
80996,45953.53975872866
87707,6580.290204111833
84519,6806.118607570125
96833,23239.701117545435
97584,8649.045133925903
104697,13816.35756981164
85510,9728.71372376697
79758,30916.223803297187
99502,7084.478731004826
80725,21449.498359798792
104108,9707.248555376185
107802,19971.88281095372
84871,10885.615888086219
85817,8365.071946296897
95473,7594.78278446924
85629,16007.84722935857
99641,8497.930706419802
82356,13862.237816973211
96335,21736.373493019106
103623,11723.997231461819
84233,9258.861488693954
93708,12338.389670748682
97947,13929.506621231754
84368,16579.09884424046
92108,8336.197677802404
86099,13989.915587512129
95173,26105.960591926752
78389,23354.906564196946
106219,11915.239218053843
88823,15681.824460423164
95608,28713.508263207015
95876,27519.05134361457
86433,13061.301530388218
95515,22097.21374787688
97503,15451.127640726882
89163,11193.23936749304
106479,17712.17213564163
83722,16117.981894665007
80644,23394.958635878287
86002,22377.379241501316
86783,11389.514263325449
91928,25171.236779707295
102142,13761.182791996962
106024,23090.013089338998
76022,10858.558344141316
95221,14079.11803706305
105051,21220.556236679804
99939,10433.096074882857
103202,8093.038553664075
104770,24936.70856702822
88396,8562.052716948714
93666,24644.17485283965
100763,11678.00326802617
96842,11156.248828438445
78807,26294.945801933383
85559,11330.121962495321
84384,22296.518001999084
95619,24746.19532489365
104008,23084.72990055814
98379,8010.288623540511
90476,13133.020651468103
88845,9891.46249033774
80296,8072.527989559505
88294,12040.232651273454
86733,10991.132147997952
101515,8100.16675345759
107440,10494.945211091626
81834,23040.85075089944
94764,25665.4629883551
94968,21368.39649414978
88218,21232.404779194672
87863,10202.598636574821
104019,10413.614902687552
103369,10140.74442257675
106979,7276.2432708000315
89717,7413.454651195423
94504,9527.300398423853
85722,10781.07347498174
85311,12507.717707100328
103162,9615.20672334074
79834,28347.350583539686
102283,8005.92748610748
102686,10974.127479131837
85834,10589.789797236564
83633,10147.938068661775
101178,7858.533677643876
102859,15944.289285159666
97691,18698.962477243513
99575,11362.54720404002
81921,13735.289106051598
88114,10907.648495722422
100101,8639.981569505468
101736,14017.046453531333
92763,17547.499014066656
93514,24741.201285990897
86322,12177.35965418197
84924,14695.445520599596
85898,8043.3806234677595
93419,24923.452946907964
88784,8698.056685494881
95012,45395.88955630386
81858,19160.19789623572
101610,11302.545100004565
99190,10610.509192336272
87530,9872.056575298293
86979,11193.23936749304
77670,4383.277350429451
81123,12649.822667497267
81724,10334.98981282551
77870,8592.16087937718
84193,11223.076240098622
105928,19402.715416704214
97607,20586.637851230236
96063,27288.938169196277
77962,15732.464504854184
81560,23040.85075089944
100204,9576.013717342421
89185,17225.929380534824
91744,14093.322166725418
91470,24022.656941041205
78412,7859.9485417083115
96222,16390.410335859462
95148,23934.039605217098
106039,14208.300347889826
79352,13965.24449046826
96602,8644.3427069385
102798,10777.656521590961
107301,26198.310127552853
96147,18674.677407030085
87382,16077.65251642075
79907,19440.346222232358
102924,10238.489220884134
78012,22626.450691352897
78333,12917.027972947673
105989,20722.114326463354
90607,15125.037924532164
86110,12329.312834802555
81540,19138.65657701789
77937,19104.695201378967
84630,15040.292197396057
80988,34617.997344409676
92519,24786.465760897576
95795,9116.987206560818
86837,6490.492287263116
82642,14749.2111214148
86017,11509.664878130221
84772,15673.3379738833
103962,10920.062917351792
106264,11877.377800713872
84934,22697.883162218728
91598,25240.55063754405
104102,8521.308729929431
81261,8343.68111933311
78425,18996.0562452635
96508,11534.195332680607
98668,14000.88846876324
93948,30820.332276389003
82909,10823.694939856383
91514,19319.02787717173
100969,9398.398077625543
102102,7179.709978215986
103465,11751.620017316833
95072,18568.614202849498
87535,30412.145278795586
107564,8341.575263589013
103297,8429.342302437273
106528,8687.952243557917
83748,12702.362857869843
98195,8644.3427069385
102113,14446.452078635719
94277,12076.808192606555
93160,19879.010295068085
92063,23786.582744203828
81037,11817.665931687194
92602,48506.228010119026
93096,19348.224330863497
97243,10080.34879662288
78019,14713.61515482319
107604,13517.417175778166
101438,13801.797280694926
86439,8563.321975993691
82300,19506.537120209763
105142,14482.494987104315
84429,7445.277962167989
98958,9971.45627347191
92197,22210.156622968956
82096,24631.51405421895
81536,26027.052569290045
101623,15089.633714813857
85596,10593.025112986272
90600,12409.769041866319
80089,45961.39595737743
87224,11959.865920255388
87685,17509.50498777276
90958,24769.934780293883
81004,20048.226036096432
91667,19291.187803969573
77877,18534.55369762872
90956,24323.948079012516
87744,12179.246553850162
96817,11588.71771854746
97163,11427.730440257375
102517,13268.685626685896
83356,7105.95546827393
89415,13704.70339746868
100153,9780.343940098686
96024,20409.44428673128
92043,32164.585239925487
100495,8787.056753886001
79653,20087.873379289398
88149,17412.04241402759
98022,19149.64537877128
84983,23304.974126520712
98394,18777.727274946912
78062,9752.595723991926
83656,13380.192299878021
93963,48701.133063742134
81988,28346.780019542744
95992,27721.09108002534
82620,10479.599250163117
82149,14591.096975907489
106199,10392.386822694578
107884,22401.79332871947
106607,17997.107766123718
84212,6831.51542001476
88234,14417.688417717198
96712,13550.605315085244
101058,13594.030397435698
81149,26105.414285756215
92670,21362.501561730132
101383,11105.49888361898
82563,13054.590536261003
100600,14446.452078635719
90826,9961.590253748533
102364,9792.53982744278
80759,26099.46852944585
79628,20568.11633820462
86113,19812.289862132417
96607,9799.823634016895
96462,14399.603304283459
88668,18186.81598458057
85575,22966.280696895068
97718,14376.486244581614
107322,27097.842373680218
79948,46001.07016857678
84361,19099.008969556446
77092,18996.0562452635
82359,26014.74877866893
87495,16591.465877081508
102966,14671.513225031913
104309,15417.158096823878
106312,25167.34185981351
85152,11843.42548594081
80835,10314.12028815429
99488,10221.780967838553
101023,10906.129760997192
82295,18515.206257810758
94330,24768.955906833402
96446,20521.644192937725
99608,14484.441332050936
108305,12357.480962147258
106512,13060.894474386301
104003,8024.256683372629
103550,13187.296121679723
86253,8263.830188623284
88355,10308.422214017
101629,14153.655621572301
101460,7779.695110719682
87820,11132.683365156501
83140,11504.816027279474
89804,9084.665104887838
101738,13358.961502018074
101121,11977.921786928526
81810,45764.831498520005
102106,7858.533677643876
80437,7683.218972198623
101463,10568.120789399658
97919,8644.3427069385
107407,22917.179663939653
76258,23354.906564196946
100626,17585.964678844077
92755,21791.1068465597
102655,9838.9485786287
89223,17601.11809316108
95180,40129.960210868565
96372,9709.671858922335
84089,11330.121962495321
82203,33962.54204397562
98785,8644.3427069385
95930,19448.882608147658
92151,20826.631298225053
105149,15287.062136416753
104517,9623.24531180028
85727,12340.019531973616
104769,10217.802032075155
106796,18395.57620780776
79021,13386.73022411252
86121,10459.880567582908
103139,11062.957597353055
87918,8814.767844587788
80634,44867.370990524105
103033,8724.75588396108
80019,18684.359600565305
108035,18736.62050432735
77891,8588.25463038901
95749,23013.48200123995
86617,7837.203963710462
77709,7784.628370613956
77952,10685.886457696566
97083,14713.999152742535
78040,13974.112650169815
96041,33386.944260325676
101843,8523.90136851557
103016,10885.588071798604
86049,10517.551952885318
98228,9171.3219140273
90554,7943.806927234977
103311,6543.469321629994
80418,19373.87410171576
81866,44981.11307063434
101259,11286.387381626615
92909,25751.1355966337
79034,34406.74079172288
77129,7474.4798652223735
99018,11212.46561986817
107391,11562.297697103744
108170,18697.52024109594
80664,26177.703037921794
94438,41925.711844356556
100436,15871.01717329543
107031,14205.849958985204
103954,11755.733989964854
78892,11552.620327167293
88505,16107.663070705774
103329,11738.254158890342
88345,16341.436278418247
105950,9988.327924898673
98331,9739.827301281932
77666,15510.59907873625
95383,17705.912526872
108535,12318.817197518505
78705,12420.792124402109
79597,10949.820504640777
97585,27128.581386857928
93832,20240.51974353585
97348,10520.28452062844
87291,14998.016916823848
96291,18162.972999658905
84851,11913.522910180465
105338,25339.993003426698
84514,10763.852393005767
105830,22216.775090616353
78819,10203.589509425618
79728,51630.06438466343
105993,20883.33402046794
104822,23032.92752792986
101141,10643.330612374306
82728,10606.233584948553
83273,9904.502315758611
107233,13382.574586496929
81943,30840.014163370128
105637,23436.701698585977
81203,15404.9295024923
95127,24722.103161746156
79994,23403.552779469093
96025,24510.91979468552
97390,30835.600197874115
107522,16345.373679800266
99674,6942.764761732866
83001,22696.248129176358
94573,17754.885744639545
91983,27778.9335774445
89935,16015.715308506544
83115,11268.344736457415
108439,16118.372487735156
82297,14460.516917895911
96542,16313.83618048477
78269,51579.21004298483
104124,9147.422316438751
90435,12162.595270445914
97520,19022.42000829434
85468,7049.422055068124
83566,11547.55118981237
106890,30377.50694466607
98124,8356.433190191587
85866,10061.748899203172
104379,23980.633868854984
99616,10793.651289653408
77346,20405.416391529005
83668,7838.737739666589
94488,25695.819939641213
87494,7931.967138331486
84099,11987.720267565252
78345,14251.131028124222
95626,17812.783020034083
91044,19984.582452326093
91343,19172.428284152553
99823,10195.718636902608
97197,17557.80609735841
76399,21793.58861649138
95484,46900.445386136016
89728,23397.867098544724
93866,12173.75236132096
94053,27248.562238845567
103190,12188.101540137544
76312,16472.499355075983
79453,26211.935270426562
99956,14187.909308402726
96811,30582.147027750052
100537,13652.132105250732
98142,6934.674532763464
106900,18141.985708200198
89474,8860.142249796718
76696,10392.78063146652
87479,12131.90963282927
84806,9891.7752578785
85385,23490.586614065716
93372,44204.31730425237
92860,22273.456693136166
105267,26302.432639430273
86951,8391.76227115986
79622,8367.796625700403
95103,19855.07124266553
87138,10591.698130565903
91912,17191.44888923777
78932,12121.841554693237
106494,13580.069169982698
91645,24115.84491470083
76102,13394.989026642445
79636,25090.24707989444
99416,12079.989828805094
95715,25882.407692075176
81323,23859.731410747707
96273,12247.039914595978
95585,22832.365087708604
91885,22383.816664610888
80762,26034.672055198243
79167,5256.103727249245
87173,10479.599250163117
92719,21767.401628576165
87482,7406.698209183745
95215,20189.73763864641
104054,27682.7843724281
103066,11737.30540743095
102449,10570.830971428126
93985,24202.16299358542
99869,12122.565170597582
88347,12159.877122611972
77208,11151.404478597782
79376,16216.935294164497
98451,12058.08349183106
88983,14978.100738849953
106464,11706.132300784595
89146,14998.016916823848
105833,9997.78938966569
79242,22205.67692232946
107738,11685.820859810721
77626,9663.219346130662
77415,14888.558289619898
82458,9891.7752578785
80995,26211.935270426562
98434,12578.014935741618
106938,20148.88106015924
102349,10976.392274945945
85791,12626.144330111998
103622,11275.045760231093
108149,8264.874349460382
86450,19257.453978385583
107252,12462.521693550942
76034,10867.674604960508
82259,32304.87805759962
76581,30209.77793432244
95499,23505.25549644061
76648,44687.0150512874
75992,19889.610756218506
81407,19008.81063314202
105954,15533.481068180248
97001,10069.624472529067
96179,10141.4338280408
77616,14463.04916564874
108142,19739.76464888452
89107,7418.3427375780575
108236,23292.754457393454
92520,18756.89073786773
93186,15237.026375754067
96171,11262.570326765668
78460,9126.562133599375
85417,14172.741788774063
100064,11105.49888361898
92393,17524.28401323462
83360,15667.790688685693
103935,11947.495953341875
106977,13260.494410242783
107965,14606.874039468157
91921,19918.77933747211
105002,10384.533468949068
93968,22804.320002269742
83088,8263.830188623284
92707,22137.827613253183
89001,14579.02197836993
95856,25442.713629365757
88962,25909.30808462096
99828,11596.659616096487
87980,10837.083821858516
103861,17272.460812385187
90588,15598.018532195725
91508,27759.829599797376
86131,8201.793769686252
97249,9709.984626463094
88232,16617.01887636772
78451,26177.703037921794
79773,19653.941234208243
82873,8124.767392253423
104116,21218.502575862
83673,23245.49533106395
77622,30768.649825107826
94936,19404.92988734539
93795,17990.45125634968
96084,8362.108204288588
105406,12015.706514123134
102280,11738.254158890342
83867,13400.276305327141
83621,17998.520298551273
98536,6732.229712539093
101889,9324.089269292417
84479,11615.029368754185
77956,15623.524771718216
99484,6402.648019377052
82140,11129.935355271904
79005,30272.692805492505
77513,21816.104314453754
92211,22995.35007142596
85245,12853.467312202405
92239,19920.049046297572
97205,6300.172765322334
84822,8471.349055990326
104413,10479.986059760315
98704,21560.291081095234
76724,17333.693764354903
101457,11836.259546771635
85487,17511.03431204609
107392,11129.935355271904
90712,11342.03196888541
105823,6869.136902911256
100345,14307.783344233778
104219,13251.340229619314
90297,7788.998347146491
77122,28383.84929060754
104805,21677.939577853915
94490,25233.99544953301
99948,8421.65228097212
103562,18174.82285118069
93378,14063.082850627268
92288,15294.347249159378
78059,7512.414996302307
96096,13711.71137490567
95732,13872.796003604743
87817,7096.358294942708
101084,10544.442916640928
90506,8106.412140740947
95676,15633.872437111273
90249,15750.10072844824
95932,31829.13924424579
103254,11032.198016225151
99286,9288.495405621486
84918,12145.608607579132
97397,11042.436385572088
88837,11133.953807909123
99212,20481.511741333394
86421,12413.558369380262
78337,33699.81714693471
76020,20352.246509312234
88038,11575.369985749223
91409,12432.3555953495
95205,7953.616459337779
108031,11593.401180901777
105386,8628.129056024656
100613,17279.25037688541
95685,21259.487848760287
78731,12115.801126249995
87310,16538.15951321611
101113,11671.22126230524
89077,10709.904254764142
96672,20646.947854245696
86775,7096.358294942708
79262,23035.157510881338
104469,13866.415089419585
98351,12040.355707394318
80728,21714.775804267276
97386,17565.063399386534
97417,18992.292664817815
93911,21136.768304225985
99842,7820.719044529079
97191,14755.720058076915
103152,6632.365676075806
100093,10636.275640657484
104319,14746.149246492063
78419,11965.153812960429
106929,9490.688598146862
107427,10482.111021578534
93578,16161.172210473218
103404,11549.744416165247
77844,21102.21469943221
98068,16498.081159990794
95709,35457.10768885174
87946,14120.559829846341
76391,43653.376194588825
87096,14296.118920436438
77186,24501.420267249152
90698,11827.13860038878
93367,18177.499550704975
83133,10408.119833725947
97840,14706.935840842589
87605,14432.04355485358
78472,17385.50268823905
100925,6970.4833912757185
99596,19101.24431061898
86081,7492.169101653019
105725,9744.090920739942
94362,17901.711190930357
88579,10481.599015607935
86705,12324.958059810737
80813,15491.91978573731
78885,8204.339392944577
95548,16826.25167610107
82342,19341.75690812085
77011,12108.30504005789
83904,10479.912017703879
105485,14290.2450744199
107922,14321.123587780578
90200,9365.694108686946
104534,11706.132300784595
88664,10945.410779649019
100499,8189.766463257506
101035,13924.824413869894
90482,14433.562370118394
108068,8049.026584396957
81709,28355.24373706375
97618,8650.017721035501
101931,10534.398687751169
100284,8754.435507262235
101027,17119.05998601048
96674,10440.754524488331
84856,14099.39464852357
105326,30916.223803297187
102491,12354.31916391896
97616,14233.553891602898
100667,15314.471992609124
108197,9886.218039898906
94844,27356.38255877984
104934,18448.225595657732
94116,24726.183668712783
76214,20157.283822159883
90916,20128.625902731954
106013,13355.956652897274
103429,15884.524979699312
93335,15890.560605178236
99260,15169.047443385827
97043,12340.88561406955
77925,54721.732168215196
86716,14396.121596351526
82230,10700.495895520857
77567,33537.574610155716
108496,31071.607273851205
104871,21756.891095450803
77957,13807.702636277576
96401,15497.090620606434
88284,11928.942200091344
86845,7820.719044529079
101349,6923.072218773629
77015,13996.121212658982
94471,18291.70774788238
108380,20324.496182391675
92533,25233.99544953301
77756,9794.95699708729
76035,16984.994260322335
75973,11815.516327148125
94675,12526.703222937982
79435,20052.693201244972
106542,22917.179663939653
96546,9463.081829888546
95946,18985.89910790695
93188,23510.155965230166
78117,13127.887217644757
102180,8244.767878365918
81825,17582.487995079715
90050,10064.909551416036
79638,17513.031537266954
87579,14826.534493002178
108103,17712.131456862502
76578,23311.507095761972
79112,14591.096975907489
95959,21574.635846544817
78244,17773.241473419977
77851,31023.796522845612
87052,17132.93600382938
88538,21952.68000527754
79011,21001.513984133362
96381,16955.19720464937
105358,13630.101900396288
92876,19482.94960151093
87699,6470.347399208155
90203,15816.314979360879
77001,12180.390835856748
97974,10015.665236574676
89985,13575.388087882848
97810,10380.148779677134
107459,8193.67298781297
104861,16192.527565803375
82516,9891.7752578785
83497,11330.121962495321
80194,49586.84002837657
85730,9891.7752578785
77914,19906.205296881133
88779,13389.471013159482
88366,11824.29982953275
104300,13419.178675098916
84300,11910.219270338655
79422,19535.98059558659
94910,27009.841334181474
108386,26274.968793862143
92708,8461.42092490407
90802,18940.195079597866
104397,21756.891095450803
98039,14349.048915964677
107887,20226.551725138757
105290,10978.535775317532
102575,19835.796297968798
105040,8246.747352561717
98430,14316.358671550051
80499,20649.662923696043
101694,11917.587884818824
76386,26270.21764675882
98181,14724.215409639228
85340,14431.79972610903
90766,15096.635235441494
93472,14862.885539448962
79927,16300.994638590626
80854,20059.26835016322
100180,10534.398687751169
84437,6816.834661296304
83358,6496.622066718061
93108,20328.26840994651
104330,11222.88428116208
103518,8352.072052758554
89006,14115.93570235929
101611,9066.3713171796
92226,20639.218795513094
84798,9505.393649916912
92840,8141.39342684778
106054,11386.311944894122
78261,28081.500232833518
76071,13597.444564231206
92246,21868.054264110477
92296,15615.588152789871
89469,11903.336546526314
98079,15098.985317361785
81294,14246.98882625878
96301,6995.584310470532
83888,10383.252017152605
87403,8309.043466489278
92192,27404.99418460905
107592,16598.414930325132
77496,11101.797882079794
97447,27667.339819794353
103131,12216.3656415319
104590,23086.78356137595
97597,10274.818836998164
82167,22963.39431312572
91027,24716.409921728056
78607,28957.126718518437
99587,8795.856196517434
93937,53820.30188441619
100307,10092.349006853832
107613,16989.893525712894
99773,14607.87839946008
90044,11252.437073098681
85578,20092.289378485548
77103,10548.899065922858
91386,22203.519461927288
98955,11371.821382549682
95927,17939.59641223929
103188,9740.512710106923
77389,68991.73261451216
81822,10380.343312944176
90768,26943.06666909104
77594,10198.625161102305
107085,17565.792931361637
87692,11791.455684522105
77813,7699.750100019349
81414,13581.321451460633
102900,8681.737012659683
83150,14648.579599698225
92414,27567.762102612644
105321,9604.346229480308
92658,25893.235839103414
87160,12604.859372151637
107827,14719.740580951424
105790,18493.981219148096
87463,17167.327209208735
91532,47531.86393972529
77459,19918.732955895524
81593,13856.680190004414
103719,10929.973580918158
102291,10073.454071353523
77211,19549.54933559662
92956,18131.521529679143
86578,15791.487082999287
85882,14896.480514962144
82082,18089.514029524053
91811,25174.215635444827
82036,26271.534841795026
76773,13394.466775855197
99406,10815.64667556132
102289,11752.837058396031
94402,23707.066993308315
98621,7685.2765509289575
96476,11162.75628602338
93410,12598.151241854881
84989,15717.163747649553
85123,14945.385959148742
88492,15040.292197396057
95128,23629.101036424956
93047,18043.735712346865
84587,11951.894380128953
94856,24294.40750595291
92247,23661.07121476204
101052,14049.961617004808
82940,6797.5944048556885
97756,11652.204611093437
98444,18113.450605123824
77869,9380.585831965504
96694,12396.26322031686
107101,11418.130097207257
88276,11330.121962495321
84648,14447.896890943379
88011,10637.72515146437
97951,13499.248565546046
77288,17513.23768379761
104937,7251.853086622825
81621,10590.95765441324
82049,34834.990223795474
98553,11264.872612039364
105056,30916.223803297187
80914,43501.675799114586
82440,15001.088896522071
94927,24669.448057750185
84303,10700.118147227222
85533,10479.912017703879
97576,9195.338509818263
82216,20629.301567523216
84279,20403.617449254616
80976,16504.542986131622
106097,22893.73914740706
83074,13994.060732315907
87581,12373.512224581638
97210,16905.717648812562
90785,11319.437179417147
99434,14100.168500601594
89600,19304.650223120803
103809,13382.95710113584
92260,11885.123488284715
89667,10354.520456005179
99310,8194.127600690537
90375,24243.70105941752
89468,13807.810568206065
94940,22447.01853755476
97747,8054.66755257659
97570,9335.22428764376
105994,20334.86649518652
93145,12564.171258524239
94100,16878.95363711422
103226,13390.821508972927
100167,15057.876634873954
98138,9685.26708757632
101043,9223.751260244759
82078,18707.783580525596
104748,8230.073576020484
103881,17228.860644425178
86774,19264.524776504357
89857,8649.045133925903
97150,16695.366875773056
107683,15799.378499334534
83708,22858.38938095451
78775,9086.113968928992
104200,24213.28214208654
107581,10720.526562792827
99756,8012.843574034532
90210,15194.336927428289
78027,31126.52648641437
97012,15969.595150388062
104010,9537.83858654414
100639,11284.32837571001
93792,12067.64149887771
85574,14880.06022580534
105066,12137.274734448722
97307,9818.511221510948
77243,39911.28738045013
100661,10070.978336439939
80825,19261.820279229047
85856,14116.065197859118
85793,9518.771954562031
107091,15840.139917725313
85836,26181.142317945832
83887,10479.912017703879
84721,15976.592711154337
77636,7012.607205247771
76905,34586.02671304212
104895,14447.907223874712
86377,11803.973319205308
83076,17385.05584475619
90124,6772.246276093036
105661,9833.033296164747
91631,7010.429062893312
79760,45994.13343971479
100714,7048.786867725065
99231,14000.88846876324
82805,15880.100900013478
80714,28296.01904695044
93820,21759.843142403442
85373,8867.972248610804
95562,25084.679461455962
91723,27711.617728480553
91501,24284.04076567735
91222,15294.347249159378
97984,27495.03269277965
95047,43722.9368261935
101181,7109.310025560596
88389,8721.56583490446
86999,23490.586614065716
85255,19131.77664398055
79093,14189.99173745814
82409,19106.10204236907
103128,14150.732063442223
107027,11537.200587514744
108081,15227.315363471136
85698,23312.46961213547
84249,20066.94267028431
101719,8347.179704307506
88643,11231.481623287804
80972,17901.905997762435
106047,14589.425948288554
86779,4378.132044369261
78587,27539.163565547755
90179,17335.610381047114
90972,11371.799050295414
78609,20198.958379588377
98324,8321.087336724184
76446,47696.21978492075
86829,11997.374405985278
87796,11330.64421328257
83650,12910.371678288338
81411,16807.24241415896
81963,27394.723307919383
96782,21668.94131734609
89718,8645.28369178062
95518,17764.308819828573
107293,9380.266739207731
99739,9199.80945314886
103956,13205.567199873853
85946,13400.276305327141
88532,21388.935531256244
85713,10114.782358878381
78184,16276.950870703302
100234,7990.334462461765
107715,10614.412325181866
106150,18088.97602667252
77266,9477.134625321154
91067,17664.27019461691
80869,24125.062360745284
81462,14212.990827752385
83382,8959.930474659723
92915,17724.66978316176
81139,17986.503067953447
96523,11823.949571379308
107090,30916.223803297187
108117,17734.205024737897
91742,12701.372722358994
98340,12484.66210583102
88371,14685.354514628601
101031,5250.004144557591
108430,34401.71745159095
77740,26270.21764675882
87861,11782.247065787751
84746,10775.068161064391
81252,23083.780158963335
81933,13212.922769784245
92153,19453.272289853605
95485,14117.544762906246
97686,17728.824251960174
107452,14712.677269051474
95477,24670.483519904603
95752,27461.808601246168
99499,6965.868997528466
81223,19436.429067527733
83589,23362.177722906905
81497,20782.519458401435
95884,28496.88071694374
87806,9930.772428485343
92330,18304.103745285607
84558,12856.771596815423
82990,8647.306448946809
90851,7502.727063086351
96997,30835.600197874115
90278,11342.023715632791
82417,10759.401136944869
100247,8567.937659708481
82239,23035.157510881338
76975,20348.52472763893
102948,11455.049698577091
96929,12348.2346730543
107088,11566.152793441981
94670,12296.843018346393
89862,8263.830188623284
94506,13123.113584179035
97696,8650.017721035501
82696,18544.162854950177
103767,13350.271613236133
105307,10060.356298180412
106510,26296.197254422532
88316,14095.276626429986
94321,18654.343517696478
96595,18698.968368913524
83223,8306.338432560657
85551,10554.234624103783
96007,12035.857558001246
90296,10817.544695819666
97407,14275.328306345176
93071,14296.066537339533
97275,7476.683543251132
86827,8202.76635679585
99759,8644.3427069385
106689,21152.663047818067
103062,8460.56573712616
99657,11907.797902168893
93428,24036.641575019763
88504,16477.483244644383
87359,11014.427080376588
81906,16987.332043234677
107446,8301.730686797582
78926,42377.00069303554
97871,9709.984626463094
94202,13789.56638458537
101216,12632.604584792209
89614,15999.789403622584
82929,11130.65722620164
78710,8940.198113249928
104966,21986.589894641747
88410,16375.325749222056
94382,19171.047133224016
106319,43629.84029962985
91212,17278.657993684785
103584,10606.67563105022
107593,8687.952243557917
100069,12123.487304031294
97293,11438.6480357531
97085,4957.922228737918
78830,9752.595723991926
80409,13507.258378875189
81079,33110.04324519228
90437,10806.087132494187
104169,30916.223803297187
83432,11199.267040325689
86630,14089.368658023446
100678,8290.190134867442
92564,21811.788735500886
86007,11585.222913270778
84102,8279.287802137225
85324,24370.259776948587
92796,12144.995449651804
78277,25202.455499971024
91813,17601.88760870748
107896,20471.83502335863
80598,23212.52096517157
93630,19850.065857972986
98016,15267.248048402096
79518,45995.98575105227
104016,8404.35051507536
90069,21263.057021705168
108485,8242.044925574313
105556,30864.56204424316
107276,19158.354929698347
86409,16209.417607099336
98131,15126.1067758474
95165,17619.848296025786
92954,18665.218895029582
108363,8625.176992071567
107775,14557.01708499963
98806,6804.712473125083
82105,17949.88944838337
95777,12191.68954971211
78794,16936.0297858788
77994,28870.747405040587
90061,13318.772962811907
98353,14197.347085923377
86777,11583.464376405353
107107,9450.107367480992
99207,11690.869692561273
92441,25493.995101569526
81253,21906.644441646105
82071,21222.917097246424
86304,8825.252014878895
78529,10048.97787022278
100606,8820.042473982883
108524,24905.813820469233
87772,19083.19993167241
83062,16174.042645077116
106197,19623.154403095585
105773,24281.229921671318
79317,17869.393099949946
103930,6094.964404469018
77486,40808.7083083289
76154,25321.720067186674
89324,4957.922228737918
98354,12303.959786012967
108349,6530.150754425266
108146,7966.89805413321
77826,20911.241050119617
91078,18592.412049231465
78136,26317.85881389222
107463,26226.079405530832
100749,15314.471992609124
77223,36793.97518735017
92513,23448.70784179843
99409,8362.108204288588
94380,20533.85751872034
84791,10459.880567582908
86042,16577.640670733683
79939,33962.54204397562
83953,19673.447888932253
103754,11671.22126230524
86091,10885.615888086219
83114,9769.393495272197
80956,12002.315496617462
96276,8381.711759717537
89799,18802.24292290174
87919,11255.02843602679
84054,19204.106377178858
102856,8441.574342072181
105645,8233.383183981014
81207,21912.8106555224
79629,25499.263075401705
97211,14476.624795892156
86631,6490.492287263116
93438,25233.99544953301
96983,22231.67159103543
93914,24692.175056056232
98470,10702.396079192891
76650,9457.127697808415
96428,31727.683907849154
84958,19192.269956579476
81064,10672.31811789984
82469,14434.45702243179
102139,13199.713961939315
97800,9551.814186128719
98474,8292.038285947401
107944,10490.752471019712
97401,7483.123573261947
108476,7583.086782127961
103189,10166.057312842418
82987,10068.910809851413
80903,27136.454666618938
90854,13281.601879870339
95644,27098.572104934694
98728,7845.88780680103
94370,16747.47221040717
84537,12588.556145615501
89358,11196.870458561913
76221,12543.619323685825
84935,13390.806613731207
107676,10344.920477370564
103154,8972.204375017645
82600,15515.803280273669
104290,19601.6600591562
79972,19337.46640420961
89202,23188.838501467497
97253,10113.442224376007
97358,8397.330936535358
106932,11261.080308842931
101140,7654.31625668712
100650,11028.952810349883
99817,17839.405193049417
80953,20209.02307686512
93851,16475.50451810072
89574,7781.243907694415
91092,15294.347249159378
78214,26108.863825502805
80283,16306.858673327308
93158,18882.177472628908
78562,46063.4500033734
108498,14669.190854527329
100223,9034.178516285876
76976,8020.373178619545
81119,22877.43548227232
97369,27128.581386857928
95721,23536.071223858013
82271,17568.43841088811
102837,11735.688384178793
94761,19333.369257184273
89200,12649.45489378907
102690,8650.677970397108
101274,11109.87493754021
107682,21728.588454344186
108276,11958.61148802952
99011,14458.242880645263
94484,12559.053297357257
106033,20027.750212113267
89123,11827.258935086631
88740,8787.91852177384
90951,26683.424586913967
103812,6999.590532286457
100056,13570.895847378879
100691,15810.879672565612
88394,15673.460849458475
97620,10364.663327657585
107955,9395.918758770385
98144,14432.375196136556
106325,22917.179663939653
92867,37548.6597870296
85204,9774.450623317773
87062,19072.65987824728
81539,19398.738388048852
92009,26861.606519596287
108224,13251.340229619314
101686,11748.087891473246
98557,10815.64667556132
101594,11775.322935599543
100647,5002.578227532873
102401,10737.034294837164
86093,10622.108761596817
85837,13613.018821004316
86260,16010.272021348936
79830,26316.967097510093
100041,20800.42454375031
92230,21329.64547817322
94661,17864.799474566706
79450,20617.1999967469
101374,9616.59830979059
76983,28951.807329871233
99673,18997.31582715024
81336,21249.530926391217
100376,10559.793557532917
92756,25646.77949352776
87725,12397.117678932833
84541,22327.14473730539
82284,37234.14089271994
89479,8654.720148022907
93259,98618.97284855426
105648,9825.526483582276
99099,8831.953370558798
104543,21756.891095450803
108474,22401.79332871947
76907,15567.257992112343
93652,26210.31614033952
100967,10904.603672280831
94331,14063.200313174588
106381,11764.240622727859
83170,11330.121962495321
102953,9601.3670441392
103590,10532.824150724204
77316,13392.243195762227
84682,22173.623331988594
84524,14447.896890943379
76747,17361.032505540315
99049,11804.031950123252
105881,8768.457150794653
90833,8269.577140993417
108079,13241.640535802646
107295,13244.488471476458
77121,14527.405560187486
78927,34547.91696504515
103048,12646.707688404233
86216,11201.965689289382
88448,18134.355990567565
86219,13965.322375225616
87181,10111.028701274012
98755,11120.521503530985
76443,12543.619323685825
101149,9126.589639321775
104315,20785.71852463103
108345,10632.446400218474
100156,10374.520651042818
107263,15346.562275535265
83935,8191.991310109558
90584,10249.128650677612
105733,11579.314419889603
88332,10450.46114802825
81979,21698.982566004375
91864,46686.186917564504
106847,7004.824831488379
95136,14534.56499475719
96991,9709.671858922335
105905,8687.952243557917
102080,8493.135039186445
98072,10203.589509425618
103711,11137.144492817077
92213,17329.71037589644
106898,10608.791842428862
85333,15263.152832010084
84559,10523.35349400815
95428,25169.679951198144
101003,14477.858491616884
87773,4561.002549332194
100739,11781.13661403811
99885,15267.248048402096
106647,9890.29915182175
98019,11258.169743583665
92212,24407.020390453912
100786,11762.558836929484
85518,20134.488600874276
89849,10294.643481109717
76149,9587.83961144564
97490,9706.18721065945
87476,8549.365343040801
83248,21167.2532650665
99352,11458.972789967198
90736,10353.575395481506
77596,19501.141287441555
77209,6970.813977897625
82308,10672.31811789984
78207,13480.091079910555
104041,10834.657168158465
81125,17077.59618101079
81691,26316.967097510093
94459,7617.128465980831
79977,13779.865542511381
96530,14264.732742622531
78367,21218.78247550848
108100,35591.32754766649
104510,8687.952243557917
81891,11086.717147860554
97087,14092.442616985387
88161,8471.349055990326
101097,10534.398687751169
81742,22818.00056832609
78409,7514.545369593501
107496,18907.959175122807
99326,9563.809603736678
78535,10548.051448580543
106164,19635.64232358205
79719,23058.692401823373
90418,8863.058705780859
85844,10479.599250163117
86639,10658.659321711055
83745,8365.071946296897
77300,47948.56584297778
87702,10479.912017703879
82586,8685.253505345643
83769,8931.323310346985
81708,32130.77021402359
90224,13807.021784659912
100063,8754.435507262235
79249,10479.290139916431
78719,31069.081910706114
97287,10294.643481109717
84267,19592.109294720536
84056,8359.396932199894
101164,10559.767703165795
85826,17502.96902435987
93793,24629.541352593453
90945,24115.84491470083
98991,10115.28944307105
79647,14213.172583582415
96794,10381.227714795994
83984,15865.545337769268
96688,8650.017721035501
79838,17693.135557660204
105671,9858.908949113702
87438,16362.665859600489
85859,14546.267248827886
91639,15579.520157671634
81134,43343.6520321006
99992,10539.983112323675
91262,27414.292971599567
81417,28296.01904695044
90783,21395.728711344727
88898,16510.41386788484
76241,9754.489962851181
76491,18325.735021672208
83132,14919.676911926881
97757,17418.57837744048
91753,29678.367699976254
82333,20900.57073004221
88295,8194.104615202548
98314,15100.58666104985
86172,10647.372754767763
78331,21945.09419897208
81996,23040.85075089944
83315,4569.161179219146
92376,17314.73017171428
103058,13624.029476638856
102215,11784.402902282296
104225,26302.432639430273
76910,16176.211275314557
88657,10792.070524096047
104943,17172.079778172792
86434,14017.054396538864
79432,14482.494987104315
103103,13991.564216171695
91456,30273.34113025535
89465,12460.572415138195
107774,13984.575795558341
80938,23075.119745399243
94883,15883.167011817019
94135,24666.485383472165
78747,17869.202000331243
76240,15567.257992112343
95820,42493.32397522158
79092,20073.201161915455
84393,9891.7752578785
94391,43036.850069467866
77183,16868.521840206755
105612,9775.517743093127
89046,10685.243668526542
90878,23769.79099541135
77058,10725.06019008005
84468,10511.2444936348
76713,20879.72277789223
85568,11501.257062049954
82191,21854.63442764703
84825,15778.120248158484
79009,36811.39786711473
93908,21471.912688067252
91135,24389.07998297449
94603,21381.382643959874
105887,23418.284892959728
103196,10534.398687751169
87544,12445.33616393083
99605,10019.078820689088
101660,10551.567014946817
100671,11414.588133189374
97839,26209.068177838628
77742,39473.0553889831
106144,8269.641473526344
79681,23035.157510881338
98764,8408.973318323428
98200,12872.192859831977
82652,10169.446595595302
83599,8926.985758130604
97776,15697.355620201277
83403,14781.789152563379
77472,28220.459487774897
79535,23249.09828822095
82632,11199.267040325689
98612,15273.242153399497
76103,25071.49749090851
94824,24670.483519904603
87424,22627.355609970553
79193,17616.163008524098
80853,14482.494987104315
87885,13589.94641307859
80891,26039.5720507392
77149,21664.901259157337
91012,14189.91834299971
99259,8651.152967761425
81555,24167.86273339161
93917,24965.32341583588
88089,18733.68657368246
100704,13383.012542354067
77798,25511.2567314621
87342,12322.113914466523
96013,13321.662931220211
93380,23668.845876534553
84040,12417.863559304333
88600,17519.872586480906
76133,12546.2644094819
94842,19488.648584168863
98184,8164.336408733406
88767,16032.08059705631
98741,21556.18997433329
81739,11281.484223910125
91321,28197.41481076253
108030,24895.09962445637
77680,25343.718730158387
78189,24598.131578035558
82302,23021.16194976154
78968,14243.397812928855
101390,9555.34466409707
95491,17658.164413497572
101687,8290.190134867442
76371,18477.41125638265
100151,13256.995652933598
92147,20158.37423413813
103385,13365.076967183948
86960,18193.31963886467
89563,23338.4338936766
98013,8044.333347241256
103747,6303.157159730374
107681,15956.15046494433
82686,8139.004611119202
79913,14103.441795146964
96545,14332.465253759872
98278,15249.436692159721
88916,12432.979264302778
104733,10496.340401134788
103529,10534.398687751169
100642,15314.471992609124
97860,12049.858684950077
88870,14605.073186856749
97563,22197.73938849836
97081,11143.124181855426
89544,10105.802811603271
96332,12455.627521871073
97064,8833.998924480979
81916,34116.46866279975
82148,48689.959007472455
102447,6647.006581473175
103111,11382.254603821815
85058,11950.417918320927
76422,19506.174594628992
94546,24131.291720549878
96769,12586.728957392228
95364,12173.75236132096
101118,13805.296552067637
107644,16532.92154030735
104650,8138.0280302230285
97300,10207.746645451689
104069,11149.978029888674
84700,12713.14279480884
97122,14663.146360351782
89878,21263.057021705168
82579,17812.065893062016
107967,8236.36991147731
82494,6665.473481856663
104872,14482.494987104315
76339,18996.0562452635
90676,9696.139270383297
83780,14234.295712799629
94444,23563.34360362564
83532,5852.468157826089
103380,8493.135039186445
90941,35339.00034845457
99845,18099.790880478606
98053,14704.074249644855
77863,41304.021760346106
81107,23389.591143268422
81176,23078.301150576997
93196,54002.31889048717
102895,7095.947928482146
107093,18005.21012562489
106566,44171.19770203618
88893,10796.200452006218
81939,47714.07486143283
98833,10038.055458758803
102812,7842.919236139952
95766,19856.980003981003
83556,17716.53473515364
96725,10287.992277516918
104649,6490.99797935509
98466,15086.183671569206
77661,18865.435204775924
99882,17316.749032838714
82646,12492.182437328982
94874,19174.128695603165
92800,13510.59407688095
80265,27082.215021109816
80587,23417.43369295343
92298,20980.101775250176
99023,21564.335341887134
88098,10179.488721735326
100928,14321.58112894735
106437,9747.584678042369
83122,10479.912017703879
86614,10731.387703962997
105454,18558.41661245408
89282,18998.32150596951
103136,9833.301538063293
104899,21492.12801436859
92041,25769.153365614995
80795,14213.172583582415
103043,10534.398687751169
90842,21429.75650130375
103070,14126.094525240458
91523,26153.125108509987
76427,20889.06892863473
86188,18665.061451309102
105618,35591.32754766649
82931,8265.943493716275
76137,9514.924090213652
88017,14572.53127325826
82713,10646.282827652112
76155,13811.123584539539
101057,8650.677970397108
94699,38106.536420873774
106794,19430.24601946799
97000,21606.46362112872
90986,23252.611282393274
92785,12851.215732803534
79156,8803.192258265504
107616,22260.52817687342
84264,11791.1953676383
93932,17337.116980333813
102956,11968.988360854155
79715,22261.835296683017
82329,18564.49694517075
86636,11606.059139692099
94479,24926.425031238326
84998,8782.319681882087
83835,11155.570277991346
106823,8624.928973249376
80760,21025.95256319423
83060,16914.52092498588
85872,10030.98458755153
76227,12626.144330111998
103460,8567.937659708481
96989,11587.345825252982
107858,14725.899640442536
80447,11024.34212145957
108267,8631.987252894492
86584,15737.55419999463
96426,15766.951679208143
86696,19192.269956579476
88252,11330.121962495321
91515,48587.584402492896
98357,10115.28944307105
92439,24678.345890719655
92341,27502.655307028555
84739,11946.784702099956
76906,27149.461409917894
100027,10280.645552081623
102225,14125.43099935146
88476,15058.171297023171
81778,23021.594886833413
103266,13858.828937708844
87660,14745.459546993623
89634,6979.221447665496
93577,26007.898357204776
92450,20090.091762937587
99404,14588.437309627603
107936,12789.101355670611
86174,5250.906706552131
98273,10115.28944307105
99007,23064.08349373698
81615,14609.289299458553
91236,21796.077102094314
96984,14987.294323320872
92538,25233.99544953301
87039,4954.863421422091
84235,15079.414035869506
77010,14644.444158078499
106727,4980.885647561751
102933,8754.435507262235
80821,7046.363247752298
81969,18162.90968017791
93088,26683.029342939313
107004,14669.190854527329
79330,26120.460405322134
80388,24592.616823286586
97494,15451.127640726882
107144,19714.72500758296
93860,23720.38753834289
94845,15518.923891455936
79152,17556.615261589166
95032,22386.335285362216
108333,14189.254001808715
76925,22243.825980390648
93278,53342.656684947186
98608,9576.255820467682
87236,10170.834305245571
79320,21688.049413296565
83893,12577.949189083429
80973,17392.300016006437
97659,9706.840433197343
102063,8950.064429538139
96324,10287.679509976157
101184,10885.588071798604
97392,27128.581386857928
94094,16044.903907220216
95219,18032.27236083348
85048,16673.299790275236
94887,23759.939742732495
88002,16617.232295406124
99157,15708.222612683652
102746,13501.541124735653
89164,12446.088061422972
101079,15199.513645046381
94124,14645.8350624229
100161,12139.192970097965
84658,14713.999152742535
105603,14666.311510518106
90963,17665.599707331934
85012,14163.63917675303
108298,12883.137652523134
104080,5258.22016790781
91850,32174.16926246907
102713,6455.282365073057
83295,10478.092882756435
107847,16988.581107704453
105847,12112.095146479025
87143,17513.06320900298
106090,16646.01244745998
88925,12549.82998280191
106297,16845.409434865647
96596,11582.360383329526
99233,9147.440521619974
103321,11973.072745008421
82479,12317.572273817423
102734,14725.874540068313
107461,26302.432639430273
103237,12928.141433589093
85581,20249.177138751864
99196,7848.126815977217
79178,13983.990896774729
84339,12626.144330111998
92764,18589.221831143925
85498,18993.388973595167
100622,14013.739628030033
106518,28230.49247236712
82821,10634.806248790654
97628,22547.29753626704
90763,10114.002959489657
91567,24676.349098908915
107462,7533.633358518954
95833,22447.01853755476
102479,15314.471992609124
97555,13768.756436225729
80881,10657.492426914907
84016,15770.216674802918
94051,13665.318238096645
76277,20377.06635004285
88676,11847.268828620246
102566,9760.045982922322
88564,15505.443534746526
95048,24737.185303690745
82166,12279.854215148218
86227,22694.15173717213
83738,8328.1947631401
103684,11246.984585524933
79893,16705.379872015903
100634,8814.169803028248
96392,20151.548282551623
96311,12571.58867242817
85015,15091.826950701041
83050,14603.614399496913
81925,27389.03006790128
106187,11972.548968199271
83863,11373.716782844725
82048,26105.414285756215
100962,13372.429364450949
91587,15609.43026119656
104915,18297.8604252091
98779,13827.763615057533
96698,8930.499871613512
84701,10784.23952728125
92986,24603.190735514658
77112,20992.045384761554
90774,11462.187392236565
88520,9479.607931146234
88281,20789.344435180625
91388,30347.278608688095
76441,28383.84929060754
98643,14328.879147413292
97850,16609.17932814168
98344,4787.147771118789
99441,14783.960588294489
80230,23040.85075089944
106370,9405.367859136595
88901,10479.912017703879
76590,11581.636985279143
94998,14343.388216255054
77283,28806.157124476093
104065,23074.65427200533
107919,9900.109377228277
103743,6826.5947449711375
100503,7955.913945701823
81273,16529.469343844892
81878,11395.86019446271
79224,26270.21764675882
90254,7840.089164023536
82712,12528.282574753563
98113,8362.108204288588
104562,13382.574586496929
103014,10618.933711866312
107299,28868.74544158881
99799,7809.254601147547
87952,8237.65484415822
101836,8744.27301390259
104896,25444.393333154552
107665,14453.308513337068
96182,27123.7077827269
84731,23300.116897022606
85565,11199.993776075398
83237,9410.272965800845
80785,22990.789501755597
81935,28452.649376720005
90932,43749.99576342851
99204,14637.367765699664
78802,25567.199159388525
105421,19153.31902767669
81831,12228.522771379154
100016,11243.326594878019
76262,28383.84929060754
85286,11623.991120943585
78629,12410.75790078084
79451,14677.508389101367
91132,61670.321589561885
88726,11989.228629942674
89928,12998.273092079271
84672,13290.09136875572
102127,10570.830971428126
78630,12108.565125450878
105874,11972.548968199271
81491,19374.6464471607
108085,10934.302772264355
99711,8362.108204288588
95713,26650.292679349932
79499,10777.323004723636
88373,7402.52546064539
106412,18818.454978753067
86000,8649.831208914793
77849,15881.586938840654
102224,14053.131297567706
90591,9408.485601054384
78511,8766.573827206106
83611,13390.806613731207
95316,8300.817426721262
85207,7820.719044529079
86755,14707.654884077629
91361,21791.1068465597
88107,7666.155872070877
99468,9676.618991732263
101776,13757.269769510664
97132,8183.352554004247
106405,13493.105330271863
83804,12856.771596815423
104093,21220.556236679804
81897,23249.09828822095
97522,11162.75628602338
78569,26105.414285756215
96486,31622.28985578941
99636,8356.433190191587
80770,27330.614170829303
91534,24995.362909013948
80461,26099.46852944585
102345,8389.30873910372
95431,25195.6655274124
76350,4927.717870212436
76330,13667.713067628023
101604,10781.858980888053
99303,12385.374690772567
106266,18664.457177948465
84697,18073.127843580867
86296,8359.396932199894
90658,14522.550348999477
102954,8744.27301390259
106174,21974.40203895459
81510,22604.235205331654
89222,11564.008136887573
104391,14644.24204560903
76573,12275.966626043506
78060,12485.19719577517
85030,18309.586611019935
105478,20079.449997925378
83477,11615.029368754185
101134,13663.306013503608
103096,9759.850795793605
99391,14297.974540108748
94614,14780.987058578901
100110,7353.395385196517
81782,26105.414285756215
90292,9322.214252221462
86357,10066.669147228482
76157,7885.4782451942265
80325,25403.41627092794
88991,16118.987154571883
83117,22096.958734233503
90513,13816.941467600334
82037,14399.606930824137
90066,10354.14491198572
92814,37636.98294880783
93991,30261.08483853697
100121,14052.768498000592
104495,9890.026457927886
105953,11600.19970761468
108089,8367.796625700403
84778,18382.90126396369
100753,13707.915067072701
107832,20726.37392209176
92190,12806.199034774885
82029,16971.4481036063
97914,12130.789647901864
105776,15884.513845502477
95402,17098.100528492443
99097,12189.732320069026
105043,9601.651684310913
106998,12630.588738853148
99567,12257.611437774745
85421,7178.613137089327
99161,11983.244108289986
89951,7764.776298684061
81358,20782.519458401435
100373,9404.952911264583
80291,32728.900991038834
88545,9944.455905133009
92994,19285.331843768072
90248,23388.611978823243
78625,18394.419937684073
81990,26320.46679212426
103075,14153.792227120435
98639,7854.352181170513
103368,13638.081774112976
95427,12234.602309928865
84503,11849.492074310227
82446,10565.654747942055
97175,15020.356141013213
101777,12763.101966567892
76086,9421.151171628848
106347,11580.66989418617
76445,28148.444745225857
97649,11588.71771854746
99273,30453.20612476646
98864,14266.710767516573
98037,18210.776949780782
107264,20468.8451525983
100104,10974.127479131837
81842,15442.325118173667
81839,12387.605496943823
100608,13357.757011596503
106588,7439.98925468688
107466,28340.7911603136
86092,14396.142346175828
92204,26971.832423969423
107905,43473.97887638195
76821,12121.841554693237
81022,10394.150392171532
105727,34396.681493552314
80544,52448.48421831271
93388,14327.923673010484
93775,18254.092298200947
93733,18902.850331568632
108177,20739.951854776984
79746,26039.5720507392
89285,11204.887523078694
100243,8760.711758633048
107171,19760.333235495975
93444,13850.118119687104
107421,12394.620144947656
94071,24680.054469602506
92195,33989.57113047945
76108,9755.386402304257
100603,11577.247804852539
95800,10384.620190232465
90708,11243.776528533086
102701,10638.800254146428
97732,8795.856196517434
102574,9614.162908568325
92237,25186.163830985282
94192,32224.31274792499
88219,8436.910824810622
88910,12450.204001017602
100811,13427.556658718144
103288,8567.232485065675
100370,10888.802303999937
102544,15895.46734078837
107473,10051.12747476185
106926,12332.72448139622
92514,19701.086699007436
78557,11899.554801994895
99091,16169.299422189291
96487,12275.34719933324
86252,13419.83769851735
84763,10170.929935710958
82531,14952.844104871954
79012,15769.273325596097
97078,20112.247063752497
96824,8043.3806234677595
79970,22520.72906216395
98057,15372.90201039421
105947,20707.71897216123
82539,15210.738399091082
105816,17217.455023417533
93800,21128.002111136517
87079,8436.910824810622
87453,11898.497275827833
92855,17454.907695832568
95805,21099.320552479712
76398,21310.462971689998
90724,11841.314867063078
102196,8234.145571503112
97661,10948.922739752254
105475,13267.855409700916
81241,14304.10782620218
91106,21362.501561730132
89543,22353.69160204559
94403,19009.524088597536
80666,20862.952717611573
99769,12606.330571343375
102351,8703.70869158227
102941,12982.910620153032
82783,18198.401456758947
78504,26177.703037921794
94715,17096.53630503369
92180,23037.29326008342
103904,10929.973580918158
102921,11021.620799828446
99685,15267.248048402096
93048,21099.320552479712
82988,20181.771380530445
93279,24056.65575004821
80084,21992.159365900658
101966,10551.567014946817
94667,24210.2527584628
76298,9040.866000499742
87379,12418.501122604886
94212,15890.560605178236
81333,19681.80427192453
85998,14142.674594288857
90198,14961.591112186634
87823,10650.185851047912
103530,12728.938198105085
106243,10342.60448719474
81208,10689.86788091148
105153,11724.95544898547
104103,23399.770000990782
89555,23388.611978823243
106042,17998.520298551273
78170,31863.873468833604
107675,12595.872954258177
106705,14740.778978932474
89953,9887.197122289683
101934,10300.799242920657
104727,26155.24881709251
87327,13365.475474657316
103247,13730.368749998253
84673,13980.6991596989
107520,44104.82591576481
76626,19405.38243630253
98638,10115.28944307105
102060,8898.850296326613
83635,22175.01276165944
94566,42761.788608985444
79207,37573.91305421318
98700,15212.227814599211
86563,11940.947365683129
86891,15948.1204488819
85278,7137.057461271437
91817,25182.35867097772
99473,17443.681756928047
102489,7824.900541002442
89191,11199.267040325689
101746,14037.020439954305
84538,11963.349766268975
78072,20497.466421361318
99832,15142.051006428519
103475,11458.650010668925
101016,15314.471992609124
100280,8657.465391238262
96067,8008.999052861343
104086,21280.172484913874
77248,13365.713980332044
104269,21362.583133518903
89495,9702.742738352303
81340,30182.7482263069
80277,14729.600788041154
76683,28371.00858401228
94847,13836.696713298232
99029,17076.511955431833
85874,11526.986755433749
78105,18997.82037460118
94978,20051.991979359595
101666,11055.248851677341
100757,8035.770300032209
86704,8370.086753327654
91205,21074.306360033323
95762,9325.779596276805
93641,20048.105735599394
87073,22526.158781986298
102433,13565.032518772383
104382,19240.110887114002
108060,11017.898329221196
107387,25999.79098992639
85027,12095.121034996922
86014,18298.359882211415
102602,12341.921781181629
107255,16951.64700224209
84269,12820.163442899944
85885,8069.04394314063
92843,12634.301163111217
107862,14040.9590281078
98781,21435.76475900952
106119,13346.87302361964
101872,11963.961918574963
87865,17510.37678548577
84803,9879.227247502391
88438,11115.005632375734
80105,22978.733698121443
80595,24190.46201670239
76539,10259.797066536648
107236,9890.026457927886
84946,11086.064053728836
93772,23308.30508910969
87793,15585.765634873738
104843,8005.717357895483
92234,18245.336561012522
89467,11929.42282136718
100145,15290.301671960739
93382,48038.506375824385
101891,12447.055047443733
81354,21963.86056450939
99309,14835.399290383308
81431,20005.97825526057
102073,11244.777821846836
88468,13400.276305327141
101873,14113.879457651603
88120,12426.493842159965
105714,7039.587150666036
106015,8534.012730199192
86707,15641.011841801152
93107,21141.122749798047
89230,17668.410804501345
100875,11549.188878888755
82920,11255.02843602679
98114,12538.461083384937
87262,10051.830531606942
104436,10614.412325181866
85404,7135.198241815382
96189,17428.08322302905
93408,48937.088235837124
92789,53411.30788563239
77768,25511.891153040167
99414,19148.992472308677
82807,14021.400229511002
88996,14423.33001368987
90305,8792.878084637765
77030,14399.606930824137
86129,9249.994741580002
83660,12370.069391411445
78602,22038.715361406757
83672,7703.224760269572
105105,31206.444072919025
78704,28822.852416218055
80789,45986.14618466929
96633,20003.810056903676
86132,12524.048130131427
81619,51365.024100836934
104645,23299.63438229541
103853,7980.239626782697
96259,10380.148779677134
104677,16743.314060064575
76418,18997.82037460118
103593,9601.483286468509
84886,11330.121962495321
80773,13430.73519622228
94688,19195.0315697908
103823,8493.135039186445
98757,17345.04262966567
78516,8377.445222584696
80596,14179.419222962877
102855,15479.034339425127
95957,16181.184222546066
86440,10420.902991215771
95030,25181.289953501342
101874,15187.541232592259
84585,10330.022953550279
76257,10700.887596473738
76971,19400.00246854776
94070,23735.955181066292
106041,27649.343464390826
87346,14572.53127325826
80993,26270.21764675882
105309,18065.18623632633
92622,19946.444228049822
94582,34265.65801932266
83334,12331.179482604477
98922,9550.595834146266
77691,12108.30504005789
95469,14458.511969537
90587,9793.745496666314
107411,11764.240622727859
97489,9859.07176740286
105719,18435.211832900433
89534,16604.96193407767
80741,18084.488099698283
105737,13001.43862097016
99043,15973.136377400007
80254,14490.387279627234
83172,14683.520238772579
101830,8818.535007893912
80506,14159.669966505475
105763,14443.141841974513
92507,19916.611139115223
101742,10238.489220884134
106547,30916.223803297187
98619,15175.752704029323
83503,11251.440058351527
80565,9803.054883079794
83013,11193.23936749304
85721,11391.459268795057
87556,10340.142814631205
84442,6861.483002967538
79634,12902.763488945386
97497,8194.127600690537
84325,12582.935134794876
81399,10529.407782528971
96361,8443.423917995444
101973,6629.536485328228
78352,8899.1698447794
96564,12297.630910831884
94669,24560.83501801452
76655,36095.42020976566
76084,14482.494987104315
93215,17718.55013163161
105802,10350.636925111821
89981,8362.108204288588
84315,15412.047936527022
83297,14749.2111214148
93291,24308.93575058087
92128,27693.592828270466
101550,9829.244191287757
79384,14431.370496796962
103643,10264.54269892815
88482,10563.678962715065
79950,26046.645570826953
79519,26105.414285756215
80376,17708.962893729586
83366,18199.416422345512
92250,25203.919201492725
87368,12031.52487395585
77347,12830.61274862506
107935,9737.79459318042
95765,23735.955181066292
91877,25180.47059096718
97574,10089.567077999794
95192,11133.953807909123
80288,18075.526925961567
96795,12322.794703735843
80851,26105.414285756215
93753,24826.61571005673
99782,7219.772934780856
83153,23262.903618329634
78634,8954.267896500844
99463,14290.394340908371
81675,20735.07982735764
83093,12374.99327722061
82993,9891.7752578785
86972,14097.593876716584
100455,11827.495545501877
92692,21393.751135058414
79761,26316.967097510093
90624,13133.718954454276
93517,24078.87149540838
99893,9932.816902255154
85441,10656.769776372643
91552,19965.362812838906
81031,14426.620466202543
82232,7903.9909314809565
80062,23120.412915695164
104764,14529.662171388958
83572,5251.327815147681
100100,18455.004379920374
96649,18149.963474890574
99860,6364.790531208179
81915,23879.382601198256
96284,9954.0383813225
89243,7888.8769072539
95051,17471.89744076023
101507,13349.775685286897
108257,24922.394144626527
90558,21406.501155272406
96913,17510.37678548577
76621,23635.567644466984
99801,13419.803701475545
95155,14154.123999791815
96739,14717.086232535428
90592,10625.707186744754
83307,17245.800602506384
101154,10383.85269209567
88229,10633.4820534772
106301,12433.873418178031
82193,23945.94590106381
101153,10544.442916640928
107721,15620.529335480569
104792,9940.706817278347
92322,26504.332563208627
99316,14588.437309627603
86404,11920.19816106166
79624,23030.46953202927
87122,15318.549601500012
96046,15668.69332572567
83384,9891.949754001696
79657,12364.178708948642
86605,11856.282169929736
91883,15433.458323477282
100473,11114.629940961868
96611,16592.328413115258
89102,4680.792784102954
103838,11930.22967625363
78454,18989.538172903605
89761,9460.780106967939
106275,10490.752471019712
77831,37232.27219393466
82876,12423.935944342276
96899,11684.973916705228
99945,11913.442911564576
83505,14969.39460702532
96841,7989.607155761631
94189,24118.759421274863
85020,10363.500780852502
101456,12741.93832608372
94155,27511.098840652747
77575,14157.602289403254
97904,18997.683438518437
102523,8189.766463257506
107541,20295.460573177977
87223,8359.396932199894
94975,13392.301077224954
104630,10210.000563839369
102538,7921.677789432491
90345,9744.785271979845
90170,8650.017721035501
79448,21908.368458668065
100139,10976.392274945945
97457,17901.479563342215
76291,44601.69421924555
83987,12148.488715780759
106283,43619.03775129288
101864,11638.829775613764
95757,19475.164049113548
107668,16501.5687243814
96696,12118.464237360851
83094,14446.204245321422
89521,11198.68177448236
98998,9550.283066605505
97028,9709.671858922335
95291,25049.519620778177
94443,21786.01402498036
102182,13563.037756019768
81794,18441.26278672206
105003,26302.432639430273
83041,10843.758052325125
107213,11725.136225637258
104467,10010.941217883517
93950,27464.731199804282
103790,7869.884658738107
89125,10352.127727460662
80748,23226.694254386657
84795,19629.388761269885
91105,22258.3633789374
86086,14240.498915484402
88522,13043.766604175104
84472,11360.874130172859
99289,17076.511955431833
88050,14030.376505683385
98087,11583.10901271188
95839,28588.702137199336
76057,23867.545707595596
89619,8959.798122132455
86471,13096.90015836086
97685,7575.519424867085
79824,27448.905804443675
91710,23799.62843686398
104474,30483.77569273197
104157,43553.2072906015
95117,31017.376548903096
96337,8060.582950647703
107562,9832.720528623988
107286,14577.92660116878
101251,11046.922474200892
97688,7854.352181170513
86405,8186.316296012555
97631,15451.127640726882
92981,31920.645540572197
79580,23214.753108706966
91562,13989.12094222819
87048,14292.868834378514
96103,30864.56204424316
101854,11198.251643260319
82126,21659.284382026424
105443,30331.06528867629
77293,47168.87153727821
108262,13355.956652897274
107157,12330.28142218065
99717,14737.787884578109
93208,23218.271183030603
81353,19440.14587042513
81790,21984.729069883677
82153,10874.2769156468
97223,13740.49178090634
82088,23413.93399833926
102996,11925.153803767138
100023,8744.27301390259
84333,17378.57523821201
102506,8413.082145984838
95753,26976.11449039998
77116,5256.103727249245
84459,11016.45800560129
91453,16854.561061438475
76524,47674.69536432326
83249,15400.98656094046
102313,7878.990416748014
90456,10353.575395481506
94635,23267.26713107823
101187,11507.446103167898
100776,13401.48243057645
84563,8315.575373105565
107706,11153.239579950887
78776,28882.384903036927
77019,26177.703037921794
76122,20468.668516624406
79042,9926.84839123451
101851,9466.972183651867
84657,10104.542011669022
76067,15529.792841195882
83598,6448.532896185343
96003,8755.658747071953
77817,18903.297941729077
76887,35309.4761880111
85766,10298.926855904383
105836,22917.179663939653
92443,47685.43857724241
98875,27475.55135357028
94808,19001.65406957489
99490,10011.528150511276
77469,15406.003070329032
105148,8168.494627401674
91649,17326.337581671156
107040,26727.62093457313
96074,26270.21764675882
100656,11516.45101618829
90366,14464.751153315101
93981,14249.951893185074
80858,11272.818737228992
90070,11851.641678849295
86606,10514.336292561284
104521,8069.04394314063
83071,13835.590074977878
101956,10197.294198354604
83846,9293.123230416424
100982,14345.01316262088
102610,9695.202066649592
97828,17493.70372730338
99450,7970.997358437061
87521,8124.767392253423
96065,27128.581386857928
88306,10488.552153847937
96325,14706.935840842589
95801,24380.97410053652
104248,18849.352693803474
98652,15427.973084256659
103877,13107.231634568778
107470,20783.481809067678
96801,15485.378483478633
99595,23136.74911169147
86094,18234.047508064497
80874,35715.21521453943
94606,24867.8003783735
96127,12896.524062589535
100687,10234.588724350604
81118,25466.495276374644
84405,12582.935134794876
83257,20053.699803405652
81541,18228.4862110485
77940,11910.180348334028
101270,10534.398687751169
85349,14467.024202987972
92315,18679.2986282189
108360,8804.57151788772
77607,26270.21764675882
95640,14752.256530850253
98143,11666.269211407818
102200,11568.810064655316
83375,11990.229272870545
102178,7831.806513959044
97500,26291.446107319214
85782,11277.131985498027
96049,8356.433190191587
102744,14381.193564342562
102560,17607.141628745525
79010,16543.336586057037
85644,8050.843179168883
76595,14428.831832310982
82219,18608.039710599383
76899,20778.79232426451
85663,22813.783207571403
92737,17502.96902435987
106758,6976.879673916129
94625,21804.63971120069
96472,27128.581386857928
104250,14684.464135588694
86303,22175.01276165944
107881,43530.04937625844
101517,9585.306586539957
89988,18276.968944896034
92689,27721.09108002534
99002,13900.108275412395
90734,12586.30239082468
91013,36891.52114874408
102056,14038.903211307961
106641,16474.494632515576
100391,9132.774161004287
77305,9362.539908168807
85197,30521.211068890916
81122,22430.22907878339
91088,27218.484943752384
107377,14108.249958363482
86495,9891.7752578785
78661,12249.603199515006
77687,10227.470865409434
98480,7541.923875266225
101537,8141.099998389537
78032,10371.98376185022
92374,17323.393572837373
82010,17544.887022578474
84496,12324.958059810737
98337,8408.973318323428
99520,10014.341688768896
98452,22925.01939668339
79828,26211.935270426562
77151,21244.57879372571
84095,13331.03240772326
83491,15816.378326401222
102170,10258.531540732301
88063,13208.636570733277
90214,16068.254367859417
91980,23037.29326008342
96573,23392.705961814252
105573,30916.223803297187
86880,14185.068060347137
100420,10072.02337069395
86053,10265.562119848973
84481,17478.65079120233
86088,7775.513614246319
83553,14769.232121032086
101328,11744.886213888876
105352,10674.600747447834
100532,13918.566302071984
98052,8356.433190191587
83818,11668.12848252974
99576,8356.433190191587
91026,14842.067738767446
92445,24644.17485283965
106934,5277.350041287341
78791,20381.132841661107
93664,26323.537695749004
76923,19429.97731782739
81335,18391.50411084987
105969,27394.11097741344
92701,21825.611345967198
98070,8034.178076672881
100423,10643.330612374306
92335,27690.168887721095
92370,27461.808601246168
100177,9482.15662997655
100125,7547.928562225705
82358,19245.320484371307
85557,7315.672425242877
102609,8493.135039186445
77612,12308.555227962088
81173,44774.345905849295
93689,16704.52578637452
89219,7034.780966048344
94659,11929.937435722319
82424,8385.82709673226
92367,37495.90668805247
95828,14049.580879879397
87894,8586.949972775783
88621,10748.632833517666
104992,20450.750965070703
98567,7700.2733807829245
106250,8404.35051507536
102235,14502.80364758818
94841,24690.241059258762
105496,11565.08184611914
90019,10327.005614991875
95575,27738.98999528621
98437,10040.584592172201
90907,12193.894456588972
83289,9969.773865642572
77938,13392.243195762227
98791,14608.791704705878
104254,20363.8163201405
104311,26094.684233289354
96753,14664.818247309933
77998,21279.335056372092
101102,11568.810064655316
102836,9551.252762046392
85330,18522.774564452277
108511,12199.695931315086
89527,15365.672165347703
87734,15654.346640754413
87110,6816.834661296304
80936,14396.142346175828
80100,17363.637943882815
86546,9891.7752578785
104949,20460.315325638887
83654,18218.061360145457
96736,9758.927585219104
91898,23617.44463335976
90221,18504.325440048076
96356,18152.07390964873
78901,18117.30561004678
91469,17306.864178873242
106591,30916.223803297187
77763,25492.78720600801
89604,8010.288623540511
90001,7784.135952138329
89947,9813.187302075092
108218,12013.454350445973
82927,10104.349801289916
107140,11870.130109042932
95013,30315.77716997621
104979,9256.832178720084
90521,16010.987033510555
108465,25132.230265333892
106606,8404.35051507536
82999,11847.909602082402
93784,18140.47507282162
82680,12822.412358646447
100796,14441.6780898952
96230,21919.658741299194
89110,7560.382244785988
88152,11103.259347080248
101403,8443.57587545218
77566,18476.540874808932
86366,15680.759727762097
80356,23040.85075089944
83500,23017.396086841934
76673,9940.384905869854
100256,13624.570988769543
101335,14446.452078635719
83416,8605.252539938181
104983,10921.488280171237
107300,23411.942817751704
87350,6970.536890589586
107106,18440.918432253246
90550,11249.265323957203
80002,26025.6631396192
90827,12589.085972895919
97480,30916.223803297187
88160,10443.666931801437
88467,6438.187577600494
98500,11022.32248076253
86587,18185.88071383869
76737,14245.376388032764
79089,11171.329769666429
93153,21362.501561730132
80315,16888.371334567888
76731,31216.040900682627
94243,18446.829329072145
82571,11909.885682659045
86896,4570.654309381233
88404,8203.134290720614
108530,23744.515424121724
100573,11649.395491923467
102888,11913.442911564576
76011,31069.081910706114
79586,36885.975817708924
85620,6371.976924585873
93470,18347.064781339046
98335,10632.275756263507
87826,12822.412358646447
94743,18314.888605064032
81247,13589.194333858033
91376,24405.500353759402
83451,20038.10494828246
83176,11330.64421328257
78867,20570.55710525553
96786,9715.659640560098
81019,23702.387683994468
97316,11510.255567845663
80560,21760.0177271759
88535,8974.214284080228
94281,24672.395552609043
94309,19430.55334296712
93404,25233.99544953301
85218,13338.748727808977
82697,14789.562023443696
94919,24608.43167944981
80829,17345.27680305882
84671,15680.759727762097
108043,16154.621343971721
105111,21015.82556789899
76997,10930.122003994982
83545,15127.631402656083
82274,23320.49226018508
100513,15772.115138480045
93471,30556.409502124574
91627,42016.305476810674
78780,47715.65525836399
90005,19313.53975903646
104234,10812.742805056174
100798,8444.551625919124
101322,10929.973580918158
81807,18698.968368913524
84469,10129.10170976758
94701,20172.34721048891
96119,10264.567895884453
104478,8625.176992071567
100116,13383.511347625064
85151,13184.715398385017
106970,7681.353804984291
106570,43521.43507031038
101472,12130.771643303904
98101,14088.475977006077
76225,10989.728753897478
82833,7852.813753619657
81055,10201.439904886547
100048,13328.996054971563
90519,27126.536590648655
76484,15370.3208224895
101898,13362.9615521413
81741,30916.223803297187
90441,8352.819440797388
108314,12444.023712879578
97881,6355.834827151185
79306,22990.789501755597
107116,9592.963457615178
98899,14843.596734435649
99975,8493.135039186445
84378,14356.176912290935
101661,10532.824150724204
100239,11254.31217563554
80035,21373.714002062392
85033,9391.62545321036
76723,9918.317626004333
107773,8409.176177213507
105937,11330.910381397267
78321,14656.47743894422
82047,52604.80899252898
95113,17610.672239639207
84907,10056.064809764457
107479,16399.967187751736
99770,14499.220807489912
86815,15698.947049334301
101558,12218.363081504713
102258,14049.842011662022
95963,18645.04794359206
91995,12329.340436847318
82913,19859.177313518445
101968,10181.011104727344
105332,19030.46971394537
108213,15677.811834795353
83825,10296.201248984631
77438,16378.704283885367
95768,35555.74789730875
83195,22014.185161729754
104287,10708.63295812286
103213,13373.665764814285
92744,13911.849043937513
81351,26105.414285756215
91555,15046.365839498456
84546,12781.935223733093
81270,12311.328367925289
98294,12857.652412950565
94278,18528.812423588217
103537,15078.582111726886
104284,14201.947541507458
76635,14571.100940438866
76676,26172.80304238084
98118,10195.266948164666
79440,44272.58592200025
78969,26270.21764675882
76500,10562.247105645725
106027,13968.837705217968
84604,10633.4820534772
97498,9760.538754739973
92641,43858.3642508557
98216,12255.15117382788
102453,10876.398672135572
96270,16169.480364017933
78777,20875.621671130288
93169,12026.242837951184
87621,15688.553767954372
76876,21950.817526606133
83561,18234.047508064497
84296,11193.23936749304
92355,25233.99544953301
90302,21353.728246778603
91387,12424.248501277536
89854,12642.262710208133
106305,14369.973620495803
98703,8650.017721035501
97929,19093.453695975542
105575,12571.916885847091
79052,20939.3101977719
82362,21261.297025826247
85625,19132.67419598225
90792,11994.275311808322
98488,11822.203946106094
106795,14863.621686430975
91666,24115.84491470083
101528,8300.965181553733
94739,9249.05389847311
80961,12156.737013587725
91988,12684.353472815423
80335,22698.43508494402
77505,16321.812240659227
93280,13669.871621654165
91630,12598.151241854881
85422,10521.746746761102
104986,11654.979171935405
92176,61973.81728550876
89861,10673.474019303278
84435,15240.881100787472
100381,17272.460812385187
85651,10479.599250163117
96525,11566.535289734655
91383,19227.986913936573
99177,9993.945235203842
85842,23910.316788302403
79658,22136.95310608598
84332,22465.955556020952
101621,8434.482055537355
94509,19919.844116561428
87175,14998.016916823848
89394,12822.412358646447
91163,27759.829599797376
107771,18135.546855231085
99551,7747.509313261693
87537,13385.838919029045
76726,18058.577762618264
106637,38467.91491961645
85583,12577.949189083429
84617,9681.58754045683
86419,9467.819400645585
80036,23413.93399833926
83956,18517.345044124755
106663,12305.389144744842
98368,8356.433190191587
80217,12595.856556054003
98528,8129.591969435108
92746,28405.794481679593
78042,13411.345572478736
87314,22307.065862072803
78148,15711.101423079537
101574,11928.801295578
84789,13133.053794616058
81056,16096.936880296373
91483,19249.220371420637
97869,11584.852775544781
89084,15515.803280273669
90398,19693.667133426123
91038,23712.20686577625
80326,49628.59974597617
88665,7848.663755497266
99793,14568.57280136438
107218,10490.752471019712
97438,15280.94463948609
82375,10359.817639356606
103211,7432.867376902679
83430,14975.760191870078
83717,8197.091342698846
95607,20701.562595245356
99653,9988.213773870342
77072,18305.931101459453
95300,12683.287293503081
86090,18080.387026746917
90553,21376.00178033941
90690,14345.356817848009
93608,15932.53629872131
96059,10090.379126607702
105488,12688.463176150863
102403,11913.442911564576
105357,11142.5380770475
81201,19719.17515651769
100092,17332.146587070627
105800,8687.952243557917
103658,8328.553183854387
82416,7413.454651195423
93007,24092.067703116652
103850,14363.3058859602
97328,10386.848197548998
99167,9550.283066605505
92788,25048.21964328923
90228,14386.531639610641
105015,25287.487997075128
77838,8868.797808647416
88672,11900.629281086203
86881,11938.906381023324
90515,9239.152533098852
92777,22233.639562139106
103455,8744.27301390259
97286,28383.84929060754
104633,20770.649041926357
83548,12486.844833417235
80980,20358.40979050714
87954,16210.170361323744
89975,7402.52546064539
83762,13361.552567959703
90615,8644.3427069385
76755,9932.607982507167
103371,11199.597933052484
102703,10996.397143788516
83856,4571.479849763232
105099,7652.8216235445725
79080,13778.238420604552
83898,7290.888455334545
88241,11847.024374809504
89549,16500.714339658785
79740,9919.580178536853
81937,24909.14374064203
99084,14931.81112374976
106967,19701.672834277608
80358,47438.18609537622
97694,10892.451399247497
87454,9891.46249033774
101943,14446.452078635719
105586,7816.878379107567
105651,17202.42988710645
84667,7413.454651195423
99050,11114.537896377518
81245,24893.323747580853
78547,18996.0562452635
82473,29765.758796061396
85978,9452.307292133293
88385,10807.615404274236
95452,14063.082850627268
98159,9429.656908904873
107952,8807.363843885809
107265,7548.22298362277
99744,10891.25617422462
107450,16936.352961733384
108280,9480.496593123567
85684,10672.605281224627
90660,9700.00031742947
107627,18069.82504249675
93896,21796.669444310388
105931,18888.23362606846
107160,9939.995124770137
94644,17451.165223540083
100057,13184.180152178118
85053,10491.333811846822
77037,31117.248864011694
81281,10243.805645052023
101247,18100.64930419723
92031,24642.03997039293
83306,10687.785450498737
82079,17348.712308194557
85936,10501.52607099136
90480,8760.752983942006
92696,19360.40020107243
105467,17394.363918087245
89682,8141.715883207897
76305,26270.21764675882
79665,39928.63318435728
82839,12492.603934192713
93076,18585.231706830196
104369,20317.16495434581
107999,9249.027821666496
83787,11199.267040325689
92554,25189.144933192823
99110,18859.532431994514
82707,8473.764131231634
80261,17271.263101077668
102365,11855.793785169448
82760,16498.082921665846
81142,26234.589168029506
88411,15906.224465072744
97734,11158.466356454588
81604,43939.3609236429
84705,18650.532166746434
104661,12634.548305383061
87897,12533.018359193513
84651,8072.527989559505
82294,24380.207852234646
100689,8343.488192191402
105236,9464.27344111872
77656,14548.695345956598
94054,24555.40433032555
96367,30916.223803297187
99913,19826.32769859699
77083,14243.397812928855
104849,20758.56902299866
98172,10978.411928492005
98043,14413.388467007828
90979,20022.160653766517
93136,29073.167977652964
88750,10633.4820534772
88471,9746.515340730944
93720,21381.382643959874
76649,9284.775410087004
99291,7800.72535016506
89267,7021.148188438721
108244,8295.079207669347
95194,26907.443554298065
103998,30916.223803297187
103782,10301.960412408147
101502,13920.65144880702
85961,11081.37109824716
99073,14125.465122074345
106535,17221.92418490697
96594,8106.412140740947
76156,35973.593785347715
85484,7482.5242005391765
79139,10699.39643059633
96730,15581.8780051173
101796,13401.48243057645
78809,28383.84929060754
101193,8850.520277486574
96275,14010.748325238108
98321,12434.872013243095
77928,8429.178289582724
78328,23619.402881312806
103527,10929.973580918158
89266,10202.259161495736
99074,9718.712347601544
97952,14565.50883195414
88220,12517.483089422167
90223,23769.79099541135
76506,27129.605643596744
104498,20088.292253492356
84634,16854.649189398664
106803,23354.937197360316
80608,17670.000637575627
78715,9421.151171628848
89962,19313.53975903646
88958,14326.33685852153
98941,14615.673209889314
80707,18436.835648682045
105934,8431.988698139
106190,15840.139917725313
107803,21694.314727580215
87945,21650.25489258313
96859,8930.499871613512
84495,11942.712570547315
79965,33017.33198342696
89496,11414.530756127393
101195,14146.294070245585
97209,8644.3427069385
101751,15884.524979699312
101541,10889.499833468657
96051,11584.852775544781
85075,6797.5944048556885
77118,29078.422319920053
80487,10882.827622798362
106184,8692.654670545322
96374,6998.565389351712
91702,17331.30786992281
77517,18958.16087527459
98188,12303.68426432091
91641,19564.256772827448
94607,24676.349098908915
86769,10140.022450829143
80484,47490.08458690941
86964,14989.894375283826
103086,11796.618975597923
84257,12853.343852062588
91852,15707.61660314707
87431,13400.276305327141
80439,23035.157510881338
90405,12363.018907679852
97647,10161.076670287355
108071,17422.429902734817
101911,19881.036397836648
82293,9979.55414040792
93627,8240.120043322206
92080,25224.761638273125
88291,12579.009519273735
97591,15209.785060856713
94632,13833.879260822381
79572,22943.75106966578
100727,13969.320970094617
77760,12457.255684305346
80267,22972.95044739605
106167,23067.23464482417
93339,18283.337138471456
98727,12179.17737047088
106765,8806.358884872585
106746,24666.779497119165
80012,26105.414285756215
86651,9891.7752578785
106616,11849.492074310227
88617,8436.910824810622
78380,10655.961494974257
102380,12501.130404945603
102093,16546.838001464435
79049,40060.812058821546
104933,14679.038180253508
81578,24442.303886344438
82296,27894.90287641259
102256,10888.802303999937
83868,17514.087844049165
101459,10845.733394591654
85014,6995.584310470532
90820,11290.846062128361
83173,7811.757419404097
91252,42752.47668287047
102307,8399.389288501532
95153,15869.15627086842
99149,8234.616498320756
76130,13324.811821067478
80049,23038.65720549551
84353,10408.078090848894
79550,12038.441455416714
106113,30916.223803297187
82182,19905.28556179359
99898,15043.911323424425
94685,26799.95267458972
108125,17963.393912941912
76144,14692.565296123388
82087,21412.547148054473
96666,10490.79095899537
105109,27110.22345075572
94341,30551.090113477374
80039,23879.382601198256
91350,21537.71976333941
99415,8860.455975899959
85832,18526.720159660857
94022,8683.806226260764
104332,20846.667232482596
89367,11542.90133368033
101420,11229.761006171064
99401,23074.46471260715
79179,9855.624826968768
81603,14478.221089827593
94068,18546.573163681453
98185,13282.094858774177
99646,10691.467147271584
83218,14862.402520823069
84593,13823.619591245819
93040,16271.854442353533
104544,13211.34477430373
98735,14064.385125420582
86524,8142.315641940677
102541,14407.509666851143
88339,10701.572234862932
92750,24294.40750595291
101882,8061.602657918887
78793,17610.34400651481
100625,11917.587884818824
91791,19197.330921656678
98604,10166.110952660758
107903,13355.956652897274
108450,9010.36922531124
101903,11939.240868828747
96190,25451.418528274153
77299,12127.987854309562
96588,26177.703037921794
80932,67536.42966140923
81221,28452.649376720005
107383,9855.285424826163
92815,24784.468126231473
98724,13104.551244301676
101984,11626.754971708819
85939,10367.561270177186
91597,24692.467816305645
82514,10419.660869614683
88788,11111.490191256176
101131,14153.655621572301
82614,20066.94267028431
101646,13187.744058586817
87641,16219.84664425164
103855,13369.289067679143
96901,22981.601569215887
101942,15856.940968963958
92415,24653.101052503695
96467,14301.619402450531
104656,31071.607273851205
84104,14579.02197836993
96685,23263.84659542041
93816,24285.17369469303
104925,7383.9856761339
82086,18169.79060535356
93855,20022.029885331758
85411,13362.086095853772
88743,12209.412231183855
107201,8004.615965337554
91771,15252.563799804817
81001,32048.338979560358
90074,11079.482901012994
82791,8237.518511552671
102636,4625.747476607803
102722,13694.641435331987
94571,27511.098840652747
103852,9301.476462428674
81514,14043.737243899752
99997,8435.156850978065
85808,17403.549903787603
95355,9194.966766723779
101928,8493.135039186445
98862,9535.974767315623
87759,9746.515340730944
101810,8421.65228097212
104902,44077.09706151099
101361,11308.953913695195
81707,20414.40857528386
84482,20526.877130651803
87358,8718.922553992168
103589,10532.824150724204
103675,10588.329996161696
76652,17343.906492775266
104101,12921.924246248182
94807,18417.932299006512
77325,9947.42757520132
79875,22217.839189961633
83034,11571.72445697329
94997,23640.058471152148
85209,8671.936538724072
88344,11895.124907255022
98849,8362.108204288588
80527,31752.06663052054
87245,16077.65251642075
83783,19980.60187242128
96515,10402.044345197392
95110,20605.223376558653
92177,25233.99544953301
94690,24676.349098908915
80340,13507.258378875189
80211,20021.70355899727
87440,15927.714951129383
97742,12976.195632290155
86586,17427.744212110058
98006,10795.879016267141
87613,9915.20959742739
76521,27169.56932339479
105734,16620.392050517417
87925,7891.192365225261
94634,14369.341052914377
102227,9750.002936430961
85292,9415.381718754361
76921,10041.044346804814
95158,20123.1751220544
95582,21951.726734672073
105636,25602.76660912015
92793,17329.01857758764
80981,35450.71387536823
76421,9554.899123402956
87182,7703.3992441199025
93677,18943.776001153623
92969,19406.21163789971
95005,14604.994383112267
85337,8547.912527556296
90477,14545.53154620127
83508,6772.246276093036
96886,17526.37830619627
104112,15677.811834795353
93923,24614.35987658035
83338,7849.30877728153
77100,21866.365904073336
103801,10551.567014946817
77772,22676.822648783877
94352,21786.01402498036
78360,20812.77163072606
89986,11930.886687723128
97654,8337.883158540557
90295,19255.640151959924
89180,11204.887523078694
82039,25433.36288457365
79485,14556.38052962741
87606,10025.894695195677
99574,7163.475329098458
92198,41215.96114304958
83529,22696.248129176358
83789,14417.688417717198
106137,20707.71897216123
81731,18369.347955540154
82668,11316.01586029703
95865,31961.58852557848
103389,9563.27454482964
98482,10115.28944307105
83775,11633.236871697729
98846,23041.396743408804
79233,15705.364776772438
93254,28405.794481679593
84246,8647.306448946809
101996,15216.056151958335
96237,17501.154074103426
104216,14712.677269051474
105667,26946.394998592594
78813,10851.098998612824
99270,10200.644964740632
78588,18573.235158628802
105552,13382.574586496929
97164,16959.432501821702
84342,13956.194007453787
103688,16009.537513547877
77484,7242.374211990595
94326,11753.359113374716
81254,29498.866797084516
90674,15025.682490300353
104261,9890.026457927886
106636,13825.278252953965
83188,18382.90126396369
93725,19072.45006777491
91349,35151.43110128335
106973,8687.952243557917
89671,9696.139270383297
92830,21860.209486795316
105964,18304.77410345274
89696,23388.611978823243
99813,11823.553959861925
108159,43530.04937625844
84988,17384.627518944704
84921,8885.34186362898
93609,27682.305818534533
105751,11602.417235630825
92102,25182.35867097772
83130,18673.59127826851
91136,23563.34360362564
78276,5326.713142987286
108370,24462.975710226816
100384,10538.579466984236
84940,10922.7661843147
91942,37478.74075512802
94454,27776.015478336725
100909,11962.993923377233
87701,18973.939663738995
104798,16574.858073309064
95263,22529.938690140865
87121,9919.254270162355
93095,21732.65973657258
85642,12856.771596815423
92656,12598.151241854881
95617,35796.76040152714
78219,13239.494692344686
104179,18009.895097207544
106438,20462.945487442972
87196,11742.9221421799
90335,18216.335750091785
82059,18143.619835974005
92365,18252.495439903756
98309,12101.335273346425
77684,13732.626349330261
89823,10384.88884885089
76689,16217.19733496895
98279,18798.324844346254
99892,9544.434784257835
77342,28731.649216269525
81074,54568.5248901241
101487,11913.442911564576
79070,9421.151171628848
95231,27778.9335774445
102572,4751.106741191645
99529,11830.316225236746
105996,10614.412325181866
100780,8614.187296683634
106814,11507.220944436793
85545,14120.559829846341
79630,18162.90968017791
91145,28776.970579657827
84823,11793.15897215993
84954,10404.829415027245
96658,10381.227714795994
91360,28894.9344758263
90452,11929.42282136718
101820,7579.651277103426
81605,23962.017327516798
95895,24754.592251287206
99378,8382.755831816905
89327,15258.321741810765
97326,7823.528211505317
100777,8744.27301390259
87405,12433.44203899221
97627,18521.961988892836
107458,13179.45236776257
79060,16104.757261502904
96136,14203.541575351524
98257,10248.853331722335
102335,11395.939730331005
77850,10361.069887855452
102160,11227.450983694695
102379,9432.859972855476
104579,8459.729763754822
105614,22175.632601710906
100113,10920.062917351792
91032,20080.98405718906
84428,7597.509343874508
95075,11060.664803660275
103736,11304.357057556497
86290,12242.936174921764
81511,30916.223803297187
90680,15816.314979360879
108256,16208.82771724225
104529,16922.40510287731
105190,7850.511515749001
83963,14574.26320583163
82386,51243.09393813311
96710,8330.812358142595
83474,9562.188941135237
85539,10526.365102321799
106439,16329.076392649127
102158,9105.694062272754
88822,12856.771596815423
100881,11257.025266481545
76677,44097.184113395386
90178,10153.246752585725
93735,14517.104268480052
84662,11367.190544562853
106182,13195.586571750444
83398,13582.350822084796
87992,13612.166994835432
87968,8809.451799139635
103912,14745.77771694636
93375,19464.25566952968
101226,7935.327228550473
77949,26270.21764675882
85607,6764.902920458736
79522,19418.955950110972
77739,9394.953125816362
83123,7096.358294942708
98241,14452.852117901772
85653,14444.848929576803
103346,10559.767703165795
93933,24692.175056056232
103652,8743.347765112101
101032,14620.363724089775
95245,35271.38128424836
87397,10868.899065518903
104051,10478.072823940687
88815,13092.92386173615
78834,38078.57931120658
86348,11998.198449089217
102205,12003.172313496536
85638,9369.97518580358
84036,14069.039344682154
103627,10534.398687751169
86641,10461.542018456723
76954,19155.059547138964
96042,23594.937497231324
79230,22126.806376636934
81240,25990.779888780762
98464,14627.24907379128
93761,19204.76578547756
86239,16315.202511497975
106231,21588.408419296098
94092,27567.762102612644
93651,25396.189998493504
102239,13441.720354239953
108216,20672.03484424066
87035,15023.306370647315
77754,22708.991931283155
102892,8957.128364614076
104205,7575.519424867085
89539,8650.017721035501
94276,17955.00465227553
78405,14007.138814503542
82829,11545.394383388531
96653,11162.75628602338
107768,9392.721720999656
82557,11369.455820093943
79190,14555.28515242626
83639,19157.43152306539
106302,22784.530166464083
83161,9943.981216743536
101839,11940.246789249666
76769,31694.205861238108
92536,25182.35867097772
105981,11706.132300784595
89644,14700.434449818213
95175,24687.339525834486
95837,25709.77779005872
81282,35166.362572851765
92231,42781.99126735321
85287,14265.347628718757
82582,12548.38189903189
82666,13133.421664595026
75999,11593.578628535459
81738,21984.729069883677
87020,16017.243756306376
93066,25169.679951198144
88496,8016.828714141173
93297,43582.437020916674
82044,18027.78354268276
81673,22114.81724025219
102694,8754.435507262235
89509,13188.827713930103
95965,25233.99544953301
106101,22768.6129581698
83569,11260.649446847416
104718,23299.63438229541
99492,18971.779018713718
81091,53625.09754520491
91028,20045.806768807746
87981,10481.507583492456
91801,16525.80412518501
102243,8054.203269387867
82445,11791.586557993289
104094,8174.169641498676
94745,35687.190635669
90106,11347.61725184051
89015,11906.349471867434
93183,17306.864178873242
84610,6942.400565183658
77055,21627.358430669607
79194,16563.715653644318
91155,27042.733749441733
86569,14548.413782347228
82485,8812.451613963323
88760,8359.396932199894
105923,8625.176992071567
78686,30553.584480288722
88814,9726.81894835657
82320,21941.09118711534
102937,11836.259546771635
87116,9487.450991622296
90494,9929.47325172431
106037,9032.897235696157
81698,30680.8155819823
108120,20985.149540499773
107501,13801.562668929686
76407,18503.14733703863
98601,14272.830929738297
107872,14696.125927110517
78176,15523.895190819672
93534,47512.42846628205
91839,12026.442117993935
106436,11642.349315442969
82935,13400.276305327141
84674,15948.1204488819
83479,14057.812497010646
105047,21708.71400314485
103698,8019.159663718164
99614,15267.248048402096
84726,10144.511100042964
84695,9726.233486921947
91147,24259.12551905744
87076,20041.92292359341
106200,6534.567998515376
94496,20016.822611011714
105826,13388.631525272463
94976,13994.395392238335
86380,12595.665041551298
79211,12061.500297483008
83213,11055.653987444897
84355,11330.121962495321
108034,23086.78356137595
106948,8301.730686797582
94995,25396.189998493504
101963,10289.587843305493
106550,14712.677269051474
85682,10522.017087124783
98174,12918.367398964996
105423,8622.330413247162
77341,10685.573690155805
83563,11927.5203904359
80177,23063.588708440526
88183,12588.556145615501
77520,18347.969382546995
96601,10064.782985928141
91964,25739.259836882466
86685,11938.773886693774
83039,13954.379872362644
97785,9387.317892519566
95814,13707.89232539427
83452,17274.962623914897
84518,20390.83763772968
102194,11067.2664351909
85247,10893.578377394793
85418,6362.872210470977
77908,7841.427481663359
92033,20022.452785449113
80872,11896.738140796444
86635,10481.507583492456
79420,23088.682369447164
98251,15034.161963231907
77158,23327.487969794573
89969,19516.386989040177
85928,8364.0993591873
91375,63928.2920857799
80568,24117.867721502385
91041,18291.70774788238
89322,4913.507181513721
88057,14215.059291942423
89486,8650.017721035501
105977,15354.765437212236
88167,11835.763984602048
81115,47415.18309236416
91486,12214.352558760693
100782,17562.18978872166
89320,14040.454661778971
79784,17994.364627988987
89096,14096.839221580021
78264,7553.823081704006
97581,19268.515037973837
79576,28347.350583539686
89259,10073.614142571443
106745,8012.9826749636895
92013,22015.668924710055
86678,13766.045062344121
102324,14012.096271375447
77632,34406.74079172288
106887,8687.952243557917
78950,16973.906979457068
88191,10737.401793630119
88247,12548.66484258888
94345,17147.231963185088
95349,18501.702737868585
93901,29246.68436836858
100074,10725.290316654953
85164,11189.960079072005
106172,19270.000712414607
108479,14722.827660744313
101908,17378.369443627256
87385,20066.94267028431
81494,10865.291729682192
81977,7525.072803087938
108330,11495.13248454974
80073,17266.91548594277
98716,11162.231700401335
104170,8060.486376183761
103992,14479.445037620198
105540,19671.90495672235
75987,11359.693159762586
99496,10115.28944307105
78765,31267.702659736653
98564,9550.595834146266
81895,17671.27194047045
100955,13187.744058586817
77153,44197.00858347834
103888,10472.388956249859
105921,14396.778901548047
99660,14839.616429031255
78579,26756.822281218683
87023,16252.364066281929
95879,16163.972130996019
100433,11183.202387660871
83011,15016.738835577931
103255,10885.588071798604
75978,18996.0562452635
102295,10899.457005137858
92099,12414.388159569618
80985,24642.93155425539
99556,8403.972085982103
97124,9954.503979412759
81386,23242.05060225888
92818,24709.066608678342
76413,9926.064706086096
99585,13206.659078015358
98093,14081.597359812997
87527,7877.084472510746
77911,26270.21764675882
85090,15998.985235474589
80843,15577.842046091344
107096,8210.087028753278
88042,13347.386155170705
83948,30404.647910471984
93242,23008.212227841766
83677,8385.82709673226
92864,12084.522741218949
100323,10551.567014946817
81042,17963.842275772124
89663,13883.920591875489
85381,11533.417982315672
96699,13781.575843789962
92422,25240.55063754405
96880,23290.58884405638
88530,16008.362960423037
81438,23035.157510881338
83484,6451.5339447619735
83637,16505.50689341093
89092,12794.465194946468
93732,21858.441264883622
92925,21144.142374656876
105183,10490.752471019712
98369,12448.717493227248
100868,9847.971668663939
82430,11932.509625485905
97604,10141.002695027417
85474,18084.18955185632
90978,12965.111673569118
97258,20212.420830939805
106720,7986.006168012984
89418,11330.121962495321
83154,8185.114792064132
98671,18255.968418643435
105356,17217.72392761516
88880,14120.559829846341
84275,10027.413679792779
93184,11989.931890007108
99811,18785.83667060784
96995,14724.88715903075
89700,9696.139270383297
99390,23127.989571172977
100504,10313.37305793033
80427,19052.55904346699
105125,18807.674609408816
105652,12876.15693789075
82706,11227.735796262925
97831,18506.944011353666
79865,43961.06615462242
78586,13546.890242141397
85926,8168.351115357962
83961,14495.08224754939
96313,17530.383919442753
77556,26270.21764675882
108155,23299.63438229541
77590,24797.731929192294
90192,14520.484944666056
88094,10863.224051421901
86737,15698.947049334301
107509,17063.128838898934
96960,26177.703037921794
85495,28265.571364773852
80902,19373.87410171576
87998,11791.586557993289
93672,17678.00264583723
101245,15480.01531141822
85802,23017.396086841934
76378,19569.03346940438
92576,25122.7221827031
80096,18083.872554673482
103064,7095.947928482146
101782,14020.505137995378
84729,16966.873766116907
78010,15581.8780051173
76995,9757.121566078647
83407,10677.47269569643
86858,9939.60977588937
92623,21801.76226588973
107680,22475.947357564633
77324,14889.240324625605
92312,15619.387487874184
95266,16809.484762153723
86907,12856.771596815423
98403,10164.220863553104
77236,21987.507697072408
98098,11565.02259955944
100392,9360.966664961108
80696,14682.90793475543
100083,12465.44922211035
107500,34408.50037652885
98415,15267.248048402096
89111,21014.509975142948
97813,12506.027674820622
86818,10337.940499095019
76368,13402.047108274153
92461,18877.301625656557
79280,15417.280404930812
94481,12274.93295792702
85233,10130.636359185877
87051,11377.353166596766
97596,19166.61403607761
84911,4331.7273412264785
84923,17522.93261937903
100105,11950.522240976437
100360,9525.049260786574
87548,18234.047508064497
106839,12008.780154520606
97625,9195.338509818263
87757,15455.821413409893
91686,19198.630479036125
98789,14950.79807296535
101190,7432.867376902679
88070,7244.156273515579
93252,17725.877766575584
99741,16031.09619361894
104820,7530.78281916995
88169,12424.97170045197
77198,9222.747840000875
93558,25219.283007396538
82381,20729.88400317271
99874,12065.462750666038
80727,28020.670604255105
93762,25384.343919900446
82928,7676.554182354203
82083,23088.682369447164
102681,13465.464389691837
84592,6934.7568812637
90373,23309.229153731692
100741,11141.29768390476
80833,10336.185018068481
91415,19728.477736347948
98086,11830.316225236746
88138,12333.428398350978
86387,14226.54169892785
95134,52833.698363661555
86392,17861.84115054763
91440,23790.093746200386
79877,10820.133421048751
85439,12521.22623250188
88629,10324.778229670348
90541,17050.02483101696
94365,21106.96182724112
105625,43394.18822580243
100340,15894.095860563979
78761,13648.982183806953
89066,10443.710601796336
92418,28894.9344758263
90530,9307.80873243499
91595,24539.295954897185
101516,9401.151519448396
93518,15784.289115269092
93676,14835.863188635281
77432,21964.189520777916
94585,16881.849326286392
96358,9533.443777075177
78159,26108.913980370384
93872,12045.475345500598
86968,10891.331108050628
76425,18931.335497046668
91431,24207.358860200027
79862,27564.29161704082
86839,12533.018359193513
100378,12575.000599891007
87028,10756.9800978731
81612,25788.730470631835
80822,22592.159730996063
79272,48670.52353402921
76037,28943.03838168114
94336,13553.733973443917
95900,21786.01402498036
89645,9387.309372836846
88068,4378.132044369261
78067,23341.61034808939
107703,13024.006775143127
106822,12510.005325876064
82155,7072.637904945653
91564,33176.65578151353
107241,17477.329576402408
79829,23088.682369447164
82574,6760.339260899136
93529,25180.47059096718
86196,11796.528536686184
88887,13808.448978028531
103822,14227.147990082694
97431,26754.869705240966
80655,18664.587051633498
104352,6664.191945090577
95983,42763.27372716698
90231,11414.530756127393
91426,24693.133843409807
96804,13024.34368627208
91789,18428.556980941972
91063,31307.761502499176
95672,26690.587257317522
89669,10283.523221451629
105177,25005.56147249522
83317,6340.388408672772
86083,11193.23936749304
98558,11804.031950123252
98497,16161.432551114154
107910,8648.047292870242
101650,13350.271613236133
98157,12787.682568179936
99234,18180.12890196469
91943,26616.40481094312
99237,8263.830188623284
86413,18275.97943421849
85589,5867.199018110428
83028,10368.134593856024
84633,15515.803280273669
76000,14268.463618667734
100519,11920.268276514511
86940,12119.407524122249
93162,24690.241059258762
98061,7722.645101108003
99205,18055.425750328563
86507,7366.286740176862
91613,24911.79855727005
85308,8745.301099402037
105270,22915.126003121848
90212,8189.027568101249
94127,7004.631085370216
99422,20751.328625523292
105583,8687.952243557917
81264,26123.9600999363
96205,9709.671858922335
105242,26104.21967654917
91770,21910.45011342686
101725,13521.729627142333
108296,23354.937197360316
82556,10752.706626038174
93282,13515.839389087694
90749,20793.602955391776
101708,11364.074421112366
98952,11108.269449404486
84008,7673.3047092400575
104420,26757.73779603795
96406,8199.80261478754
83723,17346.0409728549
97143,26211.508387458412
97025,11592.697281447976
81322,67509.28629605038
102314,11766.434140168078
79427,7046.665235832197
107605,27526.108976766067
87036,7059.613920209804
91115,48064.387865339566
107095,22372.698316357957
86726,8822.690248096445
89311,14440.849484494685
85612,7815.90741752649
78297,9518.94667908726
87140,14208.294570755777
99815,14724.215409639228
99814,11021.277242371816
79285,26099.46852944585
100846,13927.775080503881
83155,11264.796108704268
94858,24786.249050131297
85781,16906.605401251505
92914,20476.0541577858
98443,20132.201822174717
92134,13578.051947561213
102425,11908.335345556092
100338,8493.135039186445
75995,13818.31941836672
96586,8644.3427069385
76467,9340.899427412798
79386,23203.64731493425
87549,8403.972085982103
79953,12294.735596770683
85516,9480.079699470036
102251,16663.98475589868
86747,14205.826133669638
96255,11579.598758446304
102580,6503.959065097299
97573,11140.258853511044
92803,13721.7701769832
103185,11871.065546859178
93477,19916.55408170254
90488,13866.4594000256
103256,13317.751726202672
98259,9723.447466736783
79168,18266.35493581892
101416,11310.765871247126
84088,10662.343291519845
105807,23299.63438229541
107132,9349.95639792722
101505,17272.460812385187
96102,12597.576113848248
80342,22656.70730419234
83221,7411.089072561936
87186,15862.866892842185
89162,13390.806613731207
100282,10763.328984069945
95292,25849.197000414235
95878,42776.59974821978
81326,11969.438396296124
88518,10058.484017064698
108243,29318.41183093029
108026,8184.944688184967
96751,11105.054188838607
90571,10850.018936863891
76767,21410.44046146007
87910,11265.159708567693
108470,9832.720528623988
82634,7096.358294942708
92666,24655.51037838765
96690,15451.127640726882
102493,7919.196427890204
99491,17081.34857808719
94959,17756.175640858015
79015,38925.39759739542
93400,16179.763388500578
90577,21395.728711344727
83608,6490.99797935509
101527,8944.034848279804
99227,10222.245102496227
105333,14480.993866425742
98720,11573.805894223657
83359,6973.595697905412
95498,16130.058324862643
101019,14035.072683870145
86045,10366.588525298099
87546,11909.885682659045
87526,6580.290204111833
83304,16791.0911334378
81244,25656.146760213032
76248,21025.973459492878
90107,14342.663320910713
82584,8197.091342698846
97783,11007.167160769553
79048,12329.274888286836
94531,17398.754763933106
83872,10066.669147228482
95726,23372.553634710428
107362,7462.952673510713
88562,7597.509343874508
105680,7000.491796894235
77859,10394.13051411747
82802,8652.98146304381
100220,8225.922217558033
80149,25508.492700598516
78826,7958.83173587791
92081,19184.543076700018
90008,23769.79099541135
86319,14737.676195319913
93624,26616.800054917774
92325,24666.485383472165
87857,18316.13945231915
84996,8737.05684631751
105536,7355.646754876057
86209,11663.308856306749
96095,24467.93740991608
78426,18896.961415801907
80287,19427.824304813763
98154,7391.978210217632
84049,16416.082342638652
99005,14880.889115290127
101228,8726.32118998243
79488,40752.561268918376
95378,25188.91385898876
81740,14520.672099030082
101394,13565.395841730435
102736,11103.798435057175
75993,52063.48004042415
102322,8739.627867508885
106248,8140.58293731443
94377,25855.247164575252
102281,8493.135039186445
99028,11823.632002010989
88725,10886.77857769181
101290,9068.31773710221
101436,15499.231735196483
107395,11778.521794384165
83696,11820.910262374207
87319,12375.726598327443
77845,10539.008992438703
94163,7957.301303901256
89778,16015.715308506544
81251,8917.942306963687
88855,8483.774619614658
99680,9711.96776607198
94593,21102.75879517562
79028,40999.28841622311
100784,10548.093511614565
90856,18795.207303939842
76836,18996.0562452635
105944,14765.102941316525
76844,17337.393077270273
85377,10133.46533305924
102613,10532.824150724204
105832,18608.336135643644
105173,14037.7472947716
107270,7826.0908594498205
104605,19093.930019295873
93776,23906.989209124175
98145,10143.606950323907
105384,10305.408033367636
83797,12822.412358646447
78439,8269.138282627458
84850,17690.416039735046
81348,16813.882214208414
81586,48951.77997343491
97554,4945.920589278423
96691,8356.433190191587
100073,16459.821230969337
89195,10108.226075278712
95919,17080.086191379825
78872,5326.713142987286
91100,26785.703885865514
80008,18173.275973276435
89155,8140.713590996551
79002,7013.885350363255
80103,16023.506618819962
95722,23215.86463657567
92248,27514.272130309142
104759,10489.24610361303
101435,14089.00673006699
95367,25855.247164575252
93611,25240.55063754405
95610,24614.35987658035
87950,10882.051853360426
78095,17475.048444231914
78646,17367.29495802386
82091,20673.56017635604
103774,15946.57693928182
102660,8064.661465234713
92256,24690.241059258762
102733,13947.271327765213
95698,17480.892810404053
103008,11775.82799078218
76310,30097.31846922104
102230,12792.778204318403
108434,7191.528414318861
103325,6068.981544925104
89871,13272.91985595747
84888,11675.488311332663
94838,12408.971745038969
83744,6580.290204111833
89112,12605.822056358807
102043,10781.95375431268
105254,9795.582840145906
77814,16984.727220449917
92390,12084.522741218949
106879,17154.999344004675
77049,7967.051066361055
84476,12349.637371686627
81372,20747.18208133826
90236,10248.423551060858
92132,18689.524180258526
92240,21128.002111136517
95286,20751.225839142502
101750,10608.649335595415
88817,14998.016916823848
81131,25919.955751633603
84244,11659.752957048891
100801,10929.973580918158
95844,18869.51858070841
83870,11293.771598670057
88723,10661.52318309388
81243,22889.205147496785
100385,11821.233912419002
104717,13316.948950050619
91235,14729.385487138183
96520,10082.015156083535
93381,29997.22728258118
80691,23399.93843721946
92000,24971.228909592424
107035,26274.968793862143
102138,11924.466460969461
84605,8436.910824810622
79297,38305.21365079585
106336,26549.470574166182
94253,24294.40750595291
79716,24226.833355750703
83444,8436.910824810622
106618,10434.632559641648
96175,12611.61929627133
103007,11725.419285123851
83413,12554.510344819002
87204,15079.414035869506
102288,9310.65588526477
80637,29139.753231516206
102156,9480.968176739256
99444,7820.719044529079
88292,15738.932153649957
88382,23010.56023909763
83149,14011.832868207795
96173,17152.410519038218
104005,19109.86097553823
78097,11513.19335137571
79949,19197.43363425101
93089,23763.918557331053
86142,10479.599250163117
79736,11872.011203523061
76052,19375.959885609187
80534,17345.188180929334
86998,14794.13608045547
92690,26956.184059214702
88656,9733.860243665884
94395,21786.01402498036
98447,8670.665348563822
97701,18712.020542218874
92140,12851.466370389118
100562,8493.135039186445
90947,14580.578511391523
101174,11908.335345556092
82150,38168.02922652694
82220,14048.171908429289
99327,6473.090422287001
98695,15772.763934940844
81373,17733.74801114272
92571,8514.67758782812
99568,10120.140730782452
80774,36139.48388923935
88548,16126.56877969342
89214,17498.245673072513
104968,11046.110203654602
76079,13448.779538218198
106643,20190.75310962652
98760,13679.019545467872
79377,18692.018831184592
92075,28448.776453653707
83689,13754.037540594629
89321,8755.869913341961
101772,9999.649896041727
82498,12122.961330978722
100293,14112.040383415158
82360,18698.968368913524
98921,11833.5593576531
78949,31117.984602071578
77501,14146.285923205856
93322,24703.604169551938
85827,8500.788906326923
76428,16459.933681132883
105249,25241.165934764274
93940,25705.500562183428
85259,15496.302702302353
95570,29416.65101784401
87993,9766.101709318178
99558,8298.268419802986
91277,23985.992244250217
93825,20246.137701447875
107121,28340.7911603136
104959,14475.829971160472
96364,12586.728957392228
106601,13167.156486027103
106375,19217.42656823867
79619,10815.64667556132
76473,12074.249340749906
88184,10422.339741177917
92530,22383.816664610888
100669,11583.247581230637
97656,17422.429902734817
78071,26105.414285756215
89316,12576.857770108036
95061,22209.578703408082
86189,15261.728766214694
89553,16486.05802839789
93106,18612.16821509032
92968,13004.112075784504
84025,18685.16508616599
107972,8423.246230507051
100646,8347.179704307506
94107,47520.625482802505
93865,14361.802721964612
96199,16461.23726894057
107397,24652.225851649295
100882,11913.442911564576
104739,15280.988921994713
85360,16113.333634029566
85630,17547.307371562878
91862,23265.66208798344
107207,21756.891095450803
97162,8422.52464081262
80025,27451.7529033089
102082,10532.824150724204
85267,8436.910824810622
101929,17605.996043530675
101500,10737.034294837164
79709,17683.807809826238
93972,12162.703141374644
103035,13959.693424336872
99214,10914.671418563896
90020,14559.217139703393
93078,34341.99869143351
91474,24457.840824957708
104931,15310.176396802484
78728,23313.8562389384
79185,12186.811230217272
103871,8347.179704307506
91303,28448.776453653707
103205,17560.405517403688
102796,13391.898707832032
84381,7046.665235832197
80694,6936.686983064145
88412,20221.632276722812
87437,7881.019336632188
81938,26041.186153113587
87557,8121.921455177219
84227,15657.428329421376
94972,24584.043160774523
101329,15213.299302909794
80069,23129.17245621366
82432,7043.664187255567
103399,9718.113455364633
77538,23589.32834885424
83684,12139.704470566083
101430,8437.248142161608
104322,17574.71321436909
106856,13241.640535802646
83084,9922.46848559879
102179,10912.139980844613
91752,21786.01402498036
102244,9040.971624306032
100903,8064.661465234713
87128,14447.896890943379
104654,26104.21967654917
98265,6716.970624833017
101764,8588.484133052156
77753,10157.508383289274
93483,29458.867547973827
85586,7651.433145544274
83436,25449.463662271944
80395,14462.749863459674
78652,24707.231858293027
92985,9136.226906794973
87343,11917.318052860033
94390,25224.761638273125
94485,28614.771756776117
79564,19047.521069719976
106104,28318.322716024224
84557,11605.783618000041
105524,29050.325866206404
96622,24317.003044093726
85389,12333.428398350978
78029,46052.64745503644
107904,17176.63269048048
80526,45764.831498520005
102233,8921.457681085047
86058,14277.647462763594
76614,27207.474227719224
81334,44416.22737715071
95043,23557.673455344117
80400,17617.011167445882
100114,12191.329168426493
92049,24584.35495986692
104070,9652.230413683956
95487,8377.445222584696
80402,22722.398920451644
102682,11027.593673791955
79747,14482.494987104315
97331,15501.990873272935
92573,24693.133843409807
81827,20110.792715310923
99721,7409.063931842739
87560,22696.248129176358
101447,10924.20789060604
89027,10742.915172704224
100905,11488.79550103916
86467,12463.785244008748
90523,10066.83927652291
77588,27609.6628424389
79946,23200.053136230985
94096,19991.765016722453
106481,7880.184485721122
100694,12967.068819840735
91176,53423.24887442172
106878,7993.11675113475
99871,11398.28973059568
77534,8706.47074274257
102006,11647.91227366199
93356,21796.669444310388
85788,9898.9459300826
97108,19744.19050029533
93129,17502.96902435987
95168,35601.07733242453
96578,14312.591695704981
79570,15409.0788722124
96604,14675.9461929416
76367,7582.909286714323
105065,14207.204970688676
90635,16032.71659683605
107221,15742.60265796922
80375,9922.132947376394
94421,21534.305656238324
104009,9506.854034441898
84804,15536.060084298437
92074,27030.857989690492
103678,7273.717139613233
102350,15354.563825882986
81690,16375.355871688564
101817,14345.82623533529
108275,22630.472430052967
78030,9933.626302211493
91570,21815.609262239304
96746,10116.774315738583
89748,18742.584684161928
107889,13744.611682160104
88402,17440.339248361357
107789,15722.536107040418
108061,26087.684396284465
105143,16309.729213152872
107488,20485.220302324597
100812,11784.402902282296
97830,14054.02721425485
100664,13358.961502018074
80071,23072.94685890025
104550,13684.350873792811
99466,10115.28944307105
93777,15901.479145455782
108105,8687.952243557917
90322,12059.296810168733
101860,12689.644638884774
104129,8046.181107492992
77381,14747.561293593486
76946,31579.710674368667
91556,18657.2631882217
87190,10943.786803822806
107647,22054.794532622596
84177,11947.748302258477
93266,25340.31222975394
107341,16267.27646441816
92693,28952.133834503886
101292,10318.152485784167
79651,17347.453974682157
81654,12275.966626043506
89688,10659.766874257017
107423,14652.662552575659
86626,12453.598925599756
101633,18597.130589993667
83827,8683.375648239782
106678,17600.356865752532
93756,25219.283007396538
84185,23466.680051230876
94867,18387.836939794273
101062,11725.419285123851
76567,31120.74366976014
80522,18993.36861503373
101932,8744.27301390259
86016,14102.242436035749
98609,15245.38358498175
84081,10240.624600023604
78446,8573.039343761033
82074,24226.6017236521
108374,30383.261712181
77895,21131.916537032608
93416,17934.557262094953
89357,9441.738582576085
106786,11602.417235630825
102766,12445.294504540436
82233,10276.602576024676
84115,10547.397414002777
98073,11556.580509924654
106198,6424.110046107607
100335,17277.956142266557
82169,14689.02299513849
101191,10724.147864088472
94584,15289.208708232198
81980,18098.51863427901
93574,29367.811704878317
76934,31126.52648641437
104181,22789.0529311115
85205,12591.845895669749
101304,11913.442911564576
77927,46137.701085707085
82028,20791.988057773244
87191,18606.995882867315
77713,8663.561183979695
100414,6969.995973541622
94287,21362.501561730132
97941,8130.285441616102
93702,24588.5151118271
91433,25880.456083941524
92420,19176.712443510187
88433,16626.120862474483
91656,31766.576898423722
94313,24923.452946907964
91218,15777.986856734577
104418,19164.237330567037
86375,9901.533467852976
97556,15384.891307224529
94514,44186.141468000504
79165,34609.96536049451
81780,17397.605286555372
105424,15621.065599454469
77427,9312.43966235549
78626,13543.336972378918
85465,10697.794062387433
87616,10084.613627203287
101667,13189.26803594838
84226,12830.55133955071
104737,17769.925608227255
95041,29448.891381399484
84070,11603.892143916073
79071,12425.257199600483
98688,10195.266948164666
91104,35842.107851704975
95301,14365.653352319816
82795,6347.425791992565
76606,16426.141600223153
94708,23790.093746200386
82934,6853.0601906777965
101243,6332.986204929676
94629,24555.40433032555
88235,17682.010032842405
78913,47715.65525836399
94480,14553.49338192578
77005,10686.728113987308
95511,24677.087131934222
88879,12360.269591658436
78396,10834.084379531329
99977,13752.868335421037
87602,15284.760379508152
105439,17201.43064710065
91094,18292.42592647722
103575,6050.188823704344
102840,8152.334039385846
105367,8687.952243557917
91884,21788.951967928053
84572,10179.488721735326
96544,7733.634391765778
94082,35294.079905675026
95510,12210.773174136553
85718,8436.910824810622
92527,20003.42802904634
78855,13962.543888044762
107521,18075.064847811584
98876,7895.763722744009
98440,15991.936704725602
98714,14990.14634943537
100643,11836.259546771635
89570,7579.551928186464
94168,31863.645052917742
93299,21791.1068465597
96033,21851.590213643343
93742,22365.456940323897
89946,11998.670046380215
107741,8338.656631646903
77268,13367.856120807943
84848,12018.925452954616
92323,25180.47059096718
82181,30907.681918954397
102252,7807.900914701231
100240,11943.989981138006
90422,14537.486110645616
103145,11660.674034158375
83333,10754.024199742084
97103,30583.747011805706
107379,30895.606071669878
94694,24676.349098908915
97339,30541.05523677553
93104,24685.468251630307
88194,8828.506583194125
81954,22558.97574144186
96391,18148.610770085998
76563,9284.775410087004
97630,16984.657148607614
80201,26238.41357145724
87854,9624.568954451117
102312,10924.20789060604
93848,21801.76226588973
82542,8095.127606257906
102300,14725.874540068313
97229,10492.266564723377
98907,22861.192832922658
81238,12679.609544695031
101377,10431.033716278142
79109,10669.84494477262
88044,6364.014193467824
91950,25240.55063754405
103403,10478.02136349879
87611,9891.46249033774
98169,14637.367765699664
84352,12820.320892500262
91787,18266.160806603704
85668,8421.512476460231
91287,15885.893690967434
80289,17988.732127648993
80647,23367.540041475906
90612,30726.61282601956
84941,14397.550315652714
85955,8829.967036422175
95019,8812.546204771386
92685,17723.398480266937
87156,10298.926855904383
98300,15152.331319332763
80737,25646.201468127274
92849,23735.955181066292
87490,6792.403572390542
106168,15083.648157540274
87014,16619.226865548386
95822,17945.12522259246
76797,12448.447788390484
88416,18701.073944170017
99974,10560.417785616746
79248,10009.896362178619
93969,42778.39164839354
104746,22147.635128212074
101092,15903.1651203091
104076,19723.389499158224
99087,9550.595834146266
93808,32096.516704633003
80849,30162.95780160792
93870,30273.34113025535
97218,8391.176085082154
85690,14172.741788774063
82581,17415.11936771388
81062,11815.002972937064
98925,17463.25258672557
98116,13447.864086500209
78229,13653.835216039095
77717,8962.725310237294
92227,25274.65786460169
97525,13838.547584008005
92015,13721.323043963203
93168,17431.913657221798
76841,18318.294500319862
94920,19829.283649809713
95188,14091.986788155686
91909,36160.94144356952
104631,11913.788269450932
91186,23268.277006378063
100465,13199.713961939315
79253,18779.827455648057
97133,10287.679509976157
84758,9691.928493272717
83113,10169.446595595302
92012,25645.72720621159
97730,10064.44290994566
89579,15816.314979360879
89670,10712.862877997273
98105,11972.599761677582
79497,19168.880985690266
85954,13088.076157101776
90314,7747.509313261693
81052,10041.044346804814
78531,11329.421203644974
97791,15779.876904143806
77746,20741.06202060931
105318,21220.556236679804
96956,8066.489036049229
84493,12830.283723617249
102164,9839.91491144802
84640,17510.37678548577
83292,11199.267040325689
80446,27394.723307919383
106883,21220.556236679804
96822,10381.227714795994
99282,12169.103205514719
94359,13989.39672971448
105084,23418.284892959728
85908,13491.51231321764
106431,14482.494987104315
97313,20555.705547856607
101268,9710.15912258629
77989,15808.982201642984
87682,19033.846377164165
106611,34395.04532585329
107890,8682.277229460915
79578,22863.402859422466
92372,24781.09795694946
93915,19651.584638443805
85425,10050.360378691339
80577,11698.325118484228
87561,14223.115450171748
82120,12442.931041211164
91633,17716.897780722094
96970,8191.140873194239
103356,11716.981544926628
89416,13834.969113002657
101155,11486.2225150635
104222,18297.915795087047
76104,11421.109946197064
108362,12504.928796791062
80616,43980.04689125275
98659,9275.236330777498
76470,26061.01260043067
86501,4617.884552906014
103166,6961.122454501811
80799,16605.956608707624
103699,12053.600462225299
97005,24629.21091644434
89375,9726.546254462706
89434,10459.880567582908
103114,8732.917188366027
99021,21570.580852767886
85368,6744.856902127696
98207,12448.717493227248
88420,10697.794062387433
86225,12191.140386219633
107761,43619.03775129288
83146,15040.292197396057
97834,8650.017721035501
95729,24729.942257332346
95480,43730.399055498274
76736,21867.829750905694
103683,13176.522877491523
96410,23035.157510881338
101570,10253.718052983855
81039,12402.144476045094
82813,17614.051145353933
88704,16717.910689277807
77926,13550.567741989185
89560,13768.590233232984
98902,13888.784195221782
105164,27649.343464390826
108109,10490.752471019712
84480,12331.179482604477
98239,10211.878274665452
82385,23403.552779469093
91637,27567.762102612644
85732,8009.247873796707
90790,7315.672425242877
90251,8849.938963140896
101246,7353.348137869867
92962,20877.20395406426
75988,21419.667650548286
106880,19730.87511296886
89844,13912.014431634321
79925,17693.135557660204
76282,17956.576446998402
85648,7060.807685783584
95507,15378.351982206374
96605,19286.065415476198
90201,10785.692700983773
93506,24692.175056056232
78490,9751.879698663279
106831,17982.316841007603
78101,11128.766572175988
93059,35796.76040152714
106820,8687.952243557917
80839,20353.430566923525
76695,14172.00261901944
107678,9890.026457927886
77084,10203.589509425618
107856,15663.67367189024
104446,31071.607273851205
93306,17412.04241402759
76610,31120.74366976014
94451,17829.793812045908
96510,14652.844110244738
84861,15599.508438079298
85787,25032.81685103624
78201,15318.05783721491
83353,12585.667475978345
106485,13513.699655219822
98115,10702.396079192891
83852,14127.688376905699
91320,21958.306796638426
92427,14808.167757696207
83851,13567.537853892689
92011,13537.159787462466
96043,7447.310643940151
93535,18961.536040867573
80183,27389.03006790128
99075,14558.129130396213
107932,14230.406969767968
98968,15212.227814599211
83350,11553.504849926472
77983,16785.136174286352
104722,19730.87511296886
101213,13250.451156004165
99670,10470.681490679452
86163,19444.63895581668
107969,12239.652328184597
77875,16577.834150954423
86254,11204.289705977251
106709,14236.538917932276
79732,26211.935270426562
107841,7997.894006555012
82222,18134.90269108388
82020,13580.434883457643
78930,23607.250429007447
93446,18274.452993905943
82880,11260.306214703587
85724,7937.076442002188
97629,27128.581386857928
106635,22917.179663939653
94103,17876.469087294518
83051,14877.262440492215
85087,10479.599250163117
76917,16557.40837106624
95037,28448.776453653707
99867,12807.194594953293
107425,26302.432639430273
85753,14175.501761959691
95099,26976.11449039998
81950,18986.494479382683
87493,10880.822808576993
84035,10383.581268235012
98743,13457.75212820503
84532,9909.812090265816
106827,13523.896185039976
100006,10038.992977049536
108013,22955.83279926512
102898,12576.10010376891
93509,20016.822611011714
89759,10973.666983116262
78191,22912.870393658806
80286,7010.41658038725
105908,20160.02671363402
85325,10475.681009430979
86177,7480.27930206071
86780,13470.500665349711
82738,9976.862885489432
78918,22527.9094944222
79161,28882.384903036927
84004,8737.05684631751
92541,28405.794481679593
86047,12851.307700576426
106538,15451.127640726882
96648,9887.147600050483
101018,10383.53992455491
97019,21594.71662243365
105288,14253.336854533645
103441,11913.442911564576
84757,15948.1204488819
107069,8687.952243557917
108356,27378.882993470135
84436,9891.46249033774
79898,19172.141396086397
84703,18288.74176992224
101219,13855.66532142732
99858,14562.866887265995
77333,9900.184288620885
81923,12398.344881890047
85116,11226.401556819359
106149,12634.548305383061
91228,22341.31994599141
91512,17864.799474566706
80878,19254.210020286966
91229,26978.861596783114
99181,8457.621988153642
97944,17636.484167720664
78314,9498.915669710652
103087,8259.469051190252
98170,10977.447468917753
86475,8197.091342698846
76501,18903.297941729077
87632,16131.785998026304
78342,21109.468757536182
99723,15273.242153399497
87620,14937.995803911055
108111,33968.29681149055
89385,9891.7752578785
78604,10418.871098525413
87199,14097.566044799913
106661,11956.975959073565
98162,9965.880063357288
95522,16000.032350913532
76276,12717.180967148015
80135,23222.19420685891
98199,9275.236330777498
97771,8723.062757737527
80509,44284.88511361382
80570,30916.223803297187
102070,15544.292038249174
87513,16176.380455497021
92822,14167.046344449614
85443,10891.825049091012
107258,18845.407084866307
90876,20547.566732658146
105021,24908.6342564999
106246,11317.440406734442
102213,13952.915347613862
102502,8412.931795531702
97859,11579.251434596854
90858,18513.82121790445
103900,10075.652720015605
101159,8099.669825400919
79882,8528.80547650272
107307,15130.515506374946
91892,14532.008961707348
77992,12378.329189251546
103300,8987.616083525418
76540,36549.597321390436
103225,11256.32487170777
93202,24666.485383472165
106035,8215.488835103073
80459,17721.629639524173
90377,9101.774477287094
94302,22447.01853755476
107598,15730.85767594001
97476,23351.31410402039
96871,13929.322024539308
78543,15167.676236328292
89215,9891.7752578785
87251,14164.345197972238
94113,17970.886827785216
89499,9715.659640560098
104785,13996.441280036923
87775,18777.945293768134
91882,24676.349098908915
79256,28383.84929060754
100717,11194.956557927158
104470,9889.731352799616
98732,11371.821382549682
82547,7396.23036937489
83776,8767.17998758945
106546,17079.448740659187
88539,14248.841462239274
83929,15684.490017491746
96026,9711.417179537375
104011,14041.548662449288
76131,14413.388467007828
91826,28448.776453653707
103999,23086.78356137595
82675,18267.418517617578
94439,26658.5646195832
96307,10930.122003994982
78033,11958.327802203592
76854,14389.084397955494
90036,9391.871592328629
103891,10786.089692308402
101263,13246.267855768536
91712,21099.320552479712
80856,18080.79681516218
95058,15220.588895549234
82735,11106.056755205256
82588,16465.98760229195
80775,47597.04379352748
104524,10804.042463275095
98431,11943.555054249122
82272,26102.968224060023
80152,19308.578327945477
99115,12215.13143847061
91591,24795.328813410928
84573,15992.821638228465
96777,8058.564406820899
95331,17779.43164780572
87492,13389.471013159482
78031,18235.97087912178
102367,13348.928802107464
105139,22600.36801714342
101793,10287.992277516918
82312,28347.350583539686
90663,9627.026159711131
97827,14255.598086781332
85812,10692.678960272106
93839,20105.84420424888
92711,18253.59546124417
90705,12409.769041866319
105089,14722.827660744313
97946,18798.324844346254
89744,17677.998498886795
91047,22747.662019049443
101166,10291.395525387536
101641,9587.112792618094
96865,10386.848197548998
76615,9421.151171628848
107736,17649.096101516494
101285,13455.979279070289
87016,13084.043301539938
99919,9384.219280050227
99314,19149.64537877128
80754,27117.305096776832
94215,31710.910937512494
82552,13850.25200778801
79696,33194.54941113888
87903,11300.037859019312
77373,13175.826254088171
76494,14240.916360505273
80003,23034.186096066125
89000,11095.717076806843
93128,24672.373905113887
107992,8608.05237600596
89029,12681.589414110324
105461,15864.848504211302
95945,17519.210096420262
103106,14569.578190339837
96246,23038.65720549551
90428,9696.139270383297
88909,9802.359186375845
85222,11967.744500840869
106888,10612.311077010643
103117,8382.170828978728
93022,22274.29927656118
103375,8258.109854456285
93229,20061.537612530643
85603,8265.943493716275
89869,11249.265323957203
102338,11166.429857660396
82631,12417.863559304333
102687,14335.697630196226
82001,21698.982566004375
80204,26099.46852944585
76279,27134.479247727773
104066,19701.672834277608
85918,6369.772061280382
101590,12778.514182583524
95375,20322.955065334798
77897,9421.151171628848
95209,22103.75272511613
95921,18453.086018822218
105769,9841.372876506997
97833,20594.710412160464
106557,20201.534240864617
80274,17671.27194047045
91786,23622.220704446947
85350,13965.322375225616
96217,17452.50206001725
86429,9129.261560612353
76233,18853.94616132333
98782,8043.3806234677595
77064,9700.682446483544
82904,19197.531392138848
101384,10551.567014946817
103541,8609.254287697255
99625,13455.056426788346
89436,20147.85968462526
92889,17605.57686792037
78390,43642.92769853974
80649,22615.642600749758
78894,16326.997721749125
100312,17607.141628745525
78222,18903.297941729077
91392,24504.586727772552
81452,9829.185336495646
97819,4331.7273412264785
105008,9890.026457927886
94993,24676.349098908915
85430,9976.862885489432
94075,36846.37279399653
81246,22773.086339873054
78432,18451.580902705526
89458,13848.109013776324
86520,17913.996328785917
84594,10707.903812253826
87131,8622.330413247162
103493,13427.330889888775
95302,15575.310391791509
105156,20641.69654871838
101489,8269.758240015268
105619,8377.445222584696
81460,23702.387683994468
79311,12460.59671873033
107401,20821.72211776592
106068,17598.722620037643
82033,24909.358654653308
93749,11422.984936775487
80321,23024.77629201117
103609,13167.386616567615
83443,8198.650384629436
79664,18981.98985480405
91263,20129.68351590513
80368,35526.52803251224
82178,16536.056366926216
77812,24171.806615900416
88159,11875.739293619938
107356,9890.026457927886
79312,22682.29397704217
81185,31528.163577563428
103927,10929.973580918158
92977,22308.039374844804
94013,21930.93903944963
78601,12917.329842524141
103250,10203.03714067838
90673,9696.42297954961
92757,27671.33450533373
86876,13833.367026300573
99148,11818.852269250478
77972,10791.07226104918
79854,4873.510203450968
97128,10984.372749119993
108059,12163.138284592822
105613,16816.22114940192
94727,11998.011313062254
104783,8326.572545071205
89446,21263.057021705168
107306,13251.340229619314
94890,21791.1068465597
94080,10285.133241228283
81720,22801.66539491686
105157,19739.76464888452
79438,44284.88511361382
95275,18291.592414462255
86870,10865.897148087633
86336,14120.559829846341
95031,24716.409921728056
76727,28383.84929060754
76416,23191.819102607224
95523,24692.175056056232
76945,12440.100885586658
92733,19989.04961747463
87625,15036.657398725514
105282,16603.30681030158
76798,20982.34840279012
93061,19193.891041636045
99449,8194.127600690537
88177,8294.004489912299
89115,14396.121596351526
97192,9715.834136683294
90003,9873.168551097555
99544,18289.7000997977
95661,26911.08534420921
86502,10032.673090489523
92299,22553.82508100759
92164,28609.078516758014
79415,14148.740599466668
82793,9365.649814313143
96761,14614.29701491361
95372,13332.95463628896
78310,17539.53795644218
84611,12432.210613097299
79039,10662.153815466572
83955,6543.469321629994
103422,10929.973580918158
98290,15267.248048402096
89786,10988.229996821537
88966,17931.085111059056
91692,12598.151241854881
99720,13300.936543666996
92291,25891.096275589516
104283,18435.515221762253
77907,28973.588102985454
80667,22712.665410121237
83714,10387.71715139207
81499,23413.93399833926
102870,10568.120789399658
84245,17605.258583450533
96709,14051.762688189523
96985,10381.227714795994
79739,24130.656943127764
101167,11144.741181845813
101412,11327.644667087663
97207,12428.088505567028
77022,12416.44930368562
97267,23292.754457393454
89310,11165.887240532256
88525,8355.140077432277
100951,16239.792484134148
105401,8242.044925574313
89558,12879.4347397689
97593,21612.06680069743
91993,27247.516194850712
99362,15263.879277262504
86021,10459.880567582908
80590,27117.305096776832
76881,15733.87886469264
97173,11013.389313084961
100208,14811.21234640135
106111,15534.399538030555
94771,14544.336557039329
86006,9891.7752578785
83246,14215.192054314723
81624,12517.42010358768
97158,11026.995714787328
90839,8141.715883207897
76730,8592.16087937718
95912,27747.95384004614
98742,14412.75458312695
85366,10692.678960272106
88971,9590.327824937365
91073,14575.885539444174
84276,11033.080551677518
93643,27668.86607844601
77674,16679.901280524515
107054,15632.91975266232
76029,9575.127936364934
76703,19776.277411512918
76951,26105.414285756215
92952,24666.485383472165
101165,14043.653068765429
83703,13400.276305327141
102514,10934.118554172406
84274,15919.941822124667
80933,14571.100940438866
89802,13440.600730000844
95459,24690.241059258762
88242,8652.98146304381
80337,20773.51872713793
96758,18516.86900681273
81706,11966.619730404513
92861,27673.341973774608
97057,10729.578895562005
90369,10274.482248540144
77587,17275.516445800167
92265,17867.935952591022
91500,25059.528420418217
105511,20777.585104522444
90137,12546.987899674681
78339,17989.50560412959
90208,12374.302903206408
101548,12783.563542077707
79969,23408.16651363568
83047,8666.38904219195
106469,14673.713021493104
83513,14169.99760840336
79652,10205.709354860679
93970,11993.225692847433
95655,20330.4366083034
93966,12424.584689389772
103174,11358.689867270989
92732,27465.398550254624
104052,14765.102941316525
104427,14730.725905156296
81504,26211.935270426562
85835,8436.910824810622
85265,11102.531607505038
88872,8468.644022061706
81581,23088.682369447164
87525,13389.471013159482
95242,14051.707239840009
84066,9442.583053311902
91130,37566.95671725627
103798,11350.240979626495
79777,8467.133639986594
96975,14749.2111214148
98657,8772.851751763987
89241,11998.900138730847
94846,21099.320552479712
100346,8639.981569505468
102570,10197.294198354604
86462,9900.653137701736
97934,18798.324844346254
96947,8200.416819816377
83667,8359.396932199894
84928,12804.130036213643
107956,7068.731936161347
98949,12303.959786012967
90998,10886.850263260654
97708,8795.856196517434
95416,24293.04633435574
78313,18984.768201295825
78886,18654.06479504705
104031,21220.556236679804
105160,30916.223803297187
103659,10934.118554172406
82200,17683.807809826238
90814,8525.784094241904
85367,9976.42924172021
83180,11837.644202508303
106202,17215.20680790954
78450,18062.615920750442
99063,10160.379491327254
83877,6745.8805571799685
103411,9506.18186597777
108533,18435.211832900433
98123,13064.97643666232
106850,10033.322123751874
100148,9847.117803202102
83012,6861.468145381102
82410,12358.107710226868
81994,12236.567673780908
77099,28424.563292854426
83281,18750.84374244284
94288,23572.85952347668
103702,8742.661969204475
105076,11874.708565251072
77642,14750.512324830404
107183,16209.051317643183
106615,13241.640535802646
84149,10719.570302514478
76911,16163.242900159075
104162,8274.835454357704
102563,8408.501230926513
98356,14868.037592045284
90601,16197.473380368994
86307,12792.13876919225
83892,12899.641035238477
86128,10404.829415027245
92836,14482.494987104315
77569,26619.089351562277
108327,18432.634242440996
101953,14161.784622701034
105792,27347.062555055305
97726,6977.00299902423
86652,12124.118312785455
84446,7168.05671946994
96826,15455.676660189185
95460,22299.797470440844
86352,11673.858384651192
106793,11051.82927303617
87778,16932.96722158237
99950,7777.760297749764
104088,16986.813925441773
92232,14218.78986884751
94143,18202.377136049494
87874,10298.926855904383
83793,12417.863559304333
108182,17673.56592423869
102804,11586.196106703088
97509,18439.622361053607
96468,10782.286037142849
85388,14429.19568135544
76856,33799.08422747444
106114,28914.92356577895
92900,24294.40750595291
84771,10592.695933726756
87714,16863.690469176483
80892,20868.537660251408
91592,24779.70852727861
102842,11618.075342097816
107139,18241.718482255637
94334,17335.610381047114
86768,12448.338673055563
103414,14410.746036223718
92179,26348.17502712331
106474,14251.350322316823
86309,8647.306448946809
91109,12030.087036830997
78133,21987.507697072408
76963,14226.183024094047
101391,10029.589391943215
107342,8061.390387834817
105184,27394.11097741344
104693,29103.20803489965
89673,15122.751556277903
103903,9615.611288212844
88947,8166.836408661709
87569,19965.6676721096
76483,28731.649216269525
86102,12701.752370833054
106452,8404.35051507536
107976,13517.706205920847
85216,15697.268937754017
76812,23354.906564196946
90905,21639.356174201002
101716,10532.824150724204
106450,42757.96776979563
79930,5825.628336650252
80812,23040.85075089944
80862,19227.540914263573
103996,24512.70447448324
93119,18011.3899540545
93986,14060.345776694112
90226,13812.638471016064
104841,9074.967701826414
77115,11561.686165579835
82162,42983.32312305029
88176,16365.497346235577
96807,18712.020542218874
87893,17195.39572885608
96864,12054.697123739501
81129,15789.436932460238
94158,12292.152950955813
87268,17237.937718391942
101545,10946.470732080596
80322,13667.713067628023
95591,18938.375450173222
97284,4885.416941495227
76503,18099.06628870523
102457,8493.135039186445
103358,13501.239495500435
85800,9487.450991622296
77892,12168.383334463457
86918,6995.735821668793
88797,9726.546254462706
101581,8224.087625621327
99941,10053.03511630059
86005,12359.23630363159
92601,21548.351409265626
77922,19810.485173049987
107005,12512.491561041945
92729,18290.499764468554
99740,19153.661119032546
104686,11926.225731822035
87339,11358.164786274308
86577,11285.371681407434
105913,41182.26153781943
87402,17555.407535869024
88287,7081.136259423273
86544,8188.780829406807
87671,16625.082992649728
91204,18236.5843317866
99618,15175.752704029323
93596,18080.469024387214
100194,4334.504825155682
76820,26208.284082962677
78350,26177.703037921794
91114,17749.513079931105
106403,26104.21967654917
77876,15824.71672205746
92321,16492.12754162965
93803,13435.326104942425
95007,22383.816664610888
93540,18245.35506058171
88267,8121.921455177219
100770,10172.574666097367
79033,31834.10467478132
105481,18255.743880332735
92645,22441.085490780453
91504,14680.694838786918
103374,13801.797280694926
76555,26105.414285756215
106876,20396.310139368237
83008,6772.246276093036
103085,10133.078975282686
108288,27347.062555055305
78153,19857.508152572245
101104,12521.911245735011
86300,18306.889709170828
83596,12108.51207858988
92918,19472.820748354276
96263,11587.345825252982
95845,24692.175056056232
82174,8633.64911147395
95636,25233.99544953301
87859,16135.71037896177
92038,12261.907307311534
97965,12212.636898214256
99236,9922.027635389024
102581,10929.973580918158
88484,6970.813977897625
76734,16858.33007515779
107756,9117.4601216802
100368,14446.452078635719
92542,25101.74450185506
106507,12669.414322093235
94713,13397.559998087676
86830,10189.267460993933
105659,12152.28604114809
103299,10532.824150724204
77388,36298.80348592154
93171,25186.163830985282
95564,24508.384924198202
92209,17724.66978316176
103068,7962.424709645275
101008,13348.928802107464
101098,9962.629666268153
100297,9693.05012827475
100668,11579.891225000623
83587,11869.397905612635
103730,11141.29768390476
80300,11979.217395335994
90994,29404.2276626081
84749,11111.534992283634
96883,20546.204346179435
83643,19188.017261293764
101307,9833.301538063293
96979,21682.69291716575
96090,20102.778464380684
82603,11344.058684076017
79091,17153.989129858674
101959,11375.3335056789
101554,11172.455752989777
100961,13928.150344201078
82778,10079.644504026728
98924,7989.607155761631
85086,8822.690248096445
89149,8274.605235309575
89443,8550.34872678487
88608,17459.971154162522
108064,22911.990959150957
93913,21407.000349159116
104833,17206.491371513937
88819,8009.924453217338
105039,18462.373151777305
108163,14437.757014912298
78429,14240.31105839363
100022,10468.78802892241
99243,15689.94194996536
96715,11364.375134654958
88735,23057.072463453398
86496,11603.566089983895
90642,10266.011909999901
98358,8353.879818015272
91268,25362.637244572765
106457,11177.454042657266
87063,12626.553018996088
103942,16904.414064259327
101823,15314.471992609124
104919,6970.813977897625
89192,18382.90126396369
78525,17483.191158559308
82948,14405.57555251657
97364,13913.167262541852
77638,17597.589960684993
94939,13436.9228463182
102799,12872.83944368392
97063,20086.373596885875
84889,12728.537315084908
91197,9056.801161541343
83936,7010.41658038725
88850,5611.151765089499
104781,27117.305096776832
96341,10287.679509976157
77784,14240.916360505273
79500,20099.745882962932
85956,9553.448438135854
80268,4957.922228737918
76575,26179.092467592644
88273,17391.1634823576
96863,11082.93548166596
104149,11555.997214231322
95323,22895.58240357647
108521,12425.992906090338
104891,27654.619996499703
86333,7304.919749027714
97441,34413.407120728574
103963,14315.834582913092
94117,19921.51595748015
106930,16853.76985350322
96478,16847.568099995322
93273,18304.103745285607
90140,7629.090280739285
101752,14002.730372239552
102564,10955.496156660674
89449,9419.096211055721
82080,17426.43381526852
103168,11105.49888361898
92400,17724.606463680764
89829,15203.140230559911
100294,13401.48243057645
101914,13317.751726202672
91223,21244.1124835583
107925,21220.556236679804
108124,7346.196516080629
99736,23413.446052651198
106222,7927.54112891828
96843,8043.3806234677595
86576,10719.780933072803
106802,20862.580621082634
101331,8220.16539737211
76847,12270.471086100808
82850,10868.899065518903
107284,18474.563744883577
77599,17470.75937602471
96827,20608.606439208666
76080,16288.851567018239
89213,14011.832868207795
91332,24629.541352593453
91930,25029.687723648796
96005,14265.936761955822
94637,27089.76204581677
76949,17329.07441763422
93336,22000.458169356167
79792,19479.14932419579
94859,26938.142040880477
87815,11412.591988421258
100994,14243.584589145225
103939,8841.474632544241
91674,24690.241059258762
81166,21715.08005441928
105292,19625.259515640064
76991,44199.93346692613
100176,15944.886477043041
100118,12115.477252896811
94700,20128.625902731954
101432,9422.3786801566
78373,14243.397812928855
82918,16586.303312913336
80619,35725.041102624666
98870,9550.595834146266
99728,53030.47692272498
100347,15930.594695764648
94871,23307.29819061305
76922,26350.350692530094
102057,6980.637290036698
106406,23067.667581896047
81647,36366.06283120035
86232,7803.570827069026
90976,26942.065081607572
101053,11163.995434040415
87392,9732.392278299534
97377,16357.38297725901
96652,18419.527778831693
88212,12431.515664185437
106859,8119.2354794555495
92678,14912.943970057226
99554,8044.333347241256
92531,30261.08483853697
84190,11120.757921699818
98562,11243.34942445644
102014,11785.1368363602
105663,12990.334402806648
88795,11236.37969783852
83227,4396.92476559002
97436,7633.202521702287
101846,15922.779527795668
80332,23030.46953202927
104483,25458.78689187557
97675,12318.678515277325
87703,10206.564644114993
105829,13422.26478487517
97495,13768.756436225729
97230,16091.819393016407
99232,15263.879277262504
108036,7349.71335571886
90470,13962.375416589648
91410,24676.349098908915
87856,10991.132147997952
97072,15541.360123390059
98581,10594.8734910029
96021,20218.259630833378
104873,20989.250647261717
82366,21889.309866077405
81093,11312.73431096145
94091,18255.96520315602
105502,22176.922585169832
81212,24547.53633898106
78477,17798.792510304378
86344,10223.30923997485
87337,11665.130700727925
83364,12644.81175609332
105029,10935.06929782079
84927,17992.821225443862
92467,23084.571271975343
77390,22734.77121037907
91159,18146.498603664026
86919,9793.735754341935
87364,14624.429012750319
96009,16663.439696020127
80050,19440.346222232358
97335,22864.485381649876
82533,9918.565090601023
88494,11605.783618000041
101773,7724.81260093993
84410,15587.911531186779
90583,10402.415950399916
97361,9711.60577119926
101276,11199.597933052484
92452,18305.375048180427
107354,10267.928756196503
78584,47931.4068770037
80128,22071.40781560775
88645,13180.813327020518
86622,10712.14569487373
81676,22592.159730996063
107409,26296.197254422532
101162,12056.103493033219
107883,11611.662986384968
84824,10479.912017703879
96253,14430.365444604598
80764,19783.2284969605
105145,19710.714313631495
76292,19844.268400861718
85405,8001.84866299011
105373,21838.62387503523
86540,13881.096031056353
91362,24754.117517432234
90075,12392.77414828613
81886,9344.478431755575
99080,8356.433190191587
105235,13867.829918215872
96437,18498.531992737135
83205,12830.130645541361
94569,24764.317619867754
92687,29331.2169821604
85951,15919.941822124667
84977,11339.5925843174
86143,18833.2238633975
81763,12268.806972331122
92970,18181.77157185776
108286,13999.55341824274
99395,9727.883215329093
81779,25445.580649200994
82131,17232.12137026276
77833,8737.7626489992
91949,38437.72975407552
84571,12413.558369380262
81403,34316.54216249499
86275,12402.087570758413
98103,9626.823090389305
96519,16941.735089805654
102141,13305.885159179466
95016,25171.236779707295
102800,14504.449004450844
102275,11755.733989964854
79437,22519.60254791901
99129,7671.265394751728
102738,11917.587884818824
88502,11342.102190458512
83847,7379.974909703789
82098,35726.216661381826
97608,11598.315584094013
93635,52097.38403987708
107415,13025.330457568947
100604,9683.063899558121
95825,14752.256530850253
89837,10559.71428285667
90563,12592.23041175271
87183,9942.324893552453
82030,15841.511060365585
100952,8429.342302437273
88907,8829.482859674566
108136,15915.74600361737
99824,10128.27041592382
108052,19623.926394294944
86157,22696.248129176358
95635,25791.792622052595
76024,18001.21249994645
92449,14245.376388032764
101870,15493.729913411535
85896,10786.934072450646
102465,9398.08235158084
80302,12388.45349079704
104316,8242.044925574313
95294,25180.47059096718
106995,43612.10102243089
86510,15924.47519882088
87250,10420.545195876093
86483,20589.872985635353
83417,12432.467274755356
99580,10204.415039575924
84527,11249.502295730865
86193,11530.541132562506
98832,15835.228576998656
89427,12437.505978851766
105172,9841.44183958956
100800,13742.244135158033
81313,17344.622245595478
98110,12333.09836235104
83944,12353.065116439462
91420,21381.382643959874
79842,23027.28812685152
98350,14570.262792765941
104288,22905.228361152243
96086,19965.500444866557
78566,20885.090270502096
84457,16007.84722935857
88685,12433.44203899221
87157,10151.896201434613
82023,23015.842561114336
95492,27679.847081783726
84139,6553.57374763969
89309,22696.248129176358
85676,7857.20638940366
94553,10940.836257099303
90271,8050.021772914505
85678,12486.844833417235
86238,10532.092369369153
104335,13860.740882194938
83609,14907.179124697479
92930,21128.002111136517
101478,8421.534962923175
86537,8747.848902693702
95350,21612.207741706818
89176,12358.107710226868
89383,10893.578377394793
81369,24615.344502412965
96749,9709.984626463094
95414,25182.35867097772
91568,30470.57368552994
92425,24731.482640673818
107079,23270.72652032237
93550,27759.829599797376
78972,20885.090270502096
80719,11097.023412220908
92919,22247.16389818715
84505,10850.565925555875
103401,16339.239767126806
97516,6054.571301610261
91738,12893.928043766404
81664,13523.25904087235
108017,9887.229998857243
94154,17173.406318407513
94015,24354.819093463026
78990,23204.198393647777
100198,8610.879704309316
91258,29286.124757813624
95886,19914.956114606142
80048,52624.24446597222
92615,23893.96790413003
92333,25142.14066884657
85637,8263.830188623284
100681,19887.03480209116
86280,8534.012730199192
88934,10522.71078412472
102926,14018.178890988303
88415,6171.533807449567
108063,15451.127640726882
103273,10535.35237376478
79468,17514.269239611658
91285,15567.071232328264
99111,9181.399480716344
90686,9715.659640560098
77458,18997.82037460118
103540,8240.617880243524
98158,12855.61021015644
80240,26143.049545499995
93032,17863.528171671886
92380,14453.42909191001
91853,18050.685639561038
76049,15585.81758651547
98852,19433.752862239326
79019,10668.752039422916
78009,13865.792664901926
79038,13003.537605406038
106404,8687.952243557917
100619,6480.108661904951
82348,23025.465760108793
83844,10148.019701306768
101370,10559.767703165795
82900,11203.135959593266
77014,21977.711910616334
94704,25224.761638273125
105395,17769.925608227255
92471,24712.793953006476
82964,19386.7395444298
80223,54980.48765953054
83523,9211.741378122924
84395,19608.39306947103
77474,14264.669179439037
94649,8361.997982922907
79826,16564.673460405775
81786,13530.523067076314
106749,16299.588398838714
94115,25648.469395579756
103835,9370.228863480124
83617,13389.471013159482
106555,14430.365444604598
86868,9896.295333694414
105245,9939.995124770137
107495,16576.63423873556
79571,33275.75896649352
100328,14174.405315418648
77453,26105.414285756215
91473,22416.24771543682
100493,14052.742223930529
83383,8537.604821801906
96482,18590.07931440294
91509,19478.70657627042
92051,25233.99544953301
82251,15265.744651236455
76054,10812.322746115053
105927,6321.985159852897
89426,13570.941798835105
101006,14241.516679388711
96504,17570.36759511724
89053,13400.276305327141
102578,14099.003733729805
104576,12856.418891995485
94137,21276.053131713586
96387,11588.71771854746
106040,17253.147417547316
79795,12019.765972364721
102216,9780.343940098686
106933,21269.0710555389
87217,13783.003037158585
98953,8032.873555454454
106935,15819.077809166696
108160,13311.092689345163
86220,13390.806613731207
81017,15300.777850972094
90319,10609.139326890365
100847,11297.655742471832
79811,17860.667868687553
82324,28383.84929060754
79204,23010.605036600453
76561,14243.397812928855
90313,14342.663320910713
94271,18276.62119226283
99090,8516.59778125257
106261,15508.756084484205
95699,24766.494408931252
101624,8903.074790436136
92096,14700.169411897208
104402,20667.026768773896
106877,6496.622066718061
95341,24784.468126231473
79252,19430.372958080137
85039,9237.875229178175
95172,17757.976928318196
91340,21462.79573564507
91584,18557.38012688995
104972,13692.496428896362
80896,20051.68516563457
93083,16199.248505534752
90855,9709.671858922335
78320,14971.629459657684
98584,21556.18997433329
97117,17600.70111606987
90267,12164.86261479587
104276,11446.63814155524
93771,16540.79996052893
100654,13652.641176873207
84833,14755.726714437098
79006,31074.864727360342
98734,9550.595834146266
96686,23035.157510881338
81262,10875.982404538989
104374,9506.854034441898
87939,11092.708048757106
85868,9912.524510397468
105505,6054.571301610261
87999,6470.288268906949
84535,10532.578133959274
105765,15451.127640726882
77591,18997.82037460118
83018,11349.639051085614
95281,14575.95232962844
104629,16583.176410200707
80247,18598.59086950469
98202,11625.006526064712
89361,13927.38933514815
86384,11132.683365156501
77923,14576.697654623016
86901,9715.76983008599
101827,17617.84440805023
101756,8567.937659708481
77041,24924.257377788344
97753,8368.918465111514
95848,21296.175118457464
94827,24673.844660135568
78247,31567.945072266637
87132,13956.939535613887
88911,17586.560095887882
88418,11898.497275827833
77238,12239.210546349103
88359,12495.81453961446
78818,10895.325068118425
95395,17740.445907246034
103416,11956.047050676269
84747,10751.64284257883
101608,8159.711833112953
105437,25446.841951718674
76320,14396.142346175828
98937,6470.288268906949
78233,13253.055699293167
82250,16530.940872253916
96164,16953.691824583697
105298,14765.102941316525
85892,13400.276305327141
93834,14232.86782696405
84717,7033.371663657141
104176,10479.986059760315
95319,41758.70511503949
85002,8436.910824810622
91460,27759.829599797376
86992,14011.832868207795
76228,19653.602928293614
105611,11225.277970316565
83256,22511.0911300474
88943,16306.33403176294
77394,28348.571532048245
100873,8441.928361820439
92464,15920.217979429552
89315,12237.711707518178
92773,114317.2923421799
82489,9701.02021780912
76219,13897.820658404642
102904,14203.146475398054
91039,32207.382117596477
104890,23179.75633629259
99922,12341.921781181629
107007,12294.252813947704
90649,8050.021772914505
90166,12175.81584883134
90837,16064.394691904765
84748,14243.727280452518
101034,10532.824150724204
80579,13507.258378875189
103124,13187.744058586817
92022,6328.815336821722
103382,11568.810064655316
104089,20463.14122861924
92089,21783.905100785418
106395,30961.84291775145
76012,15572.03493575803
90152,12760.343450182421
85524,14423.33001368987
95337,24608.43167944981
101744,9907.045003055271
105820,14567.836822155858
100587,4334.504825155682
95224,28573.824702305694
88607,7486.902347059685
105741,15865.320318207972
100550,11299.321441061584
80543,19440.346222232358
96731,9723.81721155958
94235,28426.23578595915
89536,8881.146908564673
104062,9973.933987261542
79870,10624.41549543406
90961,54072.62521861327
104757,14138.16100800969
78702,11854.933925364965
82823,8737.05684631751
76387,8868.797808647416
83860,11255.02843602679
97853,8650.017721035501
96491,30916.223803297187
93018,15027.016104609189
105464,19434.260162762916
91589,17754.726600353373
81040,12399.551483324882
101726,6647.006581473175
89843,11319.437179417147
82306,20178.42810868354
102706,10657.320424311085
81905,17413.943759750713
99194,14349.048915964677
84038,11470.21358236392
99179,10115.28944307105
107945,13239.331328857941
107187,14768.770830382246
106729,16546.4873981351
76009,11617.797690548274
80160,10625.051510665042
87798,6968.663904776092
106779,10729.672244374577
87694,15745.290975853493
83225,12100.572053081896
82371,23029.390026177753
102154,10460.548344578423
91905,19844.024799707448
91831,19389.802538818276
96829,16285.49695604941
100724,11671.22126230524
98429,14915.292244913646
98046,15308.489095904175
104025,7440.670229176513
104930,16783.42700072971
97711,13430.607069533715
87985,4617.884552906014
102005,7636.16161096572
93141,25233.99544953301
93564,18727.18636390699
77719,21836.898878068743
99873,11203.548637043565
87053,15172.241761177595
96789,10381.227714795994
107871,18297.915795087047
107192,9886.22904212424
79928,32789.40531773177
107669,16697.813661576223
79401,26102.968224060023
95320,27738.528455902262
94864,25180.47059096718
80654,22579.046539809893
99193,15120.587657892986
84375,11643.911281682967
90211,11853.387523075791
80720,11312.73431096145
91902,15641.011841801152
82275,12340.54617216198
81465,18197.186976340163
93508,21046.644886063168
88780,8197.091342698846
92268,26163.95285247606
87172,15807.17129001554
106818,8046.181107492992
103457,15958.981910840714
86080,15054.979485795066
107319,14722.827660744313
104533,11879.818725547928
105670,26241.347091121093
81801,18712.020542218874
86611,13392.17255308753
103251,13365.403232996192
95313,30538.666758241467
83324,10123.775982638459
106920,13241.640535802646
93607,23455.276189099786
82902,12635.703793768269
98295,14222.384200570525
99592,9580.356457010708
83209,19190.11096035773
100342,8768.201323652247
100059,7409.072173289506
84964,18314.308673290903
101150,10777.883976838068
80834,18918.32648239162
94660,23751.988036121136
86817,11367.190544562853
82881,17378.846308197095
92477,24676.349098908915
88843,10700.118147227222
88409,12830.55133955071
89464,14520.547000741808
84554,8477.73573806405
107456,17621.45487277575
105815,30916.223803297187
84223,22178.002157327042
77230,33803.84554783926
82653,8223.521507231213
84903,6876.4432093646155
96636,17066.95558422358
92293,24481.191271141535
76243,9507.519467928716
78795,21701.606997203842
77946,47950.97314983375
108033,27378.83740779154
89601,12531.328326913805
90606,19251.69906696718
92249,24602.58105534019
92624,17710.98071018682
97695,10619.079244038776
78743,31216.040900682627
99859,18345.42918525719
78302,18466.713258339685
99986,15314.471992609124
81908,10707.692515897366
85440,7411.089072561936
91412,25233.99544953301
83964,7121.7680606467775
77867,9677.621904222455
98287,13048.339931618932
92675,9836.136502537893
93893,12156.957353605854
93828,25233.99544953301
107502,14206.898089508748
93726,13850.9383043549
93097,13001.43862097016
107762,19491.646892229146
93545,25716.710383148544
89831,11841.314867063078
108065,27864.513915244446
90388,6374.7337438218
82017,26211.935270426562
91025,25662.32731520905
96293,17552.725137176887
99187,9799.077001733622
98283,7670.179130439592
93590,15990.40271774565
105510,8409.052942062764
81365,23555.144761674663
105805,17918.53137203641
95866,48587.584402492896
99079,14584.023837741222
95673,15236.035678340693
99311,16328.60420764508
86145,11157.328144921083
103531,16150.578557238594
108261,25336.754695372463
85582,7461.405864322165
85281,8092.791336391998
92591,37833.091260168425
97180,31287.28102935505
105998,13640.947433595584
101355,11765.953768600988
104286,44077.29160791265
86703,10340.527103477307
76535,9581.756084235592
86181,11564.064045107589
77004,18569.70378632578
99367,15274.747657111462
106001,19796.34755463673
93179,26971.44783971977
83031,11670.83345220246
86572,21324.05296020102
80350,26041.186153113587
96375,7779.305433740172
102219,8493.135039186445
100942,13399.037297124201
82949,14345.923732547812
104083,26067.8352067806
97140,13739.175908065341
96421,10367.561270177186
87075,16877.325027357798
106419,20763.803121810084
93602,19895.25254362816
77222,8706.47074274257
101712,10724.147864088472
106666,8170.607932494664
87295,11199.267040325689
89044,14747.439582616244
106433,9780.920063296267
94575,25785.41930753577
107025,7779.214632346667
89318,10256.3757854367
86030,11174.446774603202
103483,11963.961918574963
94536,17374.081048365857
107058,13022.383295664738
87031,9891.46249033774
100119,11275.798783034063
105938,10565.57434446093
89724,18732.54245308834
99480,9550.595834146266
83017,8798.18939323006
108355,8168.494627401674
94711,19004.254169588014
95759,26489.427431072505
105168,10159.34739526211
93791,21828.551605897235
85850,11314.471813105449
102333,9480.968176739256
104407,20862.580621082634
98798,18925.109942922387
89284,7597.509343874508
100823,7349.302989258298
80514,13824.544990928409
105308,17384.627518944704
104612,23093.665381206425
89638,19760.119144788783
93794,14815.218397020815
83933,14706.67879081832
90413,6138.502386925262
98929,9808.708001968911
90959,17565.244900595037
83414,11204.887523078694
82228,19467.612476439037
88669,12081.814910749223
106815,19176.954586290118
84567,10222.301356927988
91328,25229.418945976846
105740,10681.54899761905
96452,8050.021772914505
76038,13687.84822030322
99940,10234.588724350604
102377,17272.460812385187
105229,19831.53982260867
82158,17918.783073299408
104844,18435.211832900433
101203,10532.824150724204
95222,19912.68489654863
89529,16193.92086068815
103230,8422.29634571832
100692,10807.708911412836
99821,10597.548586126575
81086,22712.665410121237
89399,8746.462970262715
102445,8093.460406511244
96444,10668.67531306677
83485,11300.625282409119
93778,28973.842810509374
100464,8639.981569505468
99865,10975.352263323724
100107,13624.570988769543
83973,17485.90997436838
92032,23357.65739234232
94017,12080.214454379668
76046,11237.940082936831
77816,11902.778885625274
76743,28406.31773489692
87201,12349.637371686627
90652,13667.04233920065
103448,13362.940005620889
93642,27599.967779321065
85409,15956.1436289286
99777,8366.978955353514
92216,14715.093046935692
96269,10005.521518114201
94298,17757.405016593755
106667,14362.29349339878
93716,48486.332135571465
95754,25396.189998493504
89379,11781.724815000502
95970,19951.901448600183
81911,19295.988081074644
85652,23490.586614065716
107793,17519.811508899475
96389,17583.63039581416
80000,20107.841369411457
104440,13732.571872156472
92029,36162.06229795122
93473,12432.3555953495
90350,18503.74953267632
84947,14458.031318578665
81870,13380.724885698844
79936,10480.032954014741
79910,18152.07609644223
93467,37419.877849932775
80387,31309.933720707562
104360,11414.489129506304
93150,25885.672997113696
79119,21983.077934123176
104462,4957.922228737918
99548,21556.18997433329
104024,30383.261712181
83480,18499.342582107107
92501,14006.282688477171
86740,10293.918905553932
82165,22697.43448410645
85963,16128.569483082383
79487,17449.957388371524
83245,13588.961483027078
102193,8425.333743462741
95449,25708.80981757094
99413,10060.648553136756
77176,10102.587169020484
107260,27394.11097741344
94187,25739.259836882466
85664,14136.138453723615
97886,13915.919471279116
85384,12820.163442899944
81228,22993.570327813246
81930,20946.65093108505
106627,43523.11264739645
88081,18615.337125360347
91651,17039.181536177217
98067,6388.317891461026
100814,10929.973580918158
77028,47715.65525836399
89853,7052.906101486999
92951,11675.59684678386
96866,22474.57651717514
77498,25078.635034935083
102959,10383.53992455491
103546,15337.042908116366
81127,17772.988081817442
88867,10440.625724019132
90099,10274.482248540144
81637,19829.43998896326
101995,10147.626849541402
92382,41595.02624608076
99078,23297.272365823952
93118,21960.746717229842
91524,18388.55691363062
105674,10371.352162395113
78943,6899.358513209178
99513,14690.916041932183
82972,11817.665931687194
92438,27289.96210399344
76466,18503.14733703863
93315,24727.57309838363
84637,18134.10242361441
91553,13520.402201852932
92093,21102.75879517562
89774,19286.87065301307
86455,9891.7752578785
81999,23088.682369447164
83211,18041.84820671154
102893,8414.044126438226
101347,16150.578557238594
102099,17272.460812385187
108532,16667.880236706907
94030,27818.125973691574
87114,6927.341921031814
78523,41094.76961259611
89274,17683.77324731172
103663,8189.766463257506
98104,14550.027075287397
86952,9976.42924172021
93621,10125.07169091147
90898,18111.249514185663
88902,17511.03431204609
99135,15769.35539332006
96645,11903.336546526314
89265,8559.130423615019
88536,14546.267248827886
76788,17172.034706703766
96496,11098.4119507844
83580,12314.500528530147
80060,25245.28018302023
99910,10725.937234497058
94254,24759.838319499842
98982,10912.99806925813
101182,10387.421367870847
104497,26001.18041959724
99215,15099.16274634663
102237,8444.551625919124
105340,20570.838109960714
98398,8075.873979482635
82895,9480.690010841467
84880,6931.333251367688
76633,21650.176403304722
98237,10639.88235813386
93475,14022.010027776962
93644,11859.4302889842
83331,12353.065116439462
94673,39176.74992313278
93774,24300.337255288643
94872,18678.731041341936
104642,30331.06528867629
105806,9889.713690387125
93351,18989.565035298605
99440,16333.384245621703
77434,20461.188512914236
78382,31863.873468833604
76269,20370.678702642723
94221,34703.65024853344
101103,8744.27301390259
92917,25855.642408549906
83521,13058.938157948813
83915,10348.609907557691
93502,15785.738573539684
101013,11917.587884818824
81762,14746.0386125966
106753,14830.23402838902
101173,8435.04243597158
98602,14000.598081534037
105397,10851.115498527335
97067,24036.57592427921
101378,12373.59928111042
101862,13401.48243057645
99039,13335.211949955137
88393,15796.116827391548
106130,19445.807632048592
85828,13965.322375225616
108231,25765.05815846385
104898,16761.774267601253
93112,16118.570525809657
89768,7569.902808135399
84354,13601.67843591586
100168,8408.501230926513
92834,14271.238609950793
99208,11827.800571101026
96108,13808.045444702837
80163,11417.449067856127
105455,10818.837058687428
80323,24909.14374064203
84714,13834.969113002657
92348,24506.203113803786
83603,15739.67601705974
103959,8754.435507262235
106728,12488.242992561149
78696,28822.852416218055
94150,24965.32341583588
105629,21322.048474034014
97037,16135.648400398864
92850,20162.217112799088
88432,9216.225652527712
77436,17959.961906130804
76469,10018.075067673937
102030,8327.16972056701
87669,11295.56762982247
79981,16191.747126381695
99662,12303.68426432091
78260,17823.33706479389
94555,21751.578924602592
84628,15085.668862800347
87955,7096.358294942708
85130,8647.306448946809
76417,26105.414285756215
86241,12644.81175609332
84603,8647.306448946809
76645,13462.352049702087
100195,8347.179704307506
77467,26145.20568072655
98126,20205.993582359428
98081,12296.027831921807
81234,28296.01904695044
87717,8359.396932199894
79724,26450.708753625953
78643,12258.117898580153
93113,24726.183668712783
100597,14182.85072730569
91190,25013.984785067918
89351,11926.047417024647
78056,26270.21764675882
76053,11770.089356421098
104592,11602.065120838415
105891,23115.570210779344
93731,21654.922823549285
90123,8356.433190191587
85669,9339.859515762946
90040,11188.45033535221
103624,9839.034296655012
82545,14093.060255992936
101212,10976.392274945945
76510,10367.561270177186
88673,10245.226510525965
107913,15982.938734043979
76619,17034.668186702478
98461,23077.964407221316
88455,4954.863421422091
94543,23218.271183030603
79082,24509.530586210647
107039,9411.157014880957
99565,14223.440814812717
85597,15685.475202555677
90908,25366.101319913716
103741,9740.192556011807
101177,11141.29768390476
100246,6345.2463600302
84497,22351.22983709122
79003,12071.526595155165
78075,28387.19943615898
85527,11985.884606588092
99400,8246.667728822382
83118,10849.904306025579
106176,19739.76464888452
79864,23027.732002563906
96609,15459.25795343394
77968,16056.101548535617
105349,9490.688598146862
95787,19453.272289853605
86759,4420.118670323592
80898,17199.212714582412
80948,14435.938481280453
107151,14396.142346175828
85395,9896.674207990658
86612,11199.267040325689
78951,26270.21764675882
79546,14412.293089806679
83345,22175.01276165944
107224,17172.079778172792
104509,14569.414359294937
77088,31267.702659736653
88988,12160.730188239348
79061,24584.252801238497
89758,12484.818946216708
79439,47523.276664791236
96411,11638.307576261082
102234,10270.401091428655
89720,14423.471039008014
99600,11850.28260121813
101235,10264.54269892815
89235,14895.401104909082
96214,30582.147027750052
84205,16537.382119894548
106816,27393.844079604674
90934,24130.5573568373
83597,15565.598801721859
90454,16196.474104455106
82998,11920.36706004833
76772,24139.648694921612
100571,9049.25698181311
76400,26105.414285756215
107381,14631.15233780265
93102,20048.524619987387
97419,9998.465535398276
98844,10128.583183464581
99354,10232.303183856333
90811,13431.388590431661
98152,14235.3247434412
90157,11185.499668718223
102629,14411.168900018774
102111,11163.995434040415
100448,10568.120789399658
106531,10794.29722595934
107493,7309.222876507992
87471,7699.459046158863
83607,11898.497275827833
95488,27778.9335774445
76205,31090.929525952375
95394,21163.157006494068
101050,9111.124481625993
98680,53070.22193379651
97176,21994.199154481495
104530,14670.55967551882
83396,4569.161179219146
104984,7120.4363876042435
102081,8309.109954488256
91955,13380.208964651149
79996,45995.98575105227
107833,17502.96902435987
81342,14402.490374450692
104936,9774.534692360105
97105,12589.911917826776
96834,15543.34553265298
96402,14821.978195705411
106575,10920.835511992016
82857,8487.766314511922
105504,13135.376467928594
88261,12529.870588194333
99175,9550.557315258508
89160,12511.678892477394
83875,7911.62887689088
104695,14108.928154021578
84189,10940.887373597714
86024,18275.13072887421
98475,8356.433190191587
79856,30006.01686751281
80385,23040.85075089944
78287,17344.86089962953
88807,14152.224128101503
86288,8909.992344380671
107610,18990.769113218485
94375,19483.01179622443
83385,20065.323029222036
96627,15635.26566500797
101257,15486.77823474639
91915,14057.148933706714
97986,13486.307582795496
80806,18502.856657042183
96930,11626.844297490794
89391,12850.455182425432
85423,6782.368399275692
79397,32776.647893465
102565,13197.826860068219
85590,13532.356123766824
81920,11398.009799001778
108098,18144.55895570137
91230,67934.17424527944
108021,7018.699240492627
102554,12981.62999185423
84182,10411.79754688113
76770,12130.876523946717
77856,14596.207396512073
94249,18172.47910696176
94729,19903.044241565847
77171,15209.509565622067
107487,20203.829607276013
78766,22969.953523788856
100849,13176.522877491523
97721,20003.810056903676
92837,17975.83023670749
83099,13688.587817593374
102521,10883.521773819773
89738,9976.797935422019
84234,10882.051853360426
107428,13792.748253358595
93895,35590.17519433955
95662,36840.914963226955
80328,15951.232872206123
103054,13402.143744896424
104950,7556.573499900175
93125,24642.03997039293
77393,47361.56682934226
81178,28371.00858401228
77207,26270.21764675882
98648,11650.551076884985
106065,30377.50694466607
85228,10964.018089881667
92787,21801.488095959787
108462,19155.132028745786
102896,12135.0072136256
78301,11452.06609523012
92584,13162.294344396309
96414,10381.227714795994
101267,11555.441763727391
92934,25505.423906480428
80206,12224.808583650074
76657,10489.504013719927
99365,15383.759615382487
96142,30340.9093738805
96484,10381.797231300208
81767,23225.19172538611
84926,11892.975302715951
84961,10807.615404274236
97487,23389.282295657835
86753,8359.396932199894
76410,9755.386402304257
103512,8826.26007604924
91899,21911.2948376581
82404,28383.84929060754
84598,19192.269956579476
95115,20175.390308354206
92544,17702.01954528811
94011,21878.76081945211
77265,20071.032963558562
103378,11543.740778744404
83828,9426.473042640635
106142,26574.45689860529
76564,27412.589129638625
93718,17220.251374577503
81110,19497.35935618151
90753,19278.824991219637
86557,10058.484017064698
90778,9715.346873019338
77313,18075.20058538296
103914,11726.030006765206
86688,18969.490787230465
102878,13428.032152471622
99734,12633.240350838485
91581,25018.92872549205
105434,9890.026457927886
89221,8522.580775446333
84974,14099.187877218237
101055,13730.368749998253
80952,28296.01904695044
80861,18374.378346412137
77446,13429.613989428814
105345,15451.127640726882
95204,14117.544762906246
96228,14031.858098086508
100840,10883.521773819773
90096,8276.558405872787
97213,26046.645570826953
84188,10385.77484863263
96571,27128.581386857928
77068,17398.886152777657
90711,13964.859960613403
89855,13745.492644234739
104858,10018.912753804248
95897,25849.59224438889
81849,22999.141787642307
106143,9284.5326208929
106333,20450.750965070703
107165,22790.924439100712
77133,10069.404470656244
91788,24676.349098908915
91418,17713.81970434013
100158,11917.587884818824
96982,18712.020542218874
81275,23040.85075089944
78741,15219.408614611388
104961,11008.542927226363
89332,8186.316296012555
77546,28406.31773489692
90860,25111.229969955388
79924,10598.420169533843
108433,14509.356567779065
101702,11913.442911564576
79340,30916.223803297187
107333,8383.626773127015
107963,27394.11097741344
89408,10080.639173738215
93686,17184.341631720963
96129,14717.086232535428
106156,26302.432639430273
87515,11989.445386074696
92980,29421.188470402838
83982,10332.867005740567
85504,10358.611713122886
108354,10614.412325181866
97260,14749.2111214148
95437,23653.640282263463
88483,13787.865537915826
87959,18382.90126396369
93858,14482.494987104315
80968,21800.38995621446
85754,12370.069391411445
87723,15770.216674802918
95880,31852.75505517217
106868,8621.887720958666
93138,10927.470301406162
104747,13337.290758982024
94889,21382.194921586368
84681,10743.539196833151
98538,8246.667728822382
77073,27185.732510355127
106730,19625.259515640064
79208,24637.04745282655
100127,12416.844032745887
99655,9576.365430844644
80695,12395.98101110758
96818,18680.829089849543
101382,9188.791496697413
81239,17043.741306641426
91299,24285.17369469303
83005,13400.276305327141
99363,12193.535622677151
76302,17028.52143796426
98317,18080.029339580895
93829,67893.01272098793
94188,22554.278141897965
102190,15287.630491945862
94901,18317.50571361874
80495,23526.896025651153
101373,11764.194805919073
76822,9884.551546234621
105052,18934.2885009733
98580,7306.585187395732
94567,16755.207753109204
95144,12269.03564872134
95559,17555.29745086687
81580,37566.60176143605
106874,20780.735084323518
79121,23506.253680584257
77257,16985.610858258755
87589,11222.874305787418
84579,11636.96435421195
95950,18271.852787091284
92510,16751.494812836812
108139,18611.323709062126
76182,28383.84929060754
88687,15029.161291793163
79244,20145.374730115174
80690,19199.78019552596
86259,17080.25496835799
76977,11919.677961254525
95716,17214.507064091173
97234,15422.88675693401
102608,9833.301538063293
105976,21755.093329522577
86505,8004.072916614043
91220,28356.24761919059
96558,10381.227714795994
87444,8887.795082618095
87498,15997.620807800797
102631,18743.555173666507
82185,19199.92839872859
99403,23119.054182601973
79515,37707.50143450782
99088,11542.471133731638
76226,20817.348894223604
108382,10491.065238560472
85313,13745.996804736964
94499,25144.08894135177
99934,8413.082145984838
82376,19992.243027679106
107765,31022.45167487803
83605,7820.719044529079
77701,16252.14558437479
94028,17816.691416271024
107523,10181.46263135128
90650,18734.054857202518
87414,9376.17258833513
100055,9928.192457868909
90566,13772.393663747149
77944,7768.152787880417
104365,27208.408554647107
100010,15717.564176721653
97116,8389.377443315725
92053,18259.914960642207
89028,15705.172313275314
97021,27128.581386857928
76667,34493.23639419532
88020,10479.912017703879
94877,16955.026194830523
93946,21362.501561730132
107829,21220.556236679804
78257,26291.446107319214
79067,18890.399910147415
77650,28822.852416218055
78087,68955.52519830354
106695,10190.913481562327
94630,10742.530084447744
106256,7031.246803206792
95601,17505.89301101051
105796,17507.57755753131
102585,10532.824150724204
87265,10479.912017703879
81014,23413.93399833926
79536,22986.093877685726
103430,13372.429364450949
95642,28500.116112184383
85927,10677.47269569643
98965,10118.22360050468
82285,18703.131006303218
88076,7842.887737788981
87977,8737.05684631751
93013,18279.28504792949
86356,17016.8635307898
82657,11382.44040796528
104960,8308.543912790969
84159,13345.818070651501
102831,9365.204677407708
99907,10947.898963606736
95588,18213.272744291775
87604,12853.343852062588
104688,7850.511515749001
78457,25520.54568498129
89007,16295.45079994094
104449,18631.092694274626
97888,17908.219739908283
83178,10148.18009102746
81940,19908.370570814233
103932,10365.66728766709
93309,25231.31682628417
108001,13401.823354059481
104771,9928.547493182485
79382,17982.37288281421
85883,10680.540114827436
106425,11401.945100368852
83165,19457.11206173171
105632,19273.08063958881
77132,26099.46852944585
101743,8852.156587900472
103628,14158.521618256438
90647,28146.914786854795
84997,10121.768902427952
91158,24771.394873621786
102727,8360.295914502345
83926,18355.20668558427
105492,13382.574586496929
84091,9123.544359053916
90093,23769.79099541135
97013,7722.645101108003
97421,8795.856196517434
93503,19406.21163789971
89921,9540.433253616713
94294,27072.760462505325
88049,7031.296919629468
87152,14600.918323368696
100030,10540.534311052623
81887,21976.215667313038
92813,26158.72187892013
103849,9723.81721155958
81370,15458.40491352292
100077,8395.48933671227
96215,14173.403898120923
99477,12412.076402129996
92453,30009.77894077067
79103,19548.61543441692
83988,10068.910809851413
82753,10454.257278171835
88096,18734.035374826923
82591,23085.726532023004
78600,9345.591443109764
96130,17551.07791422264
86532,20323.39574140502
78212,20024.47739614681
103099,9709.671858922335
76517,14249.609348628132
85372,12512.145485510417
87192,11330.121962495321
89912,12568.945713511408
100674,15270.806731822026
78362,14164.18889467054
80234,11815.516327148125
103492,11064.599364050444
91876,14578.022132842092
99906,17272.460812385187
86556,14093.649188936346
95439,21553.286412687692
89552,14252.748383826804
97510,20018.936753932092
77027,21030.27214148722
96651,10991.746099414046
101124,7095.947928482146
81564,29316.781610138343
103834,10551.567014946817
106120,14555.28515242626
108302,14005.562841837054
95258,24716.409921728056
80241,9096.148306251273
103079,15905.984645223729
107671,20795.219726308198
105451,10346.561296297956
100581,7921.116748853169
103200,11353.307196720809
107958,24477.91419141763
80508,18339.495459242724
86519,10479.912017703879
106014,15738.92732266723
88647,8556.303533461198
78370,14197.38846267201
80157,44102.44618675912
78549,30098.00361703764
78346,14556.38052962741
102025,11293.483774540331
102642,11917.587884818824
101566,12798.718382050569
105090,8411.160775898286
102879,11956.047050676269
103116,7040.842222573492
108181,20237.55564015456
90077,10700.495895520857
87209,7848.663755497266
78488,24264.608315275767
80235,47548.15261009222
100754,9816.842985316272
105566,13239.331328857941
92772,23716.158098260898
91123,33368.354233747414
81751,35104.23734501488
97826,31727.683907849154
79668,19162.431696096268
93067,13464.541453325166
102583,11808.78870624971
107690,18218.92106251797
87693,10858.724096772883
80476,11281.179113144408
81846,47445.062386187
104885,9979.041621657503
97224,14515.827023947146
101301,10480.540467756478
77468,24458.074479070776
102865,14719.35640795997
89933,19383.265046477074
80064,16160.43957641221
102316,7841.385460183825
78861,10541.871625157364
96856,11504.437413630976
80901,27394.723307919383
93880,8348.014314408385
93155,16616.71438013844
95490,27388.154111477626
81179,11041.489145360127
105515,37035.29278671013
93763,29277.980591744934
79292,18595.88408858629
79547,45994.13343971479
76889,17613.377481417236
92884,17686.423931201938
100959,9022.205321211224
103931,10618.933711866312
87109,9289.56115350547
85670,15480.013877056943
106941,14592.152627438967
82237,23515.921472786667
95369,14530.033935255347
104098,8242.044925574313
88392,10085.564805728798
79992,11941.174073329143
91429,21254.093449518106
93131,16082.209703215289
102287,8762.52951055861
93988,17614.77754958972
98533,17924.878747345818
82402,23040.85075089944
100838,7354.882084098124
100418,4711.482492444346
78723,17336.85848369411
102054,17478.37229550281
103873,8220.16539737211
102429,7427.266656479373
92423,17713.522026848164
100306,11705.060776281463
95398,26238.529013999472
98509,7685.2765509289575
76571,17115.369668163614
99096,12193.535622677151
79974,28347.350583539686
86070,11927.368214229042
106407,19503.465011535984
107921,4652.864823533058
99358,7685.085254469016
81645,23394.619048572258
82190,28234.463780636506
104692,22401.79332871947
93221,14520.552905569566
100438,13037.989169897284
91444,18019.586225213698
81053,35351.683906685954
91363,19637.39820542531
106954,19627.510005095395
106654,19680.0076228248
99522,15099.709156612334
87009,15873.479967381436
87909,12644.81175609332
77419,17504.076627750204
97652,21606.46362112872
99779,15267.248048402096
85584,11199.267040325689
91829,22275.409670920308
88101,18115.20067530891
100556,6797.1840383951285
90352,11190.380433438271
83282,12753.906308375108
83007,12381.000073167641
108313,10492.66080434905
78810,9887.812463675127
98828,18666.08820427073
96114,8356.433190191587
79191,14780.218584946404
87297,12636.204189730737
95877,12158.344075887459
94139,31852.75505517217
100850,8820.653005736232
94945,44178.66045455426
101089,10167.237861793901
105691,12731.748606479483
80668,14245.376388032764
81214,29322.883640395994
87518,15085.931632805125
105030,14576.697654623016
85923,10652.235967346744
83311,16398.244564578592
98855,10115.28944307105
104159,8404.35051507536
82779,10443.666931801437
107742,9114.18993724098
105468,21694.314727580215
80455,26211.935270426562
86388,17891.278387423674
94821,51698.58115174558
103268,10445.217993009966
102051,11203.340178919912
105353,23330.84140762772
80456,24125.840847461295
100987,11716.981544926628
91198,24683.066211159283
85153,12424.97170045197
103654,18859.997199264166
108172,8648.047292870242
86497,10479.912017703879
105311,8242.044925574313
83207,8403.972085982103
103088,14052.768498000592
80581,26745.396957759596
94590,24771.80391837016
92857,19308.95297827286
104990,18554.963502965027
106022,8835.866449226969
105717,16200.00938061024
93403,25240.55063754405
85166,13356.143299218096
106430,14765.102941316525
99092,22389.86772068739
91093,15103.630751603687
88851,22316.38101327537
98289,22293.37765230228
105096,30961.84291775145
77047,12127.987854309562
104430,21868.17040349814
89790,6473.090422287001
95496,31325.916521511375
99397,11663.776819192564
98691,8199.80261478754
76750,23436.211057193847
96768,14417.510196383504
99671,11616.945499201038
100893,15314.471992609124
96376,4617.884552906014
85359,13400.276305327141
85526,20373.973977374557
99471,7085.376743934492
100718,13427.556658718144
100408,7573.306232241967
99396,12380.283127092505
88571,22296.518001999084
82056,23413.93399833926
95339,31852.75505517217
106966,43560.86792785393
87419,14030.376505683385
107951,12182.958899866757
89086,6962.050430193604
81863,45984.26875696731
85352,10977.624010065452
107573,14482.494987104315
85160,8436.910824810622
86447,12176.038856977575
85129,15870.753304040347
81978,19021.058176153965
76538,20038.91816723603
96475,15765.248641683456
81872,22720.771186616013
100975,7640.220114601694
89846,8356.433190191587
76813,22808.187294724965
79861,13358.749354036001
85807,11426.224870193315
100520,14307.04610080749
83614,8300.381724895977
101194,15867.81750684698
78639,26422.580320527497
97237,9294.832312703671
106299,12259.023162620935
88307,14711.376954866351
85314,8797.610027868108
105736,16366.593147167865
80065,9350.11815058921
92131,20053.73189430743
88644,16906.56384895512
76738,10733.58104400892
105697,16192.446616359357
87316,9911.943101846367
98209,15267.248048402096
96229,18149.963474890574
100262,6771.835909632476
100999,10264.54269892815
107614,9890.026457927886
80838,23249.09828822095
100986,14408.882531764513
78593,25367.61256789365
100441,7659.121919177655
82682,12156.801510631554
78999,28731.649216269525
93261,15980.636855725917
80075,34492.84484193979
93655,25052.31941996064
100596,15477.007100191746
104232,26105.36489642584
91804,28614.771756776117
77995,14395.046968974677
103787,8347.179704307506
94205,18961.536040867573
85358,11255.02843602679
78658,12561.46496291099
104647,16213.429946206417
76044,19186.05294882155
76998,9880.1996242991
90687,18073.772377634054
88724,22760.59943878987
89881,14292.410736271398
77162,17823.298551051772
105640,13356.75531215616
87663,14526.080203690275
79472,14014.39578081065
105402,8369.129917415858
93024,26314.470341909666
88764,11260.583386595788
102845,13969.320970094617
94779,19005.19997979485
78682,9930.697097721555
95089,47512.42846628205
92437,7836.958863054807
96574,10003.856130354847
80215,12036.63851858424
103217,10238.489220884134
96957,24650.439377004735
77332,17514.269239611658
88904,18283.660555833623
85813,18008.228274091813
90079,19195.11611833718
106345,10614.412325181866
93236,20063.836579322295
77551,26179.092467592644
98682,12503.797199498096
77482,25877.42704549132
106734,24924.153569136575
96167,14573.296106347017
97901,9550.283066605505
88753,15706.70755677155
80085,20233.150190858443
101127,9020.502421564304
89915,11373.08348143718
77818,32851.82783031939
88216,7411.089072561936
88372,14368.174268008777
83811,11308.469647996653
82936,10282.217323772715
89742,11185.71071274899
91673,25195.700121203867
96257,15027.097161909267
87975,13365.359755163547
80305,22019.639539342308
103204,7938.775392219775
87651,10368.134593856024
97692,23717.519690585006
79587,17533.001993029287
78081,16878.60259671446
90382,22729.3270025286
101784,15195.492417094594
86751,8647.306448946809
83746,9709.47190570144
107367,20509.380129857556
102824,10936.827898070957
88861,9077.430112706395
81296,15279.492240772355
93069,22649.350158033223
87324,23096.622522387308
80156,23027.28812685152
101653,15407.9579949877
106220,10608.791842428862
106598,12373.512224581638
100402,16019.256024099539
76609,23468.71239734637
84956,12163.514350133391
95576,24676.349098908915
99581,9608.342232790428
80485,25409.21764066375
77166,26173.77307894544
76018,8592.16087937718
104735,12468.825051895396
93333,13995.16277403294
99795,10939.239568335537
89839,11454.991356128898
82759,10505.37243172006
78936,20364.753027044586
85749,12839.38368670628
103893,7673.442793858089
80488,18493.02673955555
85554,11835.715421912002
90240,12813.41077993788
106288,20189.762817974814
77948,8385.581068159165
102329,9614.162908568325
100162,11828.218231066316
88576,14978.100738849953
94039,16298.454400199971
94453,21786.01402498036
87879,13088.076157101776
82862,17331.152555396835
102535,14446.452078635719
105231,14161.171766597921
101295,11786.928844529764
103639,15525.256970924578
100996,9040.971624306032
90885,8759.160562605475
98058,8344.320773190771
76405,23957.01121876817
81140,8521.505152718419
106762,4331.7273412264785
77805,13573.335012597285
91903,27030.857989690492
103506,8744.27301390259
99841,11132.324937463492
86237,8220.534779734915
76010,23493.253821319864
90547,18309.583138968916
97073,10089.567077999794
96345,16960.93788188737
104803,22236.917290704543
97547,12247.039914595978
80566,28730.891111522906
76686,23630.448809999474
76532,16409.7390962842
95342,21741.53949747712
89227,10633.4820534772
100141,10929.973580918158
78308,20269.463899671242
89064,14493.388662307307
80510,21659.284382026424
88585,10825.352859886829
104610,15849.876536755779
82104,10600.944662055204
82975,12322.709144064234
89065,11750.996719656028
101733,8352.072052758554
96657,17576.622730385425
86410,14030.376505683385
97079,13299.050139003793
99980,10105.677408745336
83405,12329.036114815757
94937,11892.975302715951
88990,12056.33864240242
100897,8487.537196100073
89852,8327.394284896442
79720,23911.72690459185
87573,10298.614088363622
77570,45856.78005173627
101535,6882.759126591307
106853,30630.462874533725
90614,14215.004579528868
99883,21676.278658208903
90053,13706.983842659834
85345,6496.340030241624
107848,8527.265010828298
93445,27376.138496336305
80275,17178.92839811377
78979,12533.16087477861
102516,13923.549968566878
89258,9193.734823141125
107117,23404.089865192127
106721,8510.110186132282
92982,42289.04516034615
83496,9829.464580017688
81803,67376.54266432549
106993,17858.365919308308
103294,17585.80803479254
94098,17319.686023928673
77532,12452.737717959275
89286,10068.910809851413
89501,7689.680565824257
95186,19076.9860196495
92283,25240.55063754405
95290,15666.817798894064
96893,9320.816971280758
100971,11218.676706171651
78080,27762.916051995708
99131,19149.476384317986
108281,11020.830250797482
100144,8071.217934098559
105273,12089.64785962241
87851,15174.008811637543
108128,10582.244002049089
86420,8359.396932199894
88534,11274.569232558104
91836,21616.41350380241
105068,10614.412325181866
89909,15203.140230559911
83912,17492.422553781023
92078,27511.098840652747
97169,8069.04394314063
89505,10056.887894696665
84000,11796.528536686184
95770,20145.902286936336
96966,12277.874439239416
99958,13645.219946808704
93263,25233.99544953301
85201,5337.306303414419
87858,11926.047417024647
76733,10065.167555408369
95475,17447.53031213014
76959,14458.035759061155
88587,7276.2432708000315
106240,15011.43167281703
76297,23116.192784095518
96655,13513.75803192494
97329,8000.065157626925
104459,14712.677269051474
86218,10330.022953550279
92652,24678.345890719655
87708,11550.612444483239
89003,10387.71715139207
77758,11155.423049328188
80355,7519.007107069434
102381,11412.887234549144
102034,19842.45494521251
85449,18014.428964386316
108344,8867.892586963317
103231,11924.67516791347
88619,9951.358225647038
91294,14482.494987104315
91671,42468.6958711983
89398,16082.01404323723
97449,13966.043777801538
90985,19142.28942331211
95931,27780.86848726145
91207,12598.151241854881
93227,46689.07328958538
83380,9594.929191735633
88517,7084.478731004826
94074,24693.133843409807
83286,14624.429012750319
78621,21816.104314453754
78559,31074.864727360342
95517,19074.976381276323
90301,12174.090218047868
86982,15901.972078806904
79155,9421.151171628848
87645,10720.24787766768
94734,21099.320552479712
80776,9820.382140111431
80191,25955.37056544771
81665,19198.8630336703
95409,24848.758565916087
107275,10344.506789084355
88752,7802.628154644455
85344,11542.713029228358
96113,9195.338509818263
89564,14650.942510706489
83351,14011.832868207795
77727,14243.397812928855
105427,9737.613417898025
86511,15675.177287126227
96465,10380.148779677134
81345,23024.77629201117
102204,7783.176423484086
91518,48217.59588221901
103030,8408.501230926513
77586,24695.42819533021
81802,19235.71336722947
97913,17465.051206457778
106159,19430.24601946799
101107,15109.266334113334
77988,21279.375159914995
103558,10383.53992455491
107080,9890.026457927886
103080,8841.474632544241
81729,34093.60560908408
76576,11475.984400475614
81302,28383.84929060754
102815,8414.895178326233
76838,98179.3210470628
100835,8421.98232482954
92600,24269.328228123653
98836,10115.28944307105
107734,10048.942763423125
103146,11486.2225150635
92838,24634.76101729038
107210,13953.47658908814
87193,7362.630600510635
80803,23044.314360321427
99014,26770.438662861372
81317,14412.378613033972
105975,14712.677269051474
91289,12366.013202734537
102427,11486.2225150635
88770,10057.949734816348
93130,17716.779568604867
91428,27541.65885522906
101880,12125.282259999714
96317,14428.831832310982
79846,11344.594849320412
76152,26270.21764675882
98591,10115.28944307105
83409,12822.412358646447
98307,9550.595834146266
81931,47391.502637410966
90083,9387.032319944281
77773,14667.9994119934
103635,9335.238854508207
90621,9400.341930868872
91055,21952.090293828765
82011,8800.115343941137
84194,8193.13202809295
107360,19739.76464888452
89868,11929.42282136718
78774,18225.885103064025
98229,12303.68426432091
78895,17342.952039107444
104821,12022.491851185909
88829,18227.910272680707
103561,11660.674034158375
95077,25180.47059096718
77218,9053.645282646694
96894,9162.660172433998
102467,11912.480318810338
80026,12252.907895459595
81904,28441.702308082484
79212,24258.798533034686
76081,27241.1093795916
102446,10936.827898070957
92123,25189.144933192823
99505,19366.45243403671
90701,28116.372144994515
94131,25126.649754254984
98499,11823.632002010989
87292,10586.261579995045
101982,8347.179704307506
79507,12299.497336672861
80367,22119.875311135445
87303,8125.754478214068
90939,19924.947733114437
105990,21722.90037053435
93538,25169.679951198144
96747,14011.374349698359
96705,12460.440315984193
79540,20097.577684606043
97104,10190.455971418034
83406,12766.799744979287
105299,12278.94512544616
106722,10051.270806074432
105452,11617.873769857142
87290,8125.755707130826
81467,26281.84738615655
105170,23406.29142460042
93330,16675.217992938447
80272,18802.54229004547
107730,15813.33850769622
96010,22875.027380805805
81845,23808.38864128893
80811,12292.349677624123
83571,15969.724035431696
105322,14086.81587479556
77762,12472.579004877773
102039,9432.82958997444
89712,8312.20630731074
89635,23737.91280289173
95445,27486.12335892862
83168,11781.53343400292
97583,10518.353236814484
90719,12803.154510920527
83437,20531.996280372612
95182,24294.40750595291
85203,18080.387026746917
103788,10924.20789060604
82303,15439.029812213204
75983,29943.913244376796
86812,9170.055070117576
81841,28676.480827346022
84828,8013.397871919097
93783,27782.795770918307
107916,25426.186552394418
87430,9714.893814304238
104874,8687.952243557917
93137,16519.204090910775
103047,10137.259727456381
102110,9330.3643729714
91435,23482.544435429787
86558,15994.617804192469
95141,25823.84013827047
101513,8088.486599346074
98883,9373.599947057754
84488,12234.717156416888
77317,26177.703037921794
76345,25297.57027901298
91779,23735.955181066292
76882,14190.349379009864
90888,14318.304636637662
98663,10322.98590064694
95756,21244.76089183077
92853,19221.840596785336
105681,26274.968793862143
100628,11166.767331541821
93663,17865.914820227033
92183,23967.508641581346
87635,15599.508438079298
104386,30862.222869314734
87388,13134.477528740028
77217,18996.0562452635
96722,20433.39211761852
96916,15541.360123390059
77168,46063.4500033734
78963,9108.917634929603
93780,28455.193933723716
91677,24294.40750595291
98082,10201.175980274287
76229,14482.494987104315
92338,26325.80924868485
84178,13134.477528740028
106784,9889.713690387125
90742,6470.347399208155
96034,15262.266446299338
98064,8385.501070985152
96973,20606.73945981441
102048,13330.333701465845
106484,12504.928796791062
105759,14440.849484494685
93589,24731.876908730883
99057,15267.248048402096
80757,15581.8780051173
89636,10157.251956886506
83495,7838.379034388992
85277,9965.815215856348
91843,28599.84470549813
107118,28201.104526204716
100387,13601.207794517944
81885,25477.295306566026
105369,18152.047944748254
103588,10885.588071798604
89859,17231.571174247452
99533,12414.705617635229
107533,14756.299638184903
103667,8777.497252538957
92303,23816.528717342713
98400,10115.28944307105
107283,12205.433747204956
77352,24924.257377788344
83662,17510.37678548577
79661,16595.54259920902
102007,11787.335752319152
97793,14206.369604627618
106968,17471.197737512615
91632,22383.816664610888
79763,34564.53294987309
84785,11147.819865968744
92155,15905.271606680135
76625,27169.56932339479
107370,10371.147835250298
87638,8268.40935615126
96040,10172.69120209335
97299,14665.795801248756
81301,16852.01437442965
83192,13400.276305327141
105291,43480.91560524394
87135,12606.330571343375
75985,26270.21764675882
82125,10041.044346804814
87636,14010.748325238108
78783,26291.446107319214
78662,6977.00299902423
87134,15435.243376974946
89451,8191.140873194239
100098,10551.567014946817
88589,8069.04394314063
85831,14065.360010146864
101724,10330.435132311903
107345,12746.241869716765
88336,10962.644341916664
105588,8483.039547939465
95273,19927.770790585175
101163,11208.715220584165
77479,7222.342715794636
80339,22763.86181106648
86561,14347.700258616369
90365,13327.934008883281
78103,14482.494987104315
98617,10808.233133902699
77621,28822.852416218055
91901,24677.087131934222
93087,17956.13695491047
82739,12585.667475978345
100953,9844.077037950407
80117,21991.798010248047
84174,8234.56776237123
106828,18466.996142958727
90803,15791.476946806819
85910,11926.047417024647
89576,12392.755923142155
106572,20787.582915829622
88570,22327.14473730539
95066,22562.426200963688
101114,8414.70166154219
90936,19458.725815465656
99197,10128.27041592382
106363,8322.233703092008
106495,11600.19970761468
77516,12034.74457864631
88093,7414.01535534058
95483,15309.733242314618
93513,56238.84461358921
102348,9709.76454853931
104779,10400.073055697785
90381,17100.8216876178
90866,16936.634931029672
76005,26221.42687727076
83160,18288.74176992224
105547,13359.678485541608
102598,11967.243125274315
104485,16922.30190873719
88186,8157.956739281114
100958,7962.9398533449985
93967,25047.763501292826
93296,17816.691416271024
102906,11784.402902282296
96380,17544.309210079522
93298,23735.955181066292
84722,11204.887523078694
76718,16858.09564587044
80056,23040.85075089944
78850,16085.049449589962
100715,10221.577383053542
97058,29675.452165058963
85906,12794.465194946468
102477,8441.574342072181
78624,47671.538437099436
104387,17990.9519569942
104252,11395.86019446271
94178,12192.952142747175
106337,25339.993003426698
105385,17982.316841007603
83119,8197.091342698846
76930,11893.234473005097
78083,23909.372568822055
97868,26270.21764675882
81081,6054.571301610261
102325,9855.84253910456
83604,12424.97170045197
107825,6294.5171490665
105577,22760.36461983805
107308,11013.2674865466
103876,13379.237873388403
97378,21612.06680069743
89508,14322.295968839386
86933,11875.721368779086
100033,13637.377095939093
84820,14114.419690180272
88884,10288.819239127351
105458,7799.09099178696
103164,11054.782943984457
101838,9709.984626463094
97811,23887.40100249581
93826,24692.175056056232
86364,8652.78654016721
95317,26447.11672805425
80613,22965.10012876836
78372,27617.100239315096
83283,14012.736762554001
93249,25128.83381241189
104303,28343.897064468667
87973,26181.142317945832
89997,8356.433190191587
103013,8421.534962923175
85570,11783.488916324064
102979,6751.809018854528
78598,8133.381783382841
101402,6050.188823704344
87313,10301.855460812832
95505,17477.08265408743
79319,22003.817987105173
95230,25186.163830985282
91808,17840.195496405522
98678,11641.185525299488
84270,9946.343286434725
84932,7773.681346377199
92433,16599.256242128748
95944,21099.320552479712
101180,13688.801189549524
82624,17511.03431204609
80920,24567.549255708702
99771,12274.619762625924
86425,15798.724276027111
92191,18825.027608755645
85940,14766.951254893509
97391,14573.242763546215
101341,8375.691001145642
76066,14183.30152959157
93226,21558.86064898178
108367,8410.128900987003
83144,11815.516327148125
82764,11791.586557993289
85112,18111.68253600945
97167,12914.585757148412
105808,8860.689419867123
108416,19777.60619360563
94695,32309.160905659242
100332,11368.924691988272
102829,7952.699305762644
83817,6965.868997528466
92304,23865.055517663488
104385,9438.949570808263
77858,23584.452956233512
104454,8138.6989023648
100292,13941.439506133966
88759,14810.846624692502
81746,16630.833020755854
98246,7801.249131558566
96680,9715.62112167234
84163,10669.774964065804
98135,11758.350566868834
75975,26177.703037921794
92064,14106.187816900332
78732,18129.54031448082
99528,14637.367765699664
97651,10127.21703906305
88195,10817.798923431874
85398,14695.445520599596
105940,8350.876748089468
83822,8496.678726544294
79148,18847.654981823347
101011,14041.95739480911
91642,23735.955181066292
92277,25180.47059096718
78438,16224.712002126407
103126,8493.135039186445
90247,15242.065705605663
105738,14189.269523365578
91585,21786.01402498036
99313,8664.932634630115
78484,11849.492074310227
91221,37762.01419789643
102068,15314.471992609124
103027,16843.55739830776
79594,25839.773655023844
78290,15247.919959069808
83059,11969.156878836962
94542,19958.765053728497
80450,14431.370496796962
86055,11884.23568389208
77128,17087.483591425065
78459,19639.114087766437
106614,8008.7213685858005
100580,11499.821644997659
79200,18040.481270453307
90988,17439.09528643491
95354,54029.16558398132
95524,19387.367486475192
89514,23388.611978823243
100494,9847.205381566993
80365,27082.215021109816
100498,8639.981569505468
94820,22447.01853755476
95203,12676.630818163048
84845,12317.46986346971
103726,10866.431481250467
78164,8135.936690474242
85894,11117.728410496311
83974,10368.134593856024
100042,7623.27045062764
82641,17493.70372730338
89331,8696.362305056276
104138,19885.733005032365
84136,14530.817473186025
93037,19043.53024248847
88791,10442.189089084264
102077,10202.153335230372
81882,19073.584150872357
98035,10702.396079192891
108194,20187.29521496001
101297,9290.922709226004
98938,14565.50883195414
98486,12075.96261358467
83293,9947.379727938593
96404,14713.999152742535
90115,17100.8216876178
100205,9730.377074538002
81271,17413.943759750713
99430,9733.631303678638
106622,21172.291563646282
80213,22990.789501755597
106624,17217.72392761516
89907,11812.751162526682
92178,14724.448461558315
94849,34705.88281359039
83585,9728.71372376697
85742,9806.034360561534
98510,12513.376748114237
95629,29378.901690517225
86114,11282.723747031494
104028,22134.35213905499
78862,12486.921496045554
100720,15314.471992609124
97302,8356.433190191587
76761,12322.794703735843
97918,23077.964407221316
95704,14087.321710693612
108116,43434.10448594394
101381,11755.733989964854
95542,17319.469342578614
89609,17121.86754185201
79374,10599.664174096803
97399,13807.021784659912
79350,16278.767127743526
101700,11183.202387660871
76556,19021.967625122063
85945,9891.7752578785
92706,22145.809883125836
98698,15126.1067758474
98683,14608.791704705878
95706,28580.607640477592
91170,28146.887275469144
89870,8650.017721035501
105665,22176.922585169832
76774,12750.792135564452
106996,11177.454042657266
100111,16684.21675092542
85146,8408.757512900083
87623,11309.782372484002
106125,15637.25316510706
81146,17617.7874060991
82472,15086.135017383613
106621,14433.258024236635
92229,21619.037918679725
100574,10885.588071798604
93325,22366.29274726351
88820,10484.391815438123
95448,24690.241059258762
94293,10695.618669195608
83682,13965.322375225616
82826,11145.317121106278
78729,14395.046968974677
82431,9891.736738990743
105701,27394.11097741344
90828,18031.036703580663
88782,16607.400089602117
90765,21410.60226203435
89779,13446.298053537435
93973,27738.98999528621
82915,11909.923142626665
107131,15867.672855968363
78143,28731.649216269525
101557,15187.541232592259
81060,18173.694539956337
88032,12926.799106785864
102913,10929.973580918158
84050,9721.379224335995
97797,14706.935840842589
99183,7084.478731004826
81588,23879.382601198256
89819,23397.867098544724
86947,13312.755352017668
107568,27208.408554647107
92085,13543.659440512216
101729,10016.233087447401
89417,12558.549458391897
89797,10074.939881400858
89349,12364.032495135425
86040,9731.80681686491
85454,10654.40646602547
78374,20514.205177831358
84084,9935.87624083311
88370,14024.625537197633
99555,21556.18997433329
91675,76421.23610651631
87112,9163.51524681419
96235,18958.188679861567
98203,9586.73685344147
77675,9895.535001112983
98775,9585.170746052278
81614,28296.01904695044
102391,11913.442911564576
77097,16834.919868110253
80494,27288.938169196277
91050,16860.7093986956
90412,8066.489036049229
106318,14245.376388032764
88976,18288.74176992224
95898,25060.77037161233
107839,22875.223964670266
83737,8230.150967492871
99929,13766.451949553477
85736,11223.076240098622
100856,10532.824150724204
85708,11201.965689289382
90131,16827.92404137049
94568,17966.282227005566
96466,23716.357035528363
100117,13197.420905837713
87585,7527.125271977071
79106,9261.599813623938
80237,25172.67283996781
91302,26921.089451660213
83945,14604.994383112267
80650,25858.614556855973
95104,14180.965119486742
96677,7856.0407242071105
100682,11652.480472027755
94464,17544.299497903903
89293,10448.976495413852
102107,8347.179704307506
92219,28197.41481076253
87853,15792.324737632669
95391,19919.27897239721
102232,9040.971624306032
83035,7845.980185413515
80636,10505.318080848223
105398,20450.750965070703
103291,10532.824150724204
78340,15397.003807019677
107130,12420.966269431132
85694,12049.509046466594
89901,9700.00031742947
101501,15856.940968963958
92797,46910.137512780246
90279,14342.663320910713
92115,27732.173089619264
105910,11874.708565251072
105226,16635.55796124748
94797,24693.133843409807
88857,17384.627518944704
91374,17735.79940754294
106841,18173.85245020026
90283,12408.396398244533
95421,21791.1068465597
102374,6227.902247516491
93581,22771.9713532954
77463,34399.795114879445
94949,22406.910144140133
79220,18680.829089849543
82822,19231.410256464616
107897,8020.271480003215
77398,47671.538437099436
99943,15065.352032967292
101334,8240.476281408735
78664,13513.75803192494
98917,23074.46471260715
98320,12370.406535409753
86414,11988.819222202344
106690,13355.956652897274
103656,10532.824150724204
82816,14558.045955304271
92595,19988.022414683815
89058,9891.46249033774
90981,25667.347356362694
84545,25213.574514291467
85121,10922.7661843147
86786,7989.607155761631
104318,7808.662860269772
101816,9885.042923592931
85525,10998.53609302009
79169,20819.55456889796
90473,8096.92666414827
76459,25554.045238215178
91881,17741.431907882932
76343,12056.33864240242
99475,6373.731481091789
76756,15216.696011270644
105158,7826.76622898002
82355,23035.157510881338
102382,10927.603774840474
102739,10313.37305793033
95595,27698.12139068292
92655,19013.950699962177
93230,19296.417702310257
92502,24184.45108904758
78020,13894.726019252677
76077,12361.708542209777
107845,8354.184374640961
94272,61975.33206094309
89239,13400.276305327141
81657,22197.388277393533
79605,21211.090936671288
92466,20395.37870595447
89062,18998.32150596951
91866,21362.501561730132
87629,7321.537256263823
94495,17747.483375626405
108301,8229.846473646929
97893,10136.470793410104
88636,11673.858384651192
76642,11723.664662221157
97723,10955.109398188548
99689,13819.524189987818
98669,10118.22360050468
107547,30862.222869314734
107324,19739.76464888452
96837,6663.555970640736
87607,11526.758387958731
77412,25314.80458402154
87012,11251.545256493098
106509,21422.888126726903
96290,12598.570780250831
98997,17078.24667512161
80784,14232.86782696405
79231,19713.236219933147
99071,12949.180012378176
95343,67957.57985066927
106067,21220.556236679804
99385,22249.991795100053
108247,27204.084912991344
92030,50397.209267669736
106907,13652.463997880113
83305,10925.81814996417
77537,8540.525117659414
94191,24976.977805473794
106218,12295.323256536318
90895,18594.5646608251
87733,13783.003037158585
85938,10479.599250163117
92778,18486.011551961823
104351,26176.900829593138
98023,27174.79087152829
100496,11716.981544926628
99703,18798.324844346254
97963,8183.352554004247
107514,13744.541877594625
90147,16139.043456511361
78976,13687.84822030322
87951,17381.81853271436
87689,19183.795791936933
95720,22589.935150748344
81362,10015.199592367171
88028,8044.333347241256
101241,17274.245083703157
77282,16333.537373075927
87318,10554.234624103783
95832,12418.085036340022
93146,21546.583187353936
105053,28318.322716024224
106782,23299.63438229541
95641,24614.986867460855
101467,11218.676706171651
78487,18405.70180022592
97221,10287.992277516918
88550,15767.645417161651
102969,12308.369657251234
91727,25240.55063754405
102790,10573.92280309207
90218,13271.767787094344
95243,48520.33493770099
101112,9841.57752164102
85231,10027.388868034757
108368,12285.044976924732
84764,7031.296919629468
104560,20846.667232482596
88854,8471.349055990326
96342,26270.21764675882
97363,14442.479101827594
87222,9891.7752578785
85750,12850.455182425432
99457,12171.590284887152
105834,8096.973817582006
81230,18104.786070025508
89905,8471.64621906965
99107,12638.736480687878
97725,26201.994657750874
103383,10876.387123679644
101881,10656.53487678912
79274,23413.93399833926
106126,14526.080203690275
88014,8069.04394314063
81379,23809.778070959776
76685,9579.837773365354
81756,27951.249577299954
80382,22239.744365194718
87661,11906.935016025056
103160,15092.978355841584
81893,28315.087940599235
103538,11917.587884818824
101780,9614.162908568325
81384,21212.17289298876
106350,26274.968793862143
92907,17837.351749771984
99538,13126.283432263204
79214,19900.163537531203
101909,11329.11310563868
107864,17972.252199002214
100524,10532.824150724204
84466,14428.831832310982
105389,18394.433721145608
95621,17675.247727641945
85294,6860.509041601389
101831,12401.360281785666
104539,19730.87511296886
97418,25556.17358269038
84417,14102.242436035749
87082,8563.321975993691
90484,21261.80940141452
94455,17563.37539306276
88204,12533.018359193513
102964,11963.961918574963
83265,14290.2450744199
79644,26105.414285756215
103662,14639.421775977002
98160,18728.78725298507
86602,19209.508477855354
96773,14476.735512110827
106258,23008.07862143728
93161,21807.343742671485
84913,8108.749529682521
93566,27769.21097715123
99048,11544.83552106853
105009,17078.926489871938
78907,10207.04738469398
86767,12176.038856977575
91280,31632.86434159008
80284,10016.763149265178
90664,15025.682490300353
82570,12418.501122604886
97344,7553.847070985744
107585,17533.001993029287
88462,12286.32639609665
97190,10035.087523184311
105578,7413.454651195423
100275,9954.883185797691
101818,4929.927056701013
96900,12619.886580188275
107149,19850.612625198664
92413,25233.99544953301
79385,23399.93843721946
86389,10633.4820534772
95212,23064.353896357352
76373,16858.554141319557
78959,21680.278813048553
88737,6384.35847164962
92016,29233.20580496047
86224,23440.031827733816
82578,10748.632833517666
97155,10098.037416540035
107701,15451.127640726882
100516,9066.3713171796
100278,17276.171870948587
88637,14809.881464314552
82527,10479.599250163117
84753,8220.730144497733
103714,11911.219331471602
100322,15187.541232592259
86770,10413.85205409473
81754,28383.84929060754
88214,10863.224051421901
104113,13555.697762270409
104421,13916.27684417899
97736,8362.108204288588
103535,8819.804134716576
83206,14967.5603311693
106330,10395.242917171243
102339,13447.58711980527
87709,10808.93620147863
76492,19453.155939990418
77728,18149.123518112992
80481,20824.327710835507
103158,13260.2812093027
88892,12830.130645541361
100388,10538.579466984236
92082,24431.966303728645
81236,23035.157510881338
77042,11354.3114821434
91157,24403.514768231085
84392,14974.424591298352
93436,25627.209413134424
106487,23895.058516095665
76638,10828.241154624395
100756,16220.245151719788
89769,8284.515877880809
107047,24281.229921671318
107482,15455.773174995973
77672,46056.51327451141
88137,9174.558226714711
94234,42925.32870631619
100690,10046.022516739225
104730,16801.703627798266
80889,42555.87887823054
83038,7441.727607177876
78952,9761.260628590051
108324,23235.818506406977
89723,14215.714842118667
84963,9442.583053311902
82834,14998.016916823848
84141,12333.428398350978
94870,30217.44849836078
97980,17652.438456906493
84101,10358.568447213309
103187,9843.21220162966
89617,14759.5883980788
107178,9611.178205128594
92448,24644.17485283965
105739,10212.508218022425
94934,18760.81105449519
106422,8066.489036049229
84357,8980.985471263553
81219,18109.924645179497
96165,11589.069833339869
89437,10068.70844084164
107434,23787.15450463586
104751,12917.386985596828
79869,43913.21056743906
108255,19739.76464888452
93706,17170.300587099468
77694,19889.242685424982
106112,35104.15681625279
79750,22529.346568742494
92715,25855.642408549906
91183,26024.376501899806
104425,14392.302758792694
91695,16929.530624973282
107783,20491.8256946491
80023,26270.21764675882
106551,10626.565099973128
88253,23623.916881269502
89867,17314.55341013046
83678,15922.935840777303
105660,19381.687231643533
88202,10068.910809851413
95119,26784.12474926763
108260,12323.234349018934
83078,7753.697399358089
82345,22999.141787642307
83217,8463.340989342989
87850,12660.695922351395
81035,33612.7056939773
79575,28347.350583539686
91737,17738.392473548178
87829,13470.500665349711
83729,11250.598072544097
85611,14099.39464852357
98402,9550.283066605505
92385,14411.362686907543
86408,12512.145485510417
86059,18630.05862337957
95741,41529.78406513962
86739,9463.90511379436
78929,22836.529745465978
83842,7718.811478011646
87907,10343.037193929164
88079,17971.101056226045
85643,11567.892398326097
81382,18161.701696764085
83493,9027.356164671528
93460,35577.478831571105
80412,25816.47862388538
88171,8359.396932199894
99783,15086.987076095958
102777,11644.344556805963
80663,23403.552779469093
77531,10354.533466206873
86865,17920.513795900995
78461,18887.89780155829
107352,23026.514467480316
94120,11998.243259041119
79496,21540.62208249562
80515,35209.8091031469
91344,42763.6601500602
79373,26244.102897737044
96220,9224.254910595842
93246,48871.60468775528
106908,9493.544423517307
78245,34938.39709971239
94731,16468.942576478374
90402,7984.177243675197
76206,47696.21978492075
98559,11135.486055046105
88796,13078.315521798944
85816,15882.7932708485
92649,27519.05134361457
101935,9711.862224756454
105463,18740.717659278234
87365,10298.614088363622
95227,27713.208168636374
93234,12116.32172697408
85937,18114.52871110869
101266,11356.559890060806
99571,11666.70874076885
85700,6374.252460813148
107102,12075.003220008948
89204,7673.3047092400575
107013,8203.0259059364
89174,13808.448978028531
105413,16931.628409752157
97676,7470.102997507713
97236,8295.563385874366
103159,17276.171870948587
86515,11542.713029228358
95748,18414.791658245194
103941,13602.720286217635
86393,14220.151140811306
100154,9185.017537708778
96775,13891.175653055228
85975,13345.818070651501
80620,17948.731166203277
91545,19463.664189526167
90512,9940.993787796047
98423,14565.50883195414
98191,11684.918592361511
92713,48029.29402715374
106242,18435.211832900433
96941,10296.46261605716
91711,18032.27236083348
93194,20163.79614733105
84431,19196.809431814327
106092,13928.704364756908
77699,7052.8372869245095
107042,21756.891095450803
94581,98544.40775912552
94719,28894.9344758263
103203,11240.618653632691
90527,14639.027923296802
105553,8404.35051507536
86257,11199.267040325689
108539,7462.952673510713
80580,18189.93280438066
100564,8806.410055822596
107330,15636.70821257817
91726,19677.343239507012
102084,13351.667820683848
87088,10520.796320715193
106757,34221.750856736566
77040,11082.395314228612
83253,10398.808302648296
87231,8202.76635679585
86913,6797.5944048556885
100372,7091.027060048032
104194,27523.218397863508
91979,12678.63443808705
82139,13845.062485277844
82434,10151.896201434613
95418,22655.860961078055
76862,26172.80304238084
76939,10563.899078199836
86454,17112.96623622953
98632,21564.335341887134
77936,26270.21764675882
85823,8797.610027868108
88035,12605.822056358807
90469,8189.027568101249
77882,26291.446107319214
91663,18140.4025547815
84326,22161.879285529936
107834,11594.471287877326
102220,13459.142895351817
105246,10390.732315502313
107828,24905.183393743224
78808,12409.676825793551
87428,12534.63852092561
83186,9126.77751478333
83578,15311.01527503004
76948,14738.876768739883
78241,11899.554801994895
79743,52085.59735744845
105523,8341.575263589013
90957,9154.156426064366
100382,10552.31424020435
76105,13222.192849986675
86104,10144.415913019748
101922,11963.973148272633
76554,15295.849204592669
106985,22660.447638233476
85689,11583.464376405353
85008,15673.3379738833
91965,17376.327165916187
76366,28491.819837519604
86191,14702.937104930097
99663,8356.433190191587
96285,10289.587843305493
104099,16335.26811929458
99056,12354.829631368888
84374,11294.595799597393
106354,25197.330269991537
93698,42778.39164839354
96634,9376.744140323504
84156,11134.86812244901
108084,22971.783337616613
87399,11951.894380128953
105466,23406.29142460042
80586,29667.62935446611
92580,10729.559391782115
101845,7091.027060048032
84566,11081.37109824716
90141,10037.754182512894
108378,10729.578895562005
98277,7674.540769469779
95092,31852.75505517217
104064,23086.78356137595
107637,8626.589033419556
97365,15801.231175867277
96955,10380.148779677134
95760,13094.147272138971
95872,24599.527835486526
96240,17356.779431096365
88163,16201.061630427683
100611,18458.715438483774
78881,20822.24023009787
101061,12958.339641152586
107426,11597.707315399424
84044,12416.081200860288
104552,6781.172273952632
94780,10004.834047149665
91863,67950.22065593861
100864,8643.238492470251
81237,20154.098026972042
82136,12183.134248961052
95905,13827.545439113623
106384,7031.684285048604
104293,19723.254834542367
81454,22450.08535941786
107302,17657.721235730565
104291,14821.001010112892
82868,17333.179358879137
97858,10392.65328718774
105855,17353.773322374265
93166,17094.19504215219
94741,25045.390393469163
90290,12852.812050427323
89573,9794.785944496829
78623,9284.775410087004
98815,15086.987076095958
108391,10450.971779997713
84762,10459.880567582908
91318,21572.867624633123
79163,17370.509950525793
95977,19251.740633700934
85867,10116.418611838279
88322,8385.82709673226
79623,21865.65649359732
98269,8650.017721035501
99650,12009.592696280886
107902,9889.577752794148
105941,9341.369349454753
81949,16536.59020409623
79343,29705.56892354381
107578,16005.891793405466
99489,7148.4999843720525
85577,22327.14473730539
96815,10169.379694792506
101625,15314.471992609124
77737,10731.11565649431
104092,31071.607273851205
100181,11251.965709454984
104928,6766.616353287975
98913,8356.433190191587
91602,28600.340187858226
83876,20066.94267028431
89307,11255.02843602679
94093,28862.492273374548
90665,12149.925581541012
89424,15093.33233076671
89966,14279.180831019949
87512,13820.947427938345
93925,17493.70372730338
92819,42778.39164839354
93100,27501.97181162386
84387,11947.748302258477
102337,11275.798783034063
96351,8679.08560182907
84790,12644.81175609332
82257,10501.95338460781
99957,15303.136810413527
88917,12612.80642130731
95068,24333.590042366708
84509,12498.02533361197
91624,25180.47059096718
97851,11223.780705765812
88699,16577.399266208282
100216,9712.739844783082
103752,18135.596151893165
86444,15247.061696562037
96692,15842.356278604313
99855,10139.339863690704
80299,23399.93843721946
106960,7934.351775134126
97471,20208.791031461566
84560,6761.84411314291
102670,10264.54269892815
89279,8471.349055990326
101965,15040.193564244446
97569,9463.081829888546
79614,26102.968224060023
91772,26783.951145188814
85007,11657.28080838912
106561,18432.634242440996
75994,26043.645875696206
79691,23413.93399833926
89364,16470.840233739484
78875,12552.907824041748
107066,30916.223803297187
81507,25856.698830632085
95249,22186.216114640272
87015,10028.334656442094
91324,17480.892810404053
76752,7036.1281822647215
102171,13940.594488068116
101910,14345.01316262088
103619,12275.981681933168
100128,11148.905616552349
79404,23025.465760108793
93180,25079.00877206892
98208,14605.897140890698
79595,21966.473510652326
80232,23120.412915695164
80698,23074.68680832737
77442,8249.334421033389
89295,10481.507583492456
107982,7527.125271977071
104260,8024.256683372629
107081,7033.3799992110835
84397,19807.595706371947
76341,7688.144159947946
105837,22710.148164347684
87758,15005.080228723797
89085,10603.528078899655
85464,6965.868997528466
108404,10614.412325181866
87357,7776.730013326188
96567,14395.046968974677
106723,7408.149548008363
102198,8376.185722698463
97673,13100.287039234157
94078,15212.3152188955
107507,9472.206212259975
97681,8194.127600690537
80033,9932.607982507167
86656,13390.806613731207
77797,12424.396334137875
107699,22276.465086379652
86945,11169.60435519227
105222,6351.0417890753015
104904,10921.488280171237
79731,10441.28068165197
79205,23908.658799653258
94275,42761.23179475894
83219,9052.885180185522
93926,25091.7597210769
77804,17482.47619538377
84512,14713.999152742535
77215,10599.448982216545
95226,25806.477151617953
102992,7102.951403417519
98108,12384.639248379086
80629,13548.694521943908
98788,15539.775948909271
84971,11230.39007078278
97484,9763.144615872467
87887,10636.176598646598
104294,44034.445910059505
84316,8332.924234980946
105685,19019.279605320506
84866,6687.624355334417
108412,27247.78247897132
83463,16174.042645077116
105005,16737.470338394174
94134,32866.88655902052
87832,8468.644022061706
106089,9468.933902736377
90745,9696.139270383297
93579,8377.445222584696
77750,31069.081910706114
101618,4926.868249385187
101148,11854.903812493572
91084,18483.708621242884
87106,13956.194007453787
89045,8364.139494391084
100365,11295.391174111606
107100,17778.963744031127
89836,15092.453079055293
90463,18712.020542218874
95908,23886.207986669375
105700,8302.255425181193
93105,24754.592251287206
83244,16149.982345263215
97603,15296.210251550716
93616,24692.175056056232
94245,21550.473429015197
90752,16289.764989953253
99594,12372.09195162305
93068,28609.078516758014
88443,11367.190544562853
92592,22769.265531542187
99796,10130.172532406135
101588,8240.617880243524
89633,16088.409464598026
99577,15383.653223858084
97165,6663.555970640736
95686,13383.212337071529
79266,22145.516447181126
76351,18997.82037460118
87457,8737.05684631751
90220,14759.5883980788
87855,8277.75963843398
79818,20241.420179280114
91024,24020.41939703133
97908,15126.1067758474
101556,10871.067235991586
89750,9545.449719565075
107781,17700.041591568373
94151,8523.800289028562
103214,12043.40841747194
89012,9283.478838443074
80997,14284.676267300863
90002,12922.641586810745
88243,13016.69170425677
77631,14692.146712565462
76185,33807.05097927431
102767,16479.02194028292
96776,23586.148169801934
107630,8066.174801857009
97550,10853.68969559231
91871,15923.438681528494
84499,13709.988993963212
94523,23544.765652756883
95467,22763.03664923019
91735,17661.768093713912
89874,14263.606260163844
90168,11549.275832236164
76765,8663.561183979695
92590,21807.343742671485
100529,7715.484153327055
99330,9577.487460666553
92566,24973.360664843683
85303,15889.609459854235
108401,11965.631784175306
107621,8056.981399845634
80471,18700.38582484816
85478,11592.627145124221
78386,18997.82037460118
105016,17234.94049278989
76807,13351.976735984825
85036,7800.72535016506
85428,11941.469616470376
85783,8647.306448946809
88510,10853.420611343807
89262,20056.400671128384
89136,11630.09000600342
77193,43721.158778579374
88928,7820.719044529079
85930,13389.471013159482
93387,24592.543845850243
87348,11330.121962495321
106766,11116.07607410191
94358,16354.10852790359
81582,14643.099647354062
87880,11517.131081500684
80554,34212.21849513594
103295,10551.567014946817
86265,7882.858280725577
85650,6860.509041601389
78496,9523.090718322774
90155,6929.948523374703
108366,17990.9519569942
95435,14290.2450744199
83433,14237.400300376014
97917,15273.242153399497
80755,16322.770518965295
106070,8066.489036049229
80354,19488.126140160075
98453,11594.150794618436
100106,10936.827898070957
90408,21266.723407744346
83615,17926.434517551883
82425,15515.803280273669
101993,10534.398687751169
94522,20701.790671164414
84782,10633.4820534772
108223,16137.769945467582
96160,8650.017721035501
98432,15267.248048402096
105363,11122.905972879546
100535,7492.226067253827
86591,7088.61128856415
104667,18169.44573503599
90913,19212.91094523082
88935,14445.225710928502
104570,13270.164616645623
83610,12850.455182425432
92006,8192.17312905434
86169,18288.74176992224
82827,10037.373092341897
86592,10812.979884075317
87212,11036.84883491159
97120,13915.43493954
77359,12450.030081653736
104752,18435.211832900433
97296,4957.922228737918
76528,17793.862520176506
94678,18145.835939587017
92677,16622.572728887164
79068,17248.254319415177
79258,14116.065197859118
85903,23988.128190664134
85139,13531.18731750862
93427,17692.59778294784
83820,9872.056575298293
77286,23584.452956233512
99210,7336.93075030952
87068,10368.134593856024
83423,7230.308331526216
104277,13552.67657200267
90679,14941.922307091563
87218,14569.187077909424
85604,10603.528078899655
81045,27389.03006790128
99525,9793.857894455554
102332,10629.356600850524
81248,24121.137460961683
94626,31894.625519754773
102031,7818.259391555696
99240,18798.324844346254
104198,7405.519456661584
103296,6365.879492002668
105530,20850.20293619923
77830,9042.255633495117
107707,43581.02599417987
99875,44163.56760189227
107727,9401.458271894042
86279,11372.710047312454
78738,17284.54684880959
77514,12121.841554693237
83235,10461.788900912246
96964,9328.164030846556
95157,23886.207986669375
84407,10093.200710358402
107930,14304.704236960804
100103,15314.471992609124
97895,14692.524009963989
96823,23263.84659542041
85448,11255.02843602679
99246,14384.944789827521
100586,15231.003002037221
84536,8956.62487648016
79744,12499.847034443526
89433,7088.683065972222
93466,15715.40292896125
80628,36614.82661842358
105144,27347.062555055305
87407,11210.358507435862
106295,27393.844079604674
84239,17280.003968428668
89362,11961.797392310047
85099,9891.736738990743
88071,7142.789144738183
87696,10479.599250163117
102512,13476.684719830824
95911,24676.349098908915
85069,8177.290959199395
77710,21723.33794631681
106234,14328.444390684726
96338,9709.671858922335
76534,27539.163565547755
91330,10600.251781098048
99229,14315.211066034632
79318,14508.137364916467
87465,14431.049529381167
85327,18145.538490135717
85601,17610.911903744774
84287,18134.10242361441
99523,13282.032634143936
85692,8411.382699105992
101573,9130.216722052535
97295,10824.250061381344
106567,11764.240622727859
76031,6116.715256624756
96219,21668.94131734609
103153,10885.588071798604
91126,25233.99544953301
106188,25627.187027897202
79174,12767.482881715572
102013,11710.981009055726
104603,13346.920634169335
94006,23790.937707496338
108326,12043.713373670476
78483,23630.448809999474
85801,15797.646151664874
93295,22419.127321313885
107744,12892.762539398962
100171,7433.797189872481
106558,8995.870285587745
100806,10917.73925605335
87732,15244.939152190502
96227,30916.223803297187
92111,19927.752626219288
86147,10804.578918026076
89519,14279.180831019949
95271,24560.83501801452
95264,26970.121130716012
102294,15314.471992609124
81966,14777.697178908558
103012,15612.18641799498
106989,15110.980134515503
96772,17402.738106907214
102972,8817.230521435256
96306,30582.147027750052
108418,24555.22224232291
78045,9065.124998144229
88095,23232.68100727607
107561,19723.254834542367
81795,10270.35619767122
106736,19627.24347904588
89308,22696.248129176358
92852,26874.664181138978
79486,17502.877741489105
102942,11488.79550103916
104342,12081.278603116118
92242,31643.991665184858
107000,16366.593147167865
101869,11711.075820083865
103744,9032.77559637403
92316,18312.518322401047
100386,10885.588071798604
93123,38215.15511645051
79755,23737.719315967344
103598,14446.27834006522
85309,14562.985706692063
99062,6970.406340002182
106747,23026.916020257555
86675,21848.52060853009
78833,14440.656622354707
77194,14934.658900049393
100977,11826.174748297484
80837,18685.351436195484
89253,19210.026140651367
99368,11371.821382549682
82058,17388.09190989317
88519,15632.343112837945
91242,27761.443682554032
80897,24618.24603583724
80505,14190.349379009864
77645,26270.21764675882
100818,13197.992928276353
101021,8444.551625919124
80028,34389.73581670888
105669,15791.78901894679
105092,6650.313505391836
85973,11132.683365156501
101110,19375.35520429491
87926,19197.672057255968
102411,15329.996948629478
86210,13013.369454502306
106999,9795.868220193452
86228,11395.44231124381
89278,12511.678892477394
85460,11211.641921508945
100527,6647.006581473175
88852,10351.57180184037
105762,16255.344335639602
100149,15905.984645223729
80290,18693.510108035767
85953,7820.300053310491
81492,15577.842046091344
76831,13379.416755236956
106123,17712.131456862502
81945,33381.53296915231
96796,25908.125255393697
83848,18492.896903564753
76568,19989.644125863706
84777,7096.358294942708
85159,11623.991120943585
86943,10479.599250163117
85719,10843.758052325125
90325,6321.297268702313
102061,10912.139980844613
77924,18983.004071958145
85093,8685.514249444219
101892,15350.226762536882
100848,11269.222473665859
98725,30469.038371516162
83883,7788.685409458712
90754,8362.108204288588
83803,7024.149237015352
78486,12176.950888217749
82705,10492.22880474109
81532,22484.932348924653
108285,25746.13440554555
83833,10940.887373597714
98263,18618.97388319854
87000,14491.345123739335
80673,25955.37056544771
78206,27169.56932339479
105718,7558.514602137528
93533,22552.57938579861
92133,24960.3196439154
91065,22739.056687355256
87899,23304.974126520712
98017,19157.688593924762
99570,11584.905043864293
85188,15400.780658132531
101319,8538.213291183318
100142,11127.231588868677
100019,8039.972209808225
96598,10386.848197548998
81397,21119.0398294587
89238,22998.240528878494
95758,17769.34958354207
91540,12825.463298099838
88474,9323.055734787706
83465,14272.983577830224
103092,12994.817008813192
84968,13809.523172132707
77523,18997.82037460118
93366,35027.06710377482
90815,17955.587761674993
86902,10603.528078899655
98479,7829.261678435473
81068,46776.376945202246
93005,12111.901614959275
79216,22712.24790541237
87027,11998.727025548978
97332,14717.086232535428
76700,24896.082921137735
92098,21786.01402498036
90564,14736.23191802651
85106,21367.33087299067
107907,20724.87765792868
84142,7333.588278727965
76304,26877.05863211907
83000,10443.666931801437
89782,12969.852902560144
76184,6996.415316230179
107539,10118.860522922992
78236,31126.52648641437
82316,20403.145567495165
106526,8682.277229460915
94138,20198.180408719887
87340,13756.679947130382
79516,19527.022992307226
77411,19647.67026989623
86680,9891.46249033774
95225,15688.2067650055
92224,27383.21201642406
94791,18358.98964759394
102989,10929.973580918158
80765,18640.820284821384
85393,23300.116897022606
104860,17453.165604072175
102484,13372.429364450949
103672,11725.49006022028
82448,13687.304244914383
85479,11911.86124688474
94775,26976.11449039998
98729,21556.18997433329
76893,17412.04241402759
88144,10243.5163396656
92369,12917.572503745567
80841,20960.22623319637
76791,15354.220086012025
91845,17090.83310145011
86949,10459.880567582908
103913,15354.563825882986
85869,10479.912017703879
76426,13120.415738502226
85214,21565.90742038191
95332,21791.1068465597
85821,15951.353539748994
79430,20413.288408930763
104573,9890.026457927886
105788,14418.783794918347
104867,9660.951144724919
106367,27471.795822003576
108241,15451.127640726882
76913,37933.889947781725
78712,31631.37243342269
87769,10112.65739706016
80169,19260.42109472772
102028,14001.693331060973
102001,12049.331619554578
107798,43441.04121480593
80044,43693.64428553673
93757,17276.07521013418
104233,22917.179663939653
84195,11192.892000648291
84096,10105.711541713961
82336,18126.428491138275
90423,21410.781843852183
81769,17526.37830619627
79650,15496.767436190825
84837,19209.508477855354
106303,12289.105887094782
98551,23822.38245766327
100452,10551.567014946817
81161,22712.665410121237
101116,8550.101020618604
93465,22252.795762224177
92749,37802.406958391315
86281,15286.321593227525
95586,11728.481681886453
78235,22113.913320681055
102754,9709.984626463094
100017,8650.677970397108
102637,17018.381900630913
98192,14380.982979631843
96683,22508.57831859364
103968,11950.522240976437
89159,22173.623331988594
77752,12121.841554693237
78526,20822.24023009787
108387,20426.725601532908
78659,19814.457288572437
77013,22643.347228268067
106480,13714.14619352925
93920,23682.913843204704
92912,18282.10952964954
79044,46974.09784907116
96831,4957.922228737918
83502,10091.46377812309
99420,6561.469697791575
93785,12173.968672199328
83739,22065.532426843525
87018,19264.524776504357
93773,24716.486001320027
101674,9816.842985316272
91655,25360.68807263588
104412,6496.622066718061
91636,24608.43167944981
91101,17163.693167001507
102437,11286.517875408226
96958,10381.227714795994
83934,8683.375648239782
83372,18213.461473906318
107296,17171.373825344235
104909,19739.76464888452
103886,10298.797918294827
98858,10115.28944307105
86276,10954.849156762612
98148,14896.055455974474
107294,22760.36461983805
81812,35282.457326534204
77997,14175.400757953581
104626,9794.772890203561
102424,10361.9016466534
84992,15796.116827391548
86867,7057.8258972603735
93370,23653.640282263463
90804,18258.703159796034
76001,10252.356906635512
85691,11806.224277637608
76328,32365.939283404234
79143,12465.779255109417
91356,14023.870487040469
93553,18472.822030663312
93673,19150.874716453636
108239,10257.964836163734
99923,11832.622319250215
81616,23413.93399833926
94433,24294.40750595291
99985,13962.840378310228
79648,34492.84484193979
91423,36198.490692456435
96581,14706.935840842589
93321,53738.340097238884
89736,14736.23191802651
82722,10771.804455689582
76093,30155.90950857814
82767,10409.689444849817
101615,15314.471992609124
96585,10287.992277516918
81552,17566.74805345987
89656,15720.108025092179
76301,12448.447788390484
80683,47461.688612576014
95638,15914.93233859561
78343,14985.700560102487
81495,23233.987955532124
78517,12004.193523284748
91764,16288.924248844196
87050,22802.171332223996
102877,15093.256430261847
86844,10426.947795957756
94535,13526.901854902677
80871,13152.745347435819
81126,10867.441334221263
77182,17615.65763337612
89335,14120.559829846341
99612,8709.119339830317
89041,10776.674269050549
104165,12521.334778705395
79096,18880.25801683984
76051,17976.803720632524
99599,14510.512071117519
107763,20441.861429155044
106646,10590.049070345103
88985,15284.760379508152
107109,26178.290259263988
85110,16941.0601828257
96907,14482.494987104315
106806,12448.313642448367
105409,10194.981192450234
105449,17149.93861959139
104042,20883.33402046794
101299,11912.480318810338
102434,15551.953374741748
96363,11598.315584094013
93918,9829.390599502147
80842,44991.03995216911
91578,19296.59097943258
90458,23875.651306685624
82186,17514.67957504292
99767,7673.3047092400575
96898,30916.223803297187
77755,16016.014648619454
82958,13808.448978028531
89248,8263.830188623284
93452,12152.675378787622
81517,10498.782704381432
77919,20901.346891834502
97110,15739.052427778604
107317,8024.256683372629
106102,8056.981399845634
93034,24678.827144867377
103446,10905.649430781219
82762,23615.856443622677
77365,17997.24266918224
86634,11204.887523078694
93109,29430.16250939271
96094,7803.570827069026
108191,14396.142346175828
82667,11985.862854682524
87953,11408.125931913271
79188,31248.05254646165
84962,10755.91407381205
88377,10463.385614381648
85942,11988.823239488553
88278,15212.685867823398
77743,15568.3624004982
98341,11331.334803168875
101197,6547.261509020975
102838,13533.367983222675
86885,10263.03370995729
87648,17418.946504263287
78995,17210.687798553623
81374,18867.026558134454
83829,10479.599250163117
86073,16049.6538421398
82848,9464.507862832757
101727,14446.452078635719
89929,8807.22973378026
108534,11108.936262291481
80592,26027.052569290045
96292,11587.070303560926
102569,11449.129422650249
84692,14945.385959148742
84531,10121.768902427952
100173,8689.242888307217
90263,11227.372016982883
88489,10697.794062387433
83941,22327.14473730539
96621,14411.283307847718
88427,12151.938696790003
86625,11378.239173368074
82798,16803.161232761533
86084,4570.654309381233
93058,26784.12474926763
98527,8709.119339830317
99786,12368.788797080368
84132,9891.7752578785
101160,8332.356279865675
80396,35863.155666685525
88132,16130.612391423174
82835,17709.99877174075
82959,12749.629029500962
97225,21805.420962085725
85463,15263.152832010084
96733,10287.992277516918
91820,12043.619281193989
105870,22742.63045602308
83255,13389.471013159482
78899,15484.535975647608
99812,14982.56915396711
85798,10700.118147227222
85452,10430.616259796014
84706,17073.39238774176
104289,22915.126003121848
94785,13545.715700018725
96707,12482.397965427377
92847,26550.10053846939
96054,14013.241969184272
77986,60950.00329643876
103435,8452.163298036245
97008,14749.2111214148
81650,26099.46852944585
76920,18996.0562452635
100479,17592.46454472019
78120,8592.16087937718
84761,6725.082029924976
95062,24096.81458872665
83102,6632.365676075806
103872,8433.628291269328
103816,16056.853417642567
85672,8044.333347241256
102125,12496.728489962246
86928,18325.028988234808
82814,12875.024791056532
93167,23735.955181066292
97674,9395.226526210394
107400,27804.265765087817
92669,12520.596584019715
78046,19829.87293912498
85703,17384.627518944704
104265,18303.71437470009
107786,13241.640535802646
83707,17303.295236468195
76858,21499.424039342666
94147,20391.78397975297
87307,19195.61677431756
90594,18046.96145854422
91305,25180.47059096718
83302,10326.055643926673
86173,18425.180718249092
95811,21149.358579057476
79868,16931.232174631536
105265,14526.144030707557
107009,7743.4434517044965
107281,19491.646892229146
98848,14325.483200679899
84222,15245.655193543433
98808,23055.14976284015
94002,25233.99544953301
83985,16288.828246643994
107772,17857.33792217657
86564,10807.615404274236
105241,14765.102941316525
101060,11758.754742357645
104362,20517.56263041567
77441,9647.884291912915
92827,24619.943645747346
86523,14591.096975907489
78695,28832.49485049711
81392,17936.844678657384
104823,26274.968793862143
93521,25863.509515490052
107098,16262.025927915533
106011,24659.054092380546
97032,7824.869042651471
88646,11791.586557993289
82014,26099.46852944585
88034,11931.966871501383
90561,14703.580844213797
107888,12311.328367925289
106249,11997.731635428392
94608,22447.01853755476
78134,17957.588712645167
92898,32477.010564742315
97031,12161.924071862162
85220,12434.137081711593
104973,25241.178660813126
104081,8404.35051507536
89865,8356.433190191587
91706,10729.559391782115
86089,14598.38656417711
98736,14620.403995806191
83238,10326.055643926673
104237,27667.339819794353
106990,9407.314958086898
93432,26414.645576022012
85280,17998.520298551273
79909,18034.824284495666
87698,12349.637371686627
106059,24450.87913114707
91016,17653.191241030592
80180,20278.634146054563
90006,10626.872484071722
78122,20931.949358248155
99672,9550.557315258508
102297,10871.258996125332
76047,10359.483130859775
106296,15731.782354943804
79989,28303.61972858806
100843,9974.678680750532
89014,15927.16880037979
90568,20446.355965545987
79905,21891.868881191458
90643,19426.31327604558
100729,10986.10021117777
97084,12258.823858139076
100984,12720.285384193105
91475,24676.349098908915
105531,16061.678540768795
78482,10101.61160009452
83254,13400.276305327141
85217,8622.330413247162
102974,11917.587884818824
80040,26041.186153113587
96077,13069.736963025529
89073,10303.179703845244
79118,26088.04756102175
107565,9890.026457927886
93486,17665.379468053223
84670,19684.847315407656
81104,19006.526853307896
97867,17877.659519543322
92897,15401.149743096717
96592,14759.36151310764
97864,11587.345825252982
83369,9476.876259511682
100471,11848.784053615816
87533,11722.937793692246
93111,18486.011551961823
99979,11932.67238306692
103340,11936.101815995418
104434,16662.43693969907
78515,14194.601560184292
82046,40905.44159028343
100572,13171.22978505918
96382,12586.728957392228
97575,7560.382244785988
76210,25455.306641637377
96628,14935.903651501972
98232,10118.22360050468
92457,25171.236779707295
103665,13991.313841080777
107838,14571.100940438866
81165,19050.529850301333
97719,44523.830339390224
80739,14379.846623945015
77593,9510.034419877127
84766,15045.51346943954
97274,10114.79445071259
77281,9963.448782564756
90347,8321.719270799436
77555,13696.566315321785
103246,11697.631254722168
78404,26088.04756102175
107745,19220.661901849686
77017,9796.875307957527
107995,13143.771255669464
80982,22511.99531692612
93844,49392.60707564966
83606,12080.610741141812
86904,12556.59896843004
102616,11781.925415829677
81768,28347.350583539686
81464,14555.28515242626
103309,9102.452630939326
92975,24783.11844864784
96156,16626.120862474483
87770,11358.164786274308
99632,15661.265013345397
89924,8656.827981858429
77573,16977.14444455446
102968,13451.418044141266
77822,15824.597168436734
77725,11840.878556172112
100787,11141.85437477871
78013,27412.589129638625
94440,23818.967119496552
83938,24871.339889753966
81204,20651.45845044596
76519,28822.852416218055
82172,28315.087940599235
103592,8352.072052758554
102003,8493.135039186445
104259,15496.809148574572
81120,17191.96732006655
106207,9890.026457927886
86710,10088.58923522027
94024,49958.0585853337
88164,11182.938974732717
86667,12626.553018996088
98371,14880.135482617237
102344,18455.004379920374
83142,12616.436256817226
92532,24003.580646572296
98345,9003.4575175899
94565,17294.910078934186
106223,10058.802831922787
104831,26296.197254422532
96144,8301.000771060708
106634,16275.947798923275
90623,7803.2981410622315
91275,24726.183668712783
91547,14576.53083753093
86390,10056.064809764457
101986,8500.764320098102
102994,10897.577410640386
85291,10697.794062387433
97430,11587.345825252982
106209,19695.881159423523
94798,85638.11749752547
104565,8567.53108816196
93679,14898.792386365716
93960,25240.55063754405
90063,8141.715883207897
80038,30862.222869314734
106513,11695.401657734736
77267,23166.85549561465
91539,24958.902693637476
77973,36429.3696961089
95999,10381.227714795994
78036,21499.424039342666
106191,9582.321343491521
77480,14681.907819398275
82656,9240.171915891542
93916,17401.208782633887
95975,21885.655226805993
81550,16030.251436669534
103221,13791.897890423426
84062,13574.447997731892
81584,15900.280133174492
99564,12877.27649805207
100276,10141.847516327009
81308,17568.01935635469
85519,12349.637371686627
80114,21014.224418174243
83911,13334.012670549506
101879,10885.588071798604
106626,8477.4545695221
89009,12324.958059810737
81989,39076.423380662134
88197,10898.214938230378
93592,28197.41481076253
103290,11848.784053615816
96988,10607.601600643184
106777,23280.251455185662
88922,24080.022353416207
78224,16599.936460104436
79643,21721.492502408182
100066,10532.824150724204
99132,7788.685409458712
100610,11130.376549476543
89409,15418.272332007855
105675,21574.0999147322
93304,24711.621726062498
87662,8782.319681882087
99433,8465.84765169648
100011,10058.738463673757
95327,24800.106023776796
90169,13912.014431634321
103978,10920.062917351792
95238,26616.800054917774
96242,12350.405973729507
107917,11015.268482547044
92639,19426.88181269283
88936,19767.349445842967
102923,14158.71716011003
87883,15451.688009742498
82670,15730.580726357963
104229,26734.907968756568
82031,20751.984753597084
94197,24091.26266626376
93921,21362.501561730132
96030,30916.223803297187
106335,8179.269674087965
80671,15058.350857401887
86723,27721.586467926063
79293,27107.1121039986
97549,21805.420962085725
91837,17979.321527363743
86437,16218.070212552364
107577,23426.140966984636
88419,10084.613627203287
80746,45920.56881946254
82548,13400.276305327141
102711,11952.057159499656
80682,22156.11708261666
93204,28534.62112673835
99582,17230.642476468704
93195,29331.2169821604
89626,25613.177934180494
84713,6610.242929478173
103182,15065.352032967292
96954,20555.428747529713
81758,21314.404737965717
91938,14127.015315544046
92961,14061.426161885143
89533,23000.984239037687
86243,12172.946275403185
104482,16600.764485621643
83198,10136.686164597972
78284,10208.930174054049
101133,13095.60107406986
94339,21807.343742671485
88631,8403.972085982103
84364,14732.693302146186
104341,14482.494987104315
84650,10188.298849431258
91140,23488.151055336817
88889,12387.211075528117
98085,11814.301049178195
78796,11840.878556172112
80524,25414.54383433453
81309,7049.422055068124
87410,14445.225710928502
96810,4420.118670323592
89982,15850.256331037812
87326,9797.295261654663
79722,16358.97402240143
86367,11367.190544562853
105368,22334.89473782599
92505,23410.874927407916
103000,13358.961502018074
85052,10422.986466032075
76497,47624.79112332938
105312,22654.182885730213
89705,12607.01668006123
104999,22401.79332871947
107876,26274.968793862143
76095,19847.023621994507
96723,23603.90402472941
91593,27335.90854380627
85772,23253.55576871078
107199,9930.697097721555
78256,47696.21978492075
78275,26270.21764675882
87582,22414.194292570668
104231,10155.06268244571
90265,14339.992140895834
81793,17948.60546159135
90526,13472.261771768019
99086,9759.31086536241
92743,22094.135606664513
95412,14004.489212474025
91146,26327.616474994953
95923,17925.823468345934
76021,15927.635642791029
92858,15459.310220166753
90984,33875.0221169195
79158,9926.84839123451
90318,13450.300423817514
91747,17737.07071043776
96641,10181.639820055318
76202,12039.265282801292
101040,13358.961502018074
78797,27207.474227719224
84745,16077.65251642075
76942,12324.423445554554
78980,23630.448809999474
96662,11488.96597951534
107813,26104.21967654917
93431,21901.951353533685
86915,12856.771596815423
105102,30916.223803297187
104447,16989.26712823916
83183,14395.046968974677
78917,9786.546655392745
99336,7223.90957709903
86883,10709.951216661968
104155,12670.790347446316
89989,14561.423070434917
80406,22667.523058737777
103151,13190.117279648872
101077,14329.990597033895
80134,22979.446735187397
79090,23862.226318948397
93482,52246.77970463189
87205,18115.746571015898
81295,43859.905798275824
89726,11638.307576261082
107842,6445.706676820627
100351,10885.588071798604
78392,18942.39715910162
106503,11580.66989418617
103982,9695.783776504053
89276,7649.089047718662
83143,12855.193401098652
106521,20446.930046672922
100841,9424.554876646285
76990,8374.891290453534
108466,19052.20963688893
94285,19437.830021447928
76323,13685.869513411757
90868,19556.75762406696
100631,11863.477097541809
76196,10679.222145781741
98387,15880.058404439664
107494,13096.131966656321
107439,12345.300944499275
101458,15551.953374741748
78473,11349.352376347018
107016,13220.249774762991
102109,11117.289914470313
76537,10755.212831967463
106523,17990.0653993204
86340,10385.77484863263
102486,17228.860644425178
98993,18504.583063592367
79358,12370.592697927523
79906,10878.029823719276
83932,8176.412626031751
95064,7949.18313899362
108339,19445.678253594924
90489,18239.414412437804
107984,18805.269840017994
108096,26281.204178869877
98313,8199.80261478754
79508,17677.94844550805
94289,24608.43167944981
104393,18169.761213408816
108220,9889.713690387125
104795,14111.795240488118
93178,18166.718849103152
106079,43523.11264739645
89584,10278.097526030539
102435,9491.933414919224
91967,42923.30027158297
107618,17550.71680754619
86862,9891.26463165264
87991,10136.686164597972
83618,15040.292197396057
90089,14759.5883980788
90681,14412.026008452702
85562,11926.047417024647
102934,11701.116688284928
78806,27223.637414679557
104615,23336.51903221902
101221,8444.551625919124
107067,27617.647770577936
101807,14446.452078635719
85952,14498.402068894895
99387,27506.938263698634
106135,10565.57434446093
90522,12594.020677719596
80068,23088.682369447164
95046,41235.609995464954
93546,23893.96790413003
97202,21767.25555824257
97567,6017.391994354108
79963,20136.348561659306
84033,16402.114306969965
86538,17577.118385772596
104104,28434.240097279944
98033,7832.697129506853
91989,25171.236779707295
102114,18458.715438483774
102507,8889.313741408752
104663,15325.879275642803
90772,9400.341930868872
102250,9746.435900821612
78758,9752.595723991926
101421,11038.055970748535
86744,11747.112931854532
98916,10004.192389670514
86659,15889.609459854235
79853,34377.22124469999
102463,10072.02337069395
103827,11913.442911564576
106662,23299.63438229541
97291,7397.737590094028
108516,8903.886807704881
101211,10596.582538400386
94947,17932.922361530313
87948,12435.873163534858
83719,19512.635098983683
105186,9246.638723090738
97592,22412.346551062827
79918,43890.55014209223
78137,11545.4015852733
78859,9891.997523674807
86082,8654.116709769734
96316,11598.315584094013
80327,10847.544258582497
81639,9896.958903059583
76145,26131.96730530519
76612,26655.49773247109
99606,15808.128848916911
101120,9222.688339210106
98540,8185.4658590972385
99667,9084.842495414907
81038,21928.713185330533
77521,16029.801084232464
83408,7716.593171086499
86905,9952.065440846507
85997,10977.624010065452
77009,16283.486887367095
103958,11950.522240976437
90392,12170.625519495843
94800,12125.406645757308
84391,6883.590891978733
94843,22521.395232720835
85555,15510.660035159526
101453,9844.389805491168
86686,8384.91863305745
101665,11440.972431502547
101044,5250.004144557591
84230,9142.725904821835
88440,14804.95682122765
103253,13906.651122407973
102847,13200.242063806862
94381,42778.39164839354
94229,27694.181578285774
76327,34406.74079172288
97717,20594.710412160464
101291,11775.5984572916
81877,14482.494987104315
88927,7007.024441547571
77137,23909.372568822055
105325,8236.36991147731
79368,54607.635015409796
90769,15203.140230559911
101376,16644.397718270022
88733,16622.787606878475
104519,13447.87580196009
79100,10597.223324699506
85667,12135.459783727585
91111,25344.553219938207
84474,17528.585939673263
102166,8567.937659708481
96711,18017.892578516832
103102,9758.738049596352
102519,11530.7535390464
92508,16394.744452402774
79560,23030.46953202927
79530,18633.939013438878
103272,8567.937659708481
86935,9717.260066110644
88977,19407.994246226757
92681,14534.360581618424
91978,13118.953379776525
81144,23263.84659542041
98005,14588.437309627603
82716,10526.825127328166
83371,10112.65739706016
95566,18964.39279706073
87240,10140.078186145787
105593,14579.02197836993
85457,10479.599250163117
89803,12557.072605419506
107934,6970.406340002182
94736,35940.44659109314
92865,18645.04794359206
89863,11841.489184541613
101109,9912.808499287543
100755,9838.91395471502
99015,19956.546364953774
98439,10433.316909421976
84150,10206.634730431779
87593,12311.328367925289
83830,8647.306448946809
96778,12252.845004234721
93458,35481.73499994389
103141,11688.953931865231
78576,12769.966295815128
84582,9693.17778888518
84034,15903.078056907394
79223,22560.35038193081
88574,19095.893163100627
95914,18155.876748461138
91830,24292.244177536813
76682,15648.002540284084
76091,18975.15851563759
86187,9799.681954874408
80571,21699.31289063008
78015,15574.32130401229
83392,12357.749824575587
82103,13550.567741989185
93859,21786.01402498036
76290,6681.132590356308
86539,4617.884552906014
81288,18627.594865753505
103599,9629.029043288609
90430,13600.834028752794
89392,16227.979181611916
98963,8368.863096908248
88846,12507.052954688868
90966,34899.01947524219
97360,9449.82368580823
82496,11153.075625392554
96630,17720.011860473132
81712,19971.970784612622
105871,14754.952549623686
90926,13550.567741989185
81443,19689.55292377251
98173,15172.477215249626
90309,6580.290204111833
92444,19850.065857972986
80136,19907.303478400136
95739,14149.138051614591
89153,22934.638851936128
76376,12168.509242622891
80884,15120.266630175598
87395,14978.100738849953
85338,4954.863421422091
103345,9988.846886399859
82351,12393.051830275132
94598,36124.284660349615
103500,12279.77556495015
90717,9742.515423359053
79512,14605.073186856749
82283,21244.93425811843
85192,6361.864849650562
81490,17346.459483824154
94793,20660.555798950976
97046,11553.218989304032
78567,34085.74304772125
106928,12729.890005392313
102478,10387.421367870847
99213,11594.150794618436
101949,6584.542363269091
102151,9709.984626463094
82627,11909.923142626665
90239,9976.797935422019
91840,24690.241059258762
93782,42781.240336077964
97384,14713.999152742535
108322,11444.316402219802
97638,7048.942137314535
101508,17560.405517403688
77475,23630.448809999474
106194,43535.0623597833
76651,17945.077212782995
104133,21486.07928191202
99030,8650.017721035501
81824,18165.809074854285
83167,22175.01276165944
92274,24115.84491470083
86068,9732.119584405671
78912,17561.217138096014
88363,10607.387484179473
97410,11118.238680078108
77823,17068.424650041452
98879,11983.060385253064
77043,9720.63537637744
93902,14278.633520184158
82757,11941.469616470376
90417,19449.467082770414
86645,17904.085350258258
105708,30838.972327787316
79365,17111.276166775227
93456,21801.76226588973
104676,13012.329642103334
92775,14711.371942761438
103789,11735.688384178793
98176,6860.900426883959
101278,10234.41137056591
86112,17512.323714711485
90579,19304.650223120803
102615,8152.292282692159
97093,23111.01636301708
84373,11815.516327148125
97755,14706.935840842589
100097,10532.824150724204
80866,23014.83107265648
84693,14197.388393472413
103077,8427.073232860233
93079,71505.19733224857
97533,26291.446107319214
94217,12163.861134965608
106019,22636.021783935044
107836,15442.432387475652
84471,12856.771596815423
94600,21840.716796144545
94349,18471.571092338894
95132,24917.704051026594
104772,26458.958255124926
92560,18458.000258353684
101638,11577.247804852539
100523,8116.241319214168
82090,11205.172375170887
95816,21300.18747487153
88689,16160.033266114277
82540,9010.235683252047
81643,17437.02917821662
104880,17062.187941843138
84922,22308.529061595218
97849,8362.108204288588
107366,9866.805046310408
89303,19962.628596146445
76547,43762.39311929642
105055,21279.603208592853
104312,8404.35051507536
106500,25214.72364929058
91096,12220.158532249601
92671,17746.275392212574
95982,22197.75662043162
105012,7681.353804984291
108232,27747.739732875136
84668,10290.143749823379
104903,16603.30681030158
86487,8259.57118709226
102860,6492.341554711365
93205,8915.371462411918
78221,16605.656700004423
91931,26082.64395754544
81589,18968.002043536166
106873,17583.813134445572
89482,12542.226393320121
98459,12653.402689247827
97660,9712.115703761085
96409,11587.345825252982
101480,6813.062558987915
105862,4364.691563593502
90363,10643.767274124819
96433,11549.000310544105
76970,16899.491167896704
96689,23051.50306633869
88899,12955.470167503714
87559,11259.266061653281
92908,26647.779792316138
105211,12183.699070573488
96729,9715.659640560098
95854,18435.386182762115
93767,18659.431386578588
90545,12912.17838371541
84005,10009.896362178619
77380,20434.479503175364
105877,8404.35051507536
104706,28541.722880342033
89994,11419.985334795409
90227,12978.20888487218
89814,16015.715308506544
102539,7709.658458846214
87753,15045.497523938477
102038,12580.214076416929
76666,9940.384905869854
86698,6831.51542001476
97368,9709.333415525927
79416,22531.584786030104
85147,17478.65079120233
80148,24258.81638581094
96579,14711.712784488276
89817,11745.267056120185
86431,11317.359667621724
103566,9613.590579603258
89355,8359.396932199894
97349,8644.3427069385
92618,20434.913268753284
98595,14349.048915964677
87502,12437.701936867184
107954,11291.100034689078
81470,33429.0258560962
79848,28388.669123307314
96373,11589.069833339869
79599,25073.554829741115
101454,11716.981544926628
92802,23562.954446385185
82725,7685.2765509289575
81084,28371.00858401228
90130,14623.515156756059
91985,13669.871621654165
79528,17104.544979423827
86359,14423.33001368987
95724,18305.375048180427
102527,8899.229958518486
87032,25183.697923057207
78499,10359.36278891978
107980,30916.223803297187
91005,80322.56693987377
100196,17582.183104291227
102797,8334.990544583292
77141,13544.275343271947
92109,47531.86393972529
96501,11561.718510969624
83865,10478.092882756435
79122,26270.21764675882
87979,18148.98112449935
93237,25116.155092632318
99104,14448.363660630586
95095,17645.491117322636
89412,10887.903363297792
77440,9779.594514000804
84127,9979.55414040792
103842,15360.830402392443
89806,9562.260663501149
98894,10031.554683683662
88126,12586.241213640147
92809,18322.593405386648
106076,12047.930627695008
80110,20756.017066943718
95396,14302.19476317596
103003,17310.8717432262
80123,23702.387683994468
82441,11728.644009843729
89990,21346.973928235617
92936,21522.914400851703
82544,9793.172477362365
91339,89419.94645477747
103929,10532.824150724204
102389,11818.83566790112
91128,24690.241059258762
89752,9704.60960892354
76840,6928.60883674496
96514,11698.133255415134
98706,15187.660937345701
107602,10614.412325181866
103844,11028.415201439519
76375,14264.669179439037
80401,14072.018039762168
79030,18279.514819400425
105766,12579.692036803872
83033,18779.366754832085
92521,12282.092611639404
90836,14342.663320910713
99168,11187.25283756158
86363,11909.885682659045
87320,14390.173235138063
88185,11162.844218181675
79290,21869.429747245522
88091,11231.481623287804
83838,6553.57374763969
88099,8263.830188623284
82824,11605.783618000041
94204,13385.326408219427
107723,10486.834230287574
93691,20236.122730859966
99317,19149.64537877128
107105,14591.096975907489
106351,19730.586062588234
82970,14011.832868207795
107261,7824.601888259222
76679,28371.00858401228
79464,17581.216692184895
91312,25192.89891859936
80546,23088.682369447164
89220,9891.46249033774
91796,25719.29651485276
106360,18439.216212391235
83027,19840.022832534334
81553,12412.880846177648
79124,14183.291967357885
82590,9872.056575298293
107515,18363.884673912155
87964,6414.430039284735
79995,17550.774549648926
101022,10532.824150724204
78580,24924.257377788344
97644,9709.984626463094
87603,18325.028988234808
85091,21067.437034379927
85155,13809.523172132707
78402,10029.980934787694
92603,24733.266338401732
79788,18809.86761360606
107769,21269.0710555389
105117,10862.913244361367
94619,48208.43518885476
76808,18284.89560916486
89229,15822.95342137564
102592,13782.713323506272
84597,7409.063931842739
77146,26291.446107319214
98794,10329.044486422932
100453,9851.365161033038
84075,12436.11878214196
92090,27531.65565931837
97646,13341.131595410756
84071,11330.121962495321
80924,23035.157510881338
91167,27009.841334181474
92607,18128.380019144824
99654,14000.598081534037
108195,9447.208512499625
95150,25224.761638273125
99921,6340.058832380924
83768,18964.735274045175
106095,9737.613417898025
79380,23026.855189779642
106671,36183.57852692281
91757,27483.63282589057
84936,13400.276305327141
77970,18996.0562452635
103327,9342.46438304048
102169,11681.860367090734
103207,13098.128832722781
81602,11177.06775841117
79975,35902.367388941246
102385,18190.946834298677
80726,23035.157510881338
106953,14491.345123739335
92929,20022.029885331758
96553,17802.01538624741
79654,11724.95544898547
95376,18278.906521741297
96667,19974.269751404274
83421,9926.261178378496
107579,17845.84143802959
89108,18748.794169207686
79958,24632.03914898848
101980,9216.0738422261
85178,8683.375648239782
100898,13282.682194672328
94926,11972.873821784571
104484,11961.18066653665
80250,26316.967097510093
79639,46001.07016857678
84385,8366.207193022821
98249,14696.347189535589
94803,47531.86393972529
99178,11555.884173758082
99706,19180.220303408405
82493,12522.225519539077
105868,18435.211832900433
98807,12255.15117382788
95529,43160.14683398474
93580,23735.955181066292
91437,28534.62112673835
87804,7041.252589034053
92901,19389.929898327067
77177,34406.74079172288
78856,13394.466775855197
84586,4330.90180084448
85230,12569.139483213121
83215,12331.179482604477
78610,14662.164767564851
100081,8995.619162324
105716,14518.614331152065
95022,14093.322166725418
94225,10610.13331271339
106371,10567.855753821781
76850,16253.941567016811
108514,20471.83502335863
80352,38726.788549652476
87930,17514.087844049165
103564,14577.959184567006
79881,44284.88511361382
86736,12317.572273817423
83661,16086.358241994401
98853,19928.67057309462
107158,20707.71897216123
96809,12355.717062700633
84048,13419.061802855666
90608,16184.679524717269
89134,15695.42719018361
99321,10691.467147271584
82452,25213.574514291467
80684,23035.157510881338
99699,12425.979170952227
88449,8500.439853057713
76962,14183.30152959157
105626,17962.17974125478
78655,27539.163565547755
97115,7751.659311384085
94865,15490.377358671565
85675,18249.89024706426
96671,11895.619500627823
93365,27344.10220212126
105188,18036.773352030756
97713,11587.345825252982
98996,12486.327615573698
98329,7729.402160870055
96091,10381.227714795994
101010,11003.10744896662
87169,15585.393755590487
83760,11673.858384651192
98511,15485.765090106333
94233,47517.65172320223
92072,19791.028045630752
79796,19046.753588719763
97619,30386.291545164182
84419,10479.599250163117
101015,15423.275907733125
81132,19384.3526435639
105597,8227.708169884012
99139,12723.225856957117
93116,17974.272286917618
97838,13561.609739372563
76627,12127.987854309562
81785,14235.426678521824
97645,14562.985706692063
78865,16082.575130581188
92152,28405.794481679593
106432,27394.11097741344
81609,24297.181227160956
85585,17942.82515249114
79017,9583.976835876758
105666,8066.174801857009
97664,49736.341209144965
84418,12438.144372815077
102163,8356.781017024341
99675,9550.595834146266
82132,23035.157510881338
89488,13408.321397660824
95516,17258.316116638474
88542,10148.019701306768
81995,21940.65463059124
81065,18236.412999348082
89542,10058.325447412173
87184,18652.83140117076
87194,16234.773364854549
101981,9459.30312149198
105620,7870.077792877578
99094,23297.272365823952
101950,13241.392708133159
93488,31631.76501566235
79632,19198.8630336703
79299,16875.732424138383
85438,10383.91094374275
91006,54099.4719121074
78636,14290.2450744199
98590,13039.318720959862
97735,14154.247487575174
103694,15314.471992609124
97890,11654.344546398652
87646,7031.296919629468
107953,25393.426328275233
103882,7923.754893103576
77900,17015.94201457149
101991,11863.477097541809
90105,8356.433190191587
106516,12558.753758448502
108415,9401.458271894042
78853,23360.40010714848
98196,11998.01224092552
95738,28500.116112184383
89535,21391.86435514136
85467,15164.9560073983
100920,8412.931795531702
97314,10287.679509976157
103461,12283.199025803578
104907,10919.19324331556
92168,20170.052802944178
98077,11714.869017908375
80593,47523.276664791236
76915,12445.667245274037
106919,27531.235182104127
95592,25180.47059096718
105772,7727.059042752148
95614,14965.274850454147
92550,13345.483705711911
92495,24803.908939822377
84341,10846.415845957314
84600,20083.348217701223
92665,17422.429902734817
93922,15060.014357835858
88129,12339.369875143391
82700,12585.667475978345
94492,11968.206882615372
100974,12647.178020362977
106554,8591.103299652304
107785,20672.03484424066
107443,8687.952243557917
105470,8242.044925574313
99750,15212.227814599211
94633,19989.099016096963
99429,9398.605925332038
88790,15762.42263461064
104180,29785.69515182487
104589,28434.240097279944
106704,17121.566434666136
78596,14114.943698011894
102083,8048.514843714619
84507,16351.163948956242
94274,22275.645414806808
92588,12179.045412935873
84344,11964.373426311902
99818,27231.4397833805
76710,27640.933188174044
107923,14058.310061544329
100470,8848.668624614875
102211,14366.697414336111
90030,7084.478731004826
90852,12020.279339040764
90222,11312.73431096145
105952,10367.29382459666
100876,13510.039653390035
98062,15267.248048402096
100478,14620.363724089775
85486,8513.297981461266
98292,10038.055458758803
86160,10331.070468862828
82468,23188.838501467497
76728,15998.2730997188
97277,24510.91979468552
107553,15838.721980030357
100325,8639.981569505468
91775,34367.192565865626
104326,28863.290274286173
102909,11911.219331471602
82173,23092.182064061337
96281,11470.697737491617
92426,14776.509401117379
97724,8560.76706890229
84057,9250.102166213086
91020,15294.347249159378
100095,15290.466690703646
81655,20628.26572342249
107220,10316.732887610979
91626,25224.761638273125
108469,21763.95787901153
94037,29448.891381399484
83530,7702.983026171119
84542,10361.212209031137
85634,10068.817026203651
91707,43723.46232663629
81934,9204.775127049066
94960,9984.7961933926
105778,21048.948116968393
83841,7685.2765509289575
77242,28383.84929060754
104694,7951.684577489139
89706,22034.60624960253
88670,14411.839693446882
102492,7329.148368910684
82971,16064.68722105193
87256,8691.82319743048
84642,13400.276305327141
107437,27928.86189969207
94640,14917.566110490206
96089,13862.237816973211
85018,23351.896836917596
106576,20460.315325638887
104158,9364.506377310896
98002,10957.235424774062
108045,28318.322716024224
105890,8563.837914904001
103298,8567.937659708481
98977,27176.18030119914
100431,15314.471992609124
81100,16533.54976931618
85300,19190.99450760941
77518,12121.841554693237
76712,13061.912980657564
87545,9872.056575298293
86848,15879.983510177735
77647,27188.772314582224
92094,23159.920520183892
78540,9869.211142162752
82957,19161.397343135457
82768,11652.620441299392
95875,14096.895378520616
80705,23571.520210874554
76746,33842.04952664857
93222,17694.93785439233
84494,10590.102564777326
97557,12169.77912755424
104969,20815.347188752723
92998,15393.471537515192
75991,17684.374336245335
78217,14141.855531465697
79176,43723.0008309565
83261,8647.306448946809
81177,37854.227204995055
89681,10352.496460362647
96968,12950.058221287836
82896,8182.102076720751
108357,15587.911531186779
103421,10551.567014946817
87971,13685.791637047942
87170,23348.206767379837
89941,23213.262613404397
104046,21234.954220743573
88894,13078.315521798944
82638,11112.942360104242
79213,15751.888316569613
92902,22796.623663483722
79282,17276.643072967097
86331,10670.283417786364
76336,28371.00858401228
96080,7751.973968869612
86990,17502.96902435987
87762,6564.666003428879
80699,25953.98113577686
84711,8647.306448946809
95297,20200.29692666375
92828,17545.01972775801
77614,19925.087761292158
106565,13228.467047478358
96874,10913.784668311722
77145,14352.391064679367
80473,17766.700629118932
89438,15850.256331037812
98442,24606.02729606035
106213,21220.556236679804
101442,11774.131195827487
79337,23203.19577002613
106021,33962.54204397562
88638,7697.598886316581
77383,9926.064706086096
88452,19504.267620136758
104464,13689.422042425347
82639,10745.042369162264
87305,14202.224584531017
93172,26616.800054917774
98857,27486.36736658502
90873,19728.869744421405
99679,10128.583183464581
78104,14959.35957455202
77770,17748.900769158594
91351,7960.331798349209
83700,10554.234624103783
80548,31776.819190683855
81163,21954.71662275965
84140,22200.28684534519
95479,23115.85964083093
91705,26986.84349056016
97722,16357.38297725901
88383,9945.37227372648
96632,9922.15275973649
76496,14425.113134302283
79062,26194.031502941238
103519,9844.389805491168
87592,8436.910824810622
97668,21851.590213643343
77969,10624.41549543406
97610,28383.84929060754
93889,18573.62385747918
87792,9018.813534153403
95078,20128.036738907023
87575,19439.019512323408
78804,12293.497809354987
84242,15985.052556520224
83462,11788.910452008831
102260,11185.85134231087
102635,17397.416002860802
104460,13664.154441128765
100463,10966.651204365917
77272,13771.344575964236
82246,14380.452464624423
81472,9356.052159382583
82420,12128.819336745632
91586,23735.955181066292
91099,21282.02487959136
103536,13368.463730670603
105169,13349.476061112886
93837,23483.498977358104
93958,16797.404561761174
86124,9880.238405169428
97448,9709.671858922335
83040,7443.473301105755
104713,19739.76464888452
101549,9819.371547657229
96018,12298.0516871085
91089,29286.124757813624
105130,10896.68457226521
84720,15745.360827195014
97182,12400.666617928737
81653,7620.991958066377
87522,9729.475692474496
92754,13912.758297933206
77510,6882.583137098235
94863,17724.323829574736
108414,13232.428396233461
102393,10934.118554172406
81528,18501.57490648787
78983,26270.21764675882
98051,15175.752704029323
93080,17653.35620247007
92657,15967.049877067499
108070,16208.82771724225
96990,20773.021377330246
83301,16438.41205744661
88459,12910.371678288338
80158,18512.302633694933
106913,26302.432639430273
91119,13568.980388219852
85522,8032.873555454454
87469,12539.66064575631
89620,16072.281842751632
106903,6294.5171490665
104183,14557.01708499963
107015,14800.201160685325
89120,10479.599250163117
80555,26099.46852944585
107037,43523.11264739645
83340,13389.471013159482
86654,11540.080544119584
76116,12122.363805480485
108208,11275.11847127638
99790,15267.248048402096
100950,8838.201660404375
105495,13343.802003692856
85317,12856.771596815423
90114,24416.514781554808
99322,19490.302965373823
77185,20857.577607161045
99412,12254.787009128164
100021,6535.1782526849665
106020,13251.340229619314
85234,15939.874749313163
90059,26306.45678275659
106902,9398.121633735223
106871,14643.722186787933
97784,22381.74403654046
96140,27128.581386857928
103840,10936.827898070957
99573,11339.526326025896
81967,19382.203638621162
96124,11042.436385572088
80245,23075.119745399243
90896,28246.959567209877
100257,11602.150755359666
76759,26173.77307894544
87022,13005.862847593045
90758,13812.638471016064
94073,18588.29687327736
104837,12391.496273351195
103025,10559.793557532917
91765,24687.963897866946
88352,12213.341206221901
83826,14099.187877218237
106648,15451.127640726882
102967,13759.330594212191
88989,8647.306448946809
90846,14502.46522048178
90232,13949.104115628357
95262,18963.714080379406
80599,7962.196888367545
93353,17887.555372534975
100230,10534.398687751169
104516,14637.61553524407
76127,13678.012314832822
99603,10115.28944307105
87441,10433.916785315801
98607,8644.3427069385
101385,12011.829201530178
84028,11030.129885043529
99900,12785.612107468101
97880,27143.32279708803
103005,9806.7620740467
99862,9550.595834146266
84899,9423.354519132128
76129,26687.275863054707
107674,37229.64886328982
79058,20867.046206532854
103161,13426.283735885852
77525,18503.14733703863
89366,14455.038205525778
76529,18828.941249065392
78121,45978.755402085044
87960,8737.05684631751
76468,9891.997523674807
104029,14872.726379753256
78294,28822.852416218055
93269,47512.42846628205
76124,12847.819342063543
107551,18435.211832900433
103953,16051.054392466605
103212,10906.129760997192
77337,19024.44807671118
94095,18115.223050524954
95358,21548.705207103503
94772,23318.318328010726
99318,13246.888867512016
96569,13894.888945353983
91669,18508.60085548115
95240,21144.142374656876
79693,15413.424600234308
83100,11988.823239488553
85506,22327.14473730539
93245,21786.01402498036
81444,12784.9139983678
95558,21724.817294369757
105709,15586.233419606497
80796,22962.00488345487
97061,4331.7273412264785
91452,21791.1068465597
88626,12910.371678288338
92700,28470.32133767596
80109,18245.284298208706
103649,11798.910034255976
95545,16159.085761952807
96879,19697.314229322885
94580,13872.796003604743
88361,13912.876384960688
78094,22102.25348095604
82831,14998.016916823848
76965,30975.997178113157
89246,17508.53333980059
91844,25441.35269969562
92122,18799.865280673916
98944,9024.466458078865
101088,9547.655737180223
107119,9890.026457927886
91603,33262.053014699384
83339,15984.746513171393
105408,17998.520298551273
97091,8075.5790715315925
93822,18447.764773153536
96950,10097.89164884565
106461,11602.065120838415
79538,28383.84929060754
81813,22410.6483629292
92640,27235.042466893352
107376,22888.735375486584
88834,12624.155220611337
98532,12847.643161591881
94957,21861.169748016753
84884,12361.535454979705
80124,23125.609754419154
92048,25465.307998177734
90244,7560.382244785988
90103,7589.960076242455
108009,6732.664948988426
96435,7502.59827333427
89475,12974.02472583523
86286,14179.931902826884
100193,8381.711759717537
99733,10662.30247530644
100561,13974.11852200164
98626,12030.588948911225
89177,12939.449640767818
80294,10700.495895520857
79134,23088.682369447164
78603,26843.254428487588
108528,16281.155765194359
79147,19914.287812457318
78538,7197.494488553953
105042,15839.845740875588
93560,17751.742344381455
107122,12043.713373670476
107336,10367.29382459666
105831,15834.591743509021
92973,20090.4112055096
79087,9445.915418396276
86806,13397.073547544167
98787,15717.88363416582
99838,13354.992348295962
105442,18974.85744428167
101659,10294.057327228431
95085,23893.96790413003
89893,10854.20403595889
100412,11121.907018019741
78433,13083.185536550567
90887,14736.663813711692
87783,9960.62596989059
105572,10616.380352741278
84065,20006.89676245347
93714,27414.292971599567
96148,9714.780686290438
83771,8953.646054898558
84970,8069.04394314063
88859,6927.425501200142
104620,29312.559887303967
83749,7128.163024116743
90174,10111.777793856207
93947,25171.236779707295
91462,26830.062093790937
108075,8040.912806580313
79113,24972.224902646063
88445,10333.193651961037
81311,34389.73581670888
100633,11347.222707321553
92904,24690.241059258762
83091,8186.316296012555
104657,16690.31585234831
82910,18998.32150596951
92383,18761.041591431316
93424,7059.510714169322
79891,26025.6631396192
98961,8408.973318323428
81502,32122.988788137423
99035,14321.37466328076
81371,16174.877551286803
87333,10348.173522515553
90353,6374.7337438218
93258,20542.97299739516
102053,6050.188823704344
86713,11301.712929838764
97203,12521.54164424894
92794,21791.1068465597
84293,14161.914446998266
91672,15575.62889952531
87085,8647.306448946809
99300,35532.553562722824
81242,16587.94499618187
77834,47633.502786484954
86864,14097.593876716584
108332,17518.376894449473
93461,21958.306796638426
85198,39879.255748584765
75974,18996.0562452635
78679,17179.63188393494
97060,12584.874379608244
89300,22317.048073031187
97682,20633.931136181505
86664,10592.753032213364
85169,30404.647910471984
82930,18134.182476469105
104583,21220.556236679804
107212,25064.304347036767
78128,13047.759478144282
101395,15982.013927204656
79984,16609.916659195616
106844,11592.899300598736
76507,10617.564407367623
87935,14428.831832310982
81796,18335.979874326924
92942,18607.487653338107
87848,11920.19816106166
88325,14860.001188821398
91296,14029.603980590997
103415,15730.599960538793
99038,18953.747172640888
101080,8347.179704307506
102789,10249.595461644834
84656,10625.634882573795
85716,13342.746799454584
90233,8362.108204288588
91097,23563.34360362564
104466,16274.851944477725
85061,12386.214794197203
92535,22364.09441778948
82437,15036.619437516372
104845,8561.96890469006
99353,12723.75986700826
94273,47531.86393972529
84080,17440.339248361357
90877,15398.77261520348
77883,12721.475933775177
106394,18167.165466460894
103042,16682.550827500985
105388,18471.24666013264
93490,15754.844064919334
102852,14451.437971472396
101859,8408.501230926513
108113,18135.42319259688
77290,31074.864727360342
80341,24099.37249260784
84286,10323.067965666794
96187,17428.99948976365
100716,10297.007993862419
99682,10128.583183464581
89827,13474.60789390808
82053,12099.213150075315
101135,14112.040383415158
78574,25099.33049565231
82541,16986.89871309152
94530,25233.99544953301
107277,17854.086541759258
88719,11262.197983229567
95962,28032.427709748605
89249,10877.226234614742
98786,4330.90180084448
83968,4617.884552906014
85115,12040.984153585574
79741,17554.559303948827
81050,23572.846447560303
106955,16466.635873263782
85572,12358.107710226868
80604,32702.327120750557
106115,18921.378301297413
76213,13678.647479764526
92026,47531.86393972529
91397,14659.30153320645
105916,13547.614987281568
100938,18573.97062092033
102187,10383.85269209567
87434,11747.112931854532
99959,10962.652318976896
83438,13006.61753744218
77840,10122.508604299535
100930,14620.363724089775
94925,17960.731896155834
78494,13808.061108244769
102418,9844.389805491168
77793,4381.784220267364
78383,22897.948004684135
84216,22173.623331988594
82610,7788.685409458712
97544,13781.575843789962
92549,29035.19141990032
80538,43768.68427392804
90890,11348.640911883434
100299,8781.245779286157
89902,9431.326482971115
105561,22003.738099994258
82364,10586.81887616921
78091,10047.570504967553
86023,15040.292197396057
79752,21912.8106555224
106315,8687.952243557917
80934,22334.6093591949
78782,26291.446107319214
76471,21893.79069640757
87418,7685.686970413685
76891,24862.558786016074
102628,7682.281091136689
89363,8352.819440797388
89237,12201.18008165165
80257,26099.46852944585
102857,7818.259391555696
76201,38075.73535179699
104887,7747.345553517409
102310,7910.015350488065
78714,53002.279391705764
89302,9958.409099288543
87676,15031.488894264436
90321,12015.925729284598
85244,16871.63355046022
101913,11412.646288042553
87086,14089.423028471514
81974,19931.412509502483
98075,19157.688593924762
80870,18058.577762618264
81556,28452.649376720005
94722,28448.776453653707
83840,15654.880006490479
100809,9811.039929249746
77101,16501.69547450265
102172,14010.382012475804
86373,22142.996596682293
77540,11672.43551922122
86271,16581.110324771682
77679,21867.829750905694
99807,14637.367765699664
79126,12263.930129412134
86337,13219.327067652415
87496,7415.435161527859
83272,14242.943961133504
103495,15314.471992609124
107915,24609.151995532386
82213,22813.907745171044
99461,11261.372873414142
85797,19035.35884363747
78898,14047.932460622935
86463,19052.08766794889
108138,20072.94111758918
88417,30404.647910471984
78694,43661.616409874594
99802,8654.720148022907
100250,15393.133288266168
83482,13247.298197488484
104457,11879.241214379153
101415,9590.457990268655
101767,11940.246789249666
108250,19723.389499158224
89772,11291.66472806541
91127,16069.485324949343
102887,10671.754923187462
90756,12365.251889847921
107554,25252.964169583913
103731,13459.142895351817
92317,15197.323709904014
86805,11605.783618000041
91722,23948.090820216083
85026,26246.813477616593
77478,17762.139675896757
82027,24548.651664490983
102742,13358.961502018074
80198,16469.283652604812
94907,23628.049272417087
106738,10608.791842428862
99797,8044.333347241256
106456,6488.968166774342
82741,6844.681692150203
79172,26291.446107319214
106696,13241.640535802646
82422,8436.910824810622
83924,10475.681009430979
90599,9981.24051124125
108095,20450.750965070703
91777,18506.611705239193
95001,15538.430128952847
80408,33151.06242913418
87330,13965.322375225616
103361,13382.13162019099
89641,10069.49047544708
90618,12890.159135881058
91679,25171.236779707295
96844,11539.677966689611
94418,21791.1068465597
97002,16781.278098106217
79748,27615.866410748502
96355,14787.999318948945
92347,17719.12537144955
81569,13213.198291476303
106924,30864.56204424316
85270,12333.428398350978
99622,7754.152370055645
106843,12117.328788504976
80147,17350.18794417147
102181,9360.750199047357
84710,7439.98925468688
85189,11341.631305438306
99281,22340.81937747407
101130,11457.53173500818
91554,20172.221001301066
86116,14844.88103617189
106899,18023.847747122785
84516,17843.406454219665
105422,27632.8820799238
76956,10545.731197067898
84006,7200.055292861087
81453,11476.070950195899
104850,17481.251668615383
90867,7363.227932861036
97154,12383.313234960984
102088,13310.613136910502
96019,16483.740332607707
100300,8566.401962737944
86459,14555.28515242626
99304,11695.518974071809
80630,18569.15344508381
82387,23879.382601198256
91359,28065.303233301693
79123,9907.673446120945
103324,10737.034294837164
101086,13372.429364450949
97170,10082.278521729753
91834,12045.475345500598
85238,9322.567313659589
81942,16459.94697314594
90971,27698.12139068292
87864,14578.674207101167
95296,48217.59588221901
91427,14162.857478907064
93697,20160.49972625568
107694,26274.968793862143
77364,20097.95286861207
102144,6854.865973060427
83410,9843.689669414358
101560,7659.121919177655
84775,10961.323544712272
103879,11341.893863639223
103933,9852.157636761392
76344,14402.490374450692
82119,18620.951320098688
102130,11670.945740613182
85748,8378.949535721955
93769,22485.78457312504
101775,8409.629880870076
94613,16007.684145436353
104021,26302.432639430273
98175,16832.64869169267
98477,11649.303657541794
78185,11371.949618000534
81576,18929.82886266514
84854,6364.014193467824
98361,11834.606154805535
81390,12108.41784255913
80911,67536.42966140923
89407,30404.647910471984
95981,21812.436564250827
79131,9575.127936364934
96624,11351.058834224334
85131,19092.778152678533
76436,10244.725739986701
94111,16243.948814945787
101518,9658.26117986191
76588,46045.710726174446
82353,26270.21764675882
96186,8650.017721035501
92735,18010.296980006002
87271,14904.734453501507
88968,8768.790043568591
84154,9997.204260192966
93692,24911.79855727005
89484,9854.412930565222
92547,24552.82865239601
78689,11919.422263129223
102058,8517.460099096072
102579,16657.443430706528
105825,9890.026457927886
96154,17684.374336245335
102183,10929.973580918158
85976,11255.02843602679
98679,9550.595834146266
89612,9992.610671476481
107988,20336.061665733978
83362,16159.609617734744
94251,17710.242988040085
97018,15215.78942076786
90329,11626.844297490794
104604,25992.196081672068
83742,10547.397414002777
99447,8650.017721035501
82194,16959.51862015173
108351,18226.276180774843
105314,24609.151995532386
97351,12563.883468075102
105861,16670.780588148773
83010,11179.688372617196
91447,19673.386920269775
87619,8622.330413247162
91870,18897.622951872105
86543,14086.472361837526
91484,16410.034782895564
100659,13350.271613236133
104491,20407.7543058952
100779,13366.719487208436
100935,9386.600589701722
82331,14560.887205467625
105140,26965.168105114284
96349,15245.655193543433
82664,22622.48618544399
104532,10037.696882355995
91854,25868.58032419028
77003,17936.138592414864
85137,7807.72082519142
94577,27747.95384004614
85461,10383.252017152605
77550,14632.439506939927
99095,13276.680849181805
91832,12867.181773210405
85920,22173.623331988594
79766,20434.838147938768
103839,9448.948897368262
98167,15586.233419606497
96684,4954.863421422091
106982,7430.664236144417
93524,24608.520698443735
108310,14396.778901548047
106569,11268.207707992755
98088,23822.38245766327
78890,13252.574121162115
81559,16992.91605065822
105178,19085.49667448904
90578,10359.19587823451
82299,19194.694504610594
103885,10936.827898070957
77488,10324.440436172228
96669,23394.131314593833
78344,24835.92849816145
79405,25111.232567262567
94620,30556.409502124574
96836,17374.674609421454
80212,12337.051249790084
95746,20911.631671417537
77363,23909.372568822055
76866,31216.040900682627
93847,24690.241059258762
105175,28190.16710367453
90010,11433.301635226033
104429,13490.257914883101
91160,25169.679951198144
78906,16108.240354625425
106414,26047.478937724652
86910,10589.146386263586
105882,10614.412325181866
107238,8625.176992071567
77102,17704.34545144651
76704,9090.09099237118
87083,17392.692806630923
79057,26291.446107319214
83270,10662.343291519845
80561,34295.14788445339
88469,4378.132044369261
78768,14292.134819286692
83574,11126.203481962984
76771,26270.21764675882
98589,18798.324844346254
93091,21786.01402498036
108358,9889.8063800041
94601,24690.241059258762
76151,11101.797882079794
87442,12948.071018235862
93531,21878.76081945211
89771,18021.86580427883
85803,18218.061360145457
93147,23428.048806444996
105196,8403.867435632139
76171,23630.448809999474
90616,11944.448455719812
100032,18455.004379920374
92905,31207.128215624423
95696,25079.00877206892
88913,12609.512619317704
101504,9817.394040235531
92241,16532.377988622316
99822,9612.40445689606
87745,8080.139621971078
105827,17778.963744031127
106620,12245.4438382111
93497,23795.47359055306
89250,13796.767909263603
105581,6672.634880137944
91076,14027.761294299618
83506,6876.4432093646155
100635,15061.164293683087
91828,36240.392653135525
76039,9790.685717904149
80685,14190.985934382084
97571,24332.481470781244
87425,9891.7752578785
91662,14171.433379790267
105161,19970.948206035246
81006,43723.9346205803
82888,14265.347628718757
78545,19239.070804578503
102922,9371.94766938373
96198,11041.489145360127
92979,23721.256872129903
105623,12126.112566583704
82195,14206.369604627618
76760,11516.062477040748
79305,20648.389207864617
107942,16451.447430730135
81981,43748.08093287545
100135,10534.398687751169
84307,8737.05684631751
92628,25951.314806253147
103304,11788.631784288735
89421,9034.19581345997
103645,11917.587884818824
77164,9882.327365638967
88451,18451.983523040522
76488,12975.0019990301
92835,26265.759731419552
80449,14453.42909191001
97408,20144.706456339307
99256,17209.023402239363
86205,9960.122089112332
101002,10800.427138668156
93390,17401.741293492676
101654,9466.788592827597
90595,8362.108204288588
94955,24703.604169551938
93871,24298.76520811511
82164,26062.402030101515
99373,8356.433190191587
90148,18744.34881349961
83210,12451.527548823382
81726,14218.471119299016
78041,17618.562694744436
106229,9930.697097721555
84209,23173.002493310916
92225,27808.316335556705
91878,12598.151241854881
97878,14428.831832310982
77435,17494.22558938515
91180,17746.275392212574
100272,8421.65228097212
94228,20373.33710529558
80549,12701.911302918917
99566,8529.353963578093
85829,10112.65739706016
102693,10929.973580918158
83322,18310.352468305457
96980,12233.633065783872
101844,10649.489822285233
80791,71289.0903703816
107384,12136.256570703386
76193,15789.808971419003
88605,13008.706972232576
95910,27332.695352943734
101217,10744.818172222589
94833,18116.203197595107
80221,19746.279340526133
104479,7392.960912765173
94405,29286.124757813624
93415,14157.575791811816
82460,17506.068579443297
83009,7722.645101108003
85429,8559.130423615019
106034,6484.7307189515905
88406,9562.496883171701
81623,26105.414285756215
93605,31605.2826960755
103670,15393.133288266168
100409,9645.917902881001
107237,18431.894748149494
101669,8750.212884814318
78854,47950.46097676273
94034,24687.963897866946
101096,6196.463249898945
98417,10128.27041592382
76874,14275.328306345176
94954,20022.938110683233
83137,18964.735274045175
94653,21878.76081945211
87567,18014.428964386316
78154,16466.32907662431
84461,17501.154074103426
85686,10590.102564777326
94342,17377.316983923767
101392,11917.587884818824
84192,17909.53885510904
106701,8511.758462929765
104013,18740.717659278234
82745,12537.860507583808
103973,8198.250646418157
90409,12804.1668786889
90651,8608.89055687998
87413,18940.96504658487
102121,11488.79550103916
92145,23151.359167972932
107141,7764.738372349311
83230,8191.991310109558
78553,8457.139951544523
83939,10389.883283971189
104875,20157.71608618825
78129,34415.15395727721
80313,23106.85029164724
85535,15632.343112837945
108311,15280.988921994713
102292,17481.237261157487
89716,18999.524154788665
77046,63866.675261083554
97611,13845.062485277844
93038,13928.907181614568
80503,16758.251195091092
79132,13026.058003253975
103759,11959.332030910557
78960,13625.03119085508
97265,17509.50498777276
77855,15544.766698191814
97371,13980.6991596989
94297,18569.642860083914
95653,10186.521015519202
95891,24678.345890719655
81947,13800.968384930193
79702,15870.664179996846
76463,26270.21764675882
98065,16076.759922183337
77154,24784.340605282323
77348,23630.448809999474
80987,16433.139194860043
92207,8517.23249491952
92983,25233.99544953301
80731,8549.47080384569
86277,19203.367493407655
103051,6763.1350544656425
82013,18536.062959700692
78814,43720.44173649467
80153,34529.715132014426
94618,21924.399927272687
80059,25382.62974204952
105557,8114.477790625204
78860,19680.812045522714
84849,11330.121962495321
96896,14706.935840842589
88244,7993.295922851727
105984,16576.35128886078
82644,12588.556145615501
90970,24729.942257332346
98810,19151.59845518075
85184,19203.367493407655
93723,47531.86393972529
105049,12140.060483324225
88554,10807.615404274236
94996,13853.582566666957
107689,10614.412325181866
81575,44046.5733660922
106988,10614.412325181866
89894,25510.084945015515
81703,17106.787210585862
90718,14683.359315729867
99561,11795.594209926028
81269,36461.22032047124
103069,7852.845251970627
88952,12591.845895669749
95295,12103.523179926777
106589,25632.424089633234
102918,8869.459048031176
93669,25208.404439686634
86144,12606.330571343375
98336,12260.188712046413
96891,15707.743152976493
98576,8411.729620281987
86038,16116.694376154872
87511,11223.076240098622
83642,10720.24787766768
99964,8347.179704307506
82842,12910.371678288338
101714,10929.973580918158
99439,13856.464143403191
108487,18137.613430364552
88965,11199.267040325689
86445,7230.308331526216
85916,8357.951105119757
85616,9652.730794748557
90865,18994.004526742086
88634,12214.686365471038
108094,14392.291902963987
82654,14967.329130660608
81401,17944.01782636862
85163,21377.783624728334
97623,9715.346873019338
79759,25955.37056544771
108230,10608.791842428862
77757,28371.00858401228
83089,10173.826133910097
92851,25233.99544953301
80656,16151.481225761132
86019,10479.912017703879
100887,13852.771998933309
78011,34547.91696504515
96398,15682.061253305457
85254,7990.428562016008
95254,21853.23313224654
102320,8903.203893645288
88408,16004.570328519732
106594,6965.868997528466
83849,7371.484471787381
79313,16568.140058401903
95010,20019.804807855653
105546,18654.090223373805
81884,17950.748259541026
106088,22414.436630367494
100892,9706.176208434117
84487,14618.524276552274
78004,30468.800753700474
97446,21423.49432889861
93170,17331.279367601295
83208,19494.68671140268
88728,8737.05684631751
91300,19924.79880031379
98637,13467.423077716649
107267,16045.459773446573
89956,14256.002992755668
77052,15789.808971419003
94583,13488.924571851252
91424,18931.50236331
104774,8341.575263589013
93699,20173.92624502087
102986,15895.894248506851
94176,14658.936199206162
95618,18975.202324654874
81622,21698.982566004375
91273,25466.95009313066
102725,9023.692135979132
90479,10353.575395481506
79835,21457.22521182919
78909,30131.006321843837
99437,11834.606154805535
79890,25206.571714784404
77662,12351.81868416652
90320,9715.346873019338
76278,14581.299398291312
80029,18161.701696764085
95797,21972.88759333077
95356,44433.58050892433
101962,9022.205321211224
85810,14907.179124697479
93588,12517.902038850318
85679,7601.611290191292
78286,10928.238496614018
105233,11611.662986384968
98613,7854.352181170513
101314,13187.744058586817
105749,13346.87302361964
106103,19739.76464888452
96678,9376.744140323504
85003,14764.654404306775
78035,23630.448809999474
82443,11434.468206886495
93373,42871.990200781634
99857,9550.283066605505
82450,8108.320350767693
96256,15727.710323143267
95924,29277.980591744934
81425,18144.591077369612
87252,22142.996596682293
100379,10880.041665787789
106316,9528.09813902575
85879,17495.37028630915
108334,9889.713690387125
80243,25409.21764066375
84504,10479.599250163117
106064,8330.521190147549
96443,12401.138157830641
99020,8356.433190191587
85068,9463.90511379436
105374,8024.256683372629
101946,9751.97545049002
92945,22179.836844551446
79338,25959.81050084857
95027,19696.27967111281
81488,44284.88511361382
87754,10240.13925141212
108454,22442.55158474999
91283,21460.459707501588
106232,14712.677269051474
78368,26270.21764675882
101417,17426.07522499783
81479,23879.195855180416
94527,20624.957168528006
76897,25929.69235193877
84107,10460.19333512367
103177,11913.442911564576
88043,11504.546559213393
93710,61960.99516485884
87679,12081.814910749223
84644,9423.629620768927
79097,14147.97245404284
98030,21427.619391455675
95131,17861.208474897954
83593,15762.42263461064
82532,18162.972999658905
101675,10936.827898070957
85118,14873.191485728426
100813,13165.508926049439
88693,13818.52268465612
85819,15027.236559540326
104337,12400.012852646307
102104,8647.530089427431
107526,9896.847670456445
85600,14515.827023947146
81771,21775.304560903278
98339,9550.595834146266
81855,8706.47074274257
85755,10873.253840510723
87321,10048.97787022278
101819,12319.917904670354
101569,15932.78012516145
94538,13152.100307980436
104142,26172.000834052185
93830,24004.575725804058
82076,26080.83241204852
82721,23304.974126520712
88982,8647.306448946809
85055,10069.043352872197
101426,10936.827898070957
101136,10869.840023926612
91939,12134.428813669734
104368,26209.497999186213
81513,12236.846675566638
76394,16731.875255362673
92054,18471.977870012455
94663,30310.82414241797
106117,7519.007107069434
92528,24629.541352593453
79929,23040.85075089944
81579,34077.89591275706
107328,6970.813977897625
105031,22966.677224374314
100819,8493.135039186445
87353,18361.65914080766
77698,21810.81524992865
77157,8622.330413247162
85947,18880.80136773024
92761,21200.16079083222
101344,8754.435507262235
76877,9987.106810000132
95851,11060.664803660275
84319,15119.984735203378
93218,14156.131140239613
83770,13447.198417844544
99753,9083.385628338374
82062,20251.32764758624
78053,31631.37243342269
83901,11112.942360104242
89826,11120.396363437772
104171,9887.72430484955
83906,15244.939152190502
86819,14069.039344682154
88150,16393.65337239185
85289,8197.091342698846
100567,4871.14942994518
105930,11487.986347590004
107244,6778.1896225797245
85900,11330.121962495321
83184,11316.01586029703
97034,12569.808217847814
82506,4334.504825155682
81182,23088.682369447164
78619,8593.092429034907
86046,13400.276305327141
92798,14296.066537339533
86595,13389.471013159482
103854,16233.054608423863
108504,17610.66039675111
77451,19433.171557085498
76665,24725.653258507267
103434,9540.433253616713
82338,21922.987224916145
105189,4483.088520666119
94512,21816.83590546726
97542,12047.930627695008
83343,11954.512587285684
77274,28822.852416218055
83810,15514.213088446659
90850,14784.155275332309
79688,16497.170073869176
104038,10528.532109819842
100468,7349.302989258298
81010,18098.51863427901
80372,24251.004526457626
95979,22366.29274726351
89813,7130.011767888383
96873,10380.148779677134
87267,10307.649705172531
83327,14161.565638284308
92095,23914.90874113539
84723,7060.807685783584
101561,10597.834827104873
77409,7490.132551968105
76480,18269.226408664865
97632,13180.835397274914
91990,25080.745463729534
98020,18444.35491888643
81375,33520.080790961714
81903,17483.89637369921
107050,21220.556236679804
84920,11111.534992283634
108180,22550.416239200953
94696,23017.204976520403
88215,10067.964770384437
93276,18193.756580991205
80359,12402.144476045094
88717,4330.90180084448
99702,7858.502179292907
86283,9427.333016840574
100037,7105.2775222412165
93640,25210.049196136653
104313,10001.902123074802
84666,14965.771011003002
93000,26313.44327822376
77512,13620.265923222245
85094,9858.967598199994
77184,17606.943502230515
91257,21651.279919518525
103957,8009.924453217338
78533,26089.731645059535
89080,10448.430749561998
98463,20327.095702841812
89002,10826.764700209887
87542,8520.938314805882
88641,15621.065599454469
97972,8246.899022049845
76363,17718.108695871313
93821,25439.685461275734
93549,17105.134395749476
86037,12467.1546989652
79563,28383.84929060754
100014,13791.897890423426
98717,13608.54268196401
87323,11741.535122828285
101054,17272.460812385187
84408,10608.747442705791
82692,11321.063026469348
91513,42761.23179475894
92863,22284.18881466809
90666,20241.542259128575
76919,35690.01891955238
91549,47531.86393972529
90300,11978.772649629178
106228,14405.683483870222
101551,11148.98003124971
105986,11898.197699379212
78520,20682.962702258807
94130,27364.79471995048
88980,11153.075625392554
76245,20722.327116099223
96800,11234.775826657096
79591,24609.791771636632
94738,25001.216434139376
103275,10029.589391943215
82981,10479.912017703879
102017,11491.438891525837
85242,10509.351089648819
106488,12046.5452818852
80606,17676.684026756546
100861,11143.827089439917
93103,18104.63630889046
83680,17971.123780613576
95926,21049.877277364274
84955,8777.765247869691
102279,10532.824150724204
90285,14935.817770229334
86735,16411.134618571414
89918,8199.80261478754
100914,10380.557715096465
90315,9388.170928929028
98805,8377.528657339737
81572,51302.09901878184
85263,7010.41658038725
91962,15595.23320724497
86328,22875.719758029954
79610,27584.949346495272
96570,6974.852925902697
100929,8493.135039186445
107784,18711.109950571572
94269,15841.726020697013
105574,19123.351581795287
76572,9565.309258030102
96249,15184.661547714182
97897,13950.400673797845
77625,15485.955036909301
102369,15424.781349582725
84079,14521.921456987788
77866,16751.580349806663
83806,10732.405031942215
107540,16434.58838294769
103244,18174.82285118069
98859,24631.87750728369
96719,15393.845141412095
76235,47259.27763824976
76348,7939.029225695493
94323,47512.42846628205
96314,14482.494987104315
77439,15393.831539661816
88588,15879.269341659057
89516,14682.07046023689
92199,16965.297458008976
81669,23026.855189779642
93600,24789.352484942225
105605,9890.026457927886
102501,10418.334618577961
105250,19739.76464888452
103132,10574.579513524615
76914,31631.37243342269
103063,10943.486262631804
85636,24518.27779987467
95703,25751.1355966337
95014,12172.125666108474
91855,25946.47635635139
89326,14967.5603311693
86878,13356.889416623306
94159,25837.456889016314
98939,18997.31582715024
106603,28223.630000388905
97683,11629.061825506938
105057,15407.180229676504
82551,8044.333347241256
95156,15730.124757537737
96663,11598.315584094013
103966,13890.67253004321
103721,9003.76063093325
104581,8404.35051507536
99601,19934.31476864982
76271,12478.428523309887
106578,12044.316510411985
105436,9775.245049199264
96180,18698.968368913524
93214,19006.95730520369
83950,11260.869778998906
87436,10073.30701429359
78008,28822.852416218055
96396,8836.529381967839
86423,16619.276141331808
97519,16603.988330730786
86137,20463.080275487107
94515,14556.38052962741
86264,9616.890501332688
93856,16622.578238829865
89370,23337.75638166239
95869,24667.813494640166
108411,13745.199418394332
90193,10813.198925632212
84817,6743.426479480947
100719,8744.27301390259
82801,16986.39033053709
83103,19279.247691788245
103950,8831.78909871288
83927,12748.38741484758
96442,22703.268239445726
92599,13082.905154197633
105284,10719.439964849711
89963,12287.219495119136
79117,17703.275472663707
94001,12093.30305598904
90520,8962.695526666746
83344,18470.79999098605
104811,23019.403026276446
81567,7519.007107069434
102778,11577.247804852539
90439,22985.668355254697
104220,11697.338212846698
102961,6632.365676075806
97588,9709.984626463094
78049,8201.882497209468
80076,15973.075359330336
83466,9911.485475465648
81941,19187.339878204868
105786,16613.274509188777
91443,16571.714003194305
99961,17394.95070731644
96323,12506.027674820622
107235,18201.491172302198
108199,6647.416947933735
93938,23995.92243876381
82727,18231.923456931472
78548,31126.52648641437
90362,16240.929973916327
92257,25299.776170043107
80015,16596.047205195
93724,25214.70650384037
88826,19155.65968877997
80051,6962.050430193604
90219,21291.319752235187
83727,18282.447966067408
90139,15761.744404700848
101189,10818.172154538743
85435,14998.016916823848
91933,24965.32341583588
95135,8303.79578128775
80576,21691.494232545643
97289,13734.26351631461
90225,15816.314979360879
77958,14091.092932623818
96218,27708.877023986075
83747,16380.186809714816
85699,12413.558369380262
92682,53396.86593370047
92129,34045.10444134705
91533,25121.84833265042
86503,8666.108612030592
107555,18290.437807638406
98751,21568.436448649078
88145,14863.144081911687
104214,22766.19278417267
80027,18744.479698119478
94594,17724.606463680764
105978,8409.052942062764
81202,20502.373993311234
88343,16470.381738290365
96928,24650.439377004735
89639,10700.495895520857
83427,11900.629281086203
77241,9677.621904222455
76837,17818.019493375006
105316,24722.18603867254
80915,14245.893449057628
78226,16984.727220449917
98367,14586.757299528448
99268,12411.158851825003
102336,13510.039653390035
99355,10173.811711839839
92728,25017.81196389756
105261,14174.0139457965
86321,8782.567376908702
83913,18872.912711718513
76582,12148.215904680497
80624,13096.32549755757
105804,12234.589351735054
101229,9614.162908568325
104782,10614.412325181866
91859,38437.72975407552
81892,24226.65894044468
104257,15612.326173803598
89995,21380.102887101355
94721,24766.890237951484
100123,10551.567014946817
83121,7999.096551712297
89621,9717.642780168982
86608,12585.667475978345
106922,8180.386323986623
96146,21805.420962085725
108383,15733.797722820573
81554,45920.802276391296
101538,10113.83220613074
105248,15630.884373571693
81033,23239.11332210131
107312,14746.149246492063
85588,16112.871036976858
108227,8398.377207089909
84017,13696.948589464844
101028,10904.502079402218
93019,26643.894266181822
84359,10692.053471362558
90602,7621.906085890233
102834,10163.708637401514
85284,9942.324893552453
78749,52452.95803295817
96892,26544.615679800194
89640,12284.501512189
102773,15314.471992609124
105779,13253.909810090021
108453,17432.166301877354
83162,10590.102564777326
89704,10348.947853021737
96488,8362.108204288588
81546,13729.775796082437
82108,19286.6079892799
96784,11818.077554102634
86526,10960.514333975825
81220,23073.969927310693
97126,11125.34862905839
79954,26211.935270426562
100182,13504.274032318359
87058,20134.86511142522
95026,21231.350285652945
96334,15737.805197634063
92636,23249.636341937938
89131,10130.46464729194
78145,9793.476396216482
106255,11602.417235630825
84691,8275.609555045303
83425,12445.667245274037
91526,21801.76226588973
81170,16074.711106616045
93766,23514.27313641639
89183,13561.617506125533
87644,15812.43062722972
105559,44171.19770203618
91968,13886.27563726804
107198,11034.164050359575
97030,10786.540624396104
96512,20828.88010376436
106506,9472.206212259975
97240,12506.027674820622
98164,9006.769972169037
79782,9942.585884446495
102498,10383.53992455491
86052,10720.036986032272
101070,11928.801295578
88461,6553.632877940895
94238,19889.264854123518
97040,8594.433047328654
102861,13973.134051109697
81516,43789.92005632419
98512,10128.583183464581
91654,28197.41481076253
87837,6761.84411314291
97950,14493.121029551632
91492,24669.448057750185
86374,11883.23899008074
103671,8234.96239317542
99254,21441.45799902762
96920,23032.79638091274
100733,9315.642001879363
101602,9364.338822059186
101809,9809.507824298124
93626,33852.371369992725
94707,23759.504800397637
84718,6970.406340002182
77357,12122.363805480485
101735,11228.75622406391
85009,8264.593470847029
98213,14320.636812766403
89068,9743.31443921965
76270,13711.168267858828
84608,13400.276305327141
106582,10362.189754711584
102112,11977.921786928526
79840,20701.85986150548
102362,11577.247804852539
102074,17024.37359082991
78050,20696.256044174323
91002,29165.826453877646
91648,21883.8870048943
90182,15160.8649499877
101732,12818.994191424608
108023,20472.162237349236
94586,18581.171913463037
91189,19983.40197971815
95199,21107.285004434012
78510,10190.455971418034
92551,13850.118119687104
92368,19916.98000560556
83335,10088.58923522027
82609,11174.066534550075
83471,14097.593876716584
89455,13208.432990671763
84982,8398.283660308854
106978,28957.497783536895
96399,11561.718510969624
82526,12041.499313667064
86743,10369.454164742489
92104,18925.039210523635
97862,9720.262018947242
99211,9395.226526210394
99118,21427.619391455675
97657,27649.343464390826
80627,12399.551483324882
76293,16318.634283933516
83108,8274.605235309575
93728,21791.1068465597
108295,11580.66989418617
87957,10453.00489767541
78627,19730.571798633166
103227,7277.6811336584715
88115,9675.74600863992
89694,14255.016486432469
95755,34231.70863541409
100889,10320.697027436416
76859,18197.318067155535
80975,20328.91225615264
104878,10737.200144372426
105859,17697.62050025551
93283,23515.545227119404
76217,9789.337333705078
90731,16112.754103149387
99826,14000.598081534037
84180,14409.484788118021
92500,21411.94306341075
81956,13553.733973443917
100508,11716.981544926628
78336,10395.54636668461
98694,12605.822056358807
92486,25828.982548311138
77134,16979.969073978096
94264,17969.333366734278
108210,6989.455862702202
98310,16444.508653044955
76260,30975.997178113157
89623,9378.56198140404
101737,13969.136381881523
97665,10083.926973352827
86041,14759.9950018916
86653,10787.562098830298
88423,14624.429012750319
103407,17276.171870948587
84654,16194.837588827775
77143,23909.372568822055
106392,20672.03484424066
86347,15090.19432951275
107230,9890.026457927886
103693,9579.674659925373
82765,13400.276305327141
103894,12130.824568538525
105668,11062.902396765594
94216,11505.071339897722
76250,25543.652380353396
102466,7835.551883717937
91919,16154.007500742533
99138,18798.324844346254
102850,15106.696107860373
79094,22955.07066009558
84552,9997.621793775656
93668,18283.104325553242
93389,12564.171258524239
84312,10363.076847362348
79379,24026.178313076605
98739,9550.595834146266
91448,16333.623242111937
89834,10066.83927652291
105359,7585.750659438843
100267,12370.02764002517
89101,15721.39043954182
76904,18458.964700026885
76664,26270.21764675882
102621,4331.7273412264785
82337,22712.665410121237
94266,26757.301347017474
84994,13400.276305327141
86246,11869.37885789917
96923,9520.329656886925
107661,20672.03484424066
92401,19100.82007704844
96296,14245.376388032764
85114,10346.531020748527
83081,10540.772618425679
84948,12537.75590557647
80292,18389.6252296024
78938,8469.640368255878
79942,21197.5258038314
80899,26273.717341372987
102476,11948.438964029376
90589,11826.392761657653
89944,13799.132291191881
106241,19714.85967219881
99835,17076.511955431833
98665,11725.691144526376
96516,8044.333347241256
79065,16984.727220449917
97070,12357.628866032188
88721,15544.750546978468
100311,9950.357985584897
97912,7653.239045841055
101514,8607.214582225106
91763,18169.540465236852
88488,14417.688417717198
79955,10201.439904886547
105677,8811.486205329453
99297,7105.95546827393
77377,11710.76463507658
95552,14051.707239840009
99704,14515.827023947146
82097,45935.88254457978
77067,4941.276210156218
93326,16239.426639838859
98258,6994.687619894296
98900,15212.227814599211
101474,10431.033716278142
91945,18274.452993905943
78816,26350.350692530094
95208,12536.229869375424
80788,16925.72083651689
92446,11938.258076457252
81929,21694.26407300424
101068,13427.556658718144
105116,11565.403713121032
96828,12238.670604002404
102272,8018.9002379597405
89347,20172.414564873467
105201,13443.673433193357
94146,15902.057616872482
105641,8404.35051507536
94416,25186.163830985282
89152,14877.759812265513
99500,8341.739774607844
101711,13186.106592997281
88178,14097.566044799913
94259,23500.294787251787
90380,15852.396302657262
80659,46844.81537813667
94687,14449.995914813315
100447,11488.79550103916
80895,12392.900739411438
91806,21011.293910655233
82758,11097.865920423033
81850,15550.129256253502
85521,9249.091282395106
92432,18164.78088753053
78318,51436.85622049537
98804,14880.889115290127
84403,19250.34899100133
100979,14309.895228377889
80559,20028.657676726878
104553,17550.50780729252
90570,10896.54015754428
108278,26178.290259263988
107134,10608.791842428862
84351,14979.81830498447
105418,7838.985378564574
93910,16687.37423756467
98231,21474.283313400785
100789,17560.405517403688
101332,12728.118152536066
105715,8687.952243557917
82170,12152.067449216302
101526,13756.841534023279
89070,6496.116374626088
90429,14786.735353480159
91152,21732.457837343194
82374,47567.58808353546
81668,27615.866410748502
78914,19248.968152748774
105239,17318.469823632324
107483,15179.233036635009
83354,14102.242436035749
105252,14604.063068687432
93977,17735.79940754294
89807,7810.331051235816
81551,14242.175613357138
86311,10731.529322057226
85966,11605.783618000041
83878,17613.136761966784
103342,11314.502802901368
102398,10551.567014946817
77021,47674.69536432326
82755,7856.792686780075
88635,7811.757419404097
105457,13649.32778893503
106552,13628.396398189194
102641,13397.843573226874
77582,21816.104314453754
95453,51679.14567830233
78388,7621.572255231753
99772,14608.595666792371
77990,10363.500780852502
78944,31066.32284301755
88290,13576.272711265585
90011,7814.077895082335
89540,14464.664893707297
78904,21851.061771376364
91379,16308.649313841894
105750,9301.65140888022
95603,11949.756404780177
92481,16686.033327646903
93463,15834.790874998287
88974,11401.851055214902
77787,14403.662772975616
101389,11231.72280325869
90559,27126.536590648655
90421,11275.351598798068
107190,26274.968793862143
87506,11948.328483849897
101147,13938.084465962394
78096,26177.703037921794
99840,8194.127600690537
89677,14342.663320910713
97991,8362.108204288588
103556,9040.971624306032
101327,9099.864358688892
108008,20774.19787782566
107752,18760.973267638838
94554,20099.336309928192
96408,23394.131314593833
93573,25073.124895689154
83674,8834.609099204536
104503,30916.223803297187
93082,19990.321381475467
101841,7824.900541002442
85143,27521.161461767904
76781,9281.408280845466
102153,12341.065556233798
97411,8966.23685909868
101676,9614.162908568325
103176,13206.516748850156
80879,23040.85075089944
79695,17487.81846591218
106987,34629.93017762998
89095,18734.035374826923
88707,10285.753415385627
79935,10517.589975459043
104678,11561.546384619885
78644,8249.334421033389
101947,14012.096271375447
85390,18285.733339680064
94121,13529.473761194291
80525,24190.46201670239
92964,24405.648643302666
81982,33493.087784837095
93804,19183.85861835771
95574,24629.541352593453
81710,19604.65794408697
84452,17508.612656148085
94410,18272.38540084586
79137,20875.529798209824
103270,11032.198016225151
82736,6744.856902127696
106741,15706.274094597988
77630,12114.451339674217
100426,16610.908702687982
107231,11706.132300784595
101001,13841.399555185471
95067,16992.73566710786
107197,20763.803121810084
83522,15745.360827195014
80239,9795.185727130032
106389,19169.97643425803
99072,14964.835065572483
92779,24115.84491470083
107906,21756.891095450803
81289,10036.61224847641
101206,8493.135039186445
85646,8359.396932199894
95202,25806.477151617953
96423,7698.96388505941
106597,10177.88679008698
97601,10141.4338280408
76974,46054.044626359006
80171,26046.645570826953
78391,19465.8650633068
101424,11692.315572316174
79548,23413.93399833926
99083,10373.585115197568
96204,26209.068177838628
93318,13561.149157646018
85745,23053.872614404638
79531,44277.94838475182
106411,16617.331981671305
88431,11669.458655300097
79827,15737.083902373904
80860,20028.246479224195
93114,25180.47059096718
89031,7406.698209183745
105755,15920.647711406646
81286,11579.598758446304
94641,21128.002111136517
92196,7855.656420025476
103591,8421.98232482954
80497,10043.193951343885
89672,8596.041191074712
80800,19202.51352784928
102146,9019.716062452791
106675,23299.63438229541
76780,19857.118132496056
79880,43757.10887872255
90306,14310.456753962328
102271,10544.17805401399
82996,10543.82529294176
77929,23630.448809999474
86610,17429.867734355612
85316,11194.373293322395
91134,12491.967347709044
87377,9891.46249033774
102946,17378.369443627256
105420,11416.405050613068
78375,19889.242685424982
81157,7036.131782182453
93430,19956.820697373852
90671,14342.663320910713
98881,10066.55829518915
107152,12150.613777748638
106056,10939.199216603543
86256,12629.609799279355
88692,7489.309313256512
98622,11733.53301442367
84068,11734.622953943126
85863,9930.697097721555
104131,13021.87340388015
94296,10886.850263260654
104177,9847.778541795262
105126,7402.581682572487
93360,25705.500562183428
91059,24608.43167944981
100015,10318.658149688239
97027,8931.661155008067
106300,26302.432639430273
83539,12524.048130131427
87099,13808.448978028531
90692,8333.236322596353
107313,14683.604197379565
81341,51630.06438466343
82901,10397.10527183189
85576,14706.935840842589
98646,14572.904737454088
102552,13512.03463924057
84874,12781.506557497542
104768,9890.026457927886
87768,6774.9256712683755
93342,17817.962719165844
87241,12190.938805636055
103615,10907.107670128667
98526,14349.048915964677
107464,12043.713373670476
83357,22296.518001999084
103171,9833.301538063293
100341,11346.98263696425
104547,10989.37475077702
102882,13479.004006261144
107531,22587.345509879837
85433,11615.029368754185
78435,12464.759674716923
106094,20641.81508367423
92625,85880.6698037033
100319,13341.590879407417
95937,27709.215320274103
88915,10348.931729560749
87681,10707.903812253826
92428,14424.261499923932
85427,12822.412358646447
105372,8502.631046538943
82482,22327.14473730539
95178,17835.560466265488
106881,9869.698713580074
76562,26270.21764675882
103710,13362.340887569087
89109,8263.830188623284
92522,20090.748637468383
84821,17725.17638215078
80597,23218.35975707072
104040,8687.952243557917
96115,12578.92422144906
82818,8341.739774607844
90316,18824.35632674883
94385,17742.703210777756
86823,11951.439795161494
84842,10411.79754688113
102995,7344.399932738511
85397,18931.100839147744
81427,10672.31811789984
102461,15309.396159930071
77422,28371.00858401228
102354,15080.865967309617
91822,19483.651858122124
87427,9891.46249033774
105450,15261.067804984152
94789,13087.231503902263
106631,27384.15679643874
97004,10386.848197548998
100826,18978.754312579455
97915,17076.511955431833
93253,25233.99544953301
85776,8395.362791303696
105562,16318.209110208092
77560,17465.299441616484
82659,9936.455791343651
89531,16742.345787438902
94076,18990.28311905436
98457,11692.587052495523
96163,26425.561189986263
84779,12392.203434567395
104551,17197.071539153967
79934,17705.419947328784
84896,12424.952481492492
99393,12234.154967731905
82051,14577.92660116878
93247,14340.095296846584
86929,9888.631064612748
106943,12995.3502051426
79979,22693.620559373187
80912,21672.449467561328
105006,10288.288837393737
94368,35436.18618880308
81871,20960.22623319637
90338,11467.357334534017
104271,14312.591695704981
89984,8366.810631275992
105122,8404.35051507536
104308,27813.924698774692
92941,24980.47235929708
87433,18707.961623844087
96289,20532.12323166434
89130,11147.270468935263
77233,47696.21978492075
96895,13913.167262541852
90364,9499.9517911944
76283,14186.963442492712
77689,21490.247997236194
98366,9677.447661270828
78025,17976.35950567282
96644,9724.02248860325
80641,26270.21764675882
80271,26234.20192351979
99003,7601.611290191292
79756,23964.17043682952
76981,11563.835770118903
83320,12769.811401436706
96797,7713.45391192138
86350,10369.804812223527
107535,16002.29476149758
104370,10068.017618397358
100740,10406.49091011921
85851,10479.599250163117
89132,6369.772061280382
78746,20182.75830361198
88999,14711.712784488276
96416,18712.020542218874
88921,6931.333251367688
101078,11817.226446446935
92447,23101.89988860383
77960,16240.199889517593
106799,14199.495246916575
99888,21190.564294400185
83252,15685.842515476927
78645,12286.353868197966
92233,19454.42559164237
104026,10600.146054284278
85148,16010.272021348936
107726,15280.988921994713
93331,23184.03407077506
106236,17990.0653993204
95282,12534.791781440432
76222,25458.570025222332
84158,6479.106631588619
81857,41591.28219778289
94698,18032.849310254733
104680,9904.502315758611
104366,18040.445154045647
82562,15751.634031489326
89753,8634.185737721298
101937,13427.556658718144
76600,18034.77061522994
102683,8854.495782821763
89245,18195.722474220034
99902,15187.541232592259
106525,8133.291944063017
80738,29762.40660837345
107909,13202.211471937706
105939,16667.115682154228
92485,27383.21201642406
105128,18900.235936852623
103147,8347.179704307506
96539,10089.281921052028
99656,9576.485772784636
89755,19227.311437328954
88400,12408.836279910762
82968,20617.88785633012
103521,17276.171870948587
94755,27682.305818534533
82278,27412.589129638625
106205,7399.968601633445
102677,8413.082145984838
103577,14173.840683381624
88365,13133.053794616058
93543,13843.64203788565
103285,10929.973580918158
91445,48151.73223885899
86676,10707.23496402506
108086,12481.747419963494
97671,14036.54332288505
85193,12330.016279958412
80220,47467.55503254439
107824,14010.748325238108
87246,10183.026748832248
85080,12336.915471193635
85470,12855.193401098652
93453,26691.372040917333
87214,10323.604269687947
99010,12121.18708532127
77246,28822.852416218055
81671,17590.37993174237
83651,15812.791629475092
101085,8231.707644973902
86961,10817.798923431874
99154,8298.268419802986
85563,10589.789797236564
98972,19086.50302628653
79331,18472.95069680845
100112,13762.875744559842
92540,17664.271476713584
102135,8587.542632337358
104980,19762.102897964385
103442,8240.476281408735
104320,10363.500780852502
91208,71505.19733224857
82486,20363.00601018666
92052,12071.770129637936
80540,18762.965619239923
89228,13054.590536261003
98960,15411.716448655425
86821,18525.78279349537
95220,14051.707239840009
104196,11100.021929798264
77934,43537.0661508178
80965,13219.963957007152
80864,16970.555367712408
90303,16812.98406769163
100396,9845.564255016916
98226,12054.23652501206
107713,9965.9226139315
82199,22990.789501755597
104715,26296.197254422532
103412,11429.144005997567
77224,9037.426609270127
79149,17330.30139557844
79332,22225.80190941942
100094,15314.471992609124
76280,31117.984602071578
104668,26915.64822562477
106239,10730.006986435837
106918,15281.685158255537
103738,14367.264468280475
99768,15170.693277043923
99895,9318.214160301643
88553,12172.946275403185
106781,11576.822027674349
104339,23258.761809742966
88198,8590.577811590956
77024,12001.707002673784
90492,16069.118643677939
87383,10832.35781820622
85194,6743.245784370621
100821,10280.907762996061
86207,8895.063281100227
80736,14969.503788360607
85035,8474.407864798546
77847,9921.729783075923
102444,8526.45627560697
101635,19908.765228275384
99639,10329.044486422932
101365,8413.082145984838
106612,24113.73749762348
89655,15012.060836167831
96679,14567.836822155858
107353,37818.53163601555
101805,11276.73487368589
81804,18919.671119951945
106783,12043.713373670476
101047,13358.961502018074
76164,34969.40039388723
106524,9569.771930674047
104745,8647.278232129367
88874,12173.17448884873
89206,6375.435169104177
88602,22315.989508628627
80458,23024.77629201117
85756,10338.472596263704
100972,8375.691001145642
79897,33274.9967708297
85913,11581.39282356088
107705,25459.863620164044
102659,8589.106932122719
101994,11917.587884818824
104004,9506.854034441898
91171,52714.713009794556
100207,14085.564056131281
101431,8747.97796008458
92034,23609.52718716673
95470,25233.99544953301
79276,23040.85075089944
101893,14577.959184567006
91522,27747.95384004614
94047,19837.766882790507
100620,14017.046453531333
97405,12178.896405539754
89277,11193.383937561191
102728,11750.01894703997
95665,53626.807894732876
93861,13692.333860962386
77779,11815.516327148125
79844,24709.825432756195
102549,10494.900348194766
79764,21680.14184938644
106543,17597.213465494442
90127,12308.97903450456
78759,13048.682762029686
85232,13361.03485649512
103173,13969.605241213349
77690,10472.473109355811
78669,34493.23639419532
77821,11041.489145360127
96869,11598.315584094013
99426,11670.045266165598
86596,11409.22462382296
102352,8567.937659708481
88825,10298.614088363622
82595,18412.39913156863
79408,21238.246391824658
105771,18674.727888491307
92499,20066.004777679183
82744,10219.649864681785
104310,7066.627606079401
82965,11913.522910180465
108492,21220.556236679804
102748,11670.746428921688
105549,19674.98598721139
103794,13946.37970425544
87574,11964.373426311902
77090,18162.90968017791
77729,27169.56932339479
92854,19769.981516750053
82724,11963.349766268975
76843,8132.57591900396
95714,11998.243259041119
85077,13400.276305327141
100035,6533.7684204538145
76694,9663.812957335893
86970,12322.113914466523
93243,24121.774051064833
95700,24676.349098908915
103907,10287.992277516918
105698,13862.237816973211
84320,10368.134593856024
91561,24415.11989374
100459,8493.135039186445
106398,23426.140966984636
86911,4957.922228737918
102905,14838.377623584656
103009,7306.174820935171
76287,14616.292592803535
106832,11203.755176369461
107240,22888.735375486584
104164,8333.724876149166
96561,12539.527255896475
81823,13647.680440729337
82102,19281.35200225611
81420,23053.325433081412
79102,18997.82037460118
92252,16304.639039275084
91605,25367.861458063682
94353,24923.452946907964
76883,16178.165533409963
79941,21741.058545451313
102977,8903.511247588196
104975,24575.279817288476
86138,19215.42824132786
76309,13583.388092541432
104976,21360.779533645356
105819,13878.884541482112
103115,6836.089296580654
78958,21397.07711518448
86851,7820.719044529079
91889,15789.413908841674
96977,23876.928540541474
98888,13282.094858774177
87642,10807.615404274236
96835,24519.26305022341
95915,26755.347098826365
89880,11146.243994651608
86974,10481.507583492456
80793,15809.355456358304
95773,25867.518168301147
92664,12664.64733947028
108423,13123.806109055286
88073,15894.224226241176
97731,20191.00479359473
92705,24692.175056056232
98275,10867.997947135536
106563,8625.176992071567
83216,11106.462476910727
108252,21986.589894641747
90052,21420.72425010189
96839,18700.143003346344
87847,10005.65298598677
101778,15525.256970924578
90493,10989.236538696385
84236,8197.091342698846
94651,27759.829599797376
82828,8844.81882299807
84570,13655.647042523173
103560,8401.548279116885
105414,9474.655824384008
82874,9361.792229049135
94023,14155.280263859639
99936,10298.162942273215
97927,7756.051947168087
85922,17860.334961712968
92409,17719.12537144955
102547,8771.035733029268
98620,10128.583183464581
77418,26061.01260043067
106846,18689.365115004835
90794,15203.140230559911
102848,9792.53982744278
77668,14194.601560184292
87057,9146.166730480747
92125,47512.42846628205
89356,11033.080551677518
93931,17329.466438927433
98496,8050.021772914505
96762,15808.488155511457
77603,13001.43862097016
76242,11235.443558930814
77854,18754.270237436183
90496,9925.554542589205
89873,9708.963427787363
81047,28452.649376720005
81482,17359.89869817572
106630,22789.0529311115
102807,11176.201580014658
101397,11587.038501233808
103459,10803.302333854906
78508,28822.852416218055
87042,17861.84115054763
106348,22917.179663939653
90653,6931.023340355584
76159,19742.10969473515
87944,10863.224051421901
81531,26211.935270426562
107875,6550.567132207406
99542,12368.788797080368
107359,18182.611516369438
104564,11845.291991499402
82560,13149.018299650766
93591,23579.28459172662
103234,8493.135039186445
108458,8682.277229460915
79888,16445.531382167555
76419,20862.670428740388
106649,10043.062995834127
90004,7572.788178625925
93201,28534.62112673835
97558,13772.393663747149
83097,11199.267040325689
96492,7820.719044529079
78413,9869.867852289854
79076,14419.049176015966
87061,8800.90051195945
83665,12870.827952193778
97131,14711.712784488276
102075,8244.767878365918
99331,8199.80261478754
82067,46224.80904251619
85459,18174.264366519983
94510,37427.7854423738
97875,19614.760156791097
105176,12008.726503730542
89196,7876.802451143069
97424,21805.420962085725
92886,22562.25234710541
76660,10641.405695599537
81181,16601.936272023115
93133,16810.620645483712
84390,6373.731481091789
107413,25654.277955263442
98681,13367.729839868387
86318,4330.90180084448
80893,27577.031840733507
106409,20507.841135419156
101539,14174.405315418648
107735,13214.4537230364
103362,10694.662971003985
95493,24826.180706878167
95573,19692.53606223454
81435,27615.866410748502
89730,11484.48781636519
104812,9633.140150918412
95540,12179.368997393374
105693,9236.458610339987
99879,12506.265976742989
105045,8404.35051507536
95556,22461.86643701967
105209,10490.752471019712
77262,36847.755035635986
88746,14066.159236480526
106257,30916.223803297187
86665,15072.676375895975
99714,17216.174213532184
86308,6816.922579198357
107814,12263.467773934995
104110,16186.50545556074
107020,9889.713690387125
99899,9550.283066605505
87878,10478.956822220178
107898,13247.298499054457
91803,23218.271183030603
91708,25855.171244571615
88131,14202.224584531017
94236,27683.210265084967
94787,25691.23931946544
88426,6440.353529868704
82052,20897.493654821814
81430,25970.588245146944
103458,10197.294198354604
87322,11545.394383388531
88030,10459.880567582908
94505,27959.935167239397
80104,10377.723394708315
92324,24690.241059258762
93393,18825.206230125106
101185,8290.190134867442
99944,10217.991173672737
91381,18122.999426917788
102720,9027.435109670683
80107,26025.6631396192
93006,25171.236779707295
85248,13984.241309563955
99068,12368.788797080368
76834,52719.522883180114
89377,15558.682971587275
101452,13841.203614736782
92548,34567.3465166775
100658,13453.085956576282
98383,53042.51156780093
77915,26105.414285756215
86268,7033.371663657141
80304,7976.271141182939
106680,14727.253758549778
101132,8926.043960012736
90092,22011.052181017894
100329,13943.155635156229
79943,13507.258378875189
104189,11884.350050795509
107250,20457.628315789963
105088,9780.920063296267
88824,18568.691684278067
89166,13133.053794616058
78748,17337.393077270273
80118,19138.65657701789
106238,30377.50694466607
105638,11961.77392151298
94974,15787.70316746831
78384,14411.642926151168
93451,17725.877766575584
98422,8394.778683970728
91430,25579.796721270366
77519,17804.783771002512
96946,16170.509380428817
98391,8026.208410181325
102809,7501.765473531426
82926,9950.368098029627
79108,17444.706161167633
96213,20545.03281531319
89205,6369.772061280382
91600,42766.12241485141
107292,23309.78918546969
90688,15981.076798248576
98776,7852.118181606536
79778,15236.263604393516
106834,8242.044925574313
107835,19420.10399905017
99788,14587.970779347956
91133,24285.17369469303
82747,11149.221605278923
95651,17652.995871872135
90035,14929.519893850658
92821,14024.646779452376
93614,21807.343742671485
85993,12562.62633020153
94616,16005.360160372898
97987,14700.50203825674
79300,22985.50460660594
98588,10004.192389670514
83355,8359.396932199894
105664,20426.725601532908
106502,19988.63928993297
77235,20889.06892863473
101503,10618.933711866312
99569,21103.132321757344
93332,16343.663655083159
103565,10491.82559333655
98223,10983.139881220704
89090,10873.253840510723
101490,6843.225676395836
89428,10110.068631251297
82555,10585.670195928433
94744,18415.428099413315
97092,9711.16081046821
80994,23019.77252009069
99486,10197.196673271537
88556,10422.986466032075
105789,27393.844079604674
90968,12598.151241854881
87386,11132.683365156501
96239,10898.004241822933
98412,10247.442765034391
107073,11899.554801994895
85775,12329.312834802555
103494,17129.596547092606
96232,8397.992754234245
95146,20185.594413367868
101493,15447.308373084647
108369,20265.433557448174
94214,22826.059895013103
95377,21373.431294670903
80081,14213.172583582415
81186,16936.490315670566
100638,14186.790398159765
79228,16841.0592369044
83296,19477.742464319843
78663,12622.074007332916
90474,14600.842943373402
99746,13990.048632373777
80600,67529.49293254723
104132,16804.14714528666
77292,10599.664174096803
104314,10340.557932950604
92563,48587.584402492896
81135,19152.973316132757
83199,14399.606930824137
103083,8435.154564164837
88165,8263.830188623284
93492,12152.675378787622
80502,21991.798010248047
87640,10067.788137513415
95862,22737.784596652236
97106,13047.08234599245
88353,7100.0370945710165
99443,17105.75051788507
85914,9722.262660906843
102522,9844.077037950407
94035,22997.43490647124
82309,11516.571314503339
103845,15172.852401983866
82955,9452.307292133293
86039,18254.375445327423
76890,6452.387855098332
94862,17724.66978316176
89261,11135.66441805048
95261,27567.762102612644
76543,26105.414285756215
93805,17723.398480266937
79387,26099.46852944585
105256,18853.39466886394
103632,13978.05590806183
101647,9844.389805491168
90779,10073.819104294327
83004,8750.003417421703
82810,7347.958570050596
89851,8215.78535697999
95583,19009.524088597536
95318,12115.588647881788
96740,15407.017613392842
89999,11417.79295812396
101586,6969.611094092012
90205,23751.288729518143
100202,14050.45585567627
95896,14768.643701725277
78190,19293.487473079676
106867,10490.752471019712
103122,8379.316065742205
78800,13394.466775855197
98137,13352.33219570628
104071,19258.023731312278
80969,16378.980264760909
93695,16534.473546070276
79235,13336.253274377195
100233,10190.095951749045
103673,7901.571909978477
82811,10473.975960752045
106273,20062.62493460566
81714,14212.990827752385
76623,11737.59398423939
98396,9550.595834146266
87067,17434.619186441945
94615,24917.491797288152
91380,24683.066211159283
81368,17415.215062645533
100189,18593.497899048823
83055,12213.650037831414
104726,10318.42493251702
79494,20186.340840010067
86895,7439.98925468688
104253,43402.047995880566
80451,22131.77614937434
81633,27082.215021109816
85761,11321.667849213114
76040,9498.915669710652
86749,6429.016449653973
97161,22965.851598388766
89492,8292.038285947401
101063,15564.629101955647
102557,9751.97545049002
99966,10926.18426703171
93615,39389.43631582598
79812,16521.508575371747
106083,27347.062555055305
91688,17729.03652259019
93348,15409.880958492702
95861,14492.654968449948
84278,11330.121962495321
76892,15008.816628002634
86674,10106.061040418323
76138,27212.405434832133
104974,15551.291518741215
102421,11866.234340458328
82617,13389.471013159482
90307,10074.12783279295
92258,20022.160653766517
90255,23397.867098544724
101498,16536.529589562564
80567,14550.512121222466
95321,24380.101465537784
86671,6228.32614491032
89272,10076.066593705302
78823,9873.659933643568
95185,22424.439420903047
98753,8737.05684631751
88611,4957.922228737918
108390,14375.93152899038
105366,18532.58600918982
80433,20156.26622532893
104145,12286.104779158546
90881,14095.843414925414
82596,8010.069280051084
85279,10868.899065518903
105968,14497.554508201207
84463,14111.847627683646
85840,7847.711031723769
78708,13828.474617976064
81642,22990.789501755597
88004,11329.551346378672
97345,26294.945801933383
106927,10582.053493064293
78351,12239.210546349103
91596,24769.934780293883
98390,13301.747827578156
80145,16159.136117509901
88364,10478.79866149935
88715,13834.969113002657
100449,10559.767703165795
92076,24722.103161746156
102573,11939.870187244918
89983,19266.516169986204
76338,23909.372568822055
78076,17621.3482218513
96116,14022.568024982753
76662,17732.301853116784
94194,35943.814384717785
105200,8207.370670195436
95232,14724.516127869503
85705,8196.693737096963
81683,8356.74715529349
92007,33259.28842390005
101156,11687.420626187526
96857,8650.017721035501
91201,15306.090330032437
77066,7885.202290790312
94938,24388.3600507148
82691,11901.781530141432
108279,25654.277955263442
101317,9711.982566696446
91872,27734.72681624053
92517,20398.06871148122
76176,14396.142346175828
98840,19157.688593924762
96297,13280.303025024006
105077,15865.545337769268
108306,13467.202156528952
106837,10514.775457028165
80906,12108.41784255913
85979,18275.13072887421
100004,9825.368381918624
108473,19621.555647954003
77203,16785.6307783001
101523,16747.628874267604
91769,21182.900969115322
95403,24692.175056056232
83930,9548.539864086453
95272,26509.560933555957
107063,11898.197699379212
105033,9774.74793751706
105705,12043.713373670476
80224,19401.4832573577
98468,11243.34942445644
90993,19919.347759123262
89413,8047.787773350528
98561,17126.257368566425
88199,12080.404011074485
95082,14302.62842397985
96647,10287.992277516918
80307,22125.0096867024
86717,9907.5033020886
107754,26199.46467962032
92740,18305.375048180427
89653,12587.463426580569
83458,15005.080228723797
88918,5254.386622463508
80859,16288.20113582102
76830,35616.450785694775
92727,19869.516954389983
82512,11090.92505516376
94918,25233.99544953301
96158,10844.498793406387
97812,30386.291545164182
102820,11142.360944651895
88655,9417.490095917401
86512,15732.535787520294
84814,19436.616039125656
82832,18009.674880300045
86946,9237.967562956586
102885,8762.064788173891
86598,18244.013289554514
76927,47696.21978492075
83377,18746.78194906296
81917,23088.682369447164
92972,20008.2946577503
94932,15796.116827391548
76026,27186.935759412245
82383,32278.73328771166
95697,24762.97555459529
79489,24626.65428943434
102254,11197.171591261793
95248,25224.761638273125
99438,11353.420812470096
96002,23394.131314593833
107266,12431.545510710934
98233,11804.031950123252
87721,10390.659134346683
76462,43070.04799567102
101352,12190.189078467607
89118,10352.127727460662
91908,25533.315136304107
94169,21218.300319970418
105347,17575.558180931675
93347,19934.929128414253
107981,20115.550756287146
104698,17474.638095192153
87678,18777.945293768134
78945,10541.871625157364
106051,10120.480632249959
100768,15360.830402392443
78915,25092.810726758777
101837,6798.525760825647
79136,9284.775410087004
97035,10086.42288473404
78591,43965.963515515956
95969,25233.99544953301
84208,11150.222361875562
100228,8754.435507262235
97687,11589.069833339869
87591,14721.756005809086
96149,23876.928540541474
87736,17393.003433208756
87550,4957.922228737918
102052,10271.48536299505
78827,28822.852416218055
102402,17272.460812385187
79412,28383.84929060754
77865,32979.30449625205
107971,8526.291688911075
107469,17663.851155381788
97612,8214.172285522629
108451,18113.96944079505
91741,15999.932954525011
97524,10009.797475639622
88979,12148.488715780759
87740,16132.918724263205
98817,17463.25258672557
93862,15509.259279546775
99648,15212.227814599211
76643,14440.33673276799
107633,18140.996179702357
91213,25075.323145395345
90869,23769.79099541135
85444,13404.109602372746
104383,13271.175740576951
76870,18032.657793021583
79279,43767.70819827438
83999,7024.149237015352
98596,11000.413547814713
86831,10363.117743950725
78863,31120.74366976014
98360,9283.454121415481
100096,11141.29768390476
104448,10598.921518037956
90367,11422.05163277424
103277,14098.128972200555
103728,9987.139371487589
84370,10808.93620147863
89978,8165.328446111621
92359,15091.550597943571
90135,8650.017721035501
87969,16466.62611511395
102318,13187.744058586817
76607,27217.70655638076
88481,11947.748302258477
98436,24413.391825147963
92888,60805.96428237371
106269,9985.50242941633
100538,10038.992977049536
106326,12294.735596770683
82449,6979.221447665496
91142,19073.29608748957
80150,24618.24603583724
106004,19155.58915025587
108069,15835.063557505691
87037,16440.44482516605
101280,9844.389805491168
95763,17384.627518944704
86504,11949.06909946287
81964,21906.12833271363
98685,12508.339209895705
103215,13822.903309961333
94922,30668.81391827819
78554,22699.775844057567
105764,15976.61916844768
87972,12336.565699061779
84358,10418.022364396065
94964,20680.28474112097
103241,11586.196106703088
86647,12822.412358646447
99158,14329.187151141117
85420,9891.46249033774
78077,19843.88709792092
107422,11701.02214048774
104022,19531.120319405716
79737,27394.723307919383
80207,14525.245695711723
80967,22215.59176111706
104178,14201.809642778155
81030,16122.321663695231
93015,17747.483375626405
80407,21774.66157097407
87649,16116.694376154872
76690,9755.386402304257
79789,20980.622655381747
82746,10175.852478602994
87159,14399.914411619864
105962,12043.713373670476
86711,12588.556145615501
90644,8051.517101780917
85786,8408.757512900083
107631,19241.596531188534
99617,9922.661448846911
96261,23876.928540541474
103524,10383.85269209567
106761,8297.375429681759
85261,10479.599250163117
82784,10495.321222302839
79866,10593.087724153118
85332,19255.635240588697
91102,18314.888605064032
86628,18532.058907658193
79673,32563.015988254792
83347,14599.949006379955
94145,18941.615524909485
106036,19219.094831662907
82287,12299.087277162098
88789,10226.97853637114
79618,34962.21539701165
94133,21791.1068465597
76165,16491.11863109603
101369,7323.647495094599
89387,8500.764439874245
76789,28822.852416218055
107309,14708.21449922958
91783,25662.32731520905
101897,6742.835417910059
97745,19239.484414114246
82133,43910.00635004665
91614,17639.0367512019
97308,10737.309747539983
95044,43262.87383340529
80363,24408.73784615797
87137,16784.44647802375
80900,9240.629744528787
81525,23088.682369447164
86772,10973.839316624357
104784,23330.84140762772
76211,24096.246790871704
88180,10469.557998076454
107375,16209.555694487022
87142,10040.584592172201
102944,9026.320667380616
99258,10175.325478162376
80209,12174.58593882875
81591,17069.32319208732
101494,9022.205321211224
103703,13501.239495500435
84613,12510.867469577344
81070,21516.256752907706
98675,20464.702197047194
90638,8362.108204288588
78215,18569.780747420293
104188,10043.193951343885
79525,26027.052569290045
95362,18158.85551216651
95717,11987.633206750214
106872,23354.937197360316
84301,12626.553018996088
81601,20617.1999967469
86575,8197.091342698846
100108,10568.120789399658
98140,12215.13143847061
80480,19007.913383113468
105961,20383.603280178944
88147,8103.03951360051
90426,10863.678733068968
92503,22766.118142645693
91066,23787.776190228753
103976,10287.679509976157
78267,18997.82037460118
99535,7707.4268813733215
87776,7782.421252686038
108501,23932.76026314265
102285,8967.334581056031
105946,22808.38473437986
107799,17332.9282213651
90291,14623.515156756059
103617,10568.120789399658
97086,11499.238599300588
108058,18704.155247500334
84663,13134.477528740028
83054,8656.914782084314
80706,9651.80714866328
84885,8901.59949061277
96741,9715.659640560098
89018,14540.850467363896
102962,12060.963015035542
107208,20696.672844499786
87254,9733.860243665884
90928,25233.99544953301
107211,13241.640535802646
104636,14698.846401828607
96902,30421.141774179636
92953,19410.580827536287
107082,26178.290259263988
87483,9898.9459300826
81493,20501.15819598811
97521,8400.129297065278
107168,50633.818110175824
94004,26616.800054917774
87794,11204.887523078694
99172,10115.28944307105
78673,30094.07710135768
77673,46045.710726174446
89569,18763.952724669427
95130,11702.228520227045
82941,11927.5203904359
106278,25994.89099438543
92295,23037.29326008342
100500,8049.87464866115
82192,43831.11001108465
103583,17240.19387212133
76059,10685.886457696566
105499,8346.277690576417
107083,13555.89433772766
99563,11243.34942445644
94951,14880.775653340585
103148,13652.132105250732
91319,12220.324614870286
93386,24678.345890719655
76109,10075.976606484252
82945,7413.454651195423
101785,11861.60561767131
99381,6336.4680372059265
87060,19264.524776504357
95211,27511.098840652747
91694,19951.901448600183
77173,47614.067313041705
82094,16799.763694464047
102120,11837.48884048809
91721,12598.151241854881
88100,9399.477979423898
101115,13844.382705735401
104595,9756.880168651576
90098,19286.87065301307
89595,8356.433190191587
82269,26880.1744822229
79900,20141.88815618793
90360,10787.62021906938
102462,14321.07851717537
106639,18474.563744883577
100825,8540.579989755423
79579,30377.50694466607
97198,10083.139771563328
78303,9664.595420246733
87680,8218.421474641924
78160,52906.261723320546
76168,26270.21764675882
88329,21530.02758489351
97416,15370.944314309836
93159,61721.607325375284
91927,18749.21592069841
90611,11242.701250015321
78641,30708.910758428337
92598,17713.522026848164
94425,24676.349098908915
91168,21362.501561730132
78734,20159.452020516776
78005,18977.263628182078
93001,25233.99544953301
101473,13427.556658718144
81076,35110.872940630805
89625,10153.940449585662
77610,14265.885793637464
99909,19107.796627337164
84285,6926.415359295691
87146,12458.29202864729
106204,19730.586062588234
79047,8712.395858351121
101371,18455.004379920374
83269,17395.12495049205
79251,10602.197334787825
83976,22165.574243530416
102684,8703.35820197626
97327,10381.797231300208
103469,9040.971624306032
84299,16050.270693240003
99272,14000.598081534037
89489,9537.365684332457
83325,8399.564110888708
89423,14316.369899458556
86724,8066.489036049229
83802,13114.1265378483
92419,47432.7516296503
104989,10491.065238560472
83670,15812.43062722972
90400,10557.347454002937
107433,19730.87511296886
81641,30907.45336154395
103722,13350.271613236133
86632,11115.842407688195
93036,17711.514290934905
94398,15606.795956383641
84906,7834.358486806496
81280,33132.95991726319
104075,11600.069301413032
95998,26501.928169632676
100993,11354.848683551336
105404,15864.848504211302
95615,22198.073441403532
88828,9819.284893458256
94230,25180.47059096718
97101,31727.683907849154
102266,10234.41137056591
95269,12820.372682073288
87008,13389.471013159482
96384,19259.396135974093
81461,27117.305096776832
92651,33034.91402424633
83997,10479.599250163117
100143,15314.471992609124
86721,22646.660029353032
107348,10989.685661797483
99221,10115.28944307105
92846,19454.42559164237
101042,12029.756119720327
76663,44052.934902993315
87986,6369.772061280382
92959,23037.614657376078
86076,8369.42814431903
76987,12552.907824041748
76842,21593.490325019477
77966,9545.405927499665
86599,14006.646769446015
87922,10738.095490630056
90812,8362.108204288588
90897,18677.465851293957
86531,8489.61658567099
83583,11265.159708567693
81256,26017.31568490373
80343,16029.22081596435
102122,11197.922890057374
77334,31126.52648641437
102222,10563.129748524661
93883,18004.002579577034
101876,8906.933537064844
77602,9498.915669710652
88598,13809.295695028028
77524,23630.448809999474
96783,30916.223803297187
108041,8243.363329039508
93694,21928.435246396588
96258,20238.2465084848
97398,12238.670604002404
84225,19194.1939932163
86415,11913.522910180465
90604,10294.772518360382
103848,9329.178516514708
81012,12160.963706043705
94703,25913.20128583594
107406,9890.026457927886
97842,7142.217613210984
106706,8404.35051507536
81667,30864.56204424316
81092,21041.632530439994
97523,11193.971243488444
77107,25264.922752328588
100699,8046.4040472149545
86969,4617.884552906014
100917,10029.08231348317
86251,8471.349055990326
86424,20624.574334163506
79990,11947.737151375082
86382,12477.561167353933
101613,8841.474632544241
78397,14285.530477424836
80111,13812.27758656197
88021,11102.531607505038
76832,16609.246298728904
78935,13001.43862097016
100446,13194.797200600577
100621,11710.981009055726
78399,8776.937421936407
108515,18698.29964267418
106023,9793.307612853727
93721,63006.7796196815
83647,9940.668272337723
94136,24817.683912056782
95847,24676.349098908915
107172,19324.529224307076
94458,48303.108205338074
94175,17699.105467308185
92726,22756.621179364152
80910,36588.04460712146
86869,11920.19816106166
81258,20715.260131194424
84340,13997.6063335148
100324,7636.145740399732
99428,6869.136902911256
88878,13147.319665951485
78066,47715.65525836399
105935,18320.732643827916
87309,8647.306448946809
87656,9235.793671091966
83790,10590.102564777326
77893,6726.521446657016
76055,19210.341240616435
99688,15126.1067758474
99661,11243.34942445644
93173,31544.455296191027
89291,8436.910824810622
107766,8341.575263589013
80369,20956.778312274666
84448,19357.71218519683
98481,7847.711031723769
96477,30916.223803297187
94818,13472.085376889367
106708,13677.455075290762
77786,18947.35282425647
77244,51549.559729965
91199,18499.962079408884
101108,8441.914910479203
78967,16117.207446329736
106914,17887.041113011106
91647,22652.62420246356
91411,27693.592828270466
98766,19904.986843192495
105906,7608.240934223442
104682,18270.26104423938
78615,30975.997178113157
85253,10807.615404274236
103137,10383.53992455491
94662,23325.63574396854
104640,8341.575263589013
97535,30916.223803297187
80168,23413.93399833926
89005,13298.804028760744
99876,16338.834886109067
88741,8359.396932199894
88333,14277.647462763594
79822,10874.2769156468
108292,15869.140863211065
106845,12240.944300882666
92167,18380.938020367637
91226,15572.445946433008
95206,13568.980388219852
92166,39992.584286435864
102963,11066.157230463607
79527,47547.23186917613
94552,24294.40750595291
89210,11313.9495623182
78573,19701.909437717582
104073,12022.491851185909
98520,12918.367398964996
77491,45386.28663592522
103333,13521.729627142333
80090,22059.56196731993
98666,10195.266948164666
86798,12238.50373968258
81728,16565.744659314794
81606,12615.494078946278
84372,10127.023446211215
105528,7514.135739430637
107436,9475.489811788268
89038,10173.826133910097
102983,13820.70564607593
83135,10807.615404274236
98165,13217.065462190914
96159,10141.002695027417
90229,9343.670246037256
87710,14650.047650077639
91414,13734.97347601533
77961,17962.224494917526
101890,13427.556658718144
83710,8359.396932199894
92874,20926.866484927694
86534,7716.593171086499
98517,21455.796766038977
76174,28822.852416218055
107068,22917.179663939653
98050,14813.058830358925
98718,15843.527768909684
101964,13943.155635156229
96813,17539.674298772978
95118,16194.649849275938
91139,24804.060124906067
98838,6378.600603837062
98268,8644.3427069385
99553,11974.336470111308
98904,11207.185310001132
80828,26270.21764675882
100001,8430.332057414962
106691,20812.220916088747
108038,19558.523514823857
98715,8644.3427069385
85714,7856.253665630164
88475,18288.74176992224
91923,25108.902630486104
94795,18196.208877316374
79738,12332.400078632794
104213,14668.574689246894
89425,6585.094591069153
82405,16148.563835006875
101000,8202.003731663386
83819,17587.136205884242
103491,10534.398687751169
88226,12361.65005684418
102022,11231.72280325869
106889,8341.575263589013
98697,11371.821382549682
97178,9715.659640560098
92375,22490.44420272973
95917,27732.4437628045
96308,9508.86060494313
92406,14439.700657662683
108375,7678.333507544475
76860,11047.988798409877
82234,21915.327155683437
99593,11537.611663357657
82962,12036.930745321853
82016,13507.258378875189
86781,20157.47032233748
101065,18524.241007565855
95525,18992.561905936313
95306,25224.761638273125
77397,28973.588102985454
92496,15424.612878561054
102473,13510.039653390035
102927,17229.187182725236
91897,27400.029871228864
95554,13302.347570092015
97488,30299.033889554998
76085,9940.384905869854
84133,14323.57711126273
106369,20787.582915829622
92172,11467.50108265697
80532,13619.132786979422
96952,9713.052612323841
104627,27394.11097741344
87415,11124.773395410804
97047,11589.069833339869
87227,10589.789797236564
100308,8290.862890750217
105075,17663.433840278834
84539,12379.671890537214
92284,22477.20212718924
95634,21751.578924602592
86731,10693.375137165953
96425,12360.151971097277
96765,12489.662176338612
93239,9966.018572959141
95450,17429.30338542079
102086,14620.363724089775
103024,13282.682194672328
92808,24363.660781136427
99619,10483.24239823313
79704,19796.09274223957
99613,19401.64506327135
106854,9772.614848825666
80959,44667.13559809061
96020,16382.348466802767
78736,9362.539908168807
101207,14137.666648800734
89767,8362.108204288588
105747,15907.880536984705
77828,11031.76497844376
91572,24701.44909198874
88785,11518.853011280402
76972,21667.212714221685
76362,19024.44807671118
87572,21931.862409196212
82399,23040.85075089944
93833,19948.74319484147
94597,18291.926835818445
86551,10358.757350587583
107163,12399.48035993303
84085,12856.771596815423
93349,29617.134158477013
99389,18810.666451985886
80970,19181.083463562565
96279,13378.32069103774
95329,26784.12474926763
99228,14000.660441932203
90184,14808.351812171644
107226,16227.979181611916
80769,23040.85075089944
80742,17583.579619180397
93650,21786.01402498036
107530,26274.968793862143
87038,11220.789693268911
80146,28347.350583539686
94892,27567.762102612644
107150,13980.625351838125
77880,28383.84929060754
100591,8419.937217365416
80919,13660.817269125975
84533,7814.077895082335
82006,11282.637223341342
83592,18108.6926167747
77124,20812.77163072606
93924,19108.673737578574
95528,21099.320552479712
105644,13212.962532204167
85662,17519.15590882053
83079,12822.412358646447
106655,10724.562455251971
96517,11400.65667012257
80260,27394.723307919383
78203,12306.656990385247
104045,19368.99608805958
76147,28900.024625320017
94260,23181.53505547599
101648,13943.690441011573
84725,10481.507583492456
100099,10920.062917351792
79381,11100.76133412194
77511,11869.861598983991
78265,14125.687818698461
85496,10523.4868854518
77336,10887.703412085013
80330,30907.681918954397
97617,15737.805197634063
94477,37523.283031514955
94881,14509.477165702012
76653,97334.64121210233
89023,17384.627518944704
104965,19629.898860313424
79637,15623.524771718216
94018,18267.432109498524
76481,10801.808074207847
76139,16043.965604602265
89662,14736.23191802651
105654,17117.131600616376
101555,7777.633939118886
107636,15515.629725286757
99722,16798.369115159483
77887,28822.852416218055
83236,14546.267248827886
107964,20485.220302324597
108137,12095.702368603417
99718,18807.42861583986
86701,13227.351541016591
77077,19111.821846367548
88040,25449.463662271944
78583,15765.2431867895
85917,12820.163442899944
81283,19279.723769752956
104304,10532.793131177927
87081,13613.354699737145
87129,11704.787349358698
98111,9604.681283823655
76125,16445.850410982774
89395,11322.856326332107
105028,14020.781799670089
98036,15267.248048402096
78805,8353.879818015272
103101,12627.410363588642
108365,10608.791842428862
103367,15295.922154713744
79524,26025.6631396192
96079,26235.91391444201
104361,43619.03775129288
106133,31220.63238671525
88514,14097.008234710942
80511,67536.42966140923
90340,13279.137498198032
105563,14595.133703619702
85987,12699.482312404713
88251,20523.949132115595
104270,14243.861852572774
100820,8373.120952273093
91061,21811.788735500886
94348,21812.21399884456
106956,21235.367161297116
100858,11429.635010802574
81114,35339.0813274865
103100,11755.65821636518
87787,9891.7752578785
96168,20773.021377330246
107880,6785.466315034295
79423,9984.7961933926
96948,9316.677908769354
99709,9711.982566696446
92562,24718.40001277343
101684,10029.589391943215
99037,11713.507694444128
89129,13965.679317732782
78722,12438.333576736122
100854,13358.961502018074
94206,21475.685412025872
107045,8565.110197983146
102537,10104.329489739996
95597,47461.787886368125
88680,15857.246857708104
96439,12580.312607929689
95466,24692.175056056232
89104,6873.641973172909
88224,9426.996799573286
86152,10655.366830527857
98291,12293.412557866102
106901,17351.23218071305
81783,34407.56812546031
100932,9334.365411597255
81607,12279.854215148218
96664,16787.396897651135
87553,17511.03431204609
95513,24088.31740847612
89899,18309.583138968916
98891,18089.982866174218
107167,11002.224533160932
77353,8592.16087937718
106280,20875.969800923034
90874,9378.56198140404
101248,9254.293671261441
79805,26046.645570826953
106429,7673.3047092400575
80749,30303.335649499128
100354,10297.16598881164
80249,17848.168314396633
108135,43530.04937625844
80931,20048.226036096432
107899,8056.981399845634
106399,10371.758958836124
92635,24821.892194806213
99128,10069.796366060813
83388,12059.075899973775
79225,30880.626842835194
103533,8408.501230926513
103029,12758.70712201206
107588,26296.197254422532
92646,30514.506430241516
95432,23865.88785806809
105377,8419.050366045227
104914,16763.025618558768
103692,7012.610207902838
90273,13816.941467600334
91496,12423.239525107912
90243,27447.05646051613
88300,13356.75531215616
87519,12526.089307391621
91612,21732.65973657258
101939,9318.017626088511
91015,25180.47059096718
90181,24416.514781554808
78441,14411.283307847718
108389,11368.298043677916
92627,18453.1789153269
96927,10078.986093874872
87730,10479.912017703879
89842,20739.295777279618
92971,17414.65204437554
85556,11781.724815000502
82669,17813.099264561493
96673,10479.290139916431
79153,34366.389477398654
104675,11639.419162590722
91062,23320.180848860928
93779,24543.345842231145
84248,22173.623331988594
85038,15976.344602463465
87003,12170.680460888161
104951,14729.890972644262
80530,10112.002509212514
83785,15568.211417976676
88812,8647.306448946809
82270,28355.24373706375
108300,10380.558167749323
103880,9040.971624306032
90507,14913.591906261643
108049,9889.713690387125
77105,20054.034334232194
86615,9976.862885489432
86494,7981.727012757402
103184,10030.652652690347
98599,21427.619391455675
104375,30864.56204424316
107205,30916.223803297187
78844,10016.597856991024
99780,19426.335058838817
88969,10649.847117545114
95137,36852.669665319445
102509,14515.106351068689
77745,26270.21764675882
86566,11203.208963189201
97877,16538.752643048174
101765,7447.763700660879
77886,8236.272232094096
90185,10400.088057543764
104203,14428.831832310982
85229,14724.88715903075
96143,15250.847769260976
88575,17391.1634823576
104096,12473.802768290812
90161,11266.36527053526
100702,11669.248630204685
91390,20105.19100505483
94518,19015.536519451096
95365,13171.89447550218
77078,13820.439017006747
103981,11163.995434040415
93049,25334.420329654207
104932,12989.31367979989
80929,19254.210020286966
84280,17074.87485489811
107619,8363.298022810402
96726,8466.04224141889
95122,12129.785753028364
96286,26177.703037921794
104463,9796.88714614761
79669,19039.638638156317
83751,10787.190193915238
103686,9844.077037950407
76601,19915.249218561567
78424,26270.21764675882
103522,17276.171870948587
96181,17683.88007632215
106896,20450.750965070703
103201,11350.953394182743
108472,22917.179663939653
96100,12094.578819141603
78149,37788.12008800274
99046,11582.687515848147
101215,10876.387123679644
95675,24763.637075564573
103753,11584.520288489755
102010,13082.845059388823
99789,7492.169101653019
78760,26717.354218432873
88270,13356.889416623306
77169,26270.21764675882
94033,41949.24758219513
96304,10048.53108598361
83591,10603.270920870893
80417,20630.29150977434
87101,22905.001799756767
91487,21791.1068465597
107256,38871.05774894838
81695,32192.168740389825
104760,7777.82596818643
86668,10479.912017703879
106007,26302.432639430273
94726,17643.868648511576
80940,27701.994087453262
94574,17882.41994054355
100505,10929.973580918158
86383,10603.528078899655
95683,16875.631043249123
79982,9682.952069744975
91488,39724.41306769799
79556,36978.51254369312
108183,17440.978883854936
93993,24659.740245601133
95976,29323.07281609171
98574,23349.075391169325
94825,28534.62112673835
88397,7903.9215118172415
84250,16391.37730235611
98593,13217.065462190914
98330,8050.021772914505
103350,7839.975915237605
79640,16035.055226836903
88447,11221.75119383671
97515,17501.31405380755
99951,13943.690441011573
99333,14572.904737454088
88755,7191.528414318861
86184,14530.577493658493
79396,15620.801322031848
86690,12787.574356739793
84172,16500.41899175196
94766,24692.175056056232
95569,29017.690942196663
106158,13733.196324174967
81339,10672.31811789984
93286,25492.79375602969
98950,10981.343850068291
78868,16507.20660205189
100793,9827.304703801898
90095,16020.28815109815
77269,23488.290023383455
79615,22990.789501755597
104050,9922.166175524762
103961,13201.94083271624
105844,19503.465011535984
101832,9714.857421266955
102550,17272.460812385187
101434,15314.471992609124
101418,8440.987127813974
108042,14719.740580951424
107747,10486.834230287574
84521,8822.047981569907
97615,17232.32710472687
81424,10363.500780852502
99517,8650.017721035501
86658,18292.755913217166
91422,18256.82335335943
83839,17514.087844049165
95100,17753.074522986637
108425,11642.871566230217
102439,7851.892528197131
88840,11605.783618000041
90580,8401.499392676644
85770,8089.9193950780555
87728,18802.7568442948
89952,23383.736586202514
97315,18185.61952516655
85711,10332.428075908432
90358,14475.72937041398
102929,8637.166309330682
82447,10604.6895855621
100245,16799.019193654905
84784,10116.344429982671
76465,12464.244747701014
87664,11941.469616470376
105387,13251.340229619314
77089,12108.827290845138
81610,12653.955990510085
81058,17481.20489248895
77730,47141.081213749545
87459,23910.316788302403
104036,10490.752471019712
107145,15904.788685505375
82326,26099.46852944585
98946,15107.815589490325
107053,4871.559796405741
108371,14283.555035868741
99914,8493.135039186445
103049,17276.171870948587
108509,16438.17412403614
97598,24650.439377004735
79617,24595.634132668136
95140,19026.880619691296
90323,6967.280761201718
87974,21700.218264965788
103944,9844.077037950407
103018,15314.471992609124
87158,12507.717707100328
77669,17296.143282296503
98042,15212.227814599211
78268,37508.10183257594
90767,10361.047795097566
90669,14993.803001931106
81912,10298.357694321465
100120,9249.624377196187
102601,9833.301538063293
106911,10084.55314957938
85941,15899.06946093588
87006,21589.534206501696
79286,26160.558830802966
97138,11693.478038532938
90797,7618.299555987899
100707,10532.824150724204
107334,12022.491851185909
85757,10204.415039575924
85888,19210.026140651367
99962,26101.515164410506
76188,30745.194821881512
99064,19151.59845518075
77045,27455.19430727026
84655,10522.309679235737
107154,20989.250647261717
95840,12287.97877114344
82979,19278.39907357016
97459,7808.050468505053
89352,9324.905763897736
98956,18051.453361163
96121,20521.644192937725
84625,12397.117678932833
98767,10329.044486422932
104355,19150.51267876283
89678,16081.75241818021
91357,28405.794481679593
75998,12812.343797576923
107603,13376.09399471254
86574,11927.792384398956
83632,13712.66017397809
89374,14120.559829846341
81663,12035.163078841262
85717,7709.626960495245
107272,12311.4302786221
106265,7674.540769469779
99040,15315.23122322678
88694,14706.935840842589
85144,16139.94574521774
86820,12091.19826294248
102396,9006.965906928956
87881,11161.327381031122
76603,11596.872252005094
100941,11055.248851677341
97580,18442.6894042645
106362,15451.127640726882
84680,6387.417278965446
105064,9490.688598146862
105522,14579.02197836993
82587,17495.37028630915
81216,27412.589129638625
77075,18188.66150148584
95633,17547.499014066656
97702,9970.536002139757
106735,10367.561270177186
78177,14061.39466075722
108495,8687.952243557917
100743,10609.807313888647
88876,6970.813977897625
101192,14324.040979161267
87450,11931.586567892871
87281,10378.392612412641
89740,18099.07954478388
91037,14218.78986884751
88485,18325.028988234808
103760,11879.289281118445
108527,12174.852652017385
94564,25224.761638273125
96909,11626.844297490794
96759,14209.735732912479
99752,9660.513659222795
96075,17551.037393215298
93329,15319.289038959063
96936,27128.581386857928
98873,10054.77285220935
90863,13172.994129156616
76692,37793.69350190101
89812,14336.889201155473
82128,14220.352319553233
96066,8650.017721035501
95160,28282.55819167878
94923,18510.834946163166
79998,13279.681238427203
98555,18411.588488374033
84197,9891.7752578785
93881,34040.51625408021
96420,11549.000310544105
91466,12144.995449651804
102246,9162.303685226861
95149,25356.14330187023
92066,28448.776453653707
94579,39296.51076179355
81791,32223.423280469604
87929,9463.90511379436
79839,16757.376625350968
103708,15528.074652821877
78718,20052.47922142607
87840,17627.597823720545
86316,13551.66915353385
106118,23401.696482924643
87923,10649.531881375999
105417,19739.76464888452
95584,26824.283993184104
80187,7615.317349425781
96280,14501.556582204994
88069,7820.719044529079
102826,11723.242909566212
91166,17734.952471718232
95616,25101.74450185506
77374,27612.203059612384
101288,10409.934960212955
88801,14161.914446998266
100060,7712.490147945582
97336,11982.494407542565
79226,19932.56079633552
106287,12033.215909571785
95018,21524.682622763397
78131,15239.623528663566
84551,17918.10450166718
100445,7236.634087077607
93031,22283.629384940596
104415,18256.02113002918
82984,17511.03431204609
104242,6921.836855970531
86170,19757.676832006306
79814,20611.043696282988
94172,23980.035730637625
95530,47581.25007626083
96105,13548.531407680004
87822,8358.12627749021
78073,17083.495327861758
106610,19503.465011535984
99065,8818.26218140029
77646,52855.12007207119
86266,13400.276305327141
80186,11517.84877032132
102645,10264.54269892815
83453,13338.600400791787
93905,21204.03430110343
90535,8183.352554004247
103695,12636.053107476666
87488,15844.487343930929
84520,9796.84983829239
97541,10089.567077999794
93818,26246.09046595104
90796,21942.38634030911
92896,25233.99544953301
95577,17783.61608992927
101488,13973.134051109697
92336,26744.707769701192
98826,15322.42064590473
99527,14971.007050213315
90582,14637.912457041586
99787,19067.26589650086
107806,12899.305465064195
94108,16464.40160358747
96333,12453.985487288273
100710,13791.897890423426
94129,17342.982503775747
85361,14439.841558756036
86043,42012.26698935574
86833,11684.963861781442
94373,19122.503043162487
77978,22554.678798335317
96250,20525.477012061732
95594,24316.36118287666
96781,29699.505342307002
91860,26545.096915541766
91206,17707.183829766822
102627,8493.622950405239
89384,15515.803280273669
100945,9482.338023506256
103337,8811.036739165304
78230,16597.482681678346
103814,13194.797200600577
96429,15737.805197634063
81547,22712.665410121237
85056,31453.279094890568
107758,8046.181107492992
81328,21124.79774328824
100775,9842.290633319863
82066,18314.241028758683
83908,18817.699718667485
105323,10498.487921463357
77492,12016.04255185369
107451,8059.533652410265
77351,8426.779431227336
98029,10054.77285220935
101572,7409.072173289506
94944,27747.95384004614
91179,25039.84231087831
97780,26218.581907546162
97978,13068.511880695572
104953,12489.393527019716
89173,19219.021032671782
103406,10223.410773006384
105570,7373.814849124332
81815,18142.1292331836
83095,12361.535454979705
92184,19988.022414683815
88793,11633.236871697729
81805,8097.780224796723
85794,15562.154309473906
97245,23721.748371975667
88691,11110.715702806945
98261,21427.619391455675
76495,21737.530009257596
100400,11293.49970093985
95964,30497.2552849982
101477,10294.057327228431
91345,19571.489416662032
76207,31631.37243342269
88153,16272.31732409953
96153,18685.351436195484
82291,12418.661004876167
99451,7673.3047092400575
87965,23253.55576871078
102559,9079.840328190305
106147,10694.040205031955
77921,18069.95017605973
82334,22997.853990878863
108164,11264.876739190926
106096,9890.026457927886
87657,18082.245385090988
98448,15591.066637643435
91900,23658.944535172774
103220,10733.306613843095
107077,9520.213469230404
78197,8903.127770185092
101655,11395.487273351899
107006,10927.843891726867
101367,9939.915286374633
91219,25818.35291136919
92182,15755.490611325633
81544,16489.561701100127
80496,18981.816370802204
81766,26041.186153113587
96589,9709.984626463094
81711,20802.630026287345
94981,19381.79219408626
80701,17524.94369174627
83791,11184.625244119792
84832,13554.612911384065
108407,10041.044346804814
98308,14043.000977225412
101437,7670.104367579139
91248,25192.719018996326
104100,21220.556236679804
78410,26882.457938288713
98413,14408.759405733745
90060,11755.691264423893
101366,9281.843204710844
98709,9066.701193199548
102890,8573.329256040777
87962,12433.44203899221
79140,17431.189154681604
94166,29243.6444376928
105551,10014.579914415008
99518,11251.45425343049
101813,13991.564216171695
97443,25321.346255884957
89725,9240.629744528787
100115,15301.677470973777
91893,17818.15089420176
90000,8189.027568101249
82989,9952.065440846507
89359,14550.03559362251
91971,25700.473130725317
88614,8197.091342698846
104765,12074.571545825414
80918,20539.515110566015
91622,13162.382620096872
88210,11548.776131559382
82019,46001.07016857678
85200,16054.145221896008
81558,21528.970404446904
99276,11706.408015718027
81563,28068.492268110644
99583,8656.827981858429
77201,7895.17446235359
94664,21283.40297262152
99203,10394.726448019694
89314,12160.730188239348
89306,11056.196651732
90716,15850.594476020016
84217,15546.455510925933
104655,17491.813066637915
92210,14882.003024128448
82528,7479.3491536133
91346,53555.52792216755
88118,14634.682192493447
76132,16137.160405085575
101208,11257.42781421825
102136,9335.695281402574
77562,31126.52648641437
108283,23033.258702810122
100008,15314.471992609124
91342,30273.34113025535
107698,11142.5380770475
81538,10712.862877997273
99044,15169.262925404162
83163,7673.3047092400575
105124,11621.305780626582
86549,14785.656202288497
91034,12084.522741218949
101853,8336.404657621213
99837,25441.042439450102
89337,8647.306448946809
107369,8242.044925574313
77529,14855.409940544618
78801,13249.361419041248
76409,16907.26152643582
98146,15476.722373992183
91565,43987.85434392062
107994,23067.667581896047
93945,27778.9335774445
99755,11162.300288484828
78753,26270.21764675882
79674,20754.670414796994
101599,10551.567014946817
81659,30916.223803297187
96322,9494.987208432329
80700,28383.84929060754
101522,15314.471992609124
93595,24521.353469276586
78924,17078.836577988426
102891,10551.567014946817
107611,14686.883967072752
78528,43856.05514143558
86323,14546.267248827886
103910,11753.668952667858
93854,19698.787732215787
88710,7130.011767888383
82438,26136.286237517852
83328,20440.533360570687
91690,21965.83953880918
83796,7766.0477680589975
99904,11755.733989964854
100270,9040.971624306032
88422,8296.246291082858
102971,8863.282024965289
106161,8411.160775898286
91244,17534.69868339136
81158,19895.639314969983
98004,20654.022579632452
84522,9770.84448673004
81215,23173.491525119232
94487,19293.173304489603
78065,16463.03393872081
97766,11561.718510969624
86180,14202.905019979304
87921,8677.70063414278
76160,26273.717341372987
104197,8231.269878888024
100295,8657.465391238262
96012,16567.631062074986
95783,12379.764147349137
104527,26274.968793862143
77354,25384.04076165552
106062,10414.028264247596
84578,7683.6111125609405
99784,15610.677465522338
91716,19498.6468185575
97394,15296.210251550716
97254,23035.157510881338
87501,17424.231697734715
95532,14501.71214827461
91011,21853.233990563574
106069,26274.968793862143
105103,13471.067826900857
84421,10868.899065518903
87363,6445.367461452458
108379,14681.687621150484
83268,11330.121962495321
94592,38717.893747394104
84041,14519.281384425554
88908,23300.519318459294
85932,19033.69851696215
96593,10164.220863553104
106195,8593.06482485675
107153,30916.223803297187
104500,15439.491670676818
85737,13981.668531419557
75997,9984.7961933926
79336,30916.223803297187
77061,41006.2251450851
88839,17731.712345563672
86859,8213.968635953053
101090,13356.067391399634
87563,10665.067855683592
107188,8404.35051507536
95198,18833.021280038192
86476,16315.202511497975
99894,23349.075391169325
88279,13639.460054336343
108121,13371.724961004917
99827,13991.481004807863
107457,30916.223803297187
96509,24023.528825688638
101858,10434.042648578628
93052,25512.966250901452
91879,26628.675814669015
107229,8174.169641498676
87917,9940.068282792208
82310,10889.189185716124
93584,17309.741755554285
94356,14039.583317393623
76249,45260.33888248104
88386,19211.950649598333
104406,15677.811834795353
98286,11807.440315698565
95310,20022.160653766517
95994,23246.56438338821
79879,23702.387683994468
97135,11162.75628602338
81818,28383.84929060754
108055,17509.50498777276
96474,27667.339819794353
104358,27394.11097741344
77110,8742.92139311322
95124,9965.598387103824
100539,13078.757733963152
102883,8543.39388003921
94081,11200.163425243087
100018,10876.387123679644
101491,12135.807693062212
89297,14180.611922256547
99337,21568.436448649078
78463,8158.165193695893
97799,15265.744651236455
92138,18668.88707742377
83715,12542.81130778546
90455,12169.806947060726
89100,10368.134593856024
79908,21973.656350965462
91045,16600.36933304769
78357,19283.953827114434
83989,11803.973319205308
83057,8139.004611119202
92472,13568.980388219852
77836,7653.632784438119
91661,23954.8208276719
103107,12530.039248129893
95476,24693.133843409807
96615,12586.728957392228
76337,53002.279391705764
85067,13965.322375225616
95176,17216.108639355254
104450,23792.40251960211
104227,23070.73591978234
94327,14361.802721964612
97056,23876.928540541474
79775,18942.187275404056
91282,27708.481661371414
98425,14637.367765699664
79509,17509.43207715036
79798,13671.512661783072
82615,6312.360432025077
106314,20989.250647261717
88964,10362.535756836916
94303,12424.248501277536
96851,10118.032521584255
104465,12266.948100387093
89500,12097.176591064628
100482,10818.70119898364
102159,8128.383996894624
83242,9891.46249033774
104780,19699.774757421827
83902,9726.81894835657
88955,11947.748302258477
83139,7775.513614246319
88842,20676.17367519944
99320,10015.395045920817
81840,26025.6631396192
103216,8783.375330652487
80734,22317.216856279938
102743,15979.804672704488
76855,22202.34406063321
89866,15160.8649499877
106171,30916.223803297187
76530,9493.75608525715
77933,10395.54636668461
89304,11943.398550360958
77180,26105.414285756215
101525,14080.580233792083
83657,14456.579441436288
92832,18018.62040998917
102059,13362.9615521413
98895,7036.1281822647215
87994,18309.586611019935
86458,11540.408941465075
95568,25233.99544953301
79603,23047.260288268695
77681,8531.188345863711
105596,16213.429946206417
100815,9155.75893574458
77113,47696.21978492075
95519,12233.444874647388
82180,17321.802326149053
105893,18015.59483547975
96087,8436.910824810622
102458,9734.780786031577
104637,15589.91940024416
78633,18992.48939257418
101205,10551.567014946817
90825,8191.140873194239
77280,26270.21764675882
94924,12424.584689389772
92185,27559.809599650816
101547,15314.471992609124
88425,14327.577707650018
95191,20047.047229040614
82878,12324.958059810737
87900,11206.831256403924
90045,7439.98925468688
85402,17626.240429061065
78124,16321.436759366568
100374,10781.95375431268
96192,8329.002321743634
108050,41381.71334412688
98773,7793.782192855586
105534,9952.31159858924
89256,11906.716238677529
102735,15873.932578449474
101683,10917.73925605335
80977,30907.681918954397
98983,8709.119339830317
91969,50440.76511052966
101852,16663.651756852327
77600,15592.27695982097
95813,14595.765723740866
85687,11971.974297404819
97288,9724.12997910034
76331,17315.089338058544
76111,18792.820868532206
84464,13048.069116646153
102105,11900.4768864726
92739,35943.814384717785
87154,14598.663558310498
76313,8484.138559735113
80830,17298.50606286962
107419,43629.84029962985
103729,15301.677470973777
93796,20078.68509039741
85542,8081.254858649685
89838,20010.79564923775
93303,17352.2398629339
86555,10939.334003486374
81471,21550.870969037438
97273,30916.223803297187
84529,14287.672846484438
86886,8877.618587339406
77905,47717.27502075815
78325,11817.665931687194
91821,24692.175056056232
79209,16975.613190191998
107729,9889.713690387125
88328,11779.062051149105
85466,10106.84425620673
105634,8404.35051507536
79780,10354.533466206873
107271,8935.359597379687
77909,19889.242685424982
81592,14776.19111005419
90946,17686.545298715373
96511,16706.795169551784
101345,12028.100491914438
94773,24678.345890719655
106754,42477.19890374241
82112,25061.398034445003
76758,26105.414285756215
99146,18397.04541367051
103707,11488.79550103916
84009,17508.612656148085
84288,13265.754958661211
107688,14690.71059247392
98025,15175.752704029323
94529,24678.345890719655
78142,16639.80848986279
98985,15178.40337563514
96366,15003.845665261828
96697,8612.182964628139
93267,16461.337759119546
98625,9714.881314722948
90111,13265.105394362794
94666,28491.509849596237
102390,7335.407237726705
87799,8040.828370903128
101806,8744.27301390259
92319,18132.290523475865
82564,9891.7752578785
80431,33094.61967439173
90298,15856.238207359684
83570,8503.329628493695
85343,17353.773322374265
104567,20750.711608782643
107481,16080.868043557122
80625,19397.456637494535
98575,14226.281433669024
76415,18700.443140114745
95772,25724.010128967475
85564,16292.208939136697
106489,8401.222683993874
104520,11172.060889363267
85622,9976.42924172021
104842,24882.093903757162
81717,27394.723307919383
91720,14572.847585202817
93411,25195.6655274124
91818,32130.975600292346
103824,12635.441235639608
106453,14537.599452688439
96056,16823.348688920643
87924,12333.428398350978
76902,21816.730271107142
107200,30916.223803297187
98825,10967.797706621539
84740,11653.722270287448
94186,28600.340187858226
87093,10702.564784608578
90703,12156.141895150113
87711,11944.154473045382
89763,11345.523454258013
107087,9751.240449817942
97903,12303.68426432091
105393,14247.417436483478
77984,17581.216692184895
93270,26163.95285247606
83584,12037.649612300214
95630,22925.56786734149
92001,14674.6012975062
104596,13550.022382561137
108196,12543.619323685825
94963,13604.687846564972
103813,7751.690809735056
97285,10496.985957828478
102140,8382.217357920365
82537,6231.877138856632
105396,20432.11921069408
92363,20173.0079786713
87145,11111.534992283634
83808,9726.720750585902
98940,10115.28944307105
79334,21925.693134674635
88939,9891.7752578785
86108,11953.489140559654
107513,24894.464974218434
93992,14748.336237799207
77114,17206.343373610514
106247,15022.58210625852
106460,26178.290259263988
90980,25002.95738248419
91407,41240.33599322174
92716,14084.364006212669
94427,23705.35982223822
79107,37783.33900723459
97517,23261.300821576922
82963,10702.961177394935
95600,18982.640880529267
105627,22345.524719216282
94599,24158.331854926397
93831,26365.596980134862
77796,14447.030640111763
86054,10605.626446382757
103984,7712.232033653465
79232,23263.84659542041
86186,10384.843490096788
79993,16853.919666354155
106645,20422.96412561827
100923,11829.671652616225
79473,6732.229712539093
78631,10251.067467493189
98920,11018.707961375267
93487,17974.272286917618
89722,9902.944609254972
86489,12752.76915318776
77792,28973.588102985454
83434,19539.44827748772
81597,24626.65428943434
93788,26094.67648341355
105929,12236.567673780908
83037,12910.371678288338
96675,26036.64002646595
85315,27344.977628337932
88309,18171.639438843984
80642,18773.761957023446
85401,11081.71664851127
81449,14771.311974392618
108274,22401.79332871947
106544,8341.575263589013
91643,42781.240336077964
77829,26270.21764675882
78255,18079.205952920107
106408,12049.354048630517
96365,17544.309210079522
89365,13215.56204575688
98758,14637.367765699664
82412,14617.14367057537
103970,5250.004144557591
82004,26565.94549898806
76359,19559.42348543504
77601,17433.00535900866
87750,12870.827952193778
103263,10224.646496556034
103050,16189.29556203899
106203,30864.56204424316
107465,26294.143593604727
89824,7598.369990630911
83691,10849.00399215489
83517,11583.464376405353
87354,10383.252017152605
80631,45872.41167196187
88470,16121.902342425956
85074,11315.579189761538
106338,9417.849814796336
86031,7039.587150666036
77815,38729.1258872254
94854,27519.05134361457
92558,14825.964475019879
105202,8151.03442621002
79841,16329.038314981755
81027,23115.176895093857
81862,16376.715794303898
90349,14559.217139703393
95059,30616.56100933107
100279,10688.214479617105
106984,20497.618207252657
92688,31271.9855417254
79781,13507.258378875189
105426,24935.607817440447
76908,14243.397812928855
86624,8436.910824810622
77747,21393.19746682544
104911,32577.64091263978
100968,10885.588071798604
103235,6284.854683656115
79717,11177.06775841117
93346,16162.171256339341
81416,52646.06374014754
105745,15385.641979735123
89942,14971.363945522713
99350,12108.726470689844
77848,17958.271295943872
98163,12438.91894771226
79733,11989.425328103816
106417,11706.132300784595
98931,7822.620528988729
79025,21057.80602068907
96098,23579.239521020696
89627,10649.258403636693
100722,8744.27301390259
89119,7558.514602137528
106445,19730.87511296886
80588,17406.936363791217
91785,28448.776453653707
79294,14282.862274196013
105542,14722.827660744313
98603,14252.48985179598
103921,9844.389805491168
98405,18134.84187302608
79284,22692.963268778505
104738,13426.21967672037
104623,17185.819610177095
105041,10728.126151657909
107556,9239.343422115564
103553,16406.59855167349
88716,20061.540569607816
88844,8558.664037703751
87568,4859.708916581499
84183,15949.007806580816
104240,19629.898860313424
87404,12409.39322076409
95985,18659.431386578588
95986,15542.35042200389
102723,10701.14867285993
93713,24510.864651518197
97359,9411.39196250543
91991,19397.063927235922
77490,17951.442909434307
106975,9468.314144565316
98180,14595.296002980254
80465,9934.342298120411
98027,4330.90180084448
79085,9647.316549496052
92539,25186.163830985282
92267,24690.241059258762
87807,10827.920867396444
78839,10927.987513604792
102361,10534.398687751169
76828,15572.03493575803
105914,21415.114109067505
80885,23413.93399833926
89833,22761.059264948963
81436,10642.376732136414
94157,25035.799365310817
98733,15963.965242202448
102978,6632.365676075806
81455,19387.796100093634
88578,4957.922228737918
105743,12158.344075887459
94325,66945.3261227688
79801,22186.643148083946
105405,17876.044789806616
80670,22694.132468557393
91173,13827.545439113623
80960,11824.544082656063
80623,23413.93399833926
93516,14632.288066097599
101762,12933.956249336585
104665,13276.556830299818
93682,29048.333422252814
86261,10982.803120298548
97450,7373.017713236976
97153,12231.011558933275
82769,10708.447167094724
81781,12269.03564872134
108329,10479.986059760315
93812,28534.62112673835
81383,16481.61237969258
84306,8380.85325942804
78773,9981.684479439815
85809,12049.509046466594
86305,11913.670967894503
88701,14427.966347251344
99973,8238.065627678894
106851,11257.43130361799
89751,11321.009956164837
83788,7847.711031723769
80351,11394.12706841132
84894,10400.34966331577
97232,9709.76454853931
82689,18681.017197410216
102485,16475.16907684255
96093,12280.342731313352
78234,43811.17215144848
83402,11545.735952803847
96362,30354.008448302913
85275,11412.591988421258
106895,22716.14752744907
87163,14418.783794918347
94751,18142.214957654523
93542,19446.686721420283
77980,20787.858844657043
76166,10002.019042113707
89776,11150.51545848999
106767,19723.389499158224
84743,14721.761398601342
92273,21965.205632241043
97882,11834.981521532649
76744,15768.251677786013
86560,12730.35989079432
93835,16961.626910926607
94203,10206.564644114993
88439,9891.736738990743
96097,26291.446107319214
105131,20356.887973599158
100343,11199.597933052484
90841,15615.772612393122
90540,8460.367227321887
92762,23382.90204768443
107805,17131.985995779134
102622,10460.142503489413
108073,26274.968793862143
86061,18316.13945231915
92883,20060.774927804567
82290,8180.002587168138
87824,8365.071946296897
82554,17436.628189797953
102928,12722.50801877287
77420,14005.407472402441
76315,24909.17107662454
99825,8199.80261478754
89292,10526.365102321799
87301,4617.884552906014
103076,12348.717622880387
93084,27129.271899861244
96934,10078.37841819681
85141,7049.422055068124
101607,10929.973580918158
106992,24944.76900467505
95873,24294.40750595291
83341,10397.92652639516
78017,23395.58169996979
83129,25213.574514291467
92261,8212.993354302214
83824,17971.123780613576
86151,12512.145485510417
88105,12486.098851163915
101848,11912.480318810338
89588,8650.017721035501
93705,26747.915899387426
93017,17741.431907882932
77465,19072.242700278955
105484,10820.407527343008
76751,14245.376388032764
97511,14706.935840842589
102864,9040.971624306032
85858,14591.096975907489
94836,16423.64735255422
85250,8018.8312574469055
78497,18503.14733703863
99540,12290.920165650849
97147,30916.223803297187
81347,31107.599944324986
95555,22329.363238156868
98074,16634.385176297706
104435,9490.688598146862
107097,9991.115918727011
92205,13349.547542642977
90822,12894.560625870921
93344,13847.713925025999
84232,12302.442093253772
105217,34396.681493552314
76013,26105.414285756215
102818,10885.588071798604
106541,10492.66080434905
87213,8359.396932199894
94119,18226.838983663747
105753,16355.518058421521
90397,18276.968944896034
87612,6663.555970640736
82789,18601.514265120626
102916,9335.96744368625
104561,9847.778541795262
105428,13680.756674488874
86677,10593.2497890336
95080,31271.9855417254
90113,10776.296452815994
77433,20097.95286861207
106180,20750.711608782643
101692,10847.57963816873
80466,9812.47584465688
99512,15212.227814599211
104554,11380.750882357084
89047,13433.415952812546
93888,25135.620074626993
89659,9341.021346114041
89920,9603.662536081842
86975,14163.63917675303
91405,26824.49125731404
83203,47453.688710262
104338,18075.119259861694
91659,25186.163830985282
86385,11930.2670289535
81048,12487.402090081287
102880,9774.831980590787
100237,11913.442911564576
97751,8199.80261478754
85614,6792.5796925574405
106145,11150.097470307166
105955,9889.713690387125
100146,8604.617016751536
107491,16945.51487912535
80061,18165.709558715258
94324,30315.77716997621
97114,23216.70497486855
106600,7148.339358036933
90922,23218.271183030603
80222,10553.56673900777
99356,10990.519931262157
92780,21231.350285652945
107380,10275.55679141396
86069,10930.895507450246
107753,17712.131456862502
97983,13406.444788602546
88082,8188.429601105546
82115,12230.708103456007
81634,17496.442463523468
89943,9955.759151871862
104167,11581.807469597807
91010,21557.300975284837
85004,11972.889526932551
96953,25736.035100290308
78632,10566.577051276632
76114,11394.929141396948
78570,9421.151171628848
82674,13992.12556914407
91196,15226.669874681053
93734,14091.986788155686
96031,25331.263187462482
102015,8744.27301390259
108372,24989.949905509362
98719,10115.28944307105
83391,9940.600102499693
97098,20134.70041452452
104357,19840.784530523357
93495,18089.1713935185
86422,15748.344746022945
99731,12328.668529181274
94144,18509.882606035466
88103,8355.406709683493
105199,23426.140966984636
97003,9711.713228001201
99925,10880.133493130586
92816,17069.987833665684
98472,11795.594209926028
91986,13225.48402181633
84152,8436.910824810622
87538,12333.428398350978
93305,19295.925349554753
104249,16827.788739503547
85501,10590.102564777326
82343,31512.916792793152
80601,33962.54204397562
99715,15192.592485937312
90451,27126.536590648655
98282,13282.094858774177
98397,19503.085876621317
76414,15732.464504854184
99016,14413.388467007828
85767,8698.056685494881
102787,11941.703612883744
101188,15187.541232592259
85019,11204.887523078694
79803,14120.657930234143
107582,10614.412325181866
98501,11584.905043864293
107021,8513.087785347905
82317,26663.347230679425
105678,4330.90180084448
77931,14237.426047005689
101619,8744.27301390259
76128,13740.49178090634
86460,15695.880409691863
106084,8199.675813288231
80551,23005.167543257547
77062,21828.395319050258
98406,14994.736804239816
103489,7858.533677643876
107191,8248.855186397239
88549,12850.455182425432
85095,14433.896138457503
83923,11228.696722851626
87074,12469.21620377733
94031,24676.349098908915
99120,8194.127600690537
105824,14729.890972644262
82389,38999.26600543096
91994,17718.55013163161
85060,8647.306448946809
87412,21765.244792417
94683,19451.99053929929
83069,22173.623331988594
77071,26177.703037921794
81406,30200.01978322106
89203,10479.599250163117
82423,11583.999128776515
88301,13564.367433780682
86758,17336.25295685892
94072,17575.491027656055
102247,9525.049260786574
101529,11811.254441143714
100738,11739.551539308113
101790,9825.368381918624
96188,9711.60577119926
98656,12300.341763286417
79321,17083.657827860847
80052,19900.532404021542
85150,14797.847344162778
102370,10383.53992455491
107503,20822.93544291529
76560,18503.14733703863
85319,10186.358845599349
89242,17552.96069185711
89510,9948.366368158768
104922,22056.408092864436
86937,11078.080950508032
107780,50638.87200346633
102448,11500.030351941667
89648,12713.284343786485
95347,21362.501561730132
97926,10115.28944307105
104963,14482.494987104315
92272,18493.137662169036
76618,20703.744377633062
87722,11528.478793428847
85560,11193.23936749304
92621,24434.956053944337
87712,11381.374756170171
91009,21780.672387118928
76199,13424.905111077367
99145,21704.61529916948
103618,13358.961502018074
106072,14392.302758792694
102488,11759.910382481374
79837,24350.542556470293
102792,15064.96047010616
86565,6801.936037760907
98631,16160.28811902091
106374,44171.19770203618
108222,7814.030606981239
92127,17707.889526508166
96068,15042.918700713755
84411,11935.223795414293
102143,10852.587711744452
77502,14256.27474681463
105514,15412.047936527022
76896,31126.52648641437
104868,18521.928736571514
99686,15267.248048402096
96721,16994.453334561713
93026,17662.942596504585
95961,19359.118978971288
97465,13787.193273698156
86075,12737.007653625149
106946,10834.657168158465
97605,18437.52999840599
83156,21652.629703632618
88123,15040.292197396057
106817,9287.810597024023
103245,11175.958226344856
78564,29794.55202380847
81879,21899.64768010965
102330,12765.682820926368
98866,14608.791704705878
87178,19210.026140651367
83106,11769.885672759461
78280,9647.316549496052
101161,11130.290883783073
96047,16346.472323004326
93044,12540.548268078848
90176,28146.914786854795
76585,19507.563878942776
99524,19147.570980288532
97467,23329.639107317063
95557,17396.03777878493
102816,10264.54269892815
87141,14480.021936164825
82602,18476.8150608046
80108,27378.064673230943
77871,11421.109946197064
89910,9400.341930868872
76255,10489.340937564259
76231,47696.21978492075
87089,16281.155765194359
107635,16567.55203412398
80916,23075.119745399243
95179,28448.776453653707
90694,7031.296919629468
87504,19124.535503496198
95882,20075.646014434253
82944,8080.59469199868
90862,6371.976924585873
89494,11480.893849169364
81196,24005.85946719833
78258,21816.104314453754
98420,11553.391781542829
84051,11409.440049726703
97011,14706.935840842589
97357,8356.433190191587
82683,9983.226752812081
107472,8554.624753073576
101033,8415.439054111486
86376,19215.42824132786
97773,26051.25930499353
76448,22675.75736420381
94912,24085.69613676616
100444,12706.466510186927
92364,23359.858646498287
104206,25532.58721516268
82384,24914.52860019617
78524,27185.732510355127
82825,15095.956860378517
81519,21671.67222428345
89462,8189.027568101249
94783,24676.349098908915
99101,8362.108204288588
102363,8447.818664048735
107901,13878.17389935031
107950,30916.223803297187
94631,20683.128589912245
85176,8647.306448946809
93934,14711.735257591918
99621,6321.985159852897
101616,7251.148394496473
86156,17853.94173968424
96327,9171.3219140273
89538,14761.099442692006
98236,18089.982866174218
92253,21128.002111136517
105896,14611.292468801217
97333,15015.470968179132
83166,17861.956215850016
96224,17551.07791422264
94462,24557.745214845403
82796,8677.70063414278
103597,9040.971624306032
99905,10460.548344578423
107349,10767.359447601904
76754,16875.639381535395
90912,22519.597369592695
108289,26429.00165248313
94106,25079.00877206892
86956,15699.703609993585
82492,8054.171771036898
81747,10599.664174096803
89144,9732.119584405671
85256,12192.098100445253
85342,9890.448951457674
108054,10049.851318510782
94681,27801.89974856543
86244,8403.972085982103
81028,23035.157510881338
86773,8495.287197111049
108431,21220.556236679804
102839,11027.658123264388
77700,10719.764259756555
92967,21791.1068465597
91982,20019.86168697487
80639,10390.534859611513
97770,10834.90020052557
100460,14367.264468280475
100531,13465.464389691837
84508,9898.871965581486
103706,7265.598974705596
79723,45324.71294653334
88897,14595.640841697972
88695,12644.81175609332
87380,7755.717732696658
76070,26314.771124875773
99342,19007.826454841943
79110,16268.075885884304
89341,12138.213697345764
90330,15833.241824391707
93894,24468.732998800177
104137,6769.707010551879
89113,11265.897246431248
91150,16480.42043331273
79621,26099.46852944585
86822,9397.161553079186
104869,11866.72772197804
93874,16645.462736698188
77606,28371.00858401228
96981,11288.643873170746
88437,11023.252503819902
87834,14238.131207092489
98923,10115.28944307105
108118,23398.363857261
94447,18486.011551961823
99454,21242.265885526434
82144,16648.03160246871
83494,13357.383424582284
76545,15254.965134295668
85852,13920.924220902461
107056,21535.930892083106
95419,8339.636730483533
76570,19521.31613900132
91325,20168.052927702247
98990,11795.594209926028
107639,12478.092697859602
100232,10905.649430781219
83318,14368.174268008777
82277,35227.65700741566
105198,14334.191017773794
107660,17854.086541759258
92349,24363.660781136427
105445,15412.047936527022
98333,12844.070001188604
100919,12123.014416432445
94295,25180.47059096718
105853,7929.7593492529695
100457,11848.784053615816
77726,14411.023297289355
96027,10061.826241364384
104201,10491.065238560472
105205,23060.873753274598
94718,33374.711148308954
96617,12586.728957392228
81405,14261.813336116491
98642,14587.6593364866
89156,13215.56204575688
104916,13835.281822748886
107696,31498.190410721803
87902,10900.208305571892
106870,9890.026457927886
106153,12111.142205557831
85108,11199.267040325689
106590,16170.583239469945
97948,15870.150791963337
77144,26291.446107319214
91535,11899.554801994895
83900,6273.12414587654
107374,7096.358294942708
106805,14712.677269051474
101971,8343.870928372422
103690,10203.091787367239
107830,12683.38255738849
105302,16990.497839827272
90504,11650.920981843825
91865,16783.073614250105
107204,19272.310698428977
93231,24716.486001320027
94654,18277.243954870937
107435,9890.026457927886
78616,31072.525552431915
102268,14369.660062188437
81320,19098.43891858495
85005,11620.750596465039
98032,9550.283066605505
92938,25140.825510306404
76177,9576.89957989304
83869,25078.78244044129
85806,7049.422055068124
77987,13170.877704446983
103802,10776.488951457526
104020,20426.725601532908
93262,21982.586963735048
92988,25457.026611931622
84434,16400.89247506715
95648,29331.2169821604
77947,28371.00858401228
76135,12390.541255113088
80971,30916.223803297187
105584,8830.191435129966
85530,12387.211075528117
106515,12670.790347446316
80686,17342.2548094451
85040,19203.441895106767
77404,7805.330514437836
91234,37081.58536193415
99225,13256.555118307266
88808,11358.164786274308
89948,14572.125161149112
107161,7741.0381783030125
83683,11265.159708567693
83709,15939.874749313163
80256,20246.109476763344
83504,12850.455182425432
90112,10497.738889609021
93042,28380.18978832989
89466,8558.353567277924
103405,15745.594684486736
86026,44379.18503387116
86824,14011.832868207795
79357,30349.720510032224
78812,9828.914506500563
105364,14867.201645274994
105744,9771.447633395617
99819,21530.325358807328
91051,20078.68509039741
95688,21362.501561730132
102174,15393.007517094562
91914,52316.23773615842
86568,7910.414888533466
98761,4334.504825155682
101252,10880.133493130586
91406,17137.659905581568
78069,9647.316549496052
86168,22069.722107111367
105858,10492.66080434905
83972,15798.724276027111
107196,18637.736660098824
80990,14212.338226320051
101095,13459.142895351817
93806,22412.34624882348
104535,8242.044925574313
99257,12354.80668055757
94967,14051.707239840009
94257,17651.615068776642
100543,11758.50379101088
96277,20442.453130731246
78730,14330.300436315058
82370,19836.321392004644
86050,10110.891992256005
104245,19354.859469778567
89903,14761.87476633306
106353,10549.026896826192
90055,14322.295968839386
78070,20843.00380830826
84302,12214.686365471038
101048,11908.335345556092
97981,10466.278798579384
85001,13400.276305327141
79444,23889.804654704345
88862,10709.951216661968
90445,13362.042395169896
92203,42764.080482443365
100623,9893.491280438964
94528,14575.885539444174
94482,19453.272289853605
77706,23369.991869529385
100947,10902.353052517768
94367,24676.349098908915
108205,18154.589607022033
77256,19910.37382594084
88458,15830.495861835028
102997,8713.551930225398
88421,10633.4820534772
86001,14111.87670210014
97594,15077.980746667852
76992,26177.703037921794
92157,19406.517692148416
106018,9841.383473238935
85491,15026.498181875424
103359,9027.435109670683
101024,8625.660426394837
95167,27519.05134361457
93493,20024.328852123406
77624,18035.37736177304
76803,27180.858906224094
77142,18458.964700026885
86693,17716.53473515364
101755,9563.605299336421
82229,27389.03006790128
105220,13194.343088153078
81442,43966.428617374
92017,8359.678460792766
106471,10839.144959649966
86231,10868.899065518903
92036,22624.0020469446
93224,20740.732012605888
87139,11656.043770849958
107623,10809.190985072419
81066,26046.645570826953
97790,15253.903259486833
76514,14264.669179439037
85297,9976.21922691637
93020,13608.908861335516
88666,17530.383919442753
98711,17768.036042462747
107486,21259.109253570532
79363,16991.101923517108
88053,10300.52242169296
87127,13502.043828384323
104704,20782.16921519261
103808,8414.269372092436
90199,23862.285958284567
92950,71737.31368478613
92002,22539.96371108057
108435,12723.00019621352
86748,9653.4516134326
86978,8436.910824810622
79932,28364.7309918696
107382,8238.728383413383
82616,12170.678172797518
99198,24527.630068098282
96788,10287.679509976157
92073,17865.180026517315
92060,17473.684890642573
79559,7372.784996224721
105276,20324.496182391675
78536,18423.895913541317
86795,14097.593876716584
103739,14687.892329350238
105087,22231.15554378194
106499,18517.274231221676
81009,45912.206747918695
77053,23862.226318948397
104832,9444.71484061893
81864,14047.932460622935
102634,9022.205321211224
90510,9696.411977324276
103001,7923.754893103576
97323,23085.450197809925
77996,23961.845798523573
89082,14945.385959148742
106910,19730.87511296886
83882,10095.44156942425
106459,20145.636499836706
99678,8644.3427069385
92583,28431.651095281435
76986,20812.77163072606
90844,10353.575395481506
94286,12446.298453667161
85208,12236.567673780908
81224,22418.284461724335
85569,7809.254601147547
78152,23073.30664735276
93054,17856.28069930913
93481,19586.084603491137
99735,14637.367765699664
88060,15005.000148279505
97546,10381.227714795994
81083,26105.414285756215
100259,11105.49888361898
77751,14290.2450744199
105093,9775.245049199264
94991,18202.684743704827
91352,24681.733958463057
99901,14308.77496403094
83577,11035.715167998627
95846,27529.761963145178
89917,17187.68509398766
93394,17677.8629695494
102805,8352.072052758554
105448,27922.022145215207
108444,13342.927320007158
100862,8845.725608470037
95006,44012.63503179393
86446,8104.096151528777
90906,20126.45770437506
95336,25855.642408549906
94904,8520.716541338395
81105,14030.58142718641
78132,9541.530721015532
87302,10868.899065518903
101471,10264.54269892815
90015,12363.018907679852
90539,13951.412501589813
82418,10363.500780852502
79940,20182.16617904106
77401,34263.590425074435
79054,10267.109148220203
78493,37521.361946699144
87727,12790.466034229335
100390,8841.474632544241
86020,10578.949349569604
106293,24940.339574411068
105435,13691.107201324698
81992,27117.305096776832
92805,18254.364537876696
92871,20195.08640398867
101833,12049.069401643323
98352,13223.849875307464
98629,13245.048265526102
79700,14479.620253514662
99710,14349.048915964677
84526,18004.588366339278
98636,12628.761324153453
106829,15018.155921148164
99652,13077.860056248388
85469,11403.570095887979
82224,18698.968368913524
81899,27611.21668559951
94817,23228.018811483817
92379,25661.932071234394
94423,25305.87820352223
94010,27709.215320274103
84867,17609.9168160604
84679,15073.166144194574
103292,11755.65821636518
77349,13980.64481183554
77697,10371.98376185022
103017,6494.820913965357
79727,24618.036025124653
86490,10626.768345044904
101009,11182.337613931557
96540,15412.047936527022
106974,17991.261115385223
80055,22080.506556932894
102035,11488.79550103916
87843,10037.470162061703
107868,19969.676712655124
100831,7031.296919629468
98936,11114.537896377518
96915,26270.21764675882
88473,17941.90918389583
89030,10478.092882756435
95894,21102.75879517562
92113,20185.45292234566
105809,8383.626773127015
99360,14360.40080416025
86746,8401.738086418127
101917,10012.129863061624
96687,11629.061825506938
101210,10876.387123679644
101146,10538.324428267571
104900,10608.791842428862
85924,17586.42480034428
90544,8650.017721035501
93003,21144.142374656876
98738,12293.412557866102
99884,8644.3427069385
108053,26176.900829593138
90188,9375.706156033595
91970,19792.47991971079
103257,8421.98232482954
83138,8459.219430834279
104017,30864.56204424316
105104,7024.226169276934
100054,15897.103175883916
87155,20133.946845075647
107600,12022.27262199449
80848,23249.09828822095
86709,15894.856205276232
106214,27667.339819794353
91963,24678.345890719655
97698,8575.186087066993
106109,10804.042463275095
88231,9384.363997784132
104537,8687.952243557917
99388,12291.30534734366
94517,20022.029885331758
76658,33216.62787995036
107430,21620.566792496546
87408,10707.903812253826
105971,12524.036409661754
90264,14521.365332618854
78434,14298.189843627766
88248,19675.02471157243
103386,8493.135039186445
87862,24067.843922735705
83101,14011.832868207795
92350,24965.32341583588
98624,7317.824026996188
97298,15015.470968179132
81919,14605.900320012164
80556,33596.191703652235
98141,14081.597359812997
88205,14087.534382167423
102779,15314.471992609124
99926,11568.810064655316
101484,8035.148461305988
102869,17489.033898304344
89043,12915.98294709372
92878,26289.18820471998
101071,13761.26166746073
106583,24811.202406755085
106819,8532.207593089854
79956,16164.271547910852
90659,17773.526654959
82276,10700.495895520857
85881,19684.847315407656
76753,31204.743042729886
102970,15080.865967309617
93126,28405.794481679593
97964,11029.658183960317
81951,10293.78691548016
101200,12641.294473574146
96104,30916.223803297187
78169,18626.73003669623
90062,12233.307155968743
100918,10605.181883334648
108353,10318.42493251702
96642,19714.540208344333
104763,9537.83858654414
100926,14360.632661031681
107597,9773.523821347437
102765,7343.829894884698
85805,11949.06909946287
102162,15568.766385799678
82952,13825.80209654372
94184,47504.6857863886
87797,15062.62217841265
101511,8404.750289037933
107686,9548.057151320243
95366,12274.93295792702
78349,7551.208780692636
100908,6566.186634694095
96196,8398.283660308854
107677,16481.60605005208
93603,20663.258480547644
99861,13959.388018307085
87456,15895.108070593747
82484,12577.949189083429
89252,15241.747340962393
104243,19836.921899796296
107181,31022.45167487803
90446,6781.172273952632
81412,17428.96586614771
86732,12585.667475978345
103972,11500.199036091757
102586,10264.54269892815
82466,12433.44203899221
84937,15841.26152167414
103038,15314.471992609124
104111,19739.76464888452
101111,13983.81747796933
107812,14245.376388032764
81483,11881.582635766135
81303,17707.6134823371
105370,15692.91352326482
80504,26177.703037921794
85839,14251.773934384979
91560,17961.362381327228
92722,33393.100588726156
86115,17581.70394447404
88062,22891.328325980918
104876,10952.138187232697
98777,14573.626650459411
92504,21354.434832252336
94025,12305.914577687752
87253,11221.30529234483
106668,21861.315976175843
100007,10947.898963606736
100956,14441.6780898952
104055,14140.953141909646
83761,10021.699003076601
79429,13229.884000401118
104731,20862.580621082634
104125,10804.042463275095
95628,20319.18323056488
80913,23021.16194976154
85196,12138.213697345764
102697,14187.909308402726
98587,7841.038400031475
106771,14623.80088662337
90889,10659.976385455238
99697,10195.266948164666
101404,10221.366332145186
96283,10141.4338280408
83072,7834.805831382747
84053,12029.131437643602
92435,15532.962910668995
99445,11834.606154805535
94604,22788.56759503763
105585,23063.433751071065
106189,9712.873618680711
108456,28801.482759929924
107914,11450.498160379922
105646,11508.754276608875
99808,19209.924815134556
101337,13358.961502018074
94636,8110.344088014231
100480,9844.389805491168
104644,27902.555071810213
96254,24244.944768163386
105238,23246.581042447393
99534,8274.605235309575
85285,16646.411617658523
82145,20628.418889204746
79604,17070.842097121687
92928,24115.84491470083
82245,23035.157510881338
100973,13452.578157049027
76365,9647.316549496052
79164,18147.117891046993
75989,15728.789169552194
96557,23355.914342236854
95029,8306.186759534658
107817,9113.92698700334
98521,9715.346873019338
103150,13730.368749998253
95850,14218.78986884751
102008,10895.49873536497
106002,15269.937318907743
106077,16716.729693268804
83367,8861.741243067338
97196,17544.309210079522
76566,5326.713142987286
104384,26110.165432859532
80692,21886.36530093128
101094,11670.945740613182
81800,19757.75921324977
86722,12242.936174921764
100318,15273.619336859381
104827,20450.750965070703
98244,8644.3427069385
94712,25849.59224438889
98393,9214.73119885923
80771,14016.688921618703
86607,15672.72230287408
80768,10449.745076769163
96949,17228.832940316137
87207,9891.46249033774
84629,10041.811070065936
76136,17115.369668163614
76644,7936.2237608813475
107649,17135.231204310447
90281,16860.86158822141
108187,16623.857343122527
92025,39869.19320041968
99737,19151.59845518075
90801,14484.648488750214
100790,14002.730372239552
102558,15042.944255154252
98713,12121.18708532127
103633,9841.642967052781
101449,15105.147649156183
81515,25871.48628764802
98364,12234.154967731905
83966,12626.553018996088
99995,10535.35237376478
99150,47748.09359404856
86873,13134.477528740028
83731,22327.14473730539
80810,34389.73581670888
94650,16202.420952317765
82521,14691.770523068448
100255,9628.582595896898
80454,8288.81880767376
105154,12387.605496943823
79689,17997.41287214631
86810,11162.178724646252
82113,22253.861091475574
85929,10132.534959534205
77522,21341.143135798848
103578,6797.1840383951285
102688,17272.460812385187
90791,16337.262689436844
94401,28341.587465364846
76740,15632.343112837945
81666,17004.99974034952
100227,6210.156234047547
85673,10479.912017703879
108395,22147.669521372372
100214,4953.539750832001
95659,24297.429198419024
80490,26099.46852944585
88384,11064.767231203763
107062,12069.953204921254
105277,9401.458271894042
79265,19459.05500167595
84984,12140.642929753187
77376,10473.793070928541
77355,22271.57784283647
86313,18292.755913217166
99285,21570.580852767886
98028,13568.91944177124
77611,14395.046968974677
90056,13816.941467600334
84773,8359.396932199894
99264,16257.001897898665
100948,15981.791246046572
82379,26894.05069652145
85047,18454.61917648124
104114,19623.154403095585
107632,14689.02299513849
93536,12727.928072478586
81421,31052.5721906255
104793,43353.63915867855
88141,11228.696722851626
102679,12550.837523299764
81051,27412.589129638625
101005,14479.074246683438
97532,9715.210935426363
102499,19222.915208990446
89537,11242.858288784202
93046,18157.75778749905
79823,19798.872432784865
98882,18091.595351891767
97094,18473.81978267217
82461,13733.278483563925
86118,10313.625253841054
89801,9696.139270383297
83127,13003.622476794293
107519,8402.756459950002
82583,8737.05684631751
103259,8034.879421459711
81152,18588.457057723543
106206,26300.37897861247
96706,9747.25913285903
88303,12616.436256817226
94241,24468.021873521804
95076,21844.954935270933
107546,8066.174801857009
78467,12121.841554693237
98304,14374.664907314089
95393,19515.754109670434
98134,15425.028545981899
104152,16498.359767274003
76818,18996.0562452635
84707,7527.125271977071
87889,13390.806613731207
104736,15031.179866689597
87844,14614.822323492017
88388,8050.021772914505
83940,12585.667475978345
99536,16614.84706781371
83313,16284.275841004583
89864,14648.523332256069
106944,15086.068160135212
105635,9965.9226139315
83110,10595.351108854877
78937,30975.997178113157
91724,18256.82335335943
94886,19334.226116529404
91449,17874.611486683734
81745,30966.099077434414
93405,18313.184572752027
99402,6375.435169104177
94317,13833.587270918371
78503,19020.12186690496
87111,14097.593876716584
108538,15451.127640726882
90689,9704.296841382778
84402,17869.58970886042
80890,20332.90111489254
101682,8045.18425291087
81874,11842.01051768641
84259,6303.567526190934
96616,17551.07791422264
106173,6824.42772410332
102534,8527.933012373127
81629,49648.03521941942
104910,11456.380044189484
92100,27679.166515600868
98454,11812.980251973802
81880,24500.12884083829
83346,11201.1524420287
95335,20081.731310314728
106693,19807.075441634202
107432,10614.412325181866
82694,8683.375648239782
100199,11783.663286708774
107361,20388.11039310757
88659,10699.72310652327
84237,6973.595697905412
83666,11289.313367519491
104468,30659.44929540461
95495,14555.774795319418
84298,18082.245385090988
108427,10924.182825340633
88238,15544.750546978468
103836,14345.01316262088
87394,10481.507583492456
77799,10063.386594262567
97905,8783.022672747273
101142,15295.922154713744
103274,9696.84527888815
88302,10882.051853360426
76533,9284.775410087004
80080,21937.81674157003
105134,12043.713373670476
100792,11241.062776634191
81408,19081.992290754493
80410,19481.855716545204
86355,12524.048130131427
100954,9340.090945452479
93799,17277.346513029
100810,10577.036955958043
80379,17237.579705789874
107796,19577.429392052047
94046,16204.709207078422
99931,13924.824413869894
85890,4570.654309381233
106923,13794.519197977279
98319,12290.920165650849
94853,22362.897290012883
91069,48587.584402492896
78790,8443.308118691277
92697,24692.175056056232
94765,25240.55063754405
102150,12530.039248129893
105768,11923.531041306476
81755,23016.149666224082
96933,10193.041143073888
92136,54816.09512542385
96082,6054.571301610261
108457,14729.890972644262
95142,24408.29337024861
85688,19172.554454495017
86672,11949.366593829127
107583,8809.951732902784
93369,23735.955181066292
97637,16112.862369833985
80868,16022.732675411648
102315,8059.047750827486
108428,16213.429946206417
99478,11700.698084304906
98906,8644.3427069385
96394,12174.484959350902
106032,16806.472077811828
76121,13474.569137713259
92642,18066.117134577584
94725,23632.090222385836
84528,14483.477212281503
104492,10351.57180184037
98456,21435.76475900952
102089,10889.733045052852
105274,7466.868631833718
91436,28284.28081252938
99127,7747.509313261693
80416,19971.970784612622
83419,8282.866313510352
76209,17778.949720211538
91874,14428.831832310982
107892,14190.349379009864
86727,12211.217883077756
83096,7529.020644811619
107036,22148.60846308179
86096,11283.441195660433
89684,12312.051465168295
105301,10479.986059760315
79056,14411.283307847718
103508,15290.301671960739
102651,11645.395701816102
76605,11730.947373984172
99170,6396.379593649346
94850,14063.439760980942
78638,12268.806972331122
106031,14422.248379566658
104955,11846.618741169299
101565,11668.313837800863
105886,27394.11097741344
86499,12633.723771927374
91809,47994.49931428136
86033,10903.332252827302
90761,16186.697409627111
104168,20854.304042961176
88048,15604.703987686578
106343,27864.513915244446
96568,9707.682473384759
90082,28146.914786854795
85659,7795.916755440417
102950,10929.973580918158
96231,10181.639820055318
101781,15973.412894390842
103210,9504.345193854808
95174,9527.300398423853
105594,18032.657793021583
107809,21543.272077947877
81222,23400.371374291335
84506,22296.518001999084
83399,14956.708827666735
88318,13092.989704457119
106235,20455.45987363233
83952,11750.773271759868
103610,13199.713961939315
107273,19076.109346226123
102134,15314.471992609124
77708,27169.56932339479
99754,12266.586562658682
103372,11917.191995980065
90457,7665.099873425594
80228,13641.271342576341
105630,16860.22659465124
78448,23767.64049014818
86729,11537.299992732404
108510,8516.251606853832
79686,28397.983424292896
82677,15002.793860469536
94161,20635.442785210256
93064,12326.040150902272
103595,8569.719888022053
107257,8017.886652159082
81162,29887.41930770213
106410,8433.418395868928
97829,23038.65720549551
92429,22709.924305899593
90183,17775.34441187796
83816,14518.728752510993
88613,8471.349055990326
90025,9905.20594798056
89004,7776.335020500696
107997,18435.211832900433
97458,17412.04241402759
82737,8447.500797342718
101739,11924.67516791347
86766,11199.836556829903
77098,15865.800624412937
93598,22651.557861877813
108115,9801.35494561215
107653,22270.599935456667
94706,19155.984605031783
105344,9795.906739081209
87516,7373.814849124332
98959,9550.595834146266
104557,8066.174801857009
99137,7995.763726388099
102126,7515.162190080109
104455,11956.975959073565
104278,11138.248147478711
80331,23448.127148984357
90087,19295.40047997248
93700,26186.560001588896
108517,13251.241434644257
97373,16957.226571090177
83394,19263.89863747889
100989,10038.992977049536
82625,15785.62599503505
93457,13097.554105908906
103186,11755.733989964854
85133,10479.599250163117
101198,10848.924376785459
102095,9504.345193854808
99684,9979.55414040792
83595,12944.324440040986
76960,30975.997178113157
103015,7854.84854143295
91987,47600.908438233295
78825,25051.154176677752
87668,20148.768295349648
84826,15751.634031489326
92309,11488.998157646318
90969,19395.92173668367
92987,17769.429136876624
105317,15603.989155578425
93606,22408.47963584345
95536,35373.67607308484
92839,17464.708497423973
102133,9137.119355853365
105225,16131.15153660246
85627,9891.7752578785
79013,32365.939283404234
92008,25240.55063754405
80983,22205.813932267523
106475,24157.26691158811
99357,14349.048915964677
79246,20765.485666315526
83200,7966.533129583055
79656,22198.907309414302
99031,21568.436448649078
82780,16383.831191692752
88310,10397.10527183189
98056,23127.989571172977
77289,20180.382445673116
105503,15590.727726867419
79198,23408.16651363568
93429,26642.71839170606
97172,10763.607546140442
105958,15885.80820920074
103180,4330.90180084448
85825,17388.09190989317
81725,29939.489976957422
86590,15382.374283566749
92366,24722.103161746156
80589,67335.31985622138
95454,18610.716175700632
104525,6860.900426883959
107646,7889.934630645026
99226,10475.49589216613
77273,17226.749745828827
99642,14259.27955158719
91195,24676.349098908915
98641,21242.265885526434
107724,16979.96236866382
89646,24389.72416469904
85873,11540.420576116661
81468,23413.93399833926
97648,9784.560979187518
85573,10397.10527183189
102394,7585.918017860125
77771,19901.179957184697
88122,11930.326179990836
85640,16180.329210536338
97560,8030.028078550488
100584,8208.672306127906
97404,11733.00037647439
82414,10481.507583492456
84609,10479.599250163117
100462,10000.163043765031
91573,13840.297750367261
94716,17995.182149775563
107560,23270.72652032237
79627,18615.992643284702
83025,12948.124385186315
91918,11634.905037138316
87344,14089.423028471514
91683,28257.176743010135
77259,11131.583031526343
95887,20027.201465573904
96802,15837.774486605726
103965,8352.072052758554
78110,11166.418246030838
99144,10115.28944307105
86801,10816.21546638398
88181,5658.38200861428
88262,22296.518001999084
85846,17065.99736666111
97896,15923.247850147467
92462,47541.37236390786
99668,17330.366432377643
89440,10673.474019303278
82867,22694.15173717213
85857,10423.498561455
79583,32150.69381118968
103090,9880.42363304647
104184,30916.223803297187
100921,13250.098650552738
83124,14402.689016813987
93320,24709.066608678342
81985,23125.609754419154
89618,15147.318433531413
90086,9930.518322268965
80855,26120.460405322134
105114,9776.602176838242
92497,24771.80391837016
89049,10059.29685552892
88584,18382.90126396369
88019,15587.911531186779
80119,22189.210372306545
84879,19265.98380534499
99293,14266.710767516573
82515,13961.41270547975
97600,18303.71437470009
103737,12195.940721754932
102387,17491.554652905244
80404,35089.88875583074
105785,43466.05988472215
76379,18981.677314101544
100569,14851.850550356574
101553,11209.609090332126
105803,10765.350985082501
89151,11697.190137314636
102960,8493.135039186445
103094,8501.695468978585
92146,7779.214632346667
97802,11596.51887055238
102939,10551.567014946817
101492,11913.442911564576
84207,8365.071946296897
86995,10332.420530679883
90024,23769.79099541135
87536,10204.415039575924
103571,11905.80019484401
87529,10387.71715139207
96756,20422.737628646788
92326,18684.296913293394
97609,10364.46614397409
75984,16730.67841234402
80733,34349.419592726015
77150,8792.224231178037
102496,7641.897828034448
86666,16010.272021348936
78836,9135.278520803946
82444,10810.250020595346
104414,24283.22906982145
98585,8298.268419802986
85191,21503.384971125844
88013,12077.070723827701
78962,15793.994722435384
101510,17276.171870948587
103438,15905.104378660675
99474,11670.356956337913
87180,14703.290341197531
82983,18593.50636620025
87503,10460.19333512367
90410,19313.53975903646
98416,12231.99209693581
104117,8838.50151916499
84900,9423.354519132128
88565,15889.609459854235
93797,17601.66581942517
108131,43622.90357076785
78848,17303.83867915127
88151,14202.905019979304
85081,10110.699781876898
78163,12086.122645959047
106580,12043.713373670476
104638,11685.820859810721
103696,14347.526794358066
99589,10470.681490679452
79699,14042.78965357807
95129,26911.08534420921
102173,13753.632541989242
92811,22792.075878762633
84986,8197.091342698846
84162,14151.712715314605
77340,20355.101627544747
79685,31658.646306557286
81423,23024.77629201117
93745,18122.779310221445
101399,11943.989981138006
91611,22747.386532021796
76973,10987.432207020518
83734,23327.6034058602
79526,22275.82419422268
80087,8353.879818015272
102186,14365.430192424452
77640,26105.414285756215
105138,18257.7576476946
79146,20969.14080302337
91713,12229.927774778807
104230,26272.91513304433
101896,8352.072052758554
107587,28318.322716024224
76461,28256.869348090597
95587,25148.16381138764
96185,12365.584061471118
103181,16296.94853065146
107643,23900.99799627492
88948,9891.7752578785
97565,23394.131314593833
83821,10741.975982988313
103781,8412.931795531702
81677,46001.07016857678
107975,17197.071539153967
84106,10667.325169991818
93060,39212.76278320364
81078,20657.77915165891
106748,21362.583133518903
79264,33223.29731119459
84098,9656.975386157257
87838,20760.805118678687
102957,14050.45585567627
89353,10195.138667186415
85492,11032.796133237032
107957,25946.452592179663
89938,11272.024557573945
90260,9715.659640560098
89571,13258.116789083188
106963,11695.401657734736
97266,14211.461604476322
80413,8721.348251143636
86028,8683.272308050611
93343,26063.32596436662
105232,7413.454651195423
107755,9889.529346245683
107326,10036.833644907745
107571,8404.35051507536
100062,9672.181020934831
91477,26647.779792316138
104598,9095.70914726132
98614,8650.017721035501
104034,26302.432639430273
98446,8361.541334371273
103023,8352.072052758554
91550,22957.624379706725
81211,19724.631755907645
90619,9459.975617018845
91525,36112.995299283706
104422,21756.891095450803
93555,20168.47376841222
88346,8899.343189996951
102067,8300.965181553733
107051,19235.941161237
89642,15837.346050477066
83492,17377.316983923767
99169,14693.162541010282
85964,10723.174167651961
85179,11379.71274191162
100677,6314.581229767577
85529,12822.934609433692
86198,10843.758052325125
99532,9291.401767072532
80443,33350.72953509647
93248,19422.266993279725
86958,16523.172846592643
77942,23354.906564196946
88568,17898.404226283805
81730,51630.06438466343
98884,10195.266948164666
82267,15837.475101339629
88088,13976.914943844264
89578,19018.736319686363
83568,18367.11645663888
85083,7668.87950029725
79222,17295.354857600214
82543,10479.599250163117
82611,4329.408670682393
99708,15194.202526525392
97699,8401.738086418127
91371,27414.292971599567
101757,8045.660635481473
104417,11044.859391648934
99830,11795.594209926028
88477,15530.625557368581
104614,17599.34689829618
76098,24998.6944141623
92143,18458.978527860796
81343,26105.414285756215
77212,20741.06202060931
78262,47677.90124643753
95097,24566.528258032624
84440,11350.838613405558
96942,15706.012433841752
101584,9946.928430486054
77202,5326.713142987286
85173,17953.702251027906
82953,19559.98813565959
81151,24317.00360829211
104377,16635.915906222883
86697,4570.654309381233
96650,11832.981822853286
77031,18006.307659575334
82235,50499.665130575195
91333,12504.052312426229
103393,13176.246353122422
76254,17007.540606043833
101592,12486.814175586189
101865,10906.129760997192
90819,13440.600730000844
76941,7873.5756965838955
91974,18177.392549943812
102930,15423.275907733125
96310,19731.162579685333
77912,21750.3956983253
108119,14725.899640442536
93631,16260.224845570623
76592,16839.6645793131
94282,29458.867547973827
77715,20889.06892863473
93747,17848.959025677505
94560,27719.56367096533
90108,14224.152582315888
102128,7724.8897373559585
85820,17592.359380083926
79541,12169.039050635869
102901,13459.142895351817
102761,9254.618316894035
91536,21892.785324622895
82089,13667.713067628023
108489,8404.35051507536
98409,8644.3427069385
79151,13999.014987268241
95549,15695.413364829412
85472,7563.792936105855
82072,22661.350738045923
99386,15267.248048402096
92932,27567.762102612644
86525,15451.127640726882
99013,10581.088017179967
99472,10960.967807843903
89967,8191.140873194239
106604,23354.937197360316
91608,12352.268898382554
82249,20741.814588728394
85445,18275.13072887421
106905,22917.179663939653
89122,18273.971685260647
87056,17422.429902734817
98254,8194.127600690537
81697,26240.227679135027
102542,7891.092440492684
86804,14003.17718457934
92626,48303.108205338074
76602,45820.820559724794
87943,10554.234624103783
95438,21144.142374656876
95823,17697.596199022377
82403,71066.08708030898
79347,22963.39431312572
99419,15885.84923747581
88561,9872.056575298293
104572,9936.263194251384
108507,23283.48305120387
97900,8641.048897551333
89733,14114.326186309372
86211,6998.938116963804
96713,17612.95769070477
107123,14389.084397955494
78086,12527.731888645438
100576,14302.315053933913
102589,25498.188014067415
104477,27001.137088360436
103487,14006.89606183849
79189,5965.703281323721
89098,14706.935840842589
79787,30200.01978322106
84294,15040.292197396057
79128,15719.698893347422
90269,11024.227025499653
78251,17959.961906130804
80572,10330.624943734623
75986,34706.02225220267
77619,28383.84929060754
105025,17664.705143173655
93882,26787.092288348187
78338,24790.0821804028
80621,31008.499603176246
103601,6326.152682656867
88170,13389.471013159482
102889,12969.572926134737
76347,21499.424039342666
106080,6741.63989698297
98834,18650.504798960254
76498,31088.999063782034
85104,8050.021772914505
87534,11605.783618000041
89883,7276.2432708000315
88738,12250.388898893823
99252,17586.166674824894
102696,11658.18164194312
95948,22213.052967624546
105438,26237.41713214474
103463,10551.567014946817
100261,10861.057094611631
95315,22896.33364503295
104172,27208.408554647107
76502,28889.1161954172
91569,25385.12967820452
96071,15322.979655732617
105936,20651.304936303994
97089,20132.06675991571
85434,14012.1886379067
88446,10939.942631805194
93751,24744.343770447507
105399,11594.471287877326
88174,28296.327544634296
88555,8096.973817582006
102346,13642.582972610133
87144,10523.35349400815
101990,10929.973580918158
102931,11150.269139400094
108317,10804.042463275095
87976,13093.891677605992
97988,13353.74062078263
101822,10038.992977049536
82536,12177.35965418197
80676,29924.03997411588
91255,7666.8169542409705
94069,16113.81768420632
91894,24555.40433032555
108147,14681.687621150484
76928,21030.27214148722
82648,14102.242436035749
79426,14247.979731295227
101936,12222.128103400248
107567,19994.41026180894
88776,15732.464504854184
91113,19390.715880135318
84568,18691.730557332496
78044,23586.323591516866
76929,32851.82783031939
102526,8352.072052758554
92515,12173.968672199328
90009,10266.32467754066
82978,7391.319996602853
104437,13230.675591156596
101451,13452.748067443437
76325,31079.851140336697
89491,9189.367360739609
98435,12826.38736923821
92282,17381.473838439528
82209,14412.293089806679
88705,14188.987716484045
104679,12324.063170647509
84919,8536.538028321307
89998,19295.40047997248
103520,7589.715556907024
106857,11701.02214048774
108499,11986.60946560737
78893,38201.02097435848
100860,11963.961918574963
91684,12190.273105651933
80617,13567.680222980329
76634,31631.37243342269
92055,24692.175056056232
83030,11299.613103394824
86154,7304.919749027714
96022,26754.869705240966
100336,18820.162321688713
92663,14075.741608562565
102884,8589.655937430349
80763,30798.452727173742
78329,8135.936690474242
87867,12830.55133955071
104353,26020.93097231419
94284,15252.916747937501
107996,18085.466660231163
95784,21832.629791921852
101298,13602.720286217635
95995,14335.34914267552
102718,9791.166944967248
93623,27698.12139068292
89585,16734.197795506905
77533,18561.725185234973
107550,15108.929872753935
87760,14099.39464852357
86299,5363.976206496325
83152,9104.874552999652
91322,34495.20309701338
91286,12108.97021295705
89231,14431.049529381167
80082,11815.516327148125
105518,9892.139248304933
100224,13187.744058586817
97261,12586.728957392228
99651,27475.96379913086
76487,10022.917397275316
76867,20507.835894250988
84574,11876.217075157245
92378,42318.87572619512
103934,10532.824150724204
108445,8404.35051507536
76872,19509.392824622504
76180,43780.23334602258
106906,8404.35051507536
76431,21599.38126047022
102603,10929.973580918158
78403,13001.43862097016
100799,8493.135039186445
104755,15433.318577777409
89602,30770.726616536092
101656,8412.931795531702
79362,17418.083621456866
102262,14661.595853248831
79884,9827.348066407254
97740,30916.223803297187
101264,8754.435507262235
76525,9421.151171628848
101988,15554.929378312034
102819,15994.844887866831
95501,18820.7918665736
82890,12867.182982384606
94413,18144.94514261309
77898,19937.946106432013
92991,18584.643695935898
82055,14047.01880632288
100865,13405.296913852237
107388,14731.89307506736
94252,21810.0552421865
105973,6625.607406274231
100976,15314.471992609124
106212,27471.795822003576
76078,8287.496915775648
79014,17838.26499021935
104787,9398.121633735223
92342,25441.35269969562
86334,8992.102608230342
94066,12043.619281193989
76062,8108.5205517284
99371,15916.171460420133
91498,21732.65973657258
86406,18084.706552340765
95531,25233.99544953301
93274,12030.087036830997
100190,15106.696107860373
90424,21277.930572394787
99089,15267.248048402096
94306,16196.12254939283
88209,8047.33440643247
90029,10191.844718213986
103397,9560.030322608478
82341,27955.894190186114
92358,27186.47464070986
100389,11917.587884818824
104886,19649.266421411114
98404,11850.28260121813
85100,15949.016716331767
84878,20482.93520309662
78693,26435.909410663993
91992,53396.86593370047
105754,7439.98925468688
89594,15887.137786758463
84756,7125.737276339023
91795,61975.33206094309
108235,10479.403878672172
95474,23086.967734149745
103485,8623.245536599292
107700,8404.35051507536
86613,12361.535454979705
85741,8737.05684631751
89372,10867.57882641372
79735,28151.866941574717
76186,14781.694120336437
93135,19586.31579701306
108107,7762.518122837617
95853,25084.679461455962
106625,27790.24815655858
94400,18037.99312871017
84893,12329.312834802555
97777,19387.061715233303
82127,23069.367419680166
102116,17440.021305771643
84330,23078.24898730523
105251,21527.917963437238
104115,8404.35051507536
93746,14229.583292184006
104982,17097.18786187408
105988,8687.952243557917
102562,6284.854683656115
100822,13176.246353122422
104409,25393.38635732017
80140,18252.697357611825
103317,11936.280381245086
96145,11064.859494019513
105732,27668.456190429773
100943,11705.060776281463
92940,12901.881280406638
108400,6358.118151184153
108512,9833.033296164747
92473,36779.262803513426
99001,10115.28944307105
81082,26041.186153113587
108460,13445.992999298569
108169,14201.809642778155
106864,16981.7343063592
84685,19204.01524475475
77736,24924.257377788344
94232,20797.999196061417
89520,7945.698423018968
104514,15939.649440010908
87509,10222.301356927988
102802,10885.588071798604
91042,26784.88048609203
79197,26105.414285756215
76499,11927.792384398956
100082,14417.549969730118
91224,22253.270557358057
95303,16855.131779159958
96830,13959.176612798696
88064,14445.521991506315
81628,16009.39937643662
84857,8197.091342698846
82032,21865.65649359732
93316,24261.41342735904
104993,19714.72500758296
82315,19736.83376450472
95990,52478.60352682919
89970,23030.38500302527
93407,19254.917385547476
84755,15004.170492793852
84684,14945.385959148742
79353,34834.990223795474
79649,47204.97086764273
81749,25674.060313812544
107002,8341.575263589013
82546,18746.76193887664
97536,14428.831832310982
77580,20872.139028112197
95967,19210.839436069808
108150,7675.499077613598
98992,10126.007835765591
108536,10238.710019382626
102358,7902.378097502268
91856,28675.181203027812
93148,25739.259836882466
84957,13224.601972991919
95413,12220.723082294993
102404,11945.104474296668
91495,18266.66241881129
77953,20885.090270502096
87398,7958.5982135560025
95955,17661.768093713912
93290,17925.734578979253
88128,9891.7752578785
88830,22277.902326288917
83397,11796.528536686184
81599,23413.93399833926
106055,9442.608941634264
77655,12780.114142408147
92106,24182.911422212255
96536,13341.131595410756
104575,14482.494987104315
105513,7732.648547109608
92308,16693.111406676908
82419,15037.195134849157
96473,15737.805197634063
76961,26172.790219800532
104060,43394.58545744943
91056,17856.15278056042
87618,19830.853950067078
95253,24724.927452662778
96135,9715.346873019338
98015,9550.283066605505
87695,8683.375648239782
79066,11843.028160711183
95512,28534.62112673835
89234,19902.444057739584
89971,14460.312818678136
103750,10551.567014946817
94180,25233.99544953301
107947,19449.710753775722
93455,80735.34973023065
86369,14396.010880132853
78817,15567.257992112343
85051,8599.380535156686
79315,67461.22552262749
92395,27157.38878933913
82513,15037.56332577046
107728,7819.723856011532
90261,12308.97903450456
101064,14050.45585567627
79329,26513.068335543823
88998,10380.580249151699
102002,10016.052877307866
87718,10205.638750981874
87774,22316.871676738323
105214,11633.447475608495
103055,11234.10420397971
103543,16728.370902393144
104548,7096.358294942708
90387,10700.495895520857
83786,17522.93261937903
108102,13358.172849290364
101455,10876.366149949352
100577,15876.60375846435
97483,9597.866569692123
103056,11112.356601922924
78401,8090.9022810730985
97400,9707.222457932476
97703,15630.665001257663
101311,10885.099725373255
87912,10835.734716316185
97168,9735.269421840034
100833,16633.324466520975
93043,28356.17556930831
80772,22408.894415684
99794,7847.66238838145
78326,9034.094071533465
98710,9960.02504118896
92351,17208.570224026564
87356,7310.598844530769
96926,30582.147027750052
100570,8861.407218193906
95109,24565.94307029513
85050,7558.514602137528
84046,21990.59606398326
101466,17275.986795846053
90832,13407.75776102308
93397,25734.378426172916
107778,17501.154074103426
106710,20463.14122861924
83464,8252.071260938927
93622,18062.78754819956
88744,14998.016916823848
107378,17312.64249564
83032,10318.33277094383
89480,27027.922257090013
92634,25739.259836882466
81057,7762.630170338361
102633,15356.693352446648
101794,10737.108709534526
78355,11525.397011605575
76544,47696.21978492075
77408,9465.117289722471
104451,30916.223803297187
89254,13400.276305327141
85412,16544.97131980966
97709,10539.008992438703
105230,23404.089865192127
87691,15228.2230564501
90722,14318.304636637662
86679,11193.23936749304
81418,30907.45336154395
76980,12415.356106785002
105319,12465.335693284766
80516,17559.940993896053
88960,8342.431418739736
82982,10635.473264805325
105004,18085.501329212308
78037,36597.119729885206
105901,20827.03654967724
77109,9496.124991398321
85855,11422.737672536276
107355,30450.4400693043
106193,10526.204023707003
97700,24650.439377004735
86150,11173.606122893472
76267,28220.5682834476
102096,11771.436225545827
102561,15051.25617180307
101137,15172.852401983866
92050,61045.352121857264
103878,15852.258211306806
94760,21791.1068465597
102678,11307.544329670818
79971,24917.823168348106
85739,14097.593876716584
79714,17968.23248266566
87673,13400.276305327141
107304,21220.556236679804
78692,26273.717341372987
107274,7838.985378564574
88686,8209.576617618775
90843,15025.682490300353
97507,7948.3223571012995
92343,48276.870781711295
78781,10713.631371213532
84990,19259.43378486657
92913,31466.69178953476
92079,43477.75277345711
98507,9899.93076234623
97152,18559.618360323006
78442,40290.882225723166
79711,13215.487982269771
96643,12506.027674820622
105000,7424.343426868812
89454,8189.027568101249
102265,15314.471992609124
94961,27747.95384004614
76335,12386.151152430146
82897,12644.81175609332
94061,24560.83501801452
90661,9305.560998950989
78112,20957.194022510972
95596,18550.324695994375
94740,25141.3133146451
83287,8275.609555045303
96668,17538.86070978166
101834,17607.141628745525
77285,28383.84929060754
102545,13833.802913629925
96287,20218.259630833378
82156,71083.07472691347
87276,10810.250020595346
77564,13284.349304603478
105991,9775.517743093127
107570,14634.43543313599
94519,25186.163830985282
78369,28483.94205623936
92674,12119.73577006079
90532,21406.501155272406
85489,7803.570827069026
103660,11692.918383353452
81206,17754.812384220564
106764,26296.197254422532
97425,14146.062032604554
96393,26036.64002646595
84960,10314.117255061763
78993,28936.925400639226
85876,12207.850767415479
103936,14256.598751444266
84201,7806.462719117896
105098,26302.432639430273
85078,10694.48134103202
89886,14330.603459279917
81268,36696.05823271271
79945,19689.432685492768
97727,9416.96572975767
90636,9326.363269252071
80106,7548.455334992538
76947,11335.617567983816
83264,14096.839221580021
101532,8413.082145984838
91558,25147.83390886467
93311,14063.095646671221
101967,8347.179704307506
85725,11456.450214173776
104684,20445.87557244998
89747,11138.392389018549
105165,19376.731636351284
104814,14194.60970560224
101904,10893.43243738614
99238,15142.051006428519
80989,24411.47483637292
93575,12056.70894529365
101536,10002.219199495257
86847,8439.606227914117
99847,12586.30239082468
89212,8263.830188623284
93997,18320.760576389832
93647,24642.03997039293
87846,11593.24487953066
93737,18612.16821509032
77906,25702.167859738627
80648,26172.80304238084
102925,7435.606776780963
103709,12995.71001733547
86195,13088.076157101776
76865,9338.853613381285
83260,17365.583006174194
97233,23925.922552378728
104618,19984.722524296896
83879,7776.335020500696
104804,10456.080107382673
100551,9789.840185878047
90524,18092.725843397213
99669,18124.09375261614
102658,11021.275828738188
101398,14400.827325146061
103286,11105.49888361898
94823,26250.984335943267
83630,8784.510916712032
86079,7392.574462292596
102145,9844.077037950407
94270,33034.91402424633
105688,28318.322716024224
87335,18283.660555833623
89805,12986.233358236354
95093,31271.9855417254
76699,18031.036703580663
83187,15040.292197396057
84218,7623.2295178286395
94153,17893.509596503503
91849,19620.097839906077
96202,15737.805197634063
90172,15704.810980428903
98759,9714.857421266955
86718,8037.023553576846
103349,10280.907762996061
93293,38396.0653919198
94622,33965.12088151962
93181,21377.664870684006
104870,9111.911862110092
83247,8979.97726021319
87566,10676.446128275515
77362,14578.400125091337
79537,21611.03559169609
85049,13147.319665951485
81402,16559.69305121468
108341,14108.928154021578
92193,20802.95095003381
100184,15314.471992609124
106252,7733.3738636484995
98047,14315.211066034632
105416,10642.376732136414
90872,27029.261434245476
100235,8967.334581056031
91485,21373.431294670903
90534,20651.328584501927
77841,14564.63975115021
105730,10017.402463030685
84175,12577.949189083429
103964,10570.992305000931
105970,38480.95949354888
99843,8397.330936535358
102012,9724.12997910034
76779,27180.858906224094
80778,18680.829089849543
106638,12363.004256909475
88233,11925.642779859885
102657,28319.436840563878
107180,28318.322716024224
108468,14573.242763546215
86399,10541.126357131954
85128,29832.055055510285
99868,6335.34322734514
100413,16736.5402352181
91125,20134.190617562384
80467,28336.174843414952
78605,9756.093877998153
90259,13772.393663747149
106759,11014.34027006233
101253,8975.79095409042
100980,8509.936801467626
83805,10600.829435243611
96745,7854.352181170513
90242,18189.33769291661
76118,23327.487969794573
98824,9538.017901972966
78006,16973.639939584653
100924,13989.737999898185
77138,69229.97222589524
87665,11295.56762982247
78023,17776.2111041719
96117,19952.11045657839
86789,9397.161553079186
88649,14113.010730977132
96792,9949.46412633629
79403,23016.149666224082
100547,10214.836649715626
106529,11342.88949301702
83042,11358.164786274308
80334,18567.681336320944
86589,10041.044346804814
101811,15966.715553585835
94128,18151.665224544235
95868,12106.606342174584
76244,26078.863529655275
88957,18215.877699945613
108503,14595.133703619702
84409,8176.587264003378
104962,26296.197254422532
105121,11067.199567657428
94389,12829.64366691508
105602,18034.38388342477
88289,11115.005632375734
108168,14636.063942366225
84978,18273.394859157004
108011,11199.636503339249
79783,14279.678312393933
89892,20572.274089530467
91748,22258.3633789374
105942,10088.505006215402
106893,13027.55403766192
85969,10348.173522515553
105403,13082.127853014586
80319,23040.85075089944
103010,6476.250963761756
76518,26105.414285756215
95598,12432.3555953495
101287,16937.223350153625
84475,12022.636730165259
87686,12838.48992249663
91202,21796.669444310388
85296,14979.618623963448
89710,13271.767787094344
108409,12108.928557791767
104660,13251.340229619314
91493,15177.364080225167
103318,10772.115659994912
83537,10633.4820534772
93277,18028.697108309498
91290,17710.853166980203
107127,13355.956652897274
87752,10868.899065518903
82613,13796.703764568474
104508,7960.227735002017
100051,11133.398665792196
84203,15494.908914084046
88624,14482.494987104315
99483,8520.403785135635
96635,30864.56204424316
78956,9178.34267222121
105839,17820.56296443848
92487,18313.617302169212
89382,10479.912017703879
100337,8493.135039186445
78640,30563.284090702535
99495,8363.243451014512
95580,42871.990200781634
85347,16106.583066303785
100050,13381.723152133258
97749,15019.700910829823
76587,26270.21764675882
95918,25233.99544953301
93823,29187.5360292546
80470,25665.359322155455
95399,85688.36658225079
101483,9849.295216469716
94776,24731.117926088464
97442,8194.127600690537
79267,23028.581576942695
82710,12324.958059810737
77473,18504.315583709467
105371,12420.21830381399
84991,14748.912635111577
93878,25108.902630486104
107126,18286.81817684907
90996,15396.32394241731
87095,11316.01586029703
80205,16630.833020755854
100043,9040.971624306032
84793,13753.604462256111
80403,12275.139658766004
88018,17992.888299103106
92747,26972.79787198647
104894,13247.337859339234
108319,26682.7316807546
99481,27910.86803666839
98270,14866.982068792771
88155,20580.256412590043
84565,19653.28882005151
80779,45913.491393382144
105684,30958.36745722155
106855,12967.824623160397
103908,10137.305316146358
100595,11848.784053615816
89822,21395.728711344727
100401,11821.233912419002
101037,11710.981009055726
96350,20112.930772550575
104191,19821.877343940112
87891,10517.369345343108
97744,14035.569156649906
105757,18890.811621128705
98966,15267.248048402096
91869,11998.144446204711
81292,15614.68491911591
108284,25449.39557363368
83092,11243.741872934112
78394,17153.989129858674
97961,14839.616429031255
77723,28822.852416218055
87317,8040.828370903128
95065,39403.481300302774
88227,8647.306448946809
108087,14604.054220656544
76311,10488.965195524484
100764,8883.356917008272
87828,10026.330037791053
77314,12363.121503234695
107860,11564.094410645377
100339,7789.07901189973
106165,7082.741971125143
104443,11611.662986384968
79613,27394.723307919383
92686,24690.241059258762
97493,18712.020542218874
78977,27867.039505301636
82933,12223.483319825873
80063,20761.10988852306
92287,21791.1068465597
103664,11286.517875408226
102185,12577.690754923411
94679,17912.561170515306
99024,7864.96729017714
99366,11932.331909239147
96554,13274.153861638119
95906,22040.195133626363
85623,11433.708773958911
84336,18029.78466696745
96560,14664.818247309933
107448,6494.7580600896
104118,18970.335839009367
88391,10286.181371855786
100327,13358.961502018074
89323,7811.555261512433
106925,24592.594687136985
98542,8378.090946481037
93996,23294.057437788662
85103,13591.09896655346
76033,28087.628179583677
77213,18695.184211664367
98117,21556.18997433329
81109,35192.825640071955
78316,20746.15484218865
91021,25522.945763786698
78093,10390.57639371284
77497,11364.69680857909
83590,11842.119908077972
76126,18997.82037460118
90509,7150.457044965788
76454,14032.636910168032
82095,26099.46852944585
88625,11204.887523078694
100031,8064.661465234713
99458,8047.787773350528
88085,9891.46249033774
91823,16242.219303064181
77735,26172.80304238084
91799,10421.457190043795
91480,11232.385555625526
84915,13808.448978028531
83688,10868.899065518903
102334,10066.784531415877
97765,12406.642626937513
99836,12542.76407996921
98569,15227.25014033695
105050,22176.922585169832
80826,21874.34906379455
78684,10395.23359914385
99123,12490.169520276122
96507,14408.302231666983
104742,20450.750965070703
93690,17725.877766575584
107606,12553.898325488177
87019,18080.387026746917
100735,10726.890920510668
101685,7428.998812054058
82792,14374.958211557887
100036,7947.247273637651
102607,8782.942321692222
97772,18052.235695418767
96207,18890.339054409284
100697,9593.520502059135
96481,23876.928540541474
89054,15429.099833129416
97847,17503.464059974187
87528,10466.53765672838
97145,9100.279929451277
95223,34577.37443695632
104325,13650.416004606828
93743,17181.2986703603
81914,10201.439904886547
79040,19999.594582967486
107030,13230.400069464537
106244,23826.685344997575
79602,33503.3970304669
107684,8341.575263589013
105346,24546.399658586324
100000,15287.630491945862
79001,8845.626222690087
78942,26105.414285756215
87637,14806.04691346092
102257,11163.995434040415
103502,10383.53992455491
84619,7373.814849124332
91129,24674.962836581628
98493,14000.598081534037
107108,31022.45167487803
101158,8483.397206186633
80236,20123.505333085253
105375,11250.336087315458
93002,24779.70852727861
91619,18085.466660231163
83965,14585.916880619576
94431,35796.76040152714
104601,8059.533652410265
92698,25128.83381241189
84014,12537.75590557647
91961,27759.829599797376
77595,49236.072405424486
88848,20299.161875556754
106046,11918.639995151241
99498,10115.28944307105
98153,7012.180582212704
83157,10753.714099599565
107475,10334.299964927739
100589,13453.085956576282
81448,13682.688463732857
102638,7935.327228550473
104473,26296.197254422532
102724,7541.868573661553
99338,10195.204483140851
92431,7779.214632346667
84969,11115.005632375734
108426,4522.688906324538
103206,15106.696107860373
87345,10356.882161130345
102625,17534.513332832536
84606,10747.271202295304
99166,10128.583183464581
94408,23678.42563016208
94898,21354.434832252336
93658,29404.2276626081
98234,16108.267482275765
99725,12293.412557866102
103979,13453.085956576282
77277,16031.528582961779
84401,9958.029812017503
80006,27036.514957854088
78572,9496.124991398321
88781,10361.212209031137
78546,16121.70247209183
103829,15329.996948629478
79159,51574.091198299546
104502,12754.967059036113
95125,25739.259836882466
80804,18083.59686810054
96580,27528.317676595023
92059,16616.70887019574
100530,17478.37229550281
78079,22790.540676691824
95036,15894.442613802921
91490,19169.013354866453
103310,17445.30544836989
88853,12671.215490180799
105948,8404.35051507536
93744,19921.078304263763
108518,45706.53963779062
107733,15796.77689700529
106813,8404.35051507536
98343,15193.698472518967
83056,11543.213412750025
105721,20827.03654967724
89165,7775.513614246319
106402,13382.574586496929
77252,28148.444745225857
89194,6780.071703726541
76777,12305.623306385802
90569,11140.443142202434
93912,12128.448375344055
96848,7884.135987867532
87355,11054.374002904991
80539,31863.763495068742
105351,9741.669866616656
108019,8293.474729826696
91331,18538.942733177602
80814,12275.966626043506
95951,21363.17650500983
98392,8777.383180584295
99209,20187.975494691756
86085,10603.528078899655
84678,8186.316296012555
96534,11592.697281447976
93665,24995.077944433124
89832,10741.852857702299
85079,10787.190193915238
79425,16265.294313862847
96052,6995.584310470532
96599,9914.049578647357
103705,19883.395501844392
78171,26270.21764675882
92005,17986.56155501447
101323,13703.893894776562
80398,16890.860285564795
82123,18093.066328255674
90262,8199.80261478754
93300,15105.47181293897
76795,11517.880209055145
91043,24593.593067207017
97362,16489.425585856505
98969,10073.360400786605
104826,10196.473952345648
84329,7791.114434984493
97976,14570.688708935308
96904,6639.483564081381
88148,14102.242436035749
94895,14774.987208607805
91122,23371.88459593298
108145,12205.800665501647
85476,13428.312928641693
97564,17308.689823814566
107770,43523.11264739645
106947,20422.73574775256
89548,15479.74257805961
79027,17267.66515177837
96032,19504.815417887447
100133,10560.417785616746
83191,12454.16580731015
82695,12802.346285026604
79273,45975.261541818814
95667,17410.38519930089
99578,14591.501279037842
84492,9059.824327342463
92353,14079.257381036825
106435,14722.827660744313
86655,16580.492467138072
106651,12974.165494276687
90268,9715.659640560098
98311,11854.586261571745
86971,8718.301274301652
88573,12176.038856977575
93189,27122.27004676878
87244,13238.0860579193
108207,12065.949848571356
95819,46686.186917564504
105846,26242.736520791943
102372,10148.75498293661
83616,12978.223360782755
92411,21807.343742671485
90395,11047.481774279204
104613,13928.573671285802
95808,24555.40433032555
98662,11805.562015086507
86066,12749.629029500962
77454,9791.255644575314
80846,14645.049745007425
89060,9726.233486921947
91975,14714.791100190358
84011,11605.783618000041
88315,14202.905019979304
95692,23148.839363355644
98373,11772.701777878832
97283,23959.06715471223
101495,10725.912423289037
81770,12014.1317765241
87458,17374.081048365857
102710,18593.497899048823
81205,30856.020159900363
97440,13609.304367293036
82618,10171.03383996512
104838,7403.96437640884
103606,11787.606220160658
91507,60927.95443476718
81463,16836.36527348
76741,30131.006321843837
94422,20169.26074578245
99543,12037.234269612614
104044,19796.13775491913
83284,10662.343291519845
100834,17276.171870948587
108440,9889.8063800041
96881,9703.163359333692
103925,9260.700616898483
102881,12790.08219609566
78690,19075.06965056849
78052,24943.797222870253
103938,19017.393987681804
101271,8789.919093618033
76924,19262.237606599385
100415,11706.253188044817
78455,18996.0562452635
102811,7265.598974705596
85154,15059.987788047581
103761,10941.016153412578
77732,13392.243195762227
85957,16010.272021348936
96779,21943.405910067035
99061,22432.080724538508
106028,19875.51760188438
85889,18989.356715934326
97539,8292.038285947401
100890,17081.480655432555
96058,17447.63596341416
80216,18080.387026746917
93045,18445.803287798662
95789,14718.711393241403
89368,9034.168490359081
80917,21921.21900300445
93323,26976.11449039998
103669,12293.778817909055
81561,19068.52697341187
92214,25045.390393469163
86368,13209.42737649595
95070,21141.122749798047
80730,17458.276047929303
105647,17714.615791184016
104707,27394.11097741344
80353,20109.426674544346
98677,30469.038371516162
89445,10969.11464349957
98332,11120.521503530985
95929,17589.801033893287
88970,18138.586630918693
81272,17581.216692184895
77963,16839.284045513614
88285,16053.778649931599
88924,11620.750596465039
93562,28404.87257803645
89463,6658.719016476673
105407,15886.426291660158
80944,23413.93399833926
108099,23980.633868854984
89199,7389.820632557105
82756,10213.85091495588
79573,15152.827740989384
98847,13232.84515226561
100966,8237.4701615326
108500,27779.84362978052
103830,11000.387034965126
84043,9891.7752578785
84550,11824.104253203479
83946,8499.987355935902
86287,9982.079868826457
77598,9647.316549496052
92893,17412.04241402759
106936,18235.48332631871
101123,9902.99382346517
83943,12294.735596770683
89197,11985.050651502803
80185,52535.33808640674
82429,14945.385959148742
95864,24388.3600507148
100750,14083.251413806956
85497,7137.057461271437
99469,14609.599093950957
87667,8436.910824810622
78681,43113.486163965856
106579,13449.815697944561
97388,10311.84744674308
82487,10385.77484863263
80635,25128.1697596502
96378,9709.984626463094
77827,26270.21764675882
79045,28824.658030983217
95229,21254.815442645937
95387,16167.369482475911
101754,9281.897938487547
90728,8586.109092863198
77618,26105.414285756215
79390,40732.498623758605
79449,17377.316983923767
107826,23166.6054480827
87026,11926.715732760753
77765,14163.382901139448
89691,14482.428428094156
91087,15297.050631205122
79770,23088.682369447164
79341,30864.56204424316
87532,13158.326395142685
104082,13904.510760817868
83169,7566.615266601479
107978,25813.49358391059
97466,11116.596645495309
98381,18366.39157956416
87614,11403.763878173017
84768,11963.349766268975
103605,9364.338822059186
107420,9889.713690387125
76099,43566.35533716066
81932,11041.489145360127
96233,13818.31941836672
103484,11395.4647105911
89608,13501.043667015641
91316,19919.434196585957
80424,18069.77578296622
83120,10133.46533305924
95888,20024.328852123406
103279,12399.046896770004
76800,12080.130103495054
102188,15603.711909546733
100147,9663.75111651421
107959,23086.78356137595
93341,17451.284686092087
87446,12417.611827479523
103554,8212.59027863312
83756,7597.509343874508
86353,8513.297981461266
107874,21269.0710555389
78416,10620.974989324155
100911,12260.403667381293
86514,13580.05397278107
92702,24851.257503858556
76787,12133.83622089548
98523,22441.364124929845
88972,15832.055468375136
87370,18310.491583392984
107060,8301.730686797582
108186,11600.423086255616
90126,19666.23236573249
103874,8206.656749319964
88271,13781.575843789962
81752,17208.28698368819
78089,46765.01478905644
102383,12486.814175586189
76766,28383.84929060754
86120,11101.112103299418
82871,19255.635240588697
78647,26273.717341372987
92451,16778.91129776096
91743,22441.706437965593
96582,11143.124181855426
79729,17986.081806488804
78864,19873.534729088373
94728,25387.245080875553
90355,10125.994582833957
103777,13358.961502018074
96076,7775.513614246319
79201,23938.816961591034
106707,17477.329576402408
83836,14356.176912290935
82332,23403.552779469093
106545,28434.240097279944
107268,26274.968793862143
105459,6970.536890589586
99683,14329.012783250062
98385,14627.79130999572
103402,11346.863187323288
89402,12337.783173342797
87077,7371.484471787381
94222,21810.26829633994
89919,8338.169331582732
80585,23249.09828822095
102406,6841.413304726376
95002,12598.151241854881
78216,17546.158325473298
81346,21449.432136107556
78309,18735.399389917584
93307,21791.1068465597
87233,7019.908572948089
77093,6691.266700358072
86762,7878.287936874473
94561,14396.778901548047
76392,67947.40076169625
76895,24737.24988378802
85419,17225.929380534824
101026,13947.271327765213
102584,8408.501230926513
81381,26834.848168634184
81761,46001.07016857678
98099,10115.28944307105
91347,14080.790794417471
100024,8898.850296326613
97924,15172.283481394688
100492,12563.173676738545
93559,21798.681134203573
103175,11530.125546751951
98122,15212.407043577412
84362,11041.428383003034
77943,14231.637172768093
87275,10346.531020748527
79991,10605.151335561508
102700,10565.296848012065
79660,47567.58808353546
105465,24991.92925413865
94354,25185.09420315473
96390,8040.828370903128
88763,34338.97552960312
87219,15724.838041956958
77221,26270.21764675882
78165,8592.16087937718
95069,21832.437660860927
85157,12822.412358646447
94547,12229.927774778807
80643,15525.962043269514
97499,10098.037416540035
81957,24782.108002253757
82538,11377.5735037638
83777,22672.323240767397
87927,11204.887523078694
82916,15036.657398725514
104146,11393.651150497733
105260,10358.753686053144
85483,14180.347242413029
102412,13966.040428938066
86508,8007.556963032917
102998,11057.959314157215
94493,29055.461230318873
93422,18264.34362435187
90033,10350.67719010709
92957,20022.160653766517
96584,10876.936878844283
103170,16262.801340720776
83550,13400.276305327141
76050,8965.660259380762
99903,9984.290917281927
95255,28470.32133767596
106697,23073.612332252436
91497,25195.6655274124
97177,10088.819135163121
101863,13350.28670612015
99298,10128.27041592382
106496,14198.081606720038
98770,21568.436448649078
101801,11714.468632043168
85037,12417.863559304333
104399,18002.859223102543
83980,7233.870450835798
97825,20565.174147228416
81924,29369.556233314815
104192,8404.35051507536
87130,11176.538044469758
79364,16261.74752943415
81388,10367.561270177186
94917,17639.0367512019
102119,10929.973580918158
84135,10422.986466032075
94992,24567.966261549453
81229,19422.302800892583
79503,21113.993265562076
84540,14923.520354645076
77881,6696.729813674814
104978,4335.330365537679
107373,14576.697654623016
76208,9677.621904222455
88192,17617.678707735915
107010,47898.96682814727
93961,46686.186917564504
83957,19192.269956579476
85283,9726.81894835657
104226,8447.464236717653
79463,17458.999303571025
102587,14312.875866108761
90204,6322.48649830355
103507,11759.470572337315
94351,25171.236779707295
95181,15086.854542140209
107410,21839.723649252555
86541,18288.74176992224
106281,19324.529224307076
77315,7895.732460930369
84485,7959.119930509083
77592,8415.62661993824
104262,26296.197254422532
81260,23236.51421484903
94417,63324.675534073875
83014,14130.739959914647
78192,20803.705110333518
85838,11963.684882800535
98395,18354.28699494519
92617,21102.803067530876
107538,8242.044925574313
102588,10920.062917351792
88950,11926.047417024647
101450,8558.353567277924
96101,12545.204505266005
90567,14956.58837112513
94383,34108.15057543557
82961,6387.417278965446
96591,9715.659640560098
77890,19498.760192798658
77801,14390.038871177856
85738,8473.852333747875
88580,18959.241801769655
88914,12812.679161430913
82206,17757.720629136646
107485,12080.53637051279
105203,25868.582591821265
82256,67504.12686675377
80181,28371.00858401228
88792,8496.678726544294
92581,18254.092298200947
101272,16009.537513547877
102359,10284.113701369197
85306,8782.319681882087
106078,14393.994531806584
82442,11176.538044469758
106313,17512.70542350241
107617,9032.897235696157
89719,21529.793457503467
91358,20032.83166905674
89676,28137.848315286974
86927,17050.5293785488
76819,26177.703037921794
96646,12586.728957392228
81533,37820.38009702593
89207,12397.117678932833
90282,8050.021772914505
94908,24709.066608678342
89890,10359.19587823451
103477,13455.979279070289
76090,16645.07575984269
84810,6942.400565183658
98323,11743.114352647355
100552,13187.744058586817
104719,8939.489758388208
90016,12998.273092079271
84632,6504.36943155786
99846,9550.595834146266
92362,29497.661571842797
81315,8806.198186609266
85084,16075.56757349893
86760,11336.453291203445
80297,18464.42086984904
93420,24453.58026396163
78563,14642.538476913516
100791,12416.844032745887
89019,10854.934423429819
101709,11577.247804852539
103419,7454.360233423661
96092,18227.910272680707
89891,8482.488849543251
86562,15026.670687565484
95874,27008.628096538574
99343,15263.879277262504
87586,9730.844735347524
103112,17788.500771813233
82740,9912.524510397468
81595,28371.00858401228
77578,7933.230582917997
94090,14587.863011045178
102873,11382.254603821815
103258,13358.961502018074
107497,7413.454651195423
101861,8647.530089427431
103997,25968.92804913861
79785,14428.831832310982
90250,9378.56198140404
93233,25233.99544953301
86527,11871.482525013687
86140,7398.096342051071
104063,7722.645101108003
77734,14051.695839660608
91652,17758.67631948858
97758,8058.564406820899
95096,13816.089935971815
106186,11692.836554990541
107960,26274.968793862143
78445,18518.39847631154
91886,19265.322266436317
82711,10077.64970685495
99248,9951.574717474217
91701,14302.19476317596
88172,9466.760939164804
83916,12788.737415205476
88883,10479.599250163117
90342,15584.004957699142
102042,9810.524144837998
96563,8066.489036049229
82344,19201.563194890183
102707,12486.814175586189
101718,13217.327207244116
102705,7516.62833526574
92589,24917.704051026594
84231,12625.790653397806
83534,8457.617379890151
85768,8969.9026786335
82141,10718.125686555382
87448,10636.931320755255
79569,17462.899798905906
82261,6054.571301610261
80605,13667.713067628023
91120,12481.560295987352
92482,21791.1068465597
99998,10568.120789399658
82202,16129.264561025724
105899,14316.989897879164
93653,16298.454400199971
94333,18659.431386578588
107717,10354.772175504531
107655,11815.516327148125
86240,13809.523172132707
88745,15587.911531186779
81723,28477.86321447371
84125,14967.329130660608
89476,12915.276251953157
79059,30975.997178113157
77879,13660.817269125975
82855,14373.49135285205
108513,34396.681493552314
83646,6879.266060535881
95702,34443.38987571027
84145,10633.4820534772
107629,26943.88758798195
81843,11567.5533176601
98863,11594.150794618436
95154,28862.492273374548
93275,16491.55011743583
94003,21271.51573500844
81095,20416.28928115586
81099,14656.090512232926
105527,10050.85254420011
89596,14318.304636637662
91007,21796.669444310388
80594,17518.543845405027
82782,12677.859053022834
92721,18334.92018066216
91718,29340.201332768633
87452,12333.428398350978
78098,10865.362549422325
84123,11313.332667571567
104672,12488.242992561149
105118,8687.952243557917
84690,16859.461476311502
88986,11791.586557993289
76028,21039.74074085903
92995,16562.717987504824
76275,31126.52648641437
103315,8189.766463257506
98168,16633.080752047234
93633,13969.724852205345
90151,10179.512679604148
105269,30916.223803297187
102604,9504.629002843723
89541,13569.782112833665
105694,30864.56204424316
80405,23030.46953202927
96001,17685.476233851023
96500,10164.220863553104
95235,19998.726565367124
88367,22784.74468269977
98850,12849.065931011628
105724,20468.8451525983
86451,10522.26466068148
86426,15185.707836772906
81213,38822.3061683597
98547,16060.711675158693
86461,6470.288268906949
99294,18087.274325638442
99597,12254.045916804833
92255,8093.836984321108
90097,24416.514781554808
102302,13349.775685286897
105746,9490.688598146862
86133,24686.32209592997
94950,48587.584402492896
103666,9844.077037950407
94750,17822.929542094585
92880,24759.9096718947
82349,17589.10862884755
107337,10877.446198582946
82954,7747.509313261693
89689,17783.140199023386
99034,14418.284153829223
79873,14195.739566427043
107966,14355.330676351183
88864,9981.214607888829
97942,22280.97935375076
97481,9498.88682156795
100313,9048.395803545927
99927,9134.646624814668
87287,8229.196521328215
99134,21527.92235291814
104705,19445.807632048592
86134,18379.266465293145
93028,24692.175056056232
80161,22967.068337939316
76639,20822.24023009787
79239,25375.008256272096
94244,17964.310200254444
103815,9615.20672334074
84445,11228.696722851626
85884,8403.972085982103
103496,10029.589391943215
88620,19038.234468836745
101448,8004.616574955427
100044,8754.435507262235
98388,15175.752704029323
87610,9891.46249033774
82063,25148.405865301018
82211,37721.599586805896
91156,19001.41539486068
83323,8737.05684631751
100187,8352.072052758554
93117,21812.436564250827
82227,26270.21764675882
94263,16304.639039275084
88207,7792.057154462319
87988,14864.765101658764
104687,20327.24368633807
79791,46624.08611123776
82242,19198.8630336703
80273,12388.45349079704
81542,23879.382601198256
90361,10955.158385582092
83914,18844.377041223743
103142,10538.579466984236
80137,29134.13443721094
103580,15741.287003442618
98328,11519.129518900829
95936,29331.2169821604
95189,27682.305818534533
97806,30299.033889554998
95829,8514.67758782812
98684,18272.622883649103
92494,17707.889526508166
83016,22014.185161729754
80865,18588.82035113417
94537,18200.784054668628
86293,10417.411946565988
100087,7591.352655444859
95534,18458.978527860796
80827,23000.932657162823
80610,12281.206300714794
97472,7829.261678435473
85523,8263.830188623284
100005,10126.776885685496
96618,31727.683907849154
104893,9889.713690387125
93688,30556.409502124574
86182,13773.820857115772
105091,22392.768456226255
103031,11728.125835275538
99359,8235.89268213609
101907,18706.81356762089
82914,12397.117678932833
83990,14097.593876716584
98598,16914.00710494435
85494,9479.607931146234
82922,8782.319681882087
82854,10428.715161849615
89024,18205.25375230826
91754,24608.92918889138
102699,5276.755408216786
96887,14707.113797405931
102671,13197.420905837713
80646,18698.968368913524
88146,11951.73871552532
82969,13338.600400791787
77225,20316.255007165975
87443,7883.3230167980655
91227,13833.587270918371
95731,19040.069410901266
95171,18267.098874047133
97076,11912.618555345412
98901,9982.453416071805
86013,8980.985471263553
80831,21040.36086521788
100258,8639.981569505468
103586,11973.072745008421
84553,11204.887523078694
84400,12682.117302946195
93434,36846.37279399653
86149,8263.830188623284
80336,22931.9147069936
104511,16414.301584097393
93127,19927.097767105442
86330,11091.793987231373
105082,10841.196227393611
101222,15757.974048363158
92606,24732.220828218095
90462,15097.461102214505
102123,10101.457487979325
83212,11382.826547616427
90403,13945.380728110189
79392,20570.9457906162
102630,14446.452078635719
85988,10194.887943746939
107908,16345.267022314714
80949,19476.273742167607
80517,14580.17199367952
97922,12425.346127068833
100296,11138.63394453052
93073,21862.121217336175
97137,7674.484595003915
88311,10807.615404274236
78021,12076.315638728736
81970,18345.318973121193
98957,8356.433190191587
99602,31043.20456659678
91417,17488.6441378829
89429,12588.556145615501
96535,17754.812384220564
80782,24512.55397658872
86889,16389.129057253405
79609,19029.87337557659
99497,11680.67534504715
99547,21447.341239296376
93817,7976.916194840236
91079,28501.693142052398
81962,11522.696145290745
85833,8737.05684631751
103305,10384.674637100856
94357,14647.566314471587
88736,10461.788900912246
105162,12442.654998570528
91131,21378.13907669359
84148,7555.318830789424
76377,16864.823160259803
76357,20527.41277759811
84675,11220.00237823988
83239,28265.571364773852
86317,7820.300053310491
93990,27020.557552535643
96357,8650.017721035501
89745,21406.501155272406
97141,20618.075038580475
82911,12203.050814577344
82943,7809.937830507317
96282,6752.702187822321
105885,18142.526067277944
80131,35353.352464906086
99806,18944.32906445472
105497,25191.707623947386
106447,20071.847285156353
107746,16836.44464483046
89523,13319.048484503966
84388,15036.619437516372
78166,31126.52648641437
103685,10075.34915800594
105018,10608.791842428862
102373,6389.433250680814
76988,14222.269185282068
81097,26804.09498007737
105521,23144.68319246528
99775,12300.214594629213
99766,12282.395810838638
101346,10263.508521674334
95228,10562.108967416822
75982,21805.80130827119
107142,7823.750836371216
86109,14379.432802961852
94195,21309.929191171515
80777,34632.27518704922
92612,22702.060171805
99383,10115.28944307105
81686,21678.76536234576
88650,12833.981033225788
95681,12393.826013674487
100071,9793.351467758352
77554,31631.37243342269
103505,6655.1300080390065
93281,22098.144573669244
107444,16258.496073224733
78752,20369.774562919843
103057,13366.719487208436
100248,13620.586371770261
98489,12193.535622677151
89189,13422.411958222225
81293,14642.81378400576
83285,12323.845473199013
99459,14349.048915964677
90810,9633.95281317676
82015,14128.022993532899
96132,12589.857826953332
80808,67529.49293254723
104685,16972.726822489483
80937,18841.372279811167
103328,8431.455607530264
76512,14738.07640016125
83456,13054.590536261003
95102,30556.409502124574
79692,20300.943075596708
107807,6388.070876550493
99176,15265.23804890584
89632,14417.03152156829
85310,18063.46095493421
105676,14725.899640442536
96825,7847.711031723769
76640,10663.634456911383
99932,14099.003733729805
103568,13487.764832218325
100906,12190.101959659909
97420,16661.2337652886
86996,14292.868834378514
86948,11132.683365156501
77326,21237.750790269085
89296,13356.679191481062
83087,10016.763149265178
100477,14112.040383415158
84635,10214.857379481618
95060,26783.729505292977
79303,23036.630619299794
84026,10018.97357015072
87802,10368.134593856024
85561,10130.55159105862
95941,14486.760431662786
107662,19774.95461723464
105811,14215.678920804232
81618,14718.33918686104
95733,25180.47059096718
93613,14201.809642778155
82163,26916.796888728568
91734,30315.77716997621
87677,9398.523541517981
89816,11194.521277426786
106327,8404.35051507536
101799,10532.824150724204
106344,19055.072953367813
97705,23386.070876947004
86976,17001.763617435052
104847,19739.76464888452
103833,9807.363782354587
103482,8792.745417114786
96532,15737.805197634063
105817,11134.448429536247
80883,14405.57555251657
77825,42007.6594307362
98673,12126.224623539802
107364,8567.53108816196
88945,7046.10324894458
108307,14571.108980490098
78078,26105.414285756215
92490,25601.05566734284
89401,11367.190544562853
81002,12202.010235103626
93285,18313.617302169212
76796,25711.19145151978
99933,7779.78104705762
103989,10123.242503764981
77504,11915.877062936224
77187,9647.316549496052
76477,9457.77506646484
104834,10705.090123718157
90656,18009.157076500112
86161,15880.497912893128
82503,19967.835870466493
95429,22314.30904132469
86123,20234.108895399044
85549,8647.306448946809
101443,8582.53443423179
89089,12054.060317778512
101004,9709.984626463094
98976,11519.129518900829
106328,34764.67576820844
101630,6285.183480060496
79682,14395.046968974677
107885,21433.454149343004
97206,7809.267984071456
80721,23088.682369447164
96625,23394.131314593833
87687,15796.116827391548
91458,25796.3649739021
104683,9553.442316768866
104151,12030.968639254366
108346,34396.681493552314
101262,9469.389156782754
96543,17505.785297750263
102763,7387.856058347018
81274,13988.022583091832
95280,11764.240622727859
82561,14216.890471326393
77783,16178.617442799501
95843,27519.05134361457
99776,7685.2765509289575
79114,25914.278497516996
102376,17371.63759518978
101704,12107.369647597592
77297,21967.260637547115
80285,43961.06615462242
83467,10116.25668982825
101059,11488.79550103916
102229,11813.514699438596
84664,12761.341062896463
107750,18769.181198026363
102405,9040.971624306032
85553,8359.396932199894
89780,27295.193597967274
104268,12298.153614722365
102935,8382.673425637633
97898,11882.529308788224
103785,6945.600525868507
98529,18648.21481215455
93897,10638.08669380769
101766,10929.973580918158
95038,15830.294638320931
108350,20402.538890536234
103542,10541.52755809805
106061,43523.11264739645
82286,19401.173440391933
93548,25233.99544953301
89937,12831.436113205778
97650,20125.63389413198
77515,28882.384903036927
87466,13972.53490346516
87489,13950.395517893108
83029,8263.830188623284
78512,36826.35800064226
93310,20024.328852123406
99598,13225.503202388136
91341,16415.991066105536
82704,8021.148941788877
80819,9967.96660400052
82774,10868.899065518903
100367,9663.638690621332
80303,14287.672846484438
84897,11124.773395410804
81307,36107.14677785384
99687,11174.786150642722
85321,15784.43853431638
80702,11930.886687723128
103843,10172.21189637834
98898,8644.3427069385
87147,11635.1521047885
97662,9715.659640560098
97518,15296.210251550716
100217,4867.186935995856
94513,28941.00998101002
77035,14966.177847656732
103165,8400.354360282552
77140,4486.937593609103
103771,17416.17182741737
95993,21778.539108129982
83624,15680.759727762097
97945,10542.62511741006
87103,6511.182921782611
107640,12939.566717247826
99549,13297.874548848873
80464,17693.135557660204
99623,15267.248048402096
103689,11977.921786928526
97337,10063.149716534332
84308,22231.312103387667
81459,19974.269751404274
104126,30916.223803297187
97303,29769.34879237911
95139,20073.78622201282
93074,36781.52413545353
102368,11781.475147152789
78475,7552.829516263045
80333,24914.52860019617
80144,17083.63007407587
100439,9655.998307423
108154,16180.853626936849
107137,37112.00007215292
92752,23790.937707496338
89896,12439.819236899835
90485,30582.147027750052
83159,10634.142346014203
76671,13373.82680492459
96849,12586.728957392228
93722,34011.457062756665
107787,8625.176992071567
90164,14254.799322618557
84760,14058.252174951218
90370,9335.322695618554
88117,10077.970974390451
89557,13528.537752873663
98274,9112.822049310716
97325,9709.984626463094
78887,26173.77307894544
90525,19491.2608579459
86491,24998.025610155575
81617,7941.732589924141
96123,9735.269421840034
79413,13702.114095203919
88016,11033.080551677518
104681,21756.891095450803
83330,8197.091342698846
99163,8356.433190191587
102236,8062.106558143312
78116,18365.032692957513
81077,19254.210020286966
81046,23080.44228499464
93928,24115.84491470083
96436,9709.671858922335
93479,16183.466967364024
92021,28431.651095281435
95143,18589.221831143925
90500,11166.922733214707
78940,11358.413103365187
94861,15726.449422235746
81961,16175.743326932583
87630,10605.626446382757
101224,14191.634632144784
103357,8493.135039186445
99521,13696.99622691101
103897,12268.419094118526
76701,10468.968411333331
83560,9891.46249033774
83516,18531.29611305381
76385,9109.595457766509
87311,15583.556116697588
102065,10885.598892582339
81718,20223.12058597524
100025,11966.331798031719
93182,28063.203117188754
79240,19726.920627716343
96331,13920.7876797694
84781,11673.858384651192
100663,4751.106741191645
76390,19351.532584813947
87234,9891.736738990743
85790,18234.047508064497
91278,22814.91930022166
92254,20202.465125020637
99105,8194.127600690537
101324,11147.864687107549
104734,8352.44079591941
103445,15525.256970924578
103323,9142.025663268212
78055,20315.085649213328
101302,11828.218231066316
103095,10298.606760765148
88134,6820.280283834908
79346,13507.258378875189
81699,14434.742473263474
96464,30345.47554554478
86609,8683.375648239782
96737,30869.66719490773
100080,13733.248858199882
93423,24676.349098908915
79886,26172.80304238084
89452,13613.135927624318
81509,14566.489025481367
83975,11990.351521678687
81360,6973.595697905412
98089,10812.201980654241
104047,27409.73832998384
78711,14149.295968059008
81025,21698.982566004375
79973,17157.966437470423
102117,15314.471992609124
78400,47882.47195667321
87911,10877.369404059144
82806,14099.39464852357
102480,11471.964128800038
94044,19917.265998229068
76824,11319.074537365736
104095,14498.402068894895
98660,12508.339209895705
101444,14637.457014602698
92320,47578.178546113115
105141,10539.054133543625
106950,9890.200954051083
81851,23088.682369447164
100884,13766.451949553477
95196,18080.92403325134
103636,7750.107777411645
80584,16500.084391648685
92337,16930.51066830935
85513,8861.876262207932
85180,13356.679191481062
103365,13197.826860068219
85796,14603.422238277748
78462,26270.21764675882
87895,10675.722366127513
99262,14735.978238609023
83363,10633.4820534772
103800,15847.159833171983
78822,11815.516327148125
107816,18181.964037687772
90042,10801.09175345892
99022,14417.838212653322
81854,23063.426495841966
102619,15679.84723096282
80425,20095.998650074085
102306,15896.46340599124
99778,15389.899212507322
105957,19867.39794232037
102184,13199.713961939315
105195,9889.713690387125
98841,10115.28944307105
78452,34406.74079172288
98974,11913.460033654823
86430,10710.5894363098
87124,11262.746722921707
105872,19730.586062588234
108077,14440.33673276799
103608,10534.398687751169
89218,16184.51297006259
106418,16927.015528421445
94498,7165.611897182577
89269,15792.324737632669
87283,10807.615404274236
97545,10449.753641072115
85408,14863.144081911687
104594,7702.23107712341
103905,8744.27301390259
95101,23193.547329564997
83226,11660.039377758152
89257,15231.252967357195
79479,10479.290139916431
77652,15927.635642791029
96606,12533.722166257734
95504,6933.322341583479
84103,13878.731168351746
102843,9486.888387673342
99361,10194.665279750685
91098,17698.55557715602
92937,15179.658544416523
85635,11077.593715188594
105348,13291.780844400311
96427,20773.021377330246
89473,18802.24292290174
79316,14360.563498245425
89157,18234.047508064497
92217,20248.248396644
99761,19983.19878079448
88748,13094.063952192433
96029,26177.703037921794
92916,24965.32341583588
81210,14417.688417717198
83778,23129.731983570164
89380,13920.445439656807
103398,6544.435596507748
92869,24977.210673331105
105278,22710.148164347684
77054,9975.636494440381
94021,20513.26444238203
85177,11898.497275827833
77904,18362.875686746782
99917,18593.497899048823
77123,26270.21764675882
95195,23501.534256770938
81922,33419.194533537746
84281,19365.968715555722
101289,17280.27510869709
108200,24596.46270379598
90235,8669.34208015766
81150,29808.656145323293
104224,18429.449753414683
90071,15290.27830442468
93187,26105.431957472774
84284,10469.557998076454
97109,10283.761269244018
102231,10164.220863553104
108093,8404.35051507536
108443,43324.950741312074
92992,14533.954228306393
80438,67376.54266432549
104913,8630.090652894112
82772,10372.464967802169
83960,12360.269591658436
83052,15704.20973946205
82939,11751.810141263279
91175,22453.023755085065
80115,22791.570176885056
99384,8309.043466489278
101540,11963.961918574963
76849,28822.852416218055
97226,11351.058834224334
97672,17248.01878646829
97579,8642.573511614124
92361,23745.680407902833
91952,41849.00788104713
79024,14449.634127732716
98048,13841.842055471732
95481,23492.82588296123
90572,14964.536831351197
91301,22161.749940896236
103209,10701.14867285993
78464,10987.432207020518
91311,26754.511561971878
105722,16829.044646069706
96211,8058.564406820899
105482,12183.867600253921
80750,47976.28607516192
85880,15515.803280273669
106997,19522.096220169944
99866,21427.619391455675
107262,14083.118391276626
98814,9112.822049310716
98650,10991.250913030086
93505,12377.561999169602
103810,17047.657697933548
92931,53318.587566750255
96126,9328.164030846556
104285,7762.518122837617
96503,12554.215439992242
76826,17807.05936206772
102531,10431.033716278142
86939,13631.064183696248
98276,10115.28944307105
89094,17388.09190989317
89376,10101.746645925403
101715,7731.51153116433
98971,10059.237986448812
98359,13545.46701612516
101520,10300.917231352383
86866,10294.299458817317
80468,19118.214417220755
84146,8263.830188623284
82628,10442.618622981881
88012,13400.276305327141
78341,16172.061046221568
104664,10612.311077010643
80753,21899.6409822948
88296,13460.531161789448
100349,10885.588071798604
95307,19677.109950399663
97982,15492.813348339256
99328,18760.755727294214
84689,7588.302336756302
86620,11262.746722921707
105565,12415.209390501765
94198,41437.10999820433
81959,7519.007107069434
92894,39540.19979573393
95163,19414.478998633906
81774,17983.85932556204
97953,8298.268419802986
83179,11287.98812293151
83316,11217.964278228585
88506,16622.330917161875
83533,11889.541996521897
84069,11330.121962495321
103724,11692.918383353452
76757,16794.260590597292
88222,17314.359778839018
77382,15148.037798417567
86702,14011.832868207795
92511,12354.632769165019
100163,13970.751468526123
78982,18997.82037460118
94043,14127.675049684558
87066,10189.546013821408
79987,26099.46852944585
83428,18088.174387770978
88886,19418.682880494864
79836,16194.324339883273
95090,21786.01402498036
77868,20792.759206579005
81415,19473.21368764236
76542,23171.454553742646
99066,10498.782704381432
98211,15267.248048402096
77789,8670.440807102488
102614,10643.330612374306
100676,11923.508935454092
95751,16752.90826579149
95684,23536.071223858013
108508,13727.440990352981
82075,18560.055498285376
78948,11443.037656016426
93337,20024.328852123406
86465,13400.276305327141
76163,21907.279349034274
101688,10737.108709534526
97445,21805.420962085725
76672,23120.412915695164
108153,28711.574508638347
92963,24709.066608678342
88441,12327.191624166204
76274,11408.938547378935
107189,11589.357744134535
79393,10241.030317765346
94684,28534.62112673835
77033,11494.557665878729
106413,25246.207326379623
90407,24416.514781554808
86730,10479.599250163117
79417,15275.231233467084
93426,25224.761638273125
86689,8263.830188623284
94562,22446.415677732486
101792,18746.316036099604
99696,11743.792960656998
84181,22327.14473730539
83652,17508.53333980059
87285,12520.141339764268
105860,6473.090422287001
80615,17653.98104591279
100040,8478.971041724617
88919,10841.433967485338
84980,8982.673052879105
83969,13335.203756798315
103616,8466.371410668504
105097,13218.294918363848
81573,23035.157510881338
85124,14625.393515250797
82995,15761.197188063667
106976,10411.555245641563
97250,16364.346235688688
91609,18436.46395058038
92582,25132.51108000369
106719,13196.366653154617
95711,24676.349098908915
81868,23076.446553514423
86650,11316.01586029703
84727,7527.125271977071
79409,10201.439904886547
90538,20309.82447873577
90346,11584.359913108468
94050,35992.3922704649
82866,8403.972085982103
93402,15352.64053800697
95803,61721.607325375284
88730,16718.087536781633
84023,12605.822056358807
85119,11204.887523078694
80528,23088.682369447164
103284,9672.891092148626
87269,10633.4820534772
80708,18387.171545293477
96853,15262.266446299338
77191,16889.574713464965
89419,17529.04536309712
106060,8211.859109617328
98372,7039.587150666036
102076,10349.621486201357
79960,26240.227679135027
97268,15417.158096823878
101849,15314.471992609124
96850,27629.349777484327
99301,7997.685373340426
81672,21917.925820527154
100709,12913.039427927335
104616,11814.946150672133
89965,8500.71146752207
93313,12125.406645757308
104340,10924.122896492348
103783,10532.824150724204
78842,26270.21764675882
87942,10868.899065518903
96790,9709.984626463094
97330,10381.227714795994
90180,15974.501958250865
78934,26270.21764675882
90145,23388.611978823243
78173,13918.85794338467
92455,24698.51870296395
81565,25953.98113577686
78530,23630.448809999474
103732,14009.18243009275
91559,21874.744337587497
100802,11285.314699580727
104472,25289.903825894213
96556,9710.15912258629
85610,11564.694976797218
81512,26234.589168029506
94005,24307.456405224548
88847,10709.562062911382
105272,17651.359750276326
88156,6931.333251367688
102245,11781.13661403811
103740,11782.89599861525
98554,6565.609445393376
82268,11919.422263129223
80472,14352.391064679367
77127,21816.104314453754
94612,16992.11408119008
91124,28320.593487889735
85847,11210.358507435862
95527,24666.485383472165
83373,16002.1122741575
86221,13338.600400791787
83131,15680.14634884288
104639,15218.79252441194
108323,43556.92409333351
95465,17983.275143740586
96905,12596.207749713001
104272,12438.200234578995
90562,18176.357676772193
81396,30200.01978322106
107589,17751.67514092396
78022,12442.12767320838
89141,24347.922164811112
87808,11824.029145287832
92344,14401.516879763885
85181,14240.498915484402
101172,6970.634537733426
107038,13372.000482696978
108214,45762.59608912276
90048,10960.558194525529
92619,15666.565316486816
106279,9830.403095791151
103918,11917.587884818824
96418,28570.75499561813
97891,15267.248048402096
90459,7411.089072561936
90230,14779.520621163218
82589,10613.255696467655
84093,8030.670297958693
84128,17710.881414859407
77775,19195.06276115326
80709,17881.031737965415
87084,19436.616039125656
78358,19900.0507364431
99051,8356.433190191587
81732,10618.17462330179
94316,29055.461230318873
95333,24911.79855727005
84653,7346.196516080629
94200,24245.000701841374
77707,19857.508152572245
78884,6445.35047177854
87384,15382.374283566749
84311,13768.756436225729
106179,6403.045940534006
77959,45285.93787635214
101918,11293.758642254146
82519,12399.763347882526
90216,9071.979561179958
99455,8474.179343876895
78784,26294.945801933383
93016,18278.848257152295
102343,8412.931795531702
91681,24693.133843409807
94868,12290.591578636602
87562,9881.646377451232
96639,23221.63592995894
85312,17997.085431424308
103821,7709.492647864404
101157,14039.691619969182
98644,9714.600816210208
91060,18274.922561356016
87747,10071.952324323085
77903,21883.72343137372
99482,22614.193303108434
76170,14478.221089827593
83750,17456.92137509891
95288,12659.877871045472
83977,18148.63479636184
78300,20857.577607161045
80362,6782.5521131967025
101315,11182.764008826642
88661,7522.155019307091
96575,23263.84659542041
87420,17534.69868339136
76175,7081.142718201814
95867,26768.06280069009
80904,28383.84929060754
106939,14450.225069120193
97892,10115.28944307105
102282,14620.363724089775
81764,20445.245643944552
103326,11917.587884818824
94064,24294.40750595291
97529,21955.40551956238
97606,6999.593519811989
89922,20739.295777279618
104023,12381.11750922325
98885,8734.293701215864
83365,12422.36308247493
81828,43756.43177178792
100521,10976.392274945945
76827,7089.658169406349
89850,10225.540641814086
90528,11249.862498194643
80710,24618.24603583724
104646,12043.713373670476
102709,11894.345460020602
93055,17934.172194829767
103701,19750.38502064349
103548,9563.27454482964
96053,8009.247873796707
77609,31072.525552431915
99637,11677.131166497138
99911,14515.735505981267
87622,15045.51346943954
95938,16867.65400485675
93648,15902.057616872482
105208,17127.488173036912
82558,23400.840862265
89781,19313.53975903646
94210,46686.186917564504
97589,27128.581386857928
96120,14720.082080418528
79277,30527.63968248917
93852,23735.955181066292
106276,11594.471287877326
104292,23287.608308305473
103994,14710.242466826669
83967,12172.946275403185
77971,18941.152346100756
76636,20816.79662336096
105328,10346.270581954694
89518,9939.915286374633
107941,10371.758958836124
79721,22421.743721738338
96770,9709.76454853931
105293,7803.2981410622315
81503,44120.622023011
97932,15034.02183726282
101258,11215.33396042548
83499,7439.98925468688
85447,11688.690889787646
98221,8709.119339830317
105617,26110.165432859532
103224,8082.911596174185
82749,6725.082029924976
104578,13027.24127012116
77279,16600.871005821624
106045,24966.309878588425
106053,8687.952243557917
99749,16000.382081887112
102786,14047.170831647145
87467,10722.543796517808
97949,9304.516911137478
91680,25770.239574280826
86203,17583.543223230423
102078,8047.153434677863
94020,20612.619239823478
97807,14749.2111214148
86146,11620.750596465039
92130,25444.9185050579
108463,14102.44756223719
79600,24882.391559184918
89904,11292.304903985523
105696,10602.051607045349
105440,9598.87851405125
78666,24112.943085400526
87225,10603.528078899655
92285,27465.84825696013
85762,10080.557036272163
107249,11313.504597828727
86894,8450.940316481194
86790,20061.540569607816
98272,14880.889115290127
95514,14080.790794417471
103863,11917.587884818824
85887,11599.452622612282
92171,17568.581607954697
105828,17078.926489871938
99025,7838.737739666589
77032,7121.654665694043
96993,18664.457899299683
95599,12424.248501277536
77651,34547.91696504515
99249,6663.555970640736
82347,28347.350583539686
83547,15034.60377916511
90793,8356.433190191587
94114,8373.46351816211
98376,14349.048915964677
88356,11952.916136294525
97473,9147.536461161422
84728,13529.944916266779
99765,11791.239659174373
95147,26426.201465345897
93220,21907.126207914298
91907,24769.934780293883
100215,10546.489824512231
93841,22262.21460442773
99392,13231.109177437316
100078,10853.799725171413
98334,46760.92641085943
97491,8644.3427069385
76179,12661.79258314802
96845,22018.32864788984
99295,15267.248048402096
101419,8043.426635917496
88658,16626.120862474483
82883,21757.32633966358
76475,9927.295879605754
99742,16598.349001229533
93385,27376.138496336305
96197,7601.611290191292
103239,13512.431728093645
89746,11344.982635519398
84083,15544.750546978468
90921,25658.966862451325
81029,28450.048589848546
85735,14223.115450171748
100511,8493.135039186445
86938,9906.968890580574
106540,12483.95306299236
95088,16922.40510287731
106791,26274.968793862143
101353,8111.137536579217
90012,12220.372535745257
87810,9891.7752578785
78427,19628.838179559207
105147,18755.322529643407
99572,19876.652667497685
95461,32203.46810673513
91238,24678.275084458706
89040,24438.542584647235
106508,14748.813231981725
84365,20254.909324305725
98635,14880.889115290127
95456,24676.349098908915
82157,23263.84659542041
107710,18340.037271564557
102827,8922.850295343129
79534,20756.08586035903
81865,26099.46852944585
88639,10680.05503475848
106981,30483.77569273197
105063,8301.730686797582
89959,13928.709030383638
76364,21391.765197647394
82709,11367.190544562853
97975,9550.77033026946
81231,27128.581386857928
91395,18449.155697982667
102044,11725.419285123851
78668,9740.654925239736
78000,13403.501745108679
105797,18555.3657317593
97820,15677.811834795353
78541,18099.06628870523
83979,24542.679066249526
92189,24822.76739720263
92421,25176.9300197254
104433,14754.952549623686
94419,24599.527835486526
81249,52908.986717138825
83181,13980.6072117725
101041,6965.458631067906
84544,8274.605235309575
82304,22731.51218319849
97216,17526.613806153473
106909,23019.403026276446
88158,6504.36943155786
97244,20535.754486156296
85241,14779.168889814697
93235,24555.40433032555
84502,18207.67627356943
100273,11215.33396042548
99220,12348.986213360557
100249,10880.532096933892
98796,14978.518929647304
100226,9920.58151769062
76989,53016.721343637684
101824,13891.277058641614
104347,18417.01598598301
83602,12342.089745440659
105100,27667.339819794353
87507,8376.763388452613
105460,19840.23898454723
106962,17404.46439349522
76968,18578.6945742112
102530,11283.916607807336
80270,23088.682369447164
76134,8899.1698447794
81648,24066.788909179482
82846,10891.331108050628
107094,26296.197254422532
88963,11851.436969021353
85665,13342.368745586407
83962,11545.118861696474
96200,14460.452661877887
89390,8801.813082912067
86778,8436.910824810622
87626,11036.252664847108
76994,17440.59625983352
95430,12446.610563465472
99912,10011.600336981688
79916,30292.16079193517
77558,31631.37243342269
102504,9644.719259490254
79125,14058.84800208106
90514,16129.569080549034
84199,10058.354926210837
88179,12626.553018996088
93132,27181.279379917858
103105,15295.922154713744
91760,27759.829599797376
102027,17277.956142266557
99456,11827.800571101026
97843,9715.659640560098
98592,19055.667339612155
101912,10989.371521819916
99398,10327.136153093594
78585,17584.850922075217
99870,15215.009049158709
86989,17998.520298551273
86206,9872.056575298293
84406,9940.068282792208
86226,10212.69263161024
86528,14402.808388262616
84765,11033.080551677518
86600,8647.306448946809
97750,31587.515927072778
90475,10394.003109149255
103437,10146.744137135684
106713,13027.55403766192
84811,14952.844104871954
79863,26278.6717228327
79529,18139.24406472272
87367,12524.048130131427
93885,24672.395552609043
107524,10329.174348236062
77240,23583.078670812465
100091,10936.827898070957
77872,17679.93796471218
97015,25795.00488554868
78978,12121.841554693237
95091,21786.01402498036
107650,16489.041438346536
76162,26291.446107319214
102355,14083.251413806956
101524,11577.247804852539
78720,33811.21689112845
108192,27649.343464390826
94404,15321.446399184893
100206,10947.898963606736
94915,24479.738868472454
101631,8493.135039186445
84639,11077.473373248598
108277,20049.220937477952
103453,12338.169835844761
105392,17965.3449716863
82369,9469.952144131648
104666,8572.515874409224
95742,25023.11898737042
96912,14713.999152742535
93541,23654.437927424828
82393,16919.136126142985
81024,15024.889213355089
81284,16928.113225809226
78406,23136.64608677174
99306,14164.847622781195
108130,9774.932281658503
106160,15250.706151272418
102940,15570.14435569358
76742,19408.76523627589
108025,12008.726503730542
77658,21837.77240513817
84295,11898.497275827833
91996,13604.088734159199
103468,10929.973580918158
87336,11161.926159680528
103993,24044.02575682968
90396,9928.880329901192
97935,10115.28944307105
80399,23080.44228499464
105883,9890.026457927886
92823,24553.693924128293
82238,13334.573939670112
98091,15974.776479536607
87257,12214.686365471038
87937,10326.055643926673
97548,17546.402481908754
105775,15742.440871131752
81363,34389.73581670888
76833,28957.126718518437
91768,14524.659446143949
99627,11679.868627094891
