carID,price
89856,12452.987782056636
106581,25722.14739132456
80886,11248.222550284603
100174,15396.730748996519
81376,23780.236822391653
85391,10043.615522519176
82175,12042.571131951867
95250,14225.99813804524
85071,6727.598666984602
96210,18158.055218822064
80317,22990.99662955384
92731,21551.731081758488
107704,12246.289541710694
98302,9540.871009750366
107055,22890.639662459478
94621,41611.0368606599
91709,9517.001615754818
98193,46674.49104343334
76189,15657.832940877952
86871,11321.512738002893
102917,8131.56351173398
90923,25687.92490058503
101603,10583.152490915309
94196,21605.859871560235
85174,13957.908969503655
103370,11789.665101077911
107877,17590.768647908255
79567,16178.232957469936
90091,11500.398607119489
76169,14238.339479294022
98708,13896.401753409435
107347,21695.603241777382
89583,14388.720879277122
101591,17075.367344196893
92160,16882.20856976714
99676,12319.184634727459
85354,14833.38237686068
81900,10760.762528484309
80345,21826.987986138127
78509,26228.341986938336
100872,9937.116522764902
95087,24014.360854120772
86027,13288.768474532917
89135,15236.403411470807
80557,22985.195199013848
108092,13630.101742795487
102672,13866.299200115409
83022,7858.322947647617
78398,16000.875178154973
95889,24721.591256778756
81117,46271.34905009793
93730,20986.230204606156
101380,10826.06636938529
81772,26068.353268422958
85304,11074.719134435605
86107,6738.935809347584
88696,19422.553604420027
104350,18748.516724241705
87331,12699.299495277464
85206,13790.240820764946
107445,27087.988925227437
106539,26266.977233773316
98712,18339.16303799371
96875,10314.218296525483
108464,20317.77151373562
99890,8783.326387163304
87771,18233.011842495896
79442,19891.27078641079
84170,10503.509994048889
103045,17653.938043276023
101544,6485.248065899534
77350,8287.13733271404
89225,11524.340434771955
79565,50014.582477395736
82849,9034.239206144613
94360,21563.446211817663
103040,9869.736016313227
105101,43770.69006443046
97077,12376.270269317092
98674,13646.245202535
93447,30064.272551076985
84951,23044.309483736262
91953,11479.505294432365
102101,8399.818998380395
92604,25067.305697404918
89010,11151.962747219068
102729,11189.538864092217
88024,8436.691890068023
104367,10881.457375531607
101230,10067.164158356702
82524,18264.762420730385
95279,46367.78394854475
106098,11622.002672483573
89749,10158.701841114731
101277,8202.615898388442
108016,27454.557162850724
81259,23196.816387744166
97434,17843.245992698834
105289,26490.882527341742
103379,10227.720184259082
78317,25972.11669447924
104166,20021.63132618442
106660,30294.078563813593
107490,14270.76689451218
90684,11972.609683795074
90032,8385.557914364315
79481,18171.364993736886
102524,9531.37116524115
100778,13913.679852539211
77810,9747.690618451192
98979,12935.530254766796
76558,15609.881052734198
94550,20664.691777341584
107246,7327.213382073182
77429,19857.25834032994
106105,13559.040338222452
105213,10511.553301126336
102747,14793.079570634774
104958,17777.584480440448
96036,16811.21827719353
92310,21550.13229705844
100837,8868.186160545125
82858,10338.885226617353
90119,8105.818543565454
77304,21949.844002720434
89011,10991.783913480607
84623,16155.436414358184
99665,23224.240899936667
100592,9946.546019943153
82623,10503.509994048889
92035,18701.895524935662
84305,10540.597616767349
92903,10408.582782222848
93398,18269.476224297476
108067,17814.60252300895
85062,10030.724827826933
81727,32758.491262955933
95637,8577.733057545482
89690,8299.29686308418
83240,16330.472404214222
89711,9669.794837617805
96945,10024.295462706252
104924,20142.664383706247
79633,19983.83610074117
89582,8035.559226010867
98080,8630.75667916878
85992,9397.506735758765
86712,14440.19099570077
105767,10204.985620001353
100590,11523.858582639332
104574,12454.18020338311
97246,14338.500987160754
78141,13410.312383293167
91590,24600.265827512827
80767,13650.378383254356
100344,15075.168071432234
88987,22141.36629465922
96479,17137.65114848089
90598,10287.036966712556
83880,8409.24017911883
86802,13649.019068281288
103078,14469.179834407927
84736,8455.05367226439
84196,7082.403142066367
102062,13470.912363315467
90110,6657.4118293278725
102907,11376.636359861324
81776,26174.627722666242
102431,7654.019637648311
80442,14811.133727561431
78656,26228.341986938336
78537,28673.668267761463
102511,9365.926100851384
93612,21870.41594800936
99284,9541.202726713973
96315,18266.917292937425
94305,48288.60355068721
100636,11397.980556528371
81816,17854.355763526444
100352,15262.22761128534
101476,11803.414182621495
93392,31714.52497181328
93995,20543.63827085765
94261,25067.305697404918
89117,17405.973222484346
86506,4567.551979468497
88456,8388.203583520979
84134,11724.35673786644
81088,12192.247137450195
103960,10991.10227126811
84925,12559.112405718031
97306,10098.44274118755
83752,7449.842782103403
100696,10678.075208406131
76472,12303.655564990684
101128,12147.858945479235
105932,14841.037147661456
86416,5571.1388282850685
79616,26124.571784360876
83395,14580.144594553263
88734,11469.51318415054
106676,18462.934200124033
102442,10549.558284185889
88761,14225.759697876942
79708,22999.131675513152
96808,17262.930451519835
103755,8137.4529073864405
86273,18288.15813569584
97635,28843.330059550484
80797,26070.85752008878
108000,18033.386751398255
95126,32271.46429855598
105187,30294.078563813593
81613,19458.236893936533
103906,7489.488928938477
105729,7890.654085029012
100637,13976.401849864098
82861,9658.70801302486
107823,16269.028257949738
85274,18114.921220197226
88926,13023.339338245629
87871,10503.509994048889
97970,8385.557914364315
98044,11529.40866154351
90277,14343.981923068959
85647,11047.701847874072
107447,19595.66929529274
79418,10153.724157672405
80383,26067.506140604502
79894,19371.537480060786
105875,8366.72768865681
86032,8263.63552358734
104423,10924.722596817275
78437,9503.893533350141
79480,18364.559064817764
89973,7290.093946650801
94007,24855.98069917266
93952,10615.080564527687
84548,7357.504888160563
97885,12165.64185402295
86571,9925.997851373737
77839,30926.863580633202
102201,10228.176943194361
98731,8805.17941503266
82395,17669.521045868067
76816,28226.184834177817
97956,10022.203403649979
86012,15127.686811745227
106393,20970.365938676823
81832,22432.204301577283
82787,21580.365116634028
103974,7804.58071358639
100725,10776.660573360254
86552,7628.152422792584
80174,12200.712176028603
99189,13579.563078140805
102543,13461.996886028526
98518,15958.925252101008
100334,10955.20826625119
92673,20121.525532914216
88008,10405.320460458714
105207,26053.796769936318
106462,23807.10960689375
106106,12402.851492157233
79705,21862.53850058797
108193,17662.48885071936
89668,8385.557914364315
86435,11791.49019147637
101281,10991.10227126811
104753,24424.663044180943
79004,14885.897260173555
89732,6371.053498234163
89201,12302.002053270904
87282,10860.629029182233
101589,10336.131996821567
87352,10800.312979406433
103388,9890.060684212329
93619,16434.670880037655
101941,10956.918123159903
106533,13737.200923236765
90018,18610.20050956517
101265,15267.142790871187
104255,24226.750313342203
80093,26068.353268422958
82433,8212.05070696387
77254,13420.577110560114
106400,31208.712521302878
79847,11839.571103574688
95735,24925.036670968017
106733,17107.63413257033
76318,18122.667004864034
95966,15456.378964260104
101690,11892.971843456467
82845,13960.053749612449
96266,23298.08157146326
104175,29592.225212929752
97347,16576.485241435796
92730,46281.02356878164
84738,9028.952795919484
102596,8322.32951626769
78356,27214.21926033619
94062,25072.997346656473
101662,8206.290308815112
81715,26127.817895572753
103046,11630.526310466274
108133,6443.0205749332545
96302,10314.218296525483
83859,22595.175336603945
104815,15145.13397117351
95903,24712.484205444856
79683,14026.751177939424
88888,22275.760243744164
80529,26067.645425129038
81898,67078.15284527464
83435,11247.905648592008
80448,17551.015619454374
79241,34124.288576993786
76056,14945.28108707546
76342,17348.12239651237
98238,10132.908514172153
85878,7749.866299957964
102846,12437.002581218374
90215,4463.197842234669
79635,47356.987813446525
77561,13709.522597622243
101151,13385.03588894265
93594,25540.76298067531
78703,37864.95039250433
87596,7078.97725474486
92572,17802.999856381535
90757,10074.452533778336
95881,17666.091054311113
98008,15510.549135025884
84805,12580.814000334107
100888,11669.618825794134
82504,14211.885011422195
82177,14591.61683348063
89472,28104.359551056725
82301,16331.661692682032
106483,8239.53206975596
79808,14446.13322586629
83412,14507.294906776282
89386,20529.302865252565
89889,20236.368863826516
108249,12580.048573916849
98252,10168.959416544061
83525,10527.441567202928
102595,11521.620770475205
94255,11734.309557888148
91259,29149.071693078167
99539,7861.399127239229
97379,23070.104570057894
104452,23689.790352270404
88479,10460.409298881636
95424,26406.37695116438
94732,43067.88257011764
89025,8637.841040208152
89497,30639.49666710626
92405,16470.58636112043
95346,15903.05289029152
91337,17528.009461611175
97739,14460.748316572888
81087,14701.649986879669
80661,13189.324827933222
105537,10961.824134894669
81073,22988.44131022572
102770,9020.59817563047
99299,9728.087278731353
77528,14285.043774375097
95278,28880.624798791887
106536,13131.901506233664
79421,16201.29234232653
105026,23489.75793049725
97887,15976.510313818544
106163,15570.66960486575
103242,12369.451283981785
103098,11737.81145897686
76195,13958.115547328827
103418,11331.751110834924
102091,13281.7842536758
102341,8480.946461471864
100315,16112.879624628475
100377,7777.228421380412
78857,18935.27142550666
93748,24632.915952299183
107891,10052.11673936407
77063,23757.15411649316
86916,10330.558719933553
108347,8345.009349839102
94475,17405.826478414147
100383,11008.255247652305
80618,27214.21926033619
98926,13012.297700104908
77228,15100.487726596552
106915,14836.959111892267
92594,13890.399485820639
80745,23399.84887483973
78361,8497.136069411947
95725,24476.23950065961
105171,7257.369706668898
87007,10359.289853744544
104121,15396.443017639183
92877,15533.383319918621
108335,43724.68204434666
101357,13502.329747415062
89325,8388.203583520979
103144,8603.05453032993
101413,8558.226476279031
85182,10978.46464618859
84097,16677.964670433532
101970,7891.434254976374
98315,6752.3945796602175
89048,9931.473913097669
106141,10145.563520019452
87105,15648.396179828782
88472,17164.03691479454
93361,12789.350609700743
87040,10029.523540855329
99831,12328.455223586383
95677,14246.314938062827
89770,8333.343290974695
77371,25733.33727334651
107143,19712.852325667238
100271,13232.60998244879
83905,11587.486369577926
101531,14068.912891047788
90617,10071.154363565436
83895,18727.969610425713
89453,14336.801109405758
106012,19730.518071466944
76381,20046.951771752767
106986,16828.89610142731
84143,12845.012074478473
91665,45885.83836867201
81350,14263.87278870146
80422,13663.066983632683
84794,7162.3587902350555
81156,26119.72112808709
77082,28673.668267761463
97356,8214.644026772632
82730,17521.84405785113
99244,10140.005363579854
85538,17797.569017006404
101585,10802.364387220037
90288,11509.239800901572
98799,6279.713115983766
93547,21358.288394226445
85142,8457.656200327992
82012,30840.545470603363
89654,16037.279493438276
102304,13481.900060645821
79288,46277.71676112475
77400,9508.918262046598
98597,6662.302586356475
103156,10327.520672871959
95446,26880.266191414794
97036,12173.173734676235
101401,10259.081191832383
80817,10830.61804533943
84078,7771.092943544543
95390,26984.702139911984
79883,22694.962079343237
104059,14653.91468990099
103041,11756.455308182401
81651,17268.419428278106
100432,11200.413796778643
84933,15437.644805272914
81600,19684.75078423674
78379,6660.206012016588
90816,10074.310228811992
107414,9666.427254766542
105633,20235.781143244032
99508,9782.78240836184
100874,10173.168029099907
104208,18603.567177754616
84774,14275.04052515455
96518,13824.445737606724
91543,24413.170105303027
107146,19610.474507911527
94426,13795.571420669463
99059,10004.716596975239
96640,8305.158203031671
81277,8808.712717233357
102409,14987.519001594617
104800,10990.903770455518
107498,16957.109476074394
90942,38294.273534424115
80202,20079.075163322144
76794,9517.638444871178
88973,12447.713010210566
91958,61796.575522607105
80562,22071.498269425912
103486,15207.534817918095
95237,14180.02299702558
105569,17577.22985342938
106560,26236.033983404766
107977,9189.537325346246
90076,18686.546324409348
93050,14527.603913621218
80609,26119.72112808709
88557,13299.006902605404
90894,19135.15889710361
83669,10780.23937802795
78849,17301.616317351338
101275,8514.874234100942
91858,10418.476742370976
96243,17576.495161435818
106227,24382.35119475893
105300,18131.960610623388
93065,34465.51176127153
78002,10096.381643212946
82500,11976.755767821718
78204,9915.257938287701
107851,8135.918514219792
86217,10226.45276490981
82662,9666.253775457097
93324,28471.841040365707
79680,10664.648250712788
104920,20932.257530358296
96735,14792.227430516135
89992,9658.605952310803
106961,26256.833028303503
80078,16441.500951429578
101429,10406.28499279332
95551,18377.63041205119
79937,48550.295027299326
80680,22108.321085956588
99448,13314.759387807515
93909,27457.42417987169
96888,10246.977859310486
104584,11333.439202988582
107289,19574.366877008597
84126,13845.98539119813
101282,14243.357373297877
92474,20161.429231899212
88871,11106.96901006918
107177,14030.719929351575
106026,12880.957167650407
96937,10931.613435118687
83543,7123.288537390163
81094,18157.825202558954
77503,18935.27142550666
85351,6479.250839225961
96000,11975.028320026691
87374,16237.000602613118
86394,23078.057817951067
108364,13523.041225555966
91441,25781.691292245094
97039,17439.91375988257
106685,9862.224753155768
95631,17427.323495881476
101883,8423.257735106643
78238,8148.277701750488
97508,9958.088338047075
98441,13325.841967977356
80066,15566.164572472117
79095,16531.708351107074
80007,16432.02201077484
100219,9680.01943174104
82511,10744.662584960872
89270,11133.38177898406
88713,9914.675252052139
100353,13426.631904821288
102841,6801.349580137351
90117,11572.975992240703
81549,44684.19359938518
82350,25416.029012861884
76546,28673.668267761463
81013,24747.959106996794
91240,18644.181078315618
91542,20254.896911653148
104518,11387.79515614257
93537,52183.776421859824
94372,26082.18140968911
104419,21041.62591997253
97636,12505.66500456982
96288,21444.13550402133
78717,9510.429775829614
105610,22663.333536756698
97754,22270.63317812839
81458,11040.58612948487
86931,17904.10702348361
90713,21427.689112002477
90909,27323.580385737103
77251,36495.887955864
95081,13432.887952081017
95560,12582.9814177221
93288,18428.582734362073
105036,11980.595731906822
108490,10455.2720252753
96935,21940.542071446787
89373,14169.310168996968
98010,10112.811221730659
104699,22586.67112579369
86692,10242.63089813353
85024,8230.813260959118
79086,28618.88263536688
89939,13484.421302676843
79098,14306.919261778681
86141,18119.568595679084
105462,30858.991950777698
92870,28486.700893001387
92163,18480.60124792002
87481,18015.40924915284
83276,8125.247499099517
79356,29422.10210057462
103602,12377.55587299865
88460,10502.642918567833
100934,8271.939857107784
96659,8385.557914364315
83204,10622.853594832151
104621,19736.57498861316
84110,15675.312063817213
99265,15510.549135025884
79574,13350.451768130068
78186,11839.632794824205
87005,15011.881166064219
104043,11748.192231802957
81574,27214.21926033619
104091,8669.355148754004
77759,21722.397817998844
78181,8525.903939089592
96169,12313.872728456938
98267,16636.05049758667
97837,12408.914587787307
80133,17907.065709792532
98571,11851.742441876839
88628,19523.239799177256
78622,14391.119254758003
88678,11991.55523358897
87278,15801.991868469264
86963,9914.675252052139
100350,15668.729349808398
78771,16954.278418881666
95935,21812.18246991875
107590,14399.759156289107
84458,14249.824333779472
85656,8335.988960131359
81611,9451.698590928729
92638,18563.35321933608
87478,7949.255064054285
98407,8220.469139522313
95581,10694.359223883783
100645,11936.578570203736
97184,8226.756197634573
84473,11097.756848136354
88951,8084.834171862274
100836,10549.558284185889
91338,61302.52626958906
94112,14922.040463304804
89882,20197.474498048334
97097,10246.977859310486
99151,13857.380858204067
99607,9643.646447072873
78931,15197.493749714136
97805,9669.794837617805
97477,14827.662002121495
87819,19139.284897736765
76361,19746.050238427095
99201,26182.740282473453
103410,10217.62961919194
108436,18462.934200124033
105558,17674.806315301976
88025,8212.05070696387
101944,9099.62373321375
80786,23032.70119840936
84001,14642.9482978051
78304,18930.99565960419
100501,17232.29320244628
99693,9523.10474386339
94557,17729.850964849225
82152,20718.74530363385
92039,26091.426845392947
83177,13938.03144993205
90726,7555.721489304228
82879,14243.292184867505
87378,15194.42317093109
91699,15301.076750396533
85500,18954.29048390595
97050,11552.402520472775
88754,11172.084111565731
79069,28673.668267761463
89329,15665.068480191705
102605,10068.443836339684
93090,21741.938877942855
108403,14841.037147661456
91391,17942.512161727864
80964,26010.685049645068
89444,16235.348986462368
84092,10503.509994048889
100617,10056.637471074586
107962,19384.987519514463
106640,9490.638822481125
95123,12576.966529839341
99114,8160.8019096675835
94461,20267.62825920932
88654,13972.255205041556
80421,13243.426500766554
78113,19415.210247867213
100558,10010.790759504995
78873,22736.04391459373
85480,8898.548813805188
103902,11936.578570203736
104816,19730.518071466944
89039,15533.383319918621
95169,16789.66552768484
93971,23193.420788956355
84450,19219.909393737336
80824,28229.06457185983
92545,15965.406945698425
89226,7881.775750055032
93873,18248.859712543548
85871,14815.115649799009
86343,11548.261090173202
93634,36237.74503327892
106942,8352.053927649069
82535,11051.669948969258
92259,18608.41661695647
88794,12500.71557090513
77385,34624.87931557361
76996,9234.793936878095
102708,8653.550844401896
81359,16571.748169477418
90486,6424.839573207162
100200,10783.73050453328
87970,8823.24577820618
107512,9163.785247630962
79078,26099.969637250848
108477,12606.101306327466
80312,26299.266789007514
82208,11128.41215284647
100695,11800.41304496029
99506,10104.680478114562
85773,13357.984655458382
101887,17386.067203798975
90129,10488.876432526898
84730,12402.824382967668
107601,21842.60280507364
89592,8607.415388722096
84844,12400.984862640053
96938,18748.780517239236
84981,13294.515064224717
100698,15436.051543996991
103306,15262.22761128534
107175,26232.01562682884
95411,27457.42417987169
101169,14012.565202576603
99407,14674.940778622173
78248,11658.997990129863
79031,20647.91133346481
91040,21563.274052118515
76464,10903.955199377358
102813,9497.36117205931
86811,23147.691181784932
81191,26234.467835832223
78202,31016.824803176547
82471,11924.493708285958
103920,10996.99590203016
79904,22972.506998432345
95670,25067.671381624383
89931,13254.791193629912
92605,28635.094226379068
85695,19207.58223064367
98750,12429.613783222294
101284,17142.138324709467
91932,19105.555374793203
98623,12451.339797954779
82499,11443.555421899131
93193,26408.1851332287
106110,11874.234253544086
78500,19791.571131505716
89447,14632.31949769242
103373,18357.86250691348
87872,9911.971232438575
99425,17461.770580517532
96552,7923.912418274324
105787,13716.183224843986
82567,12951.666881110052
102894,8502.167459460123
77641,12204.785558724636
100827,13281.722433292516
97712,18028.441801157
95197,28383.441113824123
102993,13288.016899331333
94855,25180.856136001126
81534,17406.108474244716
95133,17235.506608245374
107468,7402.671518638076
86402,12576.01338084261
102666,11933.13400828181
92984,24705.005691263686
93891,15110.442912744511
94312,12900.88285149925
91959,34272.34632246046
91802,29131.709722980835
108175,16828.89610142731
78293,26234.467835832223
104991,7653.244512587206
104302,8433.754159436474
79807,18016.98368568762
87167,14494.378017465837
78620,17102.099187707685
81174,22997.628725031085
83125,8060.792664921963
103123,9638.543965610519
94065,17698.14781776009
78480,13343.942201844244
98280,10325.417263225407
83415,7910.9716204063325
92297,105179.24466158783
100221,11008.255247652305
78829,15952.449915960487
93418,20164.742744961182
83424,10988.183778236422
101749,9661.74536774761
103456,10930.600950534365
88503,11200.457441340322
84931,15206.472076101738
107552,16711.65501516912
108037,12983.941451466295
94539,25426.284449544473
83697,7720.360372804054
87455,18200.37951882073
103044,8854.658374570354
104852,20177.023994728574
93437,31906.65745435637
92885,17502.86481075315
80922,18364.559064817764
102886,8277.048088637028
104586,16211.997751686506
81164,13477.096966761106
106074,16271.867381556864
87617,17870.871984798032
84513,14558.123686264276
96743,11525.607873125256
81209,13829.800004319946
95463,16599.58728140044
95457,20981.644680776335
101606,11936.578570203736
97485,27629.519628539423
91916,24619.200427350024
91629,41622.12267989148
84215,12240.812774573837
108190,10944.813132355224
88314,23108.401385656398
104526,17712.604056569486
82467,10753.557035631651
91827,27625.985395207827
77885,51867.61268768829
83459,9968.80540568489
98375,14787.238951980664
101233,11285.910836154742
97186,10087.079224881963
95520,18328.256542716077
95216,36001.3169457584
100878,6886.316691832994
80031,26234.467835832223
106134,24964.3058000847
103526,10000.819490482409
104018,43754.872052225444
83920,9660.762179858786
88245,10366.576753693336
86248,10031.131309539915
86315,12213.340847494415
108157,28353.924087453488
102814,10916.126013760886
84371,14673.23993860066
95270,12273.398283368619
107670,20779.16387161672
78745,13976.218898798717
88772,12019.706106540949
82335,17304.91908648436
100049,8708.905805765864
84953,9752.763141135425
98948,19148.237543808893
95952,33347.55442851638
93638,21794.536241925467
91164,28486.700893001387
87627,14193.66797372337
89209,12157.151307555376
94140,19317.048930371388
86567,8441.060258814938
81451,21603.616732794002
94658,31132.258955561356
103969,8852.806373673937
90158,13623.096748957201
107712,12643.892643888106
102518,10991.10227126811
91367,24689.933378495236
78764,11634.234519811367
87411,11292.815249201187
80790,24308.913882523513
97848,17439.91375988257
97985,7858.6014085872375
99323,7403.847570238907
96854,14153.669687603217
103917,8539.496088764603
86223,7488.215547067371
101812,10188.5893396418
102098,10549.558284185889
93414,11959.369106678878
86794,12434.418700364944
81508,26234.467835832223
105781,19225.525200905377
103758,8650.783137419583
100877,13502.329747415062
83075,14759.079234770245
100303,15654.826965205126
85269,18240.157882443455
95693,17364.29109841133
85891,15357.459071017007
85991,8637.841040208152
89378,11074.438180324612
79718,10529.323862943724
96415,10089.718820864562
87510,10502.642918567833
95579,12188.583829247678
96453,15470.940101874758
80182,28167.02859717147
103363,10791.380378353271
76430,17293.16884183078
86302,8213.46210113175
78876,11356.562757202448
106740,8892.44470424746
101855,12813.079439168861
78987,26170.18691874041
100155,15214.713926820536
76069,31017.890997721974
79889,24622.178275072594
104035,18602.460289659986
102533,11423.093165774138
85374,13740.592575361205
82210,26174.627722666242
81145,10861.763141340965
99738,15510.549135025884
98201,28464.477268702525
88630,8673.25672046624
94084,17949.96420645633
79771,22363.623756370846
91057,25618.674624330957
92492,17524.173936032115
103600,18018.499071095077
105315,25321.36588053896
106151,20652.477644811082
87426,7847.513674144754
85249,10171.784451755111
77379,5280.772213111835
76190,10804.801896580042
89820,28098.14500420278
92650,26644.37495208038
82906,15641.826548688232
104766,15380.028376829378
104673,17156.184899351443
103734,7097.460745229262
87652,11973.595469413995
107399,14418.971331460643
97222,18613.63094943845
100614,8573.31659538629
95807,27625.985395207827
88084,13399.074904262814
97997,14782.168599959236
83321,11097.756848136354
83002,14573.442125464588
103995,8432.342765268593
102305,8355.015676631156
97774,21658.28429955022
87737,14299.68462498707
102191,15220.265018703267
78470,17913.561312798487
81787,25857.465476726204
90975,25805.209298598
76598,13341.690785043958
88308,10051.136658695345
105997,12013.404222675088
97095,16893.745167105637
100555,11345.05796055726
106628,20317.77151373562
84638,7385.678982123221
106752,21916.96306625519
88072,13952.542753075853
86734,10798.504454167018
105842,23361.35066369366
102037,15076.378108094912
96623,12114.100174843918
80943,12310.105100000063
107882,9859.922445637249
96069,9965.276231117969
86796,19146.39070872795
83234,14062.411957668526
85044,10503.01664769966
76183,26170.657528537962
102124,11692.143957768345
105963,9393.24233092428
108127,13474.954960383202
76435,51871.695193177
89809,21331.139969449676
98129,14838.544962097576
95632,24597.6601413349
77264,22756.133226479786
102849,5274.061421265399
106860,14836.959111892267
90177,11847.205328411843
104336,11153.246873517268
91068,20173.568103059053
85416,11085.632355277974
92720,21036.314170189507
105257,8667.163047059856
94524,15361.522118856295
87069,13401.224609993345
79026,10724.703814204213
100533,11802.549529108528
107396,8605.14893991548
77220,9521.415200712152
76863,10482.4729297237
89441,14916.62850431986
86301,14910.574429847968
82808,13280.933324767939
106681,12391.739778183113
100673,10991.10227126811
87115,8637.841040208152
84819,8340.531946394092
99889,15510.549135025884
100435,7001.577872688882
91329,17233.00909585005
105897,10353.949497500551
94788,19167.940651185272
96403,14357.916186858898
105780,23944.447543350878
81290,20918.754887864547
91689,16973.782394502214
93660,42285.10434376969
84018,15568.962032310243
79166,18166.33713819567
99850,11969.671842265161
89900,14115.968240638029
76628,20098.737984681804
99136,12456.04807412448
89388,12697.417366297075
86441,14401.435723567238
100362,8112.198368287256
99493,13214.75886697057
108082,11991.14273266462
94759,21900.393936806908
91954,26911.94910633996
90378,13259.448806397051
86126,20274.632926138762
92990,16412.768626327248
80507,18363.356780743285
105394,20809.04799970888
80679,10572.822920036515
94014,19850.762774051167
78092,26170.30923692054
92725,12472.625265646891
104609,7081.24626676737
89940,21219.453326972405
84337,14006.512276632613
80392,18875.034734045235
90992,46367.78394854475
88342,17104.59173039912
83193,8229.401866791237
83080,23391.52668679243
87197,14793.62862611817
106043,8433.754159436474
81316,14581.518275841456
105197,43984.40420468567
86103,11926.223531440348
107819,44158.14796514051
94911,16766.003165269904
76597,31007.323970033816
96614,9705.771530731368
102197,7170.593981179565
104617,7065.460088380835
101445,10927.780466977105
94521,51520.24218323829
107290,12962.445527797827
93099,23509.902580995105
82179,33104.49553017145
96268,26232.459197280583
83202,13791.880737294707
101568,8516.499605621138
89145,7439.702371673936
82718,8496.880532625391
84595,16057.879415047602
86633,12882.931801362363
91925,29030.997738638118
100357,12627.833635564462
93684,17336.051084285707
106465,43757.819518549775
84631,14384.34580693051
97796,10756.061872714183
82836,12221.950913450371
81314,46555.187491221826
96868,11604.602524597958
94329,21156.471814146527
85728,6558.823381998618
78259,12908.125446915925
107084,22808.129801959178
96134,9649.26298567183
81583,25377.95003741653
104264,16876.451339159554
86202,11866.479483527162
102867,10929.206660559068
83461,12408.154823726578
77589,17476.11896119432
94394,15682.291542489082
87588,13878.843404301875
98769,15510.549135025884
76735,18935.27142550666
105592,14125.086485121983
95260,19930.761294920252
82699,7760.732905849514
95827,26993.984366891582
89294,10415.163447037055
90853,12026.24099870068
86522,11027.968266848022
80958,26156.68908132009
94038,24883.432634209108
88512,8230.813260959118
80219,14688.984064089118
86063,4559.874715187755
87724,7870.891864884791
88835,10834.038924893599
105687,17603.188921013814
83567,10799.229958252994
106584,23226.952505914443
98492,7785.81266774167
94494,22514.72130734139
89061,7847.513674144754
103125,11937.16269031619
103883,11937.16269031619
80430,11709.587762899333
95544,27441.604882094372
105136,55124.28833844049
105560,8012.435722430393
108397,23101.442663360456
82236,46285.82171209432
89477,15823.862969503647
98106,9522.237668382335
85996,8278.894386511038
103439,14375.286531458838
90831,10088.165944718927
100746,13474.604736230684
81518,13005.410500085134
98610,10140.098573669242
100644,16942.089038622402
105486,14914.409206780598
79765,16972.596211051725
107609,9520.202421309652
85407,13197.538435010445
81527,25029.946109477576
80955,32401.941801462413
79400,22537.58197674892
101238,9888.834361532066
87024,17869.953092455682
88662,10635.216190036965
107983,22821.3509780264
93662,26701.620629013705
81557,24535.201608281284
94520,15880.346278353822
97010,15679.786494061213
77628,28229.06457185983
89561,13827.446337602762
104218,17570.19765828068
99839,11215.481035635128
87279,10043.615522519176
93760,21570.002971278453
89551,10056.618270246072
82714,14869.524483738509
98166,19153.42952871472
83812,12205.517296361359
102617,8051.644637148204
76869,14870.669284433317
103735,13917.636184854306
94201,22035.631261351555
107893,19413.210598435588
78651,9234.853711965014
85246,13854.146220308761
81194,22975.753109644218
81133,23413.437059721604
95611,27457.42417987169
93004,17519.70445908028
81826,42789.61825486642
100157,11855.694894182074
103768,13402.910235016563
93350,16171.343217494761
76901,18655.153548965664
88742,11015.030893391082
102866,11860.798367913767
76438,26132.739856939363
86105,10431.722329274256
107506,25979.9624278012
108520,7704.311810849042
106613,9870.14167675055
94164,37653.12597821515
100964,11040.57057199854
92769,12259.835058965895
82221,8749.043991638486
98686,21521.08137104171
79762,21874.77922837023
84645,19117.62132700062
107656,18213.931266403317
97538,15431.007377219901
99552,26658.257621612545
102157,9678.283332186167
80935,9170.825218557356
100578,11857.464584137153
94686,24359.561114974964
93268,48251.00511991409
91842,25661.795028672004
95609,25163.002740433545
91576,19314.63585949953
93139,37327.488767822055
101030,8400.62053944411
80172,34431.638994159475
106262,16948.20099779385
101562,11768.712325148275
102273,6412.380338695667
87102,6781.912293610721
78491,17246.18559970455
90631,10056.618270246072
94672,22154.870518917036
77261,48610.03583899957
80434,22643.556142491198
86840,9223.011181253036
95011,24606.565655927185
90870,13956.645777577072
97999,13107.893123630012
77016,39785.89802613172
96931,20466.988293990235
85215,11916.520464758249
105268,17524.554876411592
99519,9304.699682551083
104056,17639.36544866239
91117,47220.21330096905
107099,20471.209396895458
80475,11834.469470064203
76216,39595.86212679697
93207,24507.214427921128
105166,10946.637208688451
107209,11769.118552349939
100109,8708.905805765864
87232,14529.372757891002
102624,11103.488442886199
81948,10193.245878666712
93625,43018.78059311515
90334,14388.720879277122
79878,10048.688723349218
105653,16302.622747722478
108014,11988.920893099012
105491,18938.731908284197
87064,15052.477104306176
106773,17932.930100047517
93489,12304.547112700922
89490,21401.37631972824
100771,13506.286079730156
100803,12797.855724742645
92144,13575.096768015523
88632,11051.787727022567
78778,14562.449562946402
99308,13402.849632384134
77161,13547.97259446723
97501,9676.192331740713
100933,10984.431108325061
77489,20830.551042893563
84309,8714.12774649613
108040,7982.552127917238
97159,20471.790767433016
95779,13813.231367657147
89650,14378.826965966533
80999,8168.1499960130595
91887,22305.23512728024
79753,33588.58477993975
84669,13383.19059622046
76401,12438.342988486065
90299,24106.44992478815
80820,10375.917345454816
80744,28421.09172465373
96151,10102.146574953393
101368,8954.674592524976
106886,25685.676295276437
90590,12899.521558239892
102988,10588.466261792179
96155,14012.262441657575
98069,21353.791385513483
99349,21531.70758546473
105341,8318.332339824543
97054,11256.14491754858
80210,22935.074044819925
105334,14401.067960980463
88495,19173.32825833642
101578,14832.004475946494
103240,8730.035995951923
84979,11435.139359951194
88799,14299.813496543047
83073,10198.111774119017
107288,10535.180300609562
102097,10571.0119002964
99042,10134.875060056702
87242,10452.403067512972
77310,21631.308237117697
87982,15548.577379729619
95506,12186.057962688064
106574,15583.948209633223
80962,44627.881471071654
102168,10033.806636239144
102528,7192.608675526342
99307,15510.549135025884
89354,12570.602393838533
96717,8387.750016058464
99267,17391.235784519977
84588,10130.115514188423
88920,7864.044796395893
101122,13477.929082373397
100916,10943.43246476483
90206,13707.319936514059
100314,10979.372283561059
91528,28776.118066542516
82508,8498.990197890747
77095,34412.322418130796
105943,9859.574831508922
92610,24228.601893612587
76706,12116.506197564717
101753,11024.234243770321
97020,14803.993444952199
103582,10873.663726872292
89559,12770.706258478496
91293,12173.736347458333
76698,26241.73230362002
105365,21574.931051886426
102755,13326.004710789153
82363,17910.361125789037
94314,21771.870193252063
92463,19367.655675477174
107566,11734.309557888148
99251,14862.174564464522
108140,30884.36476284008
99394,13174.52846038651
107849,19503.98614596394
85021,10586.728433488392
98878,11641.09481815454
80258,7578.845418902789
85751,11121.651980515084
77932,14097.508091101961
92120,16921.55938561375
84462,13771.811358270645
104744,15739.987330149792
78174,10804.801896580042
76239,25655.370008858816
99098,21106.906661486486
78068,15425.964148034576
80129,17322.75360956889
92276,24606.565655927185
84297,19191.10864820913
99082,14582.544778029272
103218,11173.194027729494
100512,9866.93275825449
100481,9455.717004852107
77761,11455.66468892453
90764,7505.836302418462
103431,10960.36268508183
96133,21559.669821474752
80377,26069.459659208926
93811,13690.728721923773
99125,12323.999525483445
92377,21345.676904587035
84221,12731.285660867166
87280,10774.507000552427
91188,22806.64467848172
83645,9846.104079141787
105967,13090.46353925793
89389,8714.750073644
78866,17571.805381647053
82761,14798.425226350268
95049,18056.563680031926
80729,9925.850163623094
76702,26129.860119257348
93554,16797.1020241329
98932,21356.956594469037
91264,23668.998797734108
86993,12589.794526493433
102784,10549.558284185889
79105,18656.91543408391
102943,12278.439319710928
77065,20727.7085147134
104740,15518.052013829747
95500,18389.17407454767
95345,14849.917341119188
103581,11833.018539461023
86417,13280.933324767939
87299,9989.439092100385
101375,13710.35514574581
97640,30586.871346303087
99560,8743.431364071901
105849,20321.113309411758
95701,27174.753896611197
89124,11063.432491864021
78589,15003.445318422191
86742,9773.628695402833
84620,10692.970296556181
91165,34873.74467045606
88463,7737.359686402108
87571,8265.546183835339
104773,21913.43327404501
83370,11211.162400953317
105599,10558.504405403137
104275,21624.376972172544
87908,18197.51337826013
92637,8259.883258882812
101747,20089.78060201407
99271,9523.10474386339
77493,29213.595152216476
100122,8132.11536254226
96424,14090.50948380349
103113,6844.894368053206
107985,27574.20986891304
103634,8815.337342130952
93302,23995.307493129414
93877,15014.481384632427
98121,8334.44651177177
91191,14083.139589529721
99106,18908.803856616643
83151,17436.936129235874
87913,6535.881697315943
105517,13886.918312272966
99452,20504.016414297505
95017,24197.506107411147
98803,11519.284884303524
95625,27312.043911534
76846,9851.096142742403
101791,11340.197441127279
79911,19116.969570953406
98545,13220.030891860944
106811,9078.903396237363
78007,35289.4455417296
97259,19879.880375348486
96999,8381.72795270131
101969,8531.681305064383
107018,30884.36476284008
76246,26171.707855112203
77303,7168.214481225999
103674,8293.999071173734
100794,15131.502731316714
84367,25896.89325898479
101652,14469.179834407927
95111,21580.655288774833
96965,9856.026902556428
76396,11889.038542136437
80269,22237.27576242585
87328,7852.547809142094
85984,14651.39578809052
80193,26170.18691874041
98525,7859.734330003008
77460,26231.58809815021
85424,22209.627915918114
77271,15425.964148034576
104786,26119.92715834851
103727,8708.905805765864
91819,26472.98754932319
107028,16468.834142977605
94966,21562.79120898728
78126,14396.016971215462
86200,19887.88752219931
100317,9025.088417512407
88403,15793.124774564458
102036,10542.56629752638
78858,19604.7991238272
85122,14869.45940303175
107516,16514.548883588628
103432,8549.793398137594
97354,8385.557914364315
100218,15137.559773194826
92759,14947.797677881732
107648,41087.85429736389
97107,20469.61021439563
90871,9016.181384345555
78611,34521.53003882828
107537,12222.024458585587
84840,14103.580066897652
79802,22932.589107555785
96763,6568.969735051573
93033,18061.10018353311
76969,30469.209241458102
106154,8348.728643584167
105965,9870.14167675055
83644,21423.323301012668
83889,16122.043265052498
88026,10763.12483553555
81652,27139.021714802326
77312,17326.76895486178
102749,10549.558284185889
84444,15621.596245804283
81496,17808.6287069385
107471,11725.927032139563
84265,9446.322035613572
92346,28632.845487518778
87248,7978.648175966982
94931,13039.289704213596
93712,24053.75954651022
80162,20707.334629232482
79351,22987.06228957565
85734,4345.015163029037
106372,10194.23206513732
96106,10962.582367744988
96702,23537.00053567272
76823,11834.469470064203
102214,7869.111922264957
81128,12469.046721647259
88320,13201.682353234693
83531,6185.947752235162
104506,22955.826978484987
84074,7906.983927995528
104709,24391.23612253695
85626,10076.899237513926
98427,10132.908514172153
78699,21678.515014004734
94756,24594.014563676505
101283,9872.861652469515
82397,19171.291982970102
77954,26170.18691874041
81630,23164.876236682012
87025,14637.35390091714
81189,14511.619372404393
107048,24439.476951650493
99510,9322.386640647828
85462,18980.78149583714
99442,8781.435192159835
85541,6887.841160113792
81635,25849.59586291961
83983,11603.246589312996
96161,12225.99218757915
90359,11908.808663222435
86597,9657.582591868737
77633,10937.949680764617
80552,28313.348480950073
87749,19348.82681682525
88246,12006.802893346223
100434,10960.36268508183
102049,11934.001083762865
84649,10390.388126547607
80783,17921.03764499378
102021,9650.157434356046
107760,16210.059948490893
98095,8006.239587832878
103474,8888.107953453487
101486,15889.256097724703
78334,32463.144130333014
97026,13824.445737606724
87049,15348.066352632415
94207,23054.77313822086
90080,9326.621306573927
82025,18168.673022780393
94478,24509.066786514843
90501,10221.872179803897
86699,11882.189542635731
91557,27260.4480962839
105343,10157.89463723893
80034,27116.0950371981
84220,15021.452968579812
79498,20269.799252828474
96294,23203.725057279076
107974,8342.869379090831
80316,13703.624684872728
99928,9809.491236701882
91851,7657.615503018766
87827,8924.062556973686
98130,15978.128141627742
96139,20355.124900019033
93176,25163.002740433545
90903,25072.997346656473
77200,14317.788668868685
95858,18072.365701318453
77764,12401.459799827886
93978,34133.9374570509
78852,10907.805080676217
82121,17165.731614988475
91653,26446.431437505977
88882,9935.014633167382
107327,8032.056257911452
86583,11203.612450434213
90101,13346.760992236976
90893,19779.56936062821
93813,26467.63026880425
79215,17185.180296556762
96480,9288.049434047422
78841,28758.575038628453
101519,16332.342134490198
77704,27157.54589736985
95308,22426.135791471326
106617,8429.81190126654
92279,17933.380293391696
77974,22980.30464051584
96897,11587.266798842176
84841,8472.644283739524
80966,14417.97112622621
81646,26127.817895572753
83773,10564.522315538059
80357,24943.2925820257
93576,15815.363681867802
76332,31017.890997721974
100522,12797.855724742645
95723,11353.294601114563
97599,12202.095277259332
83267,12788.314439239264
107086,12326.178383636701
80173,25181.973466384337
90902,48094.31023119876
85442,18071.419227562943
82924,9894.061160971522
106669,20982.75403821809
77358,20719.96670876152
86661,18735.53181824036
101073,12278.439319710928
83897,12606.101306327466
92465,20822.777853552278
105110,17061.770463337878
79370,9737.05735116238
106568,11901.251345329545
106121,6797.794936588183
97194,11843.803274390728
89289,19127.998312129595
77301,20764.147160425713
89051,23172.725376693194
90207,16129.650125683858
95193,23179.42105195482
98653,11050.653650358454
98934,14590.946523378656
102897,10951.336214317236
90845,11509.239800901572
101868,8529.700585867362
95210,19970.336343455343
106341,9757.765963561105
101091,10549.786425886172
98060,11803.125856119063
90026,7474.628802296346
88157,10503.509994048889
97383,11625.97625170815
87451,10763.12483553555
103381,10904.766652387234
93512,17517.14174088341
77414,51973.01600303123
79553,12727.910373070326
96377,10554.066101336986
105001,8302.622659868468
106183,23205.79278133616
95745,24598.129531695307
107011,14339.650329238426
78953,16891.820338835576
85187,11115.684510817166
87941,11432.561873510323
77483,17962.917230101215
101372,11517.03932525301
83730,8201.880026097379
106166,21252.217263567338
83753,10670.775961968242
106514,28877.404181481015
101583,7520.295156702319
105137,4423.226569046996
105295,27454.557162850724
77657,34384.46758709569
88515,7776.811418625484
93729,20024.992623166156
88280,15952.942847005283
102832,10549.558284185889
97873,10857.84506008183
101671,10777.855856204476
85210,12125.380176938013
80735,25424.600503512385
87811,14897.678301013031
97684,10529.323862943724
99915,11290.676126420409
97502,10244.144358747279
93678,34281.02211132024
78821,12167.277664718105
93898,17972.33748449639
100832,14009.13752641491
104921,12521.515288407592
83890,15386.068154103927
85696,6738.935809347584
89485,9613.17292423888
87460,15615.732059566479
81080,44684.19359938518
87235,11592.87527237442
87587,9396.425793512566
96329,25132.153360956476
108174,8665.751652891975
106700,9529.255171279287
98539,15223.83394310019
105234,20508.535780564394
104708,11544.188821052277
79081,22061.04631912844
90270,19233.136825336664
106057,6225.433332553909
80928,33094.166306632746
94218,26937.68701017346
107429,9910.630930776884
107776,13208.1312178806
105303,9933.413927627453
107166,30884.36476284008
94379,23670.059210239328
94832,8117.0122620428865
83043,13788.762678691157
84114,10697.277805559459
84283,14472.962808049144
107679,7860.730208120027
89280,10009.792579617068
89840,15716.468654386934
89927,11046.908542566061
92218,21238.47154580946
97100,7810.556082367787
79443,10899.959682335013
96551,9669.390667215519
101305,11885.156536182767
102576,8563.560605728127
84060,17863.017897532638
92280,21750.658120422508
105210,12025.11643632486
104496,19899.51331222168
104267,10638.732211406683
91491,25163.002740433545
78595,15425.964148034576
100913,9148.021715500798
103028,11930.343432929869
77788,19854.064408541137
89629,8036.954224430179
93781,21750.658120422508
76551,45398.635746142056
84917,17274.660730380005
106009,13475.26099934374
96109,11987.761482719328
78933,10460.861659271628
80386,46262.22489350185
105590,17691.88614999157
87670,13826.472891883826
84443,22493.190817850562
95776,57484.88306730791
96400,16865.567804599163
90834,20869.81146523697
88360,10753.439295290338
106848,25915.312926322385
91981,28295.936077917464
89126,10058.15509475922
104879,18837.581620913712
90449,15211.270272767399
90667,20093.138891638908
78986,8125.180637142073
84945,11097.663638046964
104356,9774.890811634592
105159,19452.71308972322
87755,4564.76540445573
80978,26716.013356795167
87272,19359.258474774324
77291,31017.890997721974
84904,10024.821199792646
99446,13715.892819289036
78688,24007.667034591403
86155,13159.000335014043
79551,26116.841390405076
78281,9883.420845150978
94551,37896.26272156079
103232,10922.300107612806
104767,9774.974866272412
88566,7503.005967071149
77896,27244.215117862732
96885,20019.492373988855
95778,20017.19057941047
86874,11344.824707544229
91080,21608.020345898243
107737,17386.131901218723
104851,21752.975300358765
85070,26153.5215894552
87362,11428.738402864017
92302,9834.014998270179
93294,21031.04877896088
83422,16792.870527746232
84862,17658.43023893767
84415,10355.527443372774
78737,18420.83873425066
84686,9973.769418003614
95112,21561.962839688047
86518,12360.349251221496
84839,12045.676093171378
81172,26119.72112808709
89932,19242.29602459676
87300,10209.873453203792
105568,11276.686903220918
76252,12404.99903679328
80951,21854.368576941695
83509,14315.170120950128
108493,28965.170693504868
89976,10233.363185391443
102525,13407.116184230781
88102,6417.3936816711675
89605,13631.666742554644
92381,7360.0359300095415
81987,40452.796363834444
91951,24946.48242342189
108167,18368.836037706253
89798,11164.316769407913
97312,17364.53850564136
106458,8804.292244614642
80611,40335.16338934871
83390,12557.931240982545
84346,15923.764123781442
88061,11879.512122062017
91266,14442.569667090445
99611,7093.479122816351
106366,14637.35390091714
91936,25072.997346656473
82520,14245.851640120538
84865,10988.28910601379
80141,23423.323591981443
91890,14420.233291748264
76251,18047.713156017227
84247,8146.36999097683
91298,33114.20881345139
88015,8551.291902646892
92776,25510.153601835358
76709,10598.598872970051
105728,14801.283396918947
103796,14009.13752641491
81171,24949.655725694265
88413,10527.441567202928
102155,5249.656311696822
81200,16106.992988059646
95674,13515.072444657635
96157,8399.84461876479
79020,18902.036991060224
103587,9671.22498423605
104190,27669.51925890717
80486,16778.757199997533
91177,10756.956907775819
76909,26069.32037468439
97278,12346.72249489621
77170,25644.853184008876
78840,9395.492282213752
107987,11766.447498637686
104444,14769.998755296057
98408,6303.399514836689
90629,15811.9851921404
85268,9909.280393817733
98419,11751.31832042991
90747,15445.802240209474
105907,10585.620289017581
88335,10579.154827174809
104161,21760.947046057732
101427,11800.41304496029
87176,19513.011220805904
94012,27495.477651808607
106937,17487.474417071735
106573,43516.876761422995
96877,10244.48845029719
102568,8277.048088637028
93510,21364.980708538365
78820,25167.277837411184
76763,14440.827838391255
106884,6835.03401479283
81041,14399.759156289107
93827,18172.145661126116
100321,9519.249870908423
81450,13515.405768572211
95107,16407.738628316238
93670,26187.129592019235
103551,13078.0103731773
106715,16127.222417131637
100863,9898.296499209962
79259,13694.972953714278
105336,28205.612608387564
88906,23670.205686321857
93039,24618.578823996675
85639,16018.212571929262
98378,8032.83573904107
93639,14403.275091110332
83518,10907.936331813291
79592,13494.891247721287
95678,17941.68157473647
87400,8388.203583520979
98813,15510.549135025884
79157,6461.762101735143
76223,12250.99688228587
95406,17755.07784349955
83724,7105.680018542683
89739,13246.166509671675
94933,22384.25218924063
82605,10791.66441177835
91566,21061.88605959413
76873,13245.262070545805
96884,17372.130599319345
85901,8415.66005118502
106449,18955.13940139075
90672,14384.40170013997
78513,20753.520946002696
86464,10870.95441821554
82921,9891.484017322855
93886,23574.906737912188
76303,10363.435451353178
98243,15140.188487114317
103497,11930.343432929869
87786,11090.566788639264
87780,12571.017558922667
99339,7919.437361455796
95351,24606.565655927185
106965,11289.461704743411
87540,11077.078226608393
99854,15289.457902099715
102357,6412.185620230531
90737,10121.6884541531
85392,17383.394381548595
96882,7831.409576939891
88268,12220.185467468593
106075,14483.9377878168
88674,15547.717192249229
77623,16325.381726628713
80394,14571.12818480259
94942,24464.089983557275
101237,15606.910557411391
86351,16133.987462724997
87055,7893.39988110269
94851,24688.77852316571
79816,15213.567348724395
97214,12504.840601977852
88900,10779.911898770395
97464,17101.161697094307
76403,14541.23746495793
79786,19467.17994182317
83858,10351.86132611122
83658,12606.259158562149
96456,14827.662002121495
106217,15839.789662680607
88111,12006.802893346223
86581,8523.488809721053
98218,15621.813232695966
93801,21841.91382414577
87206,11135.514538522746
88569,15614.822490828738
104348,16683.420877831777
76478,15941.814573163496
101509,13890.877651143383
100915,8599.423545226076
79676,20662.434811987026
102673,10510.804985325662
98151,9522.237668382335
77583,12447.299686495098
106602,34423.29452331313
90134,12581.438705911798
84228,10204.881682586407
100131,13282.95211347304
92807,21911.78063699532
95025,25054.98318104288
79779,10450.917951349347
77216,24669.936235690846
83476,12593.904738785035
88942,13973.329076155323
87565,16553.79266598712
97055,19312.940684318048
97212,24718.132411772705
97321,19726.527812792436
102240,11491.013925533325
91253,17015.02386526215
90284,16056.466635577293
83582,14276.115046351311
81255,34809.70312859289
93903,30199.749864258425
96241,19426.29104448982
99117,9744.519345291445
79874,26234.467835832223
105193,24498.479202694874
98186,6555.476016229973
103313,11803.414182621495
107714,16828.89610142731
101081,9586.804770039009
79663,8332.110761249214
81108,9776.494118103172
86643,7112.41466777528
90931,21243.70036715723
107518,23475.207004080403
84511,15914.64889645953
80689,9454.657271074742
86547,7927.049183087442
79670,12767.812208464753
82281,19895.373000204894
102274,7605.15735997783
107948,10881.457375531607
97149,10314.218296525483
95980,14301.607284639222
108047,30885.430957385503
94763,24050.879808828206
106148,16566.655001075582
84164,11996.99715433228
93448,27539.355999669137
103837,19815.09525771452
91861,19693.434919308827
87914,12024.95862894496
85944,9376.437320015075
83795,10571.419413618467
97374,15501.039094265074
80569,10236.022695803606
106331,27193.062614207025
93177,28479.996116364342
85257,13295.195784468486
80094,9920.877480070885
98473,10949.276276475759
98021,21245.92051247892
91714,21531.932719675664
82569,14401.435723567238
96451,10246.977859310486
86310,10024.821199792646
89702,8385.557914364315
87577,17976.237662220876
85221,20619.030922140893
100454,8502.167459460123
96748,6465.356577119208
91472,10433.085110212722
88350,6881.093319536081
84386,19732.256611300894
107993,15145.13397117351
101496,7859.734330003008
96805,14578.994957145062
82084,20499.50676148755
94643,25054.98318104288
83871,14536.961436169453
82327,17877.116844401844
90332,10418.673652479461
84949,30876.110606614428
83111,19522.969241510335
92067,18499.417166493833
106714,21921.122641864036
85531,12995.06838578333
97311,10138.903141409517
78102,31010.068709963925
98348,17515.26573171151
76715,18323.464624542125
77091,12809.497021436102
105854,14308.148747430636
85983,7743.339096913065
80823,10748.075976244225
102612,17400.744653916845
104209,19453.562820924988
97643,10045.801817095109
95340,22284.967606995724
81183,41768.24440166693
87928,6355.517524281334
89448,8623.385642975065
98522,13219.459522740694
94213,11917.022777851298
91583,7384.975436469584
90280,11021.749602055717
93287,23286.211079396544
84510,11916.136860539478
98179,18917.097959655217
88162,18200.37951882073
78449,41170.29272475593
94548,17259.026470053483
95056,27631.067415814403
106725,8596.617954166231
97968,8385.557914364315
104923,8667.163047059856
97276,8742.927169400053
97080,22851.494075506595
90691,27999.038157661522
88033,15723.43444739961
90160,15820.636868606012
81661,11282.161351986846
101260,11675.87035578482
79520,26127.817895572753
78213,10410.119380181433
76187,27271.415576039697
85752,13866.254753333884
90729,16115.190310374193
77637,14569.83362275654
101847,9544.574860024546
86787,14799.377284633627
105758,8364.663054640994
79389,23209.2057446882
98312,8006.239587832878
100222,8061.190060165195
87873,8557.19832222912
92965,23642.324040829266
89168,17520.441557186175
82368,16476.263367448842
76505,17673.60320438354
100946,8813.15923657329
85815,7371.204330368906
87705,23286.243794698836
106931,11111.045410942808
95571,19048.993453381365
80308,18979.129184752055
91824,20274.633448936816
106743,25574.708400178883
101866,14737.438127706284
95817,25168.694389685104
108505,14801.524540286911
88722,15160.627122267097
104371,21261.412654235053
93879,13668.400092191752
96038,19925.240612609618
104690,10564.974742228032
93199,21543.913473251225
85967,12876.19666982633
88714,9505.621345026031
99467,8531.605292130986
85701,11398.55379127036
103450,14171.877760233041
96943,11095.582039005823
88526,18502.930211338877
79326,12019.67164643928
92314,25095.148622605942
106373,14399.855097287116
76953,19196.987304259535
89741,10526.499752851078
100458,8715.34166409512
91895,54613.21851798502
92356,16085.400481309947
80632,17122.654590492526
106959,10283.346477323634
96251,15924.744822755103
97996,23016.92744236172
90021,14681.128036955783
94899,27387.369995056677
93093,17855.78662887092
100175,14091.929470917343
89968,9650.765113504149
102132,6662.302586356475
99121,13074.01714583244
92662,17568.788704802206
96612,20221.74423107872
77399,12723.030311780907
86443,11019.252344738781
93198,29233.25610735374
98001,16447.44614139929
97764,11514.388243258558
94983,98464.06546939883
82703,9963.686376365898
94794,25054.98318104288
79793,17583.502851908142
93376,16260.044365916534
76374,21670.74662676602
84045,8230.813260959118
106780,14180.622017272864
93213,14054.506930576697
97870,10246.977859310486
97748,11122.879078426435
97255,9662.08877859968
102668,13280.14433714604
105898,14343.981923068959
101786,14502.933057311091
87690,14446.754513935393
86329,11428.738402864017
77696,30085.42066952219
104321,54788.633961197535
86782,16067.69489555368
97134,26235.3389349626
86684,8446.50937207106
95509,28367.938654054837
82314,19708.244920086137
84124,11278.27713587627
87597,11435.139359951194
81357,21376.528672839053
95055,19111.325066437523
100244,11866.229120363932
79271,12520.267640810023
82043,19197.96826918927
96348,19223.53907452139
76594,18096.296381946042
79552,17162.78667972558
97181,17253.30067161931
99147,15076.961983314688
90786,8424.233131146431
96203,11385.840581712237
100288,13583.158691358962
81529,20560.179815305033
84229,11989.627419816186
94332,24536.835445303233
92714,21883.642418391522
107716,14774.242585879752
107685,26263.731122561443
97836,6494.772210820209
98284,19042.02289479553
83128,17409.352813012516
105500,10474.972966207799
97781,11590.414664593072
99341,10134.875060056702
91793,25168.694389685104
76224,9915.77806204042
80840,22985.232751855285
94587,17517.031969787648
98667,10542.783445187468
78973,11491.70285708669
85175,14433.997314581295
107489,44058.16191913584
95790,13377.615843837659
108044,8274.81276735753
80652,22474.271873550897
76007,9971.719343845021
96039,8635.195371051486
102618,14458.628705741085
80863,17326.594613462406
95695,22214.03951445543
78815,19800.315160231334
98063,16083.82408451352
83732,10725.253206350486
83190,11042.996545237567
99504,10140.005363579854
82372,11783.566543769408
77977,40333.16013233252
81688,14565.27575001704
80154,18609.35518353598
108106,20972.12782379507
80724,14207.620487364844
89190,9891.079846920571
102321,15262.22761128534
97375,9305.352632820319
99379,21356.956594469037
84767,9940.732906851032
89470,12030.342545613712
85592,11939.126744635072
80381,27153.835203654296
92149,25106.834263690685
96044,22653.1344326936
79041,10935.319361399526
103108,16284.778928719044
91118,18282.96502877907
96434,10004.716596975239
86875,13036.15832648768
100326,10064.613613033529
106416,18492.898988992165
88074,9511.068912797049
91579,14946.78986337604
96819,27653.231849533284
80373,23073.885545878922
82681,10635.216190036965
88450,9690.071831384535
95040,15019.661988702841
76720,8747.550517769878
94576,6991.093930559435
82502,8846.020530973004
101100,8790.167252239973
104522,18760.98903338761
108039,10518.650150534037
77894,45975.06743536479
80888,13214.120589266826
80366,42484.04802562827
87653,8045.458599255634
98083,21521.08137104171
89042,13521.12789359506
102520,9441.132271924806
101620,11884.103043365765
108340,10554.782485304026
98465,10132.869078028003
82307,21632.215442122764
107499,20613.21612197666
101440,11851.706843199801
82392,22978.632847326233
79371,21235.656815842613
103916,17235.760175606814
81192,9933.413927627453
108185,7099.438262609203
81811,17049.86599136446
97993,23673.484018581654
80214,19228.002558574222
79896,20906.21531527548
86793,15887.135614443057
100548,17269.936786339993
98986,9132.23020852378
82411,11063.432491864021
98467,9523.10474386339
98645,20430.881168660286
84530,7088.042679439027
86479,7845.327831944453
90655,18686.546324409348
97319,10760.762528484309
107749,23480.106337755646
77199,25106.47944149333
79255,14541.052019856717
85072,8493.249925395026
99421,13560.081490719322
95187,13500.291048368823
103262,13477.929082373397
94589,38429.398315888495
77608,46761.49589254568
89729,6968.0056037405275
99171,14482.160361638214
90914,24595.79246652343
83250,11470.778740376598
83275,8266.780601208082
91269,24607.370953049336
83003,10051.136658695345
98988,12463.648640526651
105748,14543.23044529625
77688,14705.138968900816
91090,15996.561860946127
100544,14037.04889202219
96608,11357.731277989687
98784,7980.178409269636
85655,11090.566788639264
104236,7015.650355418197
97437,11456.823619555038
100150,6372.1995278953755
96911,30408.183406944598
87126,16393.424657653773
88544,10132.152338010263
97889,15022.252584654798
76768,14438.374690132012
101722,8730.035995951923
96407,16583.430583355734
80640,19314.543494969897
88000,13338.985986123576
103451,14149.12945962296
80542,37510.92032807593
82212,14043.125205384968
102407,10228.589195236711
79895,9827.517084809757
95909,17807.204886059546
79646,34753.07724550255
77051,26234.467835832223
79375,34889.24747091696
92023,25172.284749067552
87608,9891.484017322855
77731,13326.99288624204
94671,24050.879808828206
107804,18126.720907501905
106359,17606.401857946286
102758,8988.668940228066
76944,34435.53856709834
92103,13896.114788915998
81188,16125.556730205593
84157,11097.756848136354
77509,27146.97416465751
87332,6546.784945429979
101597,10549.558284185889
84021,11459.92299821187
79820,26174.627722666242
102505,11759.259515164773
82887,18289.87166058218
98676,15317.587673479753
89288,23218.151676212496
89410,14873.265360969039
76489,9622.349486820665
85587,12518.988441378722
93752,11727.306414395562
104857,14801.283396918947
91582,26637.931982771144
100760,10549.558284185889
95388,24560.508066249968
105606,17049.12399654004
93352,24598.41787029876
102452,15118.38513098476
88997,19231.15238434803
107478,16356.472262113466
82604,14393.081111041069
87188,17532.282966799175
97769,9677.879161783882
77941,17702.476246792135
91489,12248.23773542303
84501,13971.648301993597
97428,16816.385028218374
107961,17687.684097628735
106520,8366.512404293107
82860,15386.068154103927
93232,25386.353885771998
106592,8366.72768865681
81719,9983.431653259513
81658,21845.641927144337
92676,22875.10238195674
102253,10068.23057376907
105237,11066.569874048453
78527,21833.566202907983
97452,9431.878830911699
106530,20057.335891034814
84118,14873.265360969039
84314,10799.229958252994
92313,24607.370953049336
91271,29023.929296313596
86067,7952.790294186135
100751,10549.558284185889
99647,26980.98336616532
79872,67049.13197926412
89703,18978.619016064076
82985,10345.778600464433
86719,7669.26646373149
78249,26234.467835832223
94826,26033.026664165664
80867,30212.72044897253
88405,13737.69805112187
92596,18284.221018934488
90699,11082.992068926616
97504,21591.13843107139
88236,17434.361296147086
90859,9658.849437670226
84327,14009.487072132995
86926,9891.484017322855
98478,11607.582057505282
82435,11097.663638046964
105477,15647.296308093266
91685,16275.604221823229
77406,14548.070389196093
79806,17514.75989308005
95728,17502.255312755522
79181,23066.485595933278
89777,12979.841972487044
104090,11571.172137241001
106849,16560.158523859674
80612,20146.73664805135
78114,16150.1099763481
93850,26394.544885137337
91913,14104.949101269456
104359,13738.0464784304
103818,4350.689569280318
78505,6038.516448733733
78147,6915.827989338708
98618,21531.70758546473
80947,17427.16903368832
104926,8097.424224463892
87266,21205.24464503037
100085,10050.814080720242
99550,8671.656121317152
100618,14400.112427171278
88609,11666.454347398696
95379,21857.51426028704
97130,18887.582353618716
98078,26160.305914302644
81543,16168.600007420433
94442,17346.49869698919
88513,11300.708590810236
104084,16810.520299978918
77862,14461.228426210106
83231,12360.349251221496
80020,26111.224156834603
88533,39339.079142955125
89260,14572.325768486764
82264,10732.859633757856
84569,10426.281289288645
94361,39710.35450729911
76511,19484.951111990773
79088,14394.989989218768
85645,18164.92101419904
80492,20658.788556407944
82092,15900.48667047576
80792,11353.294601114563
79022,9697.751952240515
92175,18084.32799739482
87149,17058.903776362455
94676,24652.566533366204
82453,15828.400870664685
88623,13790.240820764946
93157,30001.159644827665
91767,19866.170728510755
82525,12217.601876173652
83387,7435.099878543552
104711,10192.291073862727
82040,19171.291982970102
90973,22881.28444431648
85628,16155.436414358184
96701,10855.82175776544
95441,18432.52442353622
104513,11619.198465501202
91247,18560.015040019796
88940,6560.8929436443905
77571,21722.397817998844
104299,15857.913215766634
92609,21599.781466392018
85134,10503.509994048889
81305,23905.50164441508
77683,26076.659658059794
89313,6383.3837275979495
85999,10642.781736511608
100266,13502.329747415062
97102,14794.427505428124
101321,7232.196801682003
108299,9316.89723906515
85057,13618.859003504323
84995,11097.756848136354
84612,11350.603224956727
94300,23928.367447162385
93656,98569.3036244863
89647,12086.297932637961
84389,8404.003224617329
90197,8395.210621911541
80844,7373.303062912611
105331,19741.761062077632
98831,8630.75667916878
89697,17575.05643772346
103351,10549.558284185889
99969,8363.134525539625
99325,14540.73947799013
89198,13292.635761533711
78239,14399.759156289107
82481,8243.622307383434
83655,15870.050830119877
83006,10503.509994048889
81067,45625.253387034376
82451,14728.706038418084
107390,26196.521273335264
101406,13404.849159972875
91715,26235.109930412887
99989,11791.387021920385
93206,25016.565902929586
85902,14478.602492397375
85195,16572.149853376126
78130,26466.65711416991
76552,27157.54589736985
89420,15592.445485941562
89566,11979.755156052448
94682,35343.5973346177
87373,14870.82067910546
83481,11009.3764035181
84348,11459.92299821187
88809,8673.25672046624
107886,9987.602132826036
84976,16847.10522945229
106340,12883.006704291323
87849,14532.17495250429
78363,7029.733599599253
86657,14006.512276632613
89773,21219.453326972405
94449,24785.41532463081
90861,13632.20588501733
91749,24661.968986977157
87090,12610.792752394736
80200,20034.491473240632
79369,18609.35518353598
101679,9866.93275825449
88080,10697.277805559459
103400,8256.77535212849
100960,14293.686666523477
106116,11792.12430809036
76678,29723.341786995512
86832,6462.285947348786
80278,14306.52480801021
92718,15679.183604439573
80121,23414.965532790913
84360,8407.828784950949
98000,11803.125856119063
86852,8388.203583520979
84665,10153.610538432355
104032,20345.545011815953
88348,8167.180890289105
85919,13311.27394279934
102408,8384.146520196435
91678,12240.23891182963
86965,11916.107665063486
99748,6854.457239183926
79192,17566.487607568797
100469,12725.675756588624
102772,12167.085562452468
89526,16675.127905411347
96191,8514.210867149102
99222,15510.549135025884
77086,34433.77586275494
84447,8501.997818713773
99981,10551.953002893186
106052,20866.29206186804
79612,22787.736498976083
106792,15970.138927750675
99124,10114.137327166774
79678,30864.052678239022
101632,7894.713130411431
77692,18783.459819394404
84345,7841.280309737643
95000,23550.343455008508
83015,8981.171257937876
99423,18016.139357911903
107480,18264.771276549767
93765,18275.978493123603
105419,9922.682373822838
94052,23192.707155794487
97432,15127.39060297375
79133,23463.369545269215
93225,20078.843060084768
82956,10484.971310731651
101231,10991.10227126811
78727,14470.381637605054
92150,26746.388926782813
103869,9026.829035247516
98266,11695.70417966486
85017,8039.599893586844
76853,26234.467835832223
93027,11782.213810912632
88493,10604.124926288272
104829,26283.41915984611
87800,15528.545608165103
94723,18476.22138222039
77219,12318.991177057313
94891,14507.998854151405
81656,19252.71660092111
97239,20405.4131987734
83620,10274.094720976413
93312,19242.703289085617
83441,11642.14148675024
83959,7860.402378144127
83653,12733.653449967042
103364,11169.043841635092
81279,10779.911898770395
94483,18284.329105641522
78683,8824.141125789543
80423,26272.28036870888
104442,11738.480037454668
102026,10219.30168334688
105992,14063.122508785584
108007,9832.783761755281
81476,11286.449963795254
82770,9666.65794585938
97979,14960.746256951908
103866,8055.352940111307
83147,17913.789207311565
102902,10783.73050453328
105918,24887.233536006413
100265,11793.702102873638
86165,12042.590370184405
107697,23164.876236682012
94497,25901.97372407925
83540,7865.490156917425
76617,21625.035883200064
88133,12394.84500117886
92181,25588.597319767647
90065,7706.756455521535
94177,17455.154386058144
86942,10339.016476428118
82629,6995.872801521291
92087,22274.646499551178
94508,14085.108204925305
81678,11375.37399432861
88106,11480.082167433902
82869,17438.71147580809
81744,24670.011511059165
89208,6837.382796340502
93035,23299.77489086269
94656,24594.236335466605
105571,10638.732211406683
86332,10351.86132611122
76711,19496.65551079929
87423,10574.847318171533
97343,22653.028025386277
89591,21415.374254043938
83291,4567.551979468497
76146,21615.476904154577
86683,12908.690157549634
100726,11768.712325148275
102328,10549.558284185889
100991,12265.36911544726
98049,12338.057061500798
104948,16777.462003559147
103129,8398.740765014409
87892,13952.542753075853
90770,21259.98148457317
97113,17631.984278027376
102422,11751.625981061763
82462,12387.140864314568
99700,17213.002405567106
103799,6014.169985656004
96959,12204.758024996865
97715,7848.060819392326
90880,11064.452610030106
106632,12203.114996604116
102656,18738.952720358873
106686,8500.819320171024
97346,10080.56716277147
88283,8391.6383811706
102248,12459.644456450445
89091,10674.13277729084
100474,13570.41444505241
103428,10204.443727125668
82698,6885.524741588099
107510,8357.946309242054
99122,10247.328086448502
93152,10947.398884158367
78084,15803.75722388001
103130,9890.470674359894
95826,41828.79957662515
94977,26767.082974424364
90104,8688.253832093216
89105,4606.626044720857
95397,23577.113404389318
77476,9725.955932252538
80208,10638.732211406683
96744,11863.143290263837
81310,23225.258144497777
88688,9072.533731128078
100514,8730.483091565475
79490,22601.591987432304
89236,12748.017828215407
106677,11952.26844987133
90882,13603.843613790492
105048,8366.72768865681
92458,19494.164712794438
91682,14600.349566131856
104659,22206.577400466755
99559,12019.94975350462
82608,8256.6462438087
98793,10059.970177435713
101083,9026.829035247516
86469,11074.719134435605
106304,9642.4031737539
100515,10228.54218832907
97006,10929.088643938418
87531,4941.548697409001
88873,30904.333305390257
91700,14746.043257562134
90471,23050.65397383579
88077,19195.312722653158
95546,41622.12267989148
77965,10122.755233071659
91548,20029.550945385105
101360,16600.645842771195
89845,15445.802240209474
95934,24862.64074760522
103745,9751.237206915339
85862,13280.933324767939
98424,8635.195371051486
81736,24262.390953050406
93391,24398.199464628968
76523,26054.69254043066
83573,18801.868564730346
103118,6211.434520636044
84399,23241.31285685779
84864,10009.792579617068
104282,8946.696390320893
95389,20155.577903487443
108097,16017.441806049006
94999,7654.938644425242
99345,19372.124248738357
92946,37060.496456414454
104048,16683.16652254162
76817,19512.973018401673
90448,21225.07060823583
107837,9870.14167675055
91182,17561.32607022022
102654,10338.950528414029
95298,20034.936494408634
93659,19485.66502921216
87866,18974.39492847456
99990,15493.694961417728
102469,10910.971352472005
107351,13204.574402147904
82490,8386.792189353098
80756,16939.009867481345
82365,22975.753109644218
92332,15815.877588841782
77456,28198.789498584967
81007,25955.04303605987
82391,21048.136756341373
84647,19232.439090428692
76296,17518.614456899497
100192,8456.137015446098
84547,13562.034306105386
88877,18189.857458035287
84254,10496.83976904992
87836,7850.706488548991
85970,9423.388179164927
94834,13533.820114667253
107159,12924.757627256215
106800,8356.028374790441
101989,8366.828260044871
95604,24387.59285734852
103637,15262.22761128534
104301,11102.684179673757
83799,11071.854712995853
107855,13500.874368677942
101506,11942.258361062437
86644,14275.004538049136
81902,68688.45839835414
90490,9192.489223627377
76314,13316.031267571174
95360,25118.996010006707
96272,8036.954224430179
103911,11089.59788033646
106553,7706.324355090447
106063,14578.994957145062
84179,11378.902474838462
106912,15569.688234807456
103819,10668.592235345053
94009,29353.425532174246
98285,19228.266683481954
81101,17493.506495189322
76806,16037.627415923262
79127,12502.286452534281
107416,11783.566543769408
93786,25063.15167636339
101542,13132.079794242589
101640,9647.78340472989
98800,17113.12066838313
91451,29374.786451073716
104033,15431.007377219901
105550,19003.30675987967
88203,13283.584139709334
77481,13990.428499590651
83704,14262.829655520147
94474,20039.197325339723
101924,17973.882242804684
93203,29459.119859510618
104628,16790.001177963102
93308,31479.7759553719
81984,26250.67181084827
93228,22817.24305343669
94247,19494.164712794438
85162,10855.825687738765
104670,23260.436485052865
80875,44588.11281802484
80850,21631.25709129525
79475,26124.571784360876
87229,12022.84721070622
79162,12085.983623150267
107652,9759.198656267426
89835,16061.703837721452
77430,23526.53647118412
97568,14777.619556316577
78947,40935.17455241969
106692,10646.048174846102
97127,6485.248065899534
80876,21684.581982745814
100152,10116.076912325247
88949,15881.442637921944
95804,38239.546404046385
106833,9360.404040315834
89283,10704.498992763472
78115,48702.20646185349
86941,13276.220788459523
104794,22387.022860209752
103892,15395.47411745362
90746,13586.407680024236
92996,18752.06328995677
88679,15960.736578931053
101007,6542.023719004278
97824,11103.110541037244
85138,12438.472204209827
87869,12699.299495277464
84266,11556.276799965843
88682,11275.140040819151
84543,9498.760683583954
88967,17540.471967163383
78831,17413.002728796615
80227,23534.219095226166
88995,10036.160403306272
95761,18324.1730851249
82060,17459.395909694456
78253,16446.74825385581
81193,22972.506998432345
97309,8036.954224430179
93654,20990.160510146656
91399,24659.834603207142
107195,35829.53179235989
82137,14687.3776847023
108006,14153.939018952007
78534,53334.457087634284
75979,28829.456795625472
78847,7381.529629060015
94746,11839.885405593715
76591,11791.525119027807
97366,14827.662002121495
88756,11426.433754441494
105074,18171.364993736886
107641,26232.01562682884
103717,17583.965640189377
92559,27722.09277181063
85453,7065.080976203563
91736,27629.003390585774
100632,11936.578570203736
93314,21777.54461116959
82593,10461.157834430402
105791,17116.34874285683
104431,22951.69370801754
77967,18302.57363172616
91373,22360.444865571055
86095,9348.656409015144
90950,22304.35159544471
105410,20110.948588083447
86516,8409.24017911883
79221,43085.00267850649
86603,17904.37251671476
84058,17561.62167653542
101017,10598.940309785312
103065,10551.953002893186
102817,12243.488127333536
106443,20830.394442580407
96455,14352.262872615569
103514,10899.888049291081
88407,17364.793103135104
104658,19741.761062077632
83823,11097.756848136354
106801,12977.295200893923
100859,10548.96645547982
97156,10009.389453040158
99816,8679.676592532429
87726,14506.655430995044
88783,12035.024823709762
107654,18325.764284229994
102420,8626.708389807989
104147,30884.36476284008
76019,8901.143797332668
86158,11438.730372930193
82852,11082.343273142193
100871,16868.63834544372
92537,14661.27062090291
92028,11061.936999759468
78319,8684.242752444123
77111,18657.771799890743
81426,17186.302987769872
108336,10018.405438251226
106048,24363.119399987212
108482,13889.340169973224
91336,19662.40993973506
101242,14089.315255727653
108309,20728.09795883769
106397,9840.32891178804
82413,8500.630665959245
79355,32255.568518582677
92826,27313.524834630818
102020,8384.146520196435
93857,28488.949631861673
88875,10657.414639750434
81926,25302.33689464769
79236,22198.223640757667
101106,16051.04120231894
99069,9602.48928645985
90017,8213.008533669237
101706,11768.712325148275
89701,8056.178806047554
96760,30586.871346303087
103901,13707.091955542193
96780,26232.459197280583
78905,8336.22001800224
101894,8934.617043700278
94657,14763.097895973797
93703,11054.892658145785
98690,8410.340242848266
90597,14487.011537947987
80138,22969.653295640903
97044,10328.901266971385
84258,14314.744740988874
98543,11216.119169489957
99833,12330.863180199853
99848,14193.625777117513
89178,8455.511603255583
105598,16546.706258908034
95971,26408.1851332287
94875,25072.997346656473
96048,8684.382004775922
82606,16221.570585620084
104545,8432.342765268593
85571,9415.225948303103
103757,14469.179834407927
80192,16173.494645767156
100422,8244.785630978284
88065,14870.82067910546
83544,13326.410947729912
76851,34435.53856709834
90464,8385.557914364315
106501,8092.887173853468
85011,18963.3850802806
102308,9614.58459502352
82241,67110.22850946798
100655,10218.572812435377
86477,10479.447075046777
90830,4796.314677501514
83274,19357.26146754579
83251,8637.841040208152
82122,26177.507460348264
105600,19551.59467254446
87514,9804.925573519431
82184,27688.386342011618
84829,17409.77245049999
90704,23184.273790930023
86306,10428.874924636097
105655,23087.771878430376
98964,10771.9052044413
87189,16213.427381229887
80116,17491.468501503714
78366,26238.48619240815
103668,8573.31659538629
95799,23321.733291579803
97496,15319.377871982939
107112,13220.964598688119
79698,27116.55054630762
78946,30438.329917226645
82843,8673.25672046624
108537,19828.445985128656
93675,25168.694389685104
93629,17720.22198207996
103134,10579.922888882653
76458,12460.219444883125
79219,19444.59774270818
93401,23101.703401412546
87666,10763.12483553555
97697,14549.261077729663
77945,8346.72390680838
76173,26244.612041302036
94835,23861.380157687927
86700,7833.159053904784
105682,30864.275213707693
88546,20111.222819605686
100486,10180.48257314035
98187,14963.44734823302
81395,17405.973222484346
104408,14680.325852304863
79922,20280.105715210968
102955,11752.301226758615
85515,12373.120115258766
100490,14341.34304951319
91070,35518.42298913227
81321,19240.216763775716
90925,17714.691441273993
91291,25118.996010006707
83986,16059.265175202952
91729,15833.656028436113
95830,22991.0013873341
103720,10978.414447369105
97023,15754.231315395667
84892,11153.2087024581
86618,11531.038908597357
93094,21800.596796166443
102487,10457.76910215379
76952,31017.890997721974
90121,9449.82194405173
89687,28115.11637772839
82663,11463.27137516316
80253,18194.325464318907
96004,19547.96887639241
102267,9866.93275825449
77777,20764.147160425713
85135,14692.514206210173
103806,10388.88327839084
88031,14447.536032652979
84252,10157.958376278217
80246,24530.72824729189
83445,11764.671956029408
107528,8144.4363723880615
95161,37701.34177896181
105132,29333.5663294519
107504,12345.61148038009
96720,19190.331128414462
86060,10687.563915016708
76370,12721.464974265058
102092,11286.773301811687
93523,20057.48353883749
87963,8673.25672046624
94183,22304.35159544471
77548,25257.598026680982
91116,27454.544442189675
100013,11936.578570203736
105525,20721.30659222244
104210,16798.811261355255
91137,13780.922824865936
101960,13506.286079730156
80662,30212.72044897253
84914,14399.759156289107
107857,17707.808290674802
94916,24363.052227498396
102858,10388.88327839084
88182,10365.567278675719
85339,11334.770574129117
98692,17155.14838397446
98460,11599.72196924623
101787,8965.661140380838
105924,13564.90653866271
81440,22660.03461826223
107043,15431.007377219901
98747,8635.195371051486
76065,15756.379639615769
103452,10553.299341120159
87162,12582.748512378646
85972,10452.395442336467
95159,24782.18178696361
81106,21731.018475713656
106324,20732.54958283313
86957,11405.760940315926
76900,9385.839574666528
99319,14463.818208843146
105884,20330.531580303526
82889,10929.469635288115
82253,68270.19117759305
80818,13193.553950236319
97074,18219.854618545254
103269,17495.654103635254
78298,14446.754513935393
87216,13257.801207511791
104853,6890.888463425461
96298,19473.7001524045
86803,10636.258414941522
91326,12213.132356433116
90948,21761.01194732477
102795,10571.0119002964
77163,14562.334911983522
93519,21034.897660069724
94980,12145.361996798087
106455,26954.46715708152
88860,10642.781736511608
76536,26231.58809815021
106556,20273.629499542454
103002,18357.86250691348
104193,8433.754159436474
98247,10140.098573669242
82529,10642.781736511608
90499,8393.15553342537
89400,12149.392271710502
94595,21563.446211817663
85870,18201.891522610633
88424,22712.554140615666
82715,14453.991190564448
76324,15456.346834424117
102259,6596.067043440175
99192,21370.97326916277
81437,13563.477447124345
97208,10316.184842410032
76420,13272.960835730302
107557,9894.061160971522
104202,19853.889476665296
83400,24481.63469126338
99664,19144.952421066988
87781,11965.096731265501
105706,30884.36476284008
86320,10620.835186469321
81907,36108.13161191906
84881,10608.847187878755
78575,8859.773851283395
101857,10571.0119002964
104378,15540.197914306686
80281,21737.0440831616
88208,18995.175286964386
85864,9666.65794585938
86973,12396.11926823463
101072,6302.635482551034
102664,7886.3243774377615
107949,9963.326048978723
88832,9666.859962476774
87046,4621.288128381512
98930,11604.777850522913
98721,16919.84173716468
103249,9449.11655358157
88230,7013.498770035414
103604,7781.867252629749
90645,8383.111820311142
94246,11909.700937874635
93604,20176.69427144087
99287,14319.746382623076
106684,14536.961436169453
89506,16216.869952076773
98726,14675.234899262203
77060,14301.985597387218
107323,19794.242900527428
100559,8502.167459460123
94511,29730.126179406485
81367,22513.191573079846
107185,15781.26779499745
87243,6891.429642766401
93241,16196.141365068957
90899,21776.85433950802
92791,25060.95582356936
97429,9669.794837617805
81883,26231.58809815021
82428,8637.841040208152
85224,11620.642332578329
90818,27055.106241987396
107186,14595.682243643483
104489,9910.350600165186
77026,12996.614996883127
103119,9867.343976702718
79360,28421.09172465373
97763,9568.960836217573
81434,18609.35518353598
102270,8962.513397006702
86171,22688.852006574903
102255,11017.708922741587
91018,24473.23356067119
93219,12579.215687715772
107667,19455.4614260557
89301,14344.071527464994
106869,10511.553301126336
101867,13549.502577424453
92922,18781.558758667557
80057,23100.284513059047
93951,20508.65542463215
89450,12792.332660245676
99681,14599.293453729713
85661,14434.23057844244
76072,30991.45199111417
81693,23281.265086788993
77375,9249.236332537132
77649,31017.890997721974
105904,17107.63413257033
81679,22363.558184059486
105555,25535.533440855983
78762,14598.06774167781
78590,10754.895626734115
92784,17934.189611292157
88497,6546.784945429979
108413,15867.692847331095
88994,17298.447057616417
103426,6660.417934101195
104394,19144.296836381425
88703,13477.452362703667
97376,9662.632582199185
97470,17569.14052743821
88681,15955.680475345429
76599,21514.341450250045
104274,8224.539180865278
89590,9320.653380348333
79749,46262.22489350185
107386,14316.274411384704
94829,27025.130739657838
105123,10474.972966207799
97602,20721.593919646813
93900,24718.5947221305
85986,9913.808176571081
78014,20760.51518147222
90073,22681.006861381546
91815,17671.097920049175
88067,12152.007538623111
79079,31016.824803176547
97590,11630.976271201996
84491,9945.250471814321
81997,14478.602492397375
90875,19224.354403575162
88805,14869.524483738509
84708,15295.875303890227
108010,7113.413270302176
96549,10314.218296525483
79023,13911.800739301583
80493,24274.913094111125
98860,15375.136997126152
99938,8780.965867150735
91154,29259.053018723524
102202,11805.627284173232
76479,12756.798945955434
102548,18357.86250691348
107979,8847.909642109675
80905,26171.276343181973
82630,10434.475217787807
81130,18146.89828468199
105382,11393.088354786842
101905,13760.388957438776
103353,6831.7732051162375
88275,17394.994805380662
88052,14870.82067910546
85537,18807.675063151073
82742,7105.680018542683
105960,20733.96401717723
95151,29536.598141136474
102555,10425.65205834097
87742,7886.432001159944
107219,20512.530514655722
106170,8473.853801170057
103341,8450.413678950834
98947,15223.83394310019
90933,17528.009461611175
107651,8209.197690745754
107937,10480.109471001957
92742,28383.441113824123
91138,21106.25792268147
100134,8349.477100217506
83718,13201.682353234693
86977,12262.180465689302
102165,10993.796236044209
91372,17729.850964849225
95812,22547.627419735767
98911,46702.90280297275
86966,8473.565092615776
107280,9559.910804427062
89020,11617.158803888815
85167,13521.12789359506
100394,8529.700585867362
93450,14529.372757891002
86838,10075.49038142303
107563,20157.58855505264
99692,18890.089749313225
103946,8399.818998380395
89586,10230.36067437226
90733,10542.447433724177
91071,18954.019129530174
89142,10588.57921261946
79359,17518.997508508517
94435,18324.1730851249
86980,8960.77523787221
92661,31219.11218300426
84734,13952.542753075853
92829,17739.63121003115
78925,23156.375769758473
88863,10020.687575405305
100507,13667.089037843562
97469,15108.545577156023
106358,12420.252990766721
94446,17890.691480343317
100068,8304.122984297795
80005,22500.55045760268
106548,7500.488343054781
85323,11351.719155594321
92629,54197.10620637778
78057,10394.42010522284
99591,14346.18953027998
85307,15877.067793599455
92660,25060.95582356936
89525,8635.195371051486
90953,27582.870475444626
103312,10596.445198799938
107912,21245.551399093347
93292,20121.525532914216
81638,35548.97025911793
105433,14841.037147661456
94804,28486.700893001387
85666,13953.652031703808
87338,10103.373040413686
98818,23016.92744236172
91960,28113.789600596738
95612,21789.55209566951
93399,17274.246665819537
86492,11009.3764035181
106169,11702.140663973889
106699,14227.718678892037
102175,34808.87613205838
83555,8642.327058077097
80941,21067.261598992718
91366,16154.609859850005
98045,14311.296620289899
86988,19276.697440557946
89139,13124.914634141636
106277,12391.36852567902
76317,14296.967569951916
101300,11929.930265758001
93086,13435.261939312102
76936,17016.844281876787
80711,17512.194685919192
106659,10474.972966207799
78296,9911.339852584195
97527,8210.816431975087
104494,29402.961717075337
77982,25972.11669447924
86456,10293.17776640878
85161,14910.574429847968
100583,11782.099510030554
93063,13716.789389655276
85331,20141.07919994531
101731,13483.426348804129
97389,52770.79458399497
79902,18754.591444234866
89643,8029.642768942779
93175,15866.234618310345
98389,8866.323950949893
91334,14849.917341119188
98514,11738.480037454668
95382,17668.12052046002
77018,9725.265230940879
76437,15169.479196079501
98250,14515.805385624108
77104,18935.27142550666
103059,9680.658778719775
83308,11105.249759085167
95106,16175.516706078972
88684,21172.339993506863
100870,15131.502731316714
103498,14452.024682996056
105342,26237.234644276545
81398,15807.461418836594
91833,24584.672490531088
95311,18441.257115407054
77369,26241.73230362002
86011,10066.526442981103
84952,10908.676353176901
94056,18151.902170742986
104796,11437.267825953011
101571,11788.689466288466
77188,16582.882131541155
94304,19436.105645028416
106008,11932.534615314507
79849,18229.353281852855
106099,22453.533223084087
105086,10656.956233558269
85658,11405.760940315926
102040,11885.156536182767
84343,11340.212092716802
104882,7837.219739542516
88582,12570.602393838533
90328,19752.572815156862
90536,11540.342471521313
90805,12187.936890887187
106058,27668.900444263167
78871,27157.54589736985
95489,26204.50055157294
76637,15766.102519421722
87818,8213.46210113175
84478,20274.632926138762
108394,17355.01946493495
91676,25063.429390761557
104964,6215.648194624355
78506,31518.30271122033
92557,23613.274703454306
90715,19624.42495634253
101721,9797.098086458733
80715,25516.193592241616
81705,22790.661992464335
94219,22397.440246771388
85893,13280.933324767939
80550,15780.941380304663
86662,11176.341727455969
85271,22281.300559682844
107075,22953.022129409597
100992,12670.055969624756
97396,9421.836849746818
103943,9866.93275825449
78916,14087.146560217934
94516,18011.354692829806
105411,8433.754159436474
78377,17672.731691211302
103977,13712.9631072091
106716,11829.890901296283
88465,16590.312408536203
77421,10265.800624679496
88866,10429.251011402417
97787,24606.87739050072
85063,10404.48463202851
92555,16048.68126025684
83695,8646.487352763883
81797,17514.19587100226
104241,29353.179537490567
94730,17885.467435879407
105191,14078.85764170353
84112,9774.10216964471
90379,9088.881599956696
88992,8326.655004502352
77423,19300.418221661275
85126,7973.945044862525
78691,39464.06823977389
80320,26231.58809815021
96309,9396.911099344417
92577,12118.920239257623
78891,13288.848780867273
86056,13973.329076155323
82129,14247.323925275796
102436,11833.018539461023
101469,8531.431604363588
95885,24800.423791761983
92879,20990.160510146656
81484,9961.255195905413
95550,42657.70869941478
102726,10763.373729368293
95252,21777.54461116959
90695,14818.351655502523
95863,22494.459787168
108338,20317.77151373562
105327,21574.931051886426
91616,17186.82093841966
83077,11270.089542760135
105582,18158.36868984002
84382,8589.558079855795
99666,21209.06815874233
84818,17434.278979580467
78498,46338.97104022962
78378,40464.34154958767
82799,7110.531992536297
81429,7630.683447567688
107572,16343.135612236614
91279,22943.688413365715
100475,8499.308520186638
86325,10586.728433488392
76825,26228.341986938336
107657,8495.579514471492
82346,6787.754506515544
86687,9882.829886808588
103471,11936.578570203736
78209,18087.25115358246
95328,12254.728027777133
100363,10549.558284185889
87672,10734.155386121858
98994,12321.912968153938
83549,10181.114751450903
96370,17368.51935882902
87842,15111.500932248406
86297,11923.134775903784
96716,20320.785914526685
97492,18609.35518353598
92786,6444.197338307266
78254,15274.54599839993
79291,20670.356346987068
96050,19056.639293947344
82240,22601.591987432304
107938,9860.597573452926
85258,11464.554269960745
92512,22305.23512728024
79919,26127.817895572753
101410,7676.59897551922
88700,18088.069075427404
91847,67151.11078844927
101835,8042.988722068978
99878,11819.942807219588
96318,10314.218296525483
96245,16443.550022749885
96194,22811.815595942626
97973,8029.499181244866
76985,25377.484539968747
100002,13383.395972412889
91364,19738.348187604417
106980,7627.686639252711
76285,14332.37531737516
101396,15262.22761128534
83368,8045.833257993955
92820,15112.571979591065
92264,13308.647942188318
84052,9332.204779111371
83928,9925.997851373737
105324,18025.267919038874
98502,7838.634640580979
94457,12425.078619065167
79073,18783.526980933115
92738,33366.162709594115
91008,25004.1712550498
76447,31010.068709963925
81627,14372.128507116538
97016,12114.100174843918
83182,9028.952795919484
95791,28507.24683994526
87449,21280.408935892647
90013,23681.437342724934
107223,19972.123108145563
96785,14916.135048533524
81473,21749.68588684731
85403,13292.789778608681
106473,11806.28824244447
81568,20529.65309274882
76748,14189.12826958599
77020,17514.17289222375
93210,25160.12300275153
103955,7929.998310641609
86509,14637.35390091714
78291,19085.89219790825
88895,11344.824707544229
98026,10517.948532255383
108410,22821.3509780264
88039,13752.670613751412
91193,98599.66874856905
88087,4941.548697409001
88708,13960.053749612449
98485,11825.828848219642
89847,16068.711223869832
81318,39774.66794984954
103971,12111.471174402248
85649,11297.853536407603
96137,13805.575589108139
81112,22808.31996577078
87825,17956.57525802048
103890,14568.65375087435
92845,67918.47705027259
95649,25557.868074153623
79000,7149.4459845696765
91668,10162.977997624881
94544,25067.305697404918
107024,19306.12712830552
79725,12278.439721928917
107343,22950.142391727582
107612,14456.339362743929
76647,9898.632506239068
100922,8367.275355658423
88583,12089.16269268768
90425,15251.02402350991
86258,8388.203583520979
81973,14202.404988238615
85370,15770.313438627136
107854,10925.829999607147
78195,9617.315535087406
82124,26119.72112808709
79050,17487.2796681385
78880,29184.91824054669
88596,13718.093954249782
89033,10637.038649587172
78792,11402.83695309333
98664,21521.08137104171
78544,8498.549984175648
89184,11056.493029659074
83109,8070.023625756224
101759,16600.645842771195
87164,15710.366263178375
104156,8360.561144324363
107607,27427.12919701806
99705,9540.871009750366
79398,17407.59353107113
98401,10059.970177435713
91911,24602.89759205994
88175,7632.544466606592
77275,25364.727698658917
88946,16222.319373092381
98293,10125.784304329534
95991,18272.577253324034
82196,11568.939239347357
78514,34549.171624151706
102853,14064.165021524279
93984,21863.597491504283
104689,27635.721711231472
98534,8898.142528100858
98744,12866.074807552579
100456,10381.61834074827
83468,11824.724329432478
104432,15531.88720410484
86752,16886.579586762527
89762,8635.195371051486
82788,19173.607325732413
105604,13500.874368677942
105490,10663.33798347898
79447,14438.666285884436
107405,18240.174192997456
102782,13242.134166292128
82786,9915.079422454422
100557,16088.19351743782
77711,19510.585090949597
104935,6654.788999708336
90750,15007.696611127489
94396,27631.067415814403
99628,14572.09132182885
87360,8940.898475441156
103238,10949.103339459682
84883,6027.5291210662745
91450,24648.95221644849
96221,10246.977859310486
82400,26174.627722666242
91940,11318.451787306423
101320,11754.691103495164
88653,8043.820630709011
79446,24910.211774206975
92672,29424.06322794646
85552,13288.768474532917
89858,11819.080957724173
96610,12372.259886309688
90447,8635.195371051486
90357,14415.293340915876
83266,12373.120115258766
106259,34423.29452331313
84489,12420.03460024877
87875,15234.977591299574
78430,26111.224156834603
77249,13176.360987706925
84094,9474.099721389153
102218,13809.93870902671
97151,14749.238898630614
102064,11615.75449573574
97655,18367.43975322779
97387,12269.425409896383
97118,11977.614885716652
101804,13868.529455206166
81888,22363.623756370846
77455,23043.801888087823
99638,15510.549135025884
76845,14466.943803489588
85493,7876.538588578958
99781,6355.517524281334
79322,28229.06457185983
96766,16406.481896077676
80513,38318.51552426168
83907,19682.241851829298
93217,18030.22731430469
77426,8499.961378343529
105044,7911.643458290416
86573,10673.594201676422
95251,31300.505438096152
86098,7399.827860333377
93674,24250.118448841422
104392,9870.14167675055
82340,21568.66310717506
85899,22281.300559682844
85579,6425.1658076096055
86725,10594.141184197637
104810,39897.65452118944
94570,17455.813431167713
89607,9952.42871402161
108478,17619.328483677662
91464,24341.356925038846
77613,18935.27142550666
83067,9312.169935356296
104585,21424.493870665723
94473,22267.905643869384
98756,13012.297700104908
81199,20688.226561298186
83741,13306.267561148621
84972,11461.416334711086
87486,14035.167781726353
92290,23599.447449891304
97049,8333.343290974695
81960,22991.321047907735
85765,12309.635687841248
81319,22071.789422847945
84335,10832.528586521245
98897,9595.725839997473
83649,10692.970296556181
89567,4811.648743167841
101958,8458.941766626811
108211,18071.980780746544
88326,12989.94125014098
106424,20178.125173697586
90848,14409.96625515736
104944,20385.48759950457
81300,36283.98540671094
76804,122824.69918717706
93569,17306.90719495402
76839,12104.077161263624
92611,25133.11202224451
76006,19504.869880014077
86953,10699.955857158848
107767,18171.364993736886
87949,10838.401116606881
95782,24602.89759205994
94414,22069.465112032412
98483,21366.47958609498
95988,14125.602041035927
98640,10132.908514172153
102899,6550.9224659568035
79367,50170.98949933561
88430,19889.7284890756
79428,21925.044101282343
76247,26231.58809815021
90955,22305.23512728024
100711,9666.40932191575
83720,16328.778824341398
93618,20078.843060084768
94754,13733.597657057597
78740,24594.696425904644
106522,20730.965854763577
90165,10091.618622007427
99615,7870.258823013072
88112,12743.635272292542
90759,23623.923020973853
91835,12924.757627256215
91563,27218.206824565845
92736,35048.68461550725
96939,20351.917260841416
100301,9505.736671228235
80143,21875.624329701684
108141,8620.308090862347
99743,8303.366863164956
98627,19723.993192577156
86233,10074.43150839266
104568,13400.479766944274
96489,8437.532935178378
79018,9448.418080898071
92173,23743.285052722717
81198,14562.449562946402
102450,13410.177434252364
105038,18418.09760793878
93284,18318.83584677082
85848,15017.22991572939
89587,11541.115668634211
91457,14688.04536209786
88804,10952.300108748106
97228,11978.479539229618
105841,23758.880075468645
107331,16241.536256842935
81008,13472.719401099901
81853,23348.95305939363
103283,10588.466261792179
79036,15528.806146256493
90376,16840.140244823204
97271,8336.900848234238
82967,10989.257789179479
83663,8386.792189353098
81640,21626.297192914873
99076,23333.1097045958
107790,17590.619639182714
96460,10387.024871425381
88286,19799.22171463269
86545,12030.63103953902
97634,15687.207636881569
94452,14792.592632219745
94409,19026.239398484817
104877,9860.265856489317
102952,11673.246117608536
91502,14457.225536813425
105695,8257.461607530167
78608,10310.739656692593
77384,34319.87663621136
82188,25498.57999499177
81054,14141.740105428655
92709,18455.2730992832
98260,11501.510248256638
78996,15594.355901399662
103868,9774.825094748341
81809,27343.85797270807
84251,8679.676592532429
103762,8502.167459460123
101479,10624.564844864417
90533,10277.598481188807
84636,7883.72510943987
103208,7502.952598481553
90274,10326.075451813535
87517,14572.325768486764
79671,30871.17853423991
81486,18061.209964552858
89338,24954.234979940902
76912,9395.492282213752
89675,11999.983618458678
101294,8334.571781659533
98316,8637.387472745635
82457,13718.093954249782
78558,14092.770485543315
107933,13755.687072437417
87555,16680.80379404066
80873,15265.459999184122
94717,18626.65477189461
78922,15957.082495601808
87376,9975.227302347548
79203,25997.19813759425
83801,14498.764293540278
80314,19764.494820312095
96011,9663.918479146396
106585,23164.876236682012
94122,21674.1559392964
101723,14149.12945962296
95561,18389.031933896138
82751,15754.231315395667
107424,20752.44227889882
108316,28196.951645625948
79229,7680.076556445215
104835,7940.668380304819
106289,10499.462585945237
89876,13759.81332649715
96917,10760.762528484309
85982,22254.72601992212
105023,16336.885598647312
76749,27558.260290564278
76453,20743.165338960982
98954,8210.816431975087
101783,11673.246117608536
96734,11077.66604809657
76884,12207.71903289168
84277,12344.054107529182
104756,9871.221217133887
89268,21727.97161765265
78955,18788.45518755662
99279,11382.080098071687
77361,23049.99302394249
97823,20159.540584532075
84313,10043.615522519176
80520,24532.489784869056
105472,26229.13588914682
77671,9894.061160971522
93098,26626.51947708737
86559,16562.803842785866
86582,14115.875642166158
79414,10901.74059751206
97179,15722.18131601447
94617,21771.870193252063
85780,6471.967329326511
90904,28479.996116364342
103178,8423.257735106643
105752,20446.089115992014
82636,10467.00381017821
81069,16335.588361751175
76784,6928.540405208899
105061,36031.48415373288
100732,10222.649111714774
106562,9739.691301619463
102833,10408.550942472348
79029,15619.295116546968
91944,19909.62635564102
99849,8385.557914364315
85213,18149.6751432092
92653,20387.916036139566
90824,10902.189135586139
102752,13474.604736230684
106732,16958.817870122995
77076,16389.83010717384
101825,20099.00526998571
78920,26234.467835832223
107404,15139.863793280367
80053,7436.691536591409
108062,10518.650150534037
88256,13272.263558684856
93809,25100.982406499425
97342,10071.972470664028
101308,8062.742158069388
94366,23711.542068298404
88228,8712.925362430957
91471,21099.646279664932
92294,16397.920800405755
92018,21969.279541188585
77448,30926.863580633202
91091,12164.228436106574
90892,14410.473541506306
93754,25218.27509485457
103644,10652.656335195707
101170,6860.65988139535
87238,15495.802036740235
103651,18710.928749399387
108015,18094.785169911458
96704,10054.61697525592
87938,11946.692291109715
82456,12032.32896971488
94735,24579.227868335427
79831,17921.631100869938
99435,15141.593182130253
77407,19342.228220263078
105163,11464.129565493586
90450,21259.205344657952
101144,9644.770656346944
85101,10024.821199792646
102152,10549.558284185889
96445,27297.03563678785
93062,42599.19272222239
100172,10228.589195236711
91519,21599.781466392018
77563,107065.80426705787
106245,12156.353028139625
78606,32463.090997224474
94171,16419.089570565404
82263,8633.097848505478
104528,8551.401418444615
90918,26138.151919550386
85512,10055.387791505877
88317,10503.509994048889
77807,11349.124121548042
96992,10701.301725310823
93802,21728.236544552467
108022,25227.151282286675
97029,15665.402114195647
92027,49154.53798687254
88331,10142.303054007094
81387,10715.566678127381
78465,12089.823643160391
104119,12424.34364782859
86438,6985.485693620428
78315,11252.948503343667
102212,14343.521309408168
83625,16131.716121674257
99983,11150.505834073987
93838,16534.53430178148
86485,11090.566788639264
99164,14564.673419942406
100640,15546.384204166245
91693,24623.607275518298
90195,8225.971708616169
85076,9914.675252052139
83090,8804.311935679363
84161,10423.981139413818
85985,15229.156582045996
84759,12477.348708266285
105838,7082.070541162277
94748,14251.19589845948
108188,13184.49288505858
94465,18311.167540051694
81856,17337.964844478225
102715,10994.5414457832
106448,14624.49970575458
103923,6284.170225603108
79482,26117.35000572849
86062,8673.25672046624
95217,19916.066222454472
95712,46252.00274674426
98498,9522.86125850397
79175,13927.901599091101
82244,14870.82626821756
91792,30238.178023595385
81626,13898.688290866165
83185,17394.994805380662
83134,11705.27281454896
97667,10106.804344876853
90780,15919.638685832322
79383,22988.44131022572
78440,31106.97798058208
93657,17319.06876397826
98771,18655.526880356858
103569,15092.705608005972
84696,19663.303372165698
104235,27452.14328852459
89916,13361.322873813713
108238,9741.648747770123
97737,24272.265154986766
95184,35568.26131108557
77985,19791.571131505716
100680,15635.940919236595
105919,30970.80301730346
102177,11348.580944559752
99133,8152.253529105192
85097,9987.602132826036
102464,8311.766234849345
83036,7730.787085083759
82142,20758.624846106093
92118,13946.001991058884
79734,16123.911094195679
107861,20638.885753732215
98253,11465.741282889636
103183,10404.89329163935
98112,13266.306017550221
82339,19171.291982970102
84875,17230.555131586025
99774,18970.56006351022
101808,8228.167591802454
88731,10339.211890209803
84055,7144.0046008708005
87777,10030.522577857515
93362,16171.576400369158
96195,8283.84061217597
87650,9891.079846920571
105329,9975.617695612162
84167,12756.702775156244
79667,20300.83179334475
85111,14135.169406290031
79561,19955.55797664279
81753,22978.632847326233
99584,12474.49891423499
107389,6823.7829954558465
77634,45972.8001746041
97353,11106.201542348048
88362,7872.904492169737
78923,26228.341986938336
78687,20611.65259509442
79611,16059.02571551981
97264,9669.390667215519
104372,8606.56033408336
88340,10691.571151816033
81409,10720.267333897506
102716,11806.723252510224
100489,10851.326747181754
86616,8637.841040208152
96450,9805.612577021457
103898,12665.288472215378
78965,12431.750606528603
77910,11160.14639127862
85534,8089.265785514103
81814,19954.005241799197
88537,11090.566788639264
97930,9519.72947716746
98346,10132.908514172153
96397,17531.40593208509
106812,34422.2283287677
88599,15972.579119953083
102760,11879.722322234693
94884,24619.200427350024
77319,31106.97798058208
77255,8586.729010460313
79483,16236.166407069859
93869,18087.2277947204
78283,26220.067994057546
79491,13244.556712189478
79679,17855.553598508857
104817,10345.841920302484
81355,44405.1733662319
102513,14776.831155436348
102311,8881.23653033676
94639,29424.216351894
92057,27959.09226184798
108057,8533.878674999252
78415,19760.69556378234
91755,17932.59454167165
94507,14300.742631126255
77368,21194.453310044293
88838,15232.67844323327
86482,12070.618480671772
103032,8962.489376225198
101482,9669.390667215519
95744,18285.709532866793
76424,6923.374634954173
98537,15134.40408593543
100039,10980.991933809975
76025,13314.382986417015
82426,7771.428466352568
88387,9556.95992535238
100785,17298.751995648672
84030,9945.883534886594
107046,14303.894324710742
80159,7977.914696435719
81743,29146.672665958056
85348,10503.509994048889
79901,23076.690394954316
108373,19736.57498861316
79436,12095.642015808484
83626,12383.707974190502
84211,10339.211890209803
107879,7127.987888408006
107245,13189.738023278343
102868,10571.0119002964
98034,14292.282307461319
101634,10553.299341120159
78902,14404.111785176372
104908,23289.400903896196
108265,10518.650150534037
89613,13656.577853026965
100852,8268.170994697712
101045,13322.847575304233
98194,15284.095238820026
87876,11414.46654582563
88436,7439.702371673936
103563,13745.806650866978
92679,11812.100150349665
97639,15924.744822755103
101310,8720.522547863065
107398,23962.699389196707
98740,8385.557914364315
103081,11000.013870268544
93701,32076.86663457862
88341,8441.52208359731
91276,19301.6393600467
78877,12653.04123418552
100579,4366.425359357175
76474,19003.26077020384
100963,11226.177043054195
98672,6779.657788520542
94737,19975.732781138428
106382,8068.568146103438
90771,23392.385883795723
82118,20009.89897316204
104839,27454.557162850724
88881,6569.210216586661
91400,34754.304401991765
89615,6240.706599059132
95916,29214.338160083917
99952,10817.074577132704
95605,21827.604422258915
108251,13316.008211116634
88507,12748.017828215407
97142,22969.359740986798
97129,11028.076341379672
106320,9439.249429988593
104569,8066.415377430803
86018,19063.014080617144
98054,8385.557914364315
85925,14910.574429847968
82859,11566.544370176398
107329,18505.32742517076
90943,25079.209356185427
83393,8230.813260959118
108091,11571.172137241001
81571,21493.00589340509
102704,9531.298611921298
89511,10094.03534880688
86361,13280.933324767939
86449,9822.545908986525
91048,25146.523863386064
88932,10050.999134055322
97096,10321.408356022572
92493,29131.709722980835
106005,34272.87250705105
92101,19983.975306949316
85618,12013.948365603597
92275,10633.689433948628
104354,8337.202380926337
100165,9867.39561905654
102137,11231.593247658533
92251,12351.296687909275
102299,18619.174298123693
93358,21797.269656222183
91807,46400.545614910516
108402,17405.973222484346
77155,21652.32769641859
79195,23203.80307231548
96974,10044.50851671113
105848,8433.754159436474
105425,9514.506415993646
103620,14088.82545988649
79238,28167.02859717147
82292,16267.807021074634
84451,6935.652476317534
93942,24589.906621002727
104577,7820.097144795153
105690,26110.724681680884
93421,14014.261457633782
94411,18266.409827873875
103746,8433.07696842811
104927,13888.082661275255
105798,9860.265856489317
88601,8493.365597866457
87898,10537.128570306651
87580,12245.221379967119
106294,28196.951645625948
83194,11009.3764035181
76073,18626.7064324171
98161,9982.671532908358
99152,7883.72510943987
78180,9725.90271651916
102662,8701.091022065644
98915,11854.661552431728
103302,12278.439319710928
107764,13838.343399138315
79227,21865.174161822863
96799,12235.851696350974
106081,18462.934200124033
107508,20762.141137716804
97995,15510.549135025884
97586,20594.15264620006
87104,23994.627885533147
92790,41623.69105198607
101900,11841.854294012723
107104,12394.2183233526
93384,24236.138938998323
100649,8985.580486505412
94525,24611.03901691658
103004,14206.001662067725
81477,50042.35110352117
94774,13519.62512797237
86403,13718.093954249782
95958,8267.815786622277
85977,19118.337023223812
106000,26005.92852769215
80189,27731.587540024986
105330,18149.04584766152
98119,15391.173102539788
108242,14822.770420599785
86122,10772.4474389206
90847,17152.850866676934
78649,16918.560477605984
78043,27816.411510863007
83454,16617.089264386108
98842,10134.875060056702
80378,35784.73337633834
100525,11255.41969385204
101979,9890.060684212329
93192,27919.90896520013
96062,10589.25248096672
96319,10011.501643342981
81121,44684.19359938518
96527,14817.809208098666
76762,46613.448982370224
89658,12425.037782176532
97136,10314.218296525483
91941,21751.2586164056
107113,9870.14167675055
86846,10687.563915016708
102674,13309.653110341706
85905,19130.96990451521
78034,12434.16655439337
96919,9663.918479146396
81474,22984.940524449583
92121,14556.432385186206
108308,25225.93629385148
105113,17749.955333417758
77939,31016.824803176547
76253,26095.7973575313
86272,12859.627608093051
103786,10588.466261792179
77663,19517.1770928457
90143,14824.658837885634
83487,13542.000427330015
99629,9523.10474386339
78016,46311.19299855955
97062,14082.086362260992
87499,18209.333240827684
104580,6662.722330859018
92086,19936.98567452305
81704,22601.591987432304
85458,18236.398371200088
94697,24607.04999141983
95730,21583.644899711144
95533,27730.564563710384
76852,10462.6154028531
83813,15720.47939954894
91465,23328.00340886478
98380,11554.105243443337
86923,16889.888911725033
81159,23408.22483874979
99462,10132.908514172153
86553,8388.203583520979
96547,16629.34251223724
77542,10750.599372687893
91704,26522.64664312142
103567,16027.770695252744
98508,13457.488198490753
94989,8352.053927649069
96305,13295.294825389688
103772,21612.69719998979
89923,10486.042931963691
84616,14769.409219305264
99970,10572.115619923276
100286,8286.231888349364
95785,18155.5267424176
77239,7680.295357428442
103828,9819.965387409433
86204,21385.16447870764
96855,10392.350268430793
90132,9662.420495563287
83949,7141.574440300105
97042,10246.977859310486
81439,8274.67581876373
78200,23073.885545878922
96583,20019.492373988855
77935,12306.47594546529
91759,17705.730952464462
104912,18502.377396375072
95613,17433.540970149912
105447,8432.342765268593
89828,14709.40345587566
97297,27145.386149767517
107599,16467.913071037514
103109,8228.167591802454
76094,9463.30771878165
104324,18628.808805007215
82877,18201.902186067433
88953,12295.632306101297
106644,15826.337975297949
100086,7238.21914943701
103949,10991.10227126811
87447,11090.566788639264
103384,10996.99590203016
108506,17104.666712461923
82045,18163.374210978454
86346,17518.20475198595
92643,30841.290650098734
106532,7988.163944310385
100209,14469.179834407927
78371,18153.1804488176
79815,21741.338818406417
99946,8634.503268694336
85965,8637.841040208152
79558,23376.558878253476
108318,17269.82103226914
100907,8454.258429085214
85301,8300.140370834064
86214,6999.600585162725
76307,10998.168751165793
89487,10289.003512597104
90272,21393.47236067803
92470,21568.208956178267
89056,14540.95544839698
108376,10232.139488561095
90393,17979.895733435776
90202,8854.24209293731
95164,15052.091340849836
80501,21859.98750698557
80614,26116.841390405076
86354,12026.060446830576
103851,9857.897068447925
91517,7990.3289011204915
80179,26234.467835832223
97710,11383.62558720283
94083,25141.056666611963
83733,10942.15638306764
105032,22226.079665638576
91064,23955.918057285326
94799,27959.09226184798
105548,19722.31540787482
94248,40751.428528744786
91984,24606.565655927185
105390,9708.187611181285
84137,6778.164550742319
84643,8388.203583520979
94173,27593.207175600604
89789,13942.911935897715
99329,9531.310528740058
107125,10954.9984399575
81011,8909.472567805973
92062,54136.53916662404
76630,20101.97852089408
89022,8388.203583520979
91463,24592.14487267629
101563,15350.537751333763
104307,26266.977233773316
95572,22356.37374336386
91019,16414.529957668463
76966,14468.18789645049
76916,26231.58809815021
82319,26114.315967698
93863,20071.416347052535
96798,30884.36476284008
87072,18292.585841642347
92771,17184.980691846165
105915,8068.568146103438
106830,10474.972966207799
88798,22584.406932535225
81750,9997.980020675559
90415,10474.718916582247
91110,26630.385369323194
82187,15896.38146080148
102386,15147.853092547433
103517,8515.640065264517
86270,30391.332081768407
83526,12142.874561731143
83728,12440.701915267935
76878,8938.710193048875
99712,16923.26566610881
92556,10443.096605501543
89879,9680.547648979786
85276,8234.498696729603
85272,10858.662483297685
82645,11428.738402864017
81445,17113.838982115936
97841,15681.390044773576
97088,20018.803620001858
87735,9927.538470222311
100748,15419.21923225844
94315,27853.55252450849
105218,20238.892058878315
79295,18613.63094943845
85482,10974.252693345816
105112,11100.42590760058
98458,12347.28272834074
98177,11307.876357865247
92392,19456.595121365743
106885,9642.277147731904
94239,23421.547635171253
98355,7849.011142879324
81111,19296.726552430588
101464,11776.007429913177
92070,24509.14440540875
98707,21037.98129432751
91095,17367.026005565513
84486,14446.545685432651
82898,17493.506495189322
108233,9418.582025572077
80001,26174.966257041848
83538,14019.911058958136
88563,9485.941163303778
98871,8655.641256297962
80645,47465.745277826965
82054,18372.31050275023
86397,11222.711702169841
97865,14923.664734415834
81700,22806.233067829548
100417,10916.126013760886
91017,18894.94665396673
95218,22171.825566370364
105519,8667.163047059856
98097,10132.908514172153
89232,10775.45449392477
104997,14399.759156289107
94952,47176.2242060277
87017,12368.837745789859
94876,28486.700893001387
87741,15272.625492325458
82776,10103.373040413686
106221,17551.945408417967
100602,13295.12867177615
105337,10474.972966207799
94476,21389.793711517
82899,14800.93120702574
79145,31016.824803176547
90481,19115.567800575118
92396,30534.665159783766
94605,24045.45112656067
101668,10949.103339459682
79742,9206.147636170892
84465,15382.615419655129
86828,11429.391554699629
84944,20250.147423108832
93680,25168.694389685104
85778,8907.85112159792
82841,10503.509994048889
96597,30408.183406944598
106852,9939.19935426787
88003,11090.566788639264
90461,9973.18541580439
91184,14142.978378884578
88055,13721.748090676467
99180,11711.238496630613
87766,17346.46768547479
86691,13679.626676606482
107751,39505.715304713
94882,25067.305697404918
78637,23089.594147771615
100601,10571.0119002964
106271,9576.519243539984
94355,24256.98314258167
103261,10960.36268508183
84449,9387.70447752009
79799,22935.074044819925
78481,9725.90271651916
76569,21383.121355642477
90516,21285.95060477508
91054,27411.791092716077
97435,10255.466353878848
91203,18861.202779588166
86130,6371.053498234163
93768,27629.003390585774
95494,24787.735591180477
94319,29475.335288269973
83638,12781.997262659923
82289,35475.37687904879
107990,18462.934200124033
76261,9437.58432213936
103466,13383.395972412889
91403,19991.742985453624
106025,14478.602492397375
79465,26171.276343181973
102871,13722.631176594123
108446,10294.808441567957
107305,21695.603241777382
80190,23081.225563686785
81649,12120.457375767364
104611,13467.750002807144
79821,18579.982927103814
106756,9189.537325346246
94209,25146.523863386064
81524,21919.667782072214
102947,11924.519278753924
87868,10673.612064132982
95933,18391.067032228424
86850,8322.687160564756
108381,14578.994957145062
88771,7505.734526565106
83105,12045.676093171378
93264,29061.058549615685
93240,24908.903628139884
94060,27454.544442189675
95003,14392.300718167106
105812,20824.78005147436
76675,23527.106658246874
91421,17625.32964647198
102047,10553.299341120159
76316,17746.918408130317
108385,43615.49646678281
80043,19258.405781487396
80122,9726.125616791676
76885,9532.064966746537
100765,14009.13752641491
90748,9925.527539327582
90799,13869.657342142607
98792,15510.549135025884
90085,8385.557914364315
96967,11519.25434456968
77008,23294.463853385914
100132,11923.33501964916
90720,20016.138977804207
105966,11110.854894519693
75981,14443.600685992518
83312,19205.445808283777
106478,12925.892113631695
107800,14035.543679829287
103769,10014.500629960801
91814,19511.778467876065
92683,24503.842939511134
93319,24619.93921165105
90670,14650.529592260322
105982,18451.401810726693
96565,9528.364405847127
89299,20149.98878141628
87406,9915.079422454422
93260,46397.503160492204
101201,15262.22761128534
85414,13288.768474532917
87273,11541.519527079998
77653,14478.602492397375
94848,24609.33354406723
81983,14208.795971476486
98927,11141.0157054182
105078,14461.412114916366
102825,11287.959245397305
91211,17697.767646858145
83862,8398.09511875683
76624,14246.587327003346
96502,8331.728648282166
93149,27406.165224486045
105761,18460.722082586035
81327,8531.247005853435
76688,11594.26007862414
99302,9532.874354221924
89052,30873.22202746835
106892,22197.4080492869
97157,15687.207636881569
87715,15179.388059357114
104669,20161.244513157213
108522,18081.10791817833
104725,28134.91567093759
86473,11255.971105170564
107402,26049.445820451205
99376,18243.525379705745
105473,8347.449398505252
101761,15262.22761128534
100229,8286.741481072335
104122,7155.117129183135
103433,13756.83809064418
95259,24969.486948948073
76691,10531.009821043037
81526,20492.19486490236
90817,14661.256231682051
106577,27995.07267467965
105900,15960.307211052099
86342,15568.962032310243
100902,9532.458227629751
84715,10086.24010071485
90605,11969.680198224249
80255,11831.167978519752
84484,8115.468119871466
82894,7369.567386111722
86148,9891.079846920571
100981,11678.166998717437
104559,31173.630290864246
96603,11760.061288533405
79461,13481.070727143446
83864,10381.100423912996
99364,15153.97741731794
98182,6361.287223832938
85145,19131.268108487162
102591,11040.942568084529
91416,27492.59791412659
89032,16117.329632426165
98530,10235.774371795065
98214,13275.657963970136
87931,10710.336386433273
90835,20287.418307504835
82398,22975.753109644218
104749,7388.641700168651
90735,11662.650655220796
105444,17691.88614999157
90324,15835.825495342066
102500,13956.926846566914
106702,6589.17873802119
90727,10221.872179803897
97427,14342.405424883742
99844,12237.06691509182
94541,50778.6482914428
84483,15922.857282496541
100773,8931.61891099574
97910,9257.72530516428
97461,16609.89659132165
104846,9419.244480608411
83951,18162.814633854996
90276,14815.737440312834
85508,11403.573012538021
90153,12396.98079847266
89830,24396.3056282651
89708,19876.218453703303
98504,21353.791385513483
80397,22988.44131022572
76172,37121.61856537096
85446,10843.945590790709
96732,11642.646432181453
90781,7093.962778866186
86208,11160.172842390113
87814,11470.682389029575
90938,26946.41851329194
91231,24143.726539734074
80979,20094.844644203175
85098,17824.9415839166
82160,44684.19359938518
82809,21939.53197356075
86468,11965.973570870792
104758,5277.355662059061
79772,32542.897575905303
94343,20353.671713641026
91304,24661.552129526146
88751,12636.760738492821
108437,36073.18927929312
94059,25106.834263690685
101856,9229.397134535255
76319,12110.749650766063
77918,26231.58809815021
81976,30516.296262437958
108377,19515.194671848712
95984,25160.12300275153
102208,10553.299341120159
84420,17520.441557186175
103716,16562.076948464262
106428,8709.799256890727
94602,17428.123757309986
101119,8148.837032044058
77387,12481.081953773633
107227,14833.69211070925
86164,16778.38026256321
85096,14151.542363659728
108198,8370.33118451884
86401,8636.429646040271
86386,11411.88905938476
82726,12742.456578598478
91977,25072.872169441573
87805,16364.551251404777
92810,61754.899380663745
92387,31911.296378157498
76117,17367.58873343111
103862,12113.07327569226
86962,13790.240820764946
77023,46013.18436452475
102863,11173.194027729494
85375,12964.585644752884
84363,14769.409219305264
77485,11407.788999573913
99266,9900.007129845295
100253,10571.0119002964
79037,12422.350031143946
92228,34105.83194201603
84144,11114.159069566269
96577,15803.75722388001
81837,10861.763141340965
77791,16743.72161025646
80717,15447.83586357399
88865,12388.103447728336
103611,13483.426348804129
96150,24866.329755206003
98071,21235.704567925335
90964,14400.36765724729
108523,24441.081101983855
89431,11568.198626404099
107595,20195.16520697574
94778,24050.879808828206
91385,17806.621312443724
99288,19433.517448627565
82885,15215.995405786842
100437,12953.61261408051
88938,21930.65524650947
98801,15142.439425055667
107023,7276.149607776438
88675,22923.379787283015
90159,12145.715276141285
85804,12180.190478101518
80088,30294.078563813593
94929,27439.86323899865
100421,10553.299341120159
90603,11023.199881547267
101899,11740.314268899629
83201,18043.48908419734
96023,11060.907875746214
102019,10571.0119002964
106863,15272.174446552155
108263,18471.406516301253
100605,8539.939176089365
100998,9433.658957035086
105544,19853.889476665296
104343,7943.900684717968
89692,8399.85867356426
106309,10511.553301126336
86065,11284.730226757822
86436,11425.03515517595
103991,9866.93275825449
92712,41423.98109310474
89709,14035.522523785743
95415,24602.89759205994
84959,21639.346826796915
89069,16137.717292134641
85580,14799.420581675728
100728,10909.829752147027
80638,36341.509029997425
105713,9580.680427472485
98494,11708.065432662448
94819,24883.432634209108
83800,9725.37719220989
91085,17958.478116650032
102276,11192.879755352422
96111,15967.019793823454
90891,23392.385883795723
80010,9409.483478904993
99501,10243.020577445224
105431,14478.602492397375
82161,12157.978935026062
97426,12088.026472343947
100242,15262.22761128534
102470,13309.653110341706
94769,31822.086433637047
83472,10697.277805559459
81138,26130.697633254767
82719,14809.357931724264
97305,13591.687513570629
77744,12348.811242728114
83536,12363.757817440606
85355,10472.046171206006
84273,13881.48615852568
100061,10980.991933809975
78109,21169.37898394789
86119,14637.562783709955
100274,11493.297653951766
90390,15238.127894674974
93338,25075.751907123587
97460,10405.014931325273
87833,16519.575048225648
107064,21261.412654235053
80942,8940.772366674257
87473,11593.857229202831
105869,12133.100845145631
91776,24684.4898347584
85853,13968.528206544603
94909,26169.21457146075
82407,15829.435172609235
97633,11659.39119335824
80176,20709.5334726032
88572,7098.183089868491
97971,51977.00008073438
88633,17996.54910112404
76234,19476.708586179888
98579,9730.700980809883
90034,14415.060555663602
80857,25035.37390056231
85633,10904.814822305276
97760,20527.573309986703
88831,10789.671216675559
101303,9414.866805622878
104373,10349.999259512137
83512,8037.5872663019
102692,12813.079439168861
87092,9020.307912032278
104305,19894.625759846793
95344,23718.008577737375
76629,26121.901668830036
83699,9909.139763122435
99290,9873.200415318419
93528,28479.377411742233
107251,7077.680317313933
103980,14088.82545988649
94469,27274.815188318797
96448,13737.628651562072
93511,20076.30843986949
101249,19635.112986816683
90543,14384.887927087702
94928,19394.049179417718
102623,10384.561156570771
79505,15734.006380437646
90175,15259.16727932795
77417,10550.792768517844
80974,22975.753109644218
78874,12042.571131951867
103376,8384.146520196435
106490,27427.12919701806
103267,8635.195371051486
92434,24723.74711533894
94016,44523.01381261718
107217,22663.333536756698
100783,8037.471693431322
104306,8596.617954166231
107691,44058.16191913584
79101,20876.093077345802
79607,14365.064755465362
96910,11609.72723666797
104648,16872.322105123192
97752,8753.92247886638
91917,19502.76732587454
78307,28273.008027137057
77462,8305.578937801374
92958,94959.27084861138
92148,38479.60545742066
93317,25613.9394765865
77824,20612.328649570827
81043,18276.841465026835
77339,9629.16034432878
95942,23410.02816750288
106865,19564.64729728393
100781,14649.505317945132
82907,8714.460793802575
98541,23291.46888978366
99032,7106.263392987775
94935,20049.133513633595
88567,12152.750114505196
103765,10549.558284185889
82436,10351.86132611122
87940,9987.204888308452
83542,19203.47469385413
80229,28209.980547031784
99988,16028.132967486525
83379,14907.7263613781
100404,16717.32177315013
76340,15456.346834424117
104105,8334.882676144454
107460,20803.033246461262
83058,8642.327058077097
87987,10051.136658695345
105926,8209.197690745754
92263,21771.870193252063
76100,10157.483799082993
98059,17219.77897553157
97622,19208.11466208935
100124,11786.392449801187
85132,15437.878391796301
90849,10246.977859310486
89461,11166.518378449278
104144,30863.209019162266
76429,29741.29808454628
95660,40813.11444179428
93649,13169.973871861968
86295,14910.574429847968
91313,39132.19280537389
77778,33860.812255182056
76003,10157.508579587833
96131,11674.154420580002
80441,16027.824549202398
107065,24714.501895054582
87237,8343.288691337635
79135,34435.53856709834
79471,13536.017868606106
88444,10564.522315538059
80954,9828.102600944445
87030,15269.568242921228
82803,14161.58028883766
92307,17995.418508746418
103846,11929.930265758001
81505,51511.16888642506
96454,10018.664725924582
92723,22795.525307977867
85406,11894.774518164215
94692,20118.80500442155
96459,10953.97085950037
97045,4941.548697409001
88125,16360.47296267908
107173,20803.033246461262
86708,11904.11018331986
104799,8067.950518911803
99726,11999.122738147305
83300,8316.978648701577
87117,8994.679836100957
100398,10676.60073055075
82731,13845.98539119813
106322,28203.738725743697
83937,10676.109355149236
76509,17288.967694130235
85158,11483.241563523836
90411,12784.250226241282
79751,16951.324039775616
103864,7974.323417490781
85183,10327.26695334077
83429,11900.751672665987
104401,7339.857516153585
102908,9671.634356170422
82107,20516.79465220642
83546,14857.908588396538
101326,10081.59445416193
83489,14128.84845048361
95464,14833.385493053005
95312,19773.852966130948
76958,9395.492282213752
87284,9944.742056241563
93565,26586.845442243863
91521,28960.183410770504
103751,12530.671306037571
102806,7525.737602380695
83404,13288.768474532917
78539,21487.465380788995
106376,7069.914744462577
84742,16792.60852735385
80991,14482.494537274448
99185,10542.447433724177
81160,22975.753109644218
101309,8282.395746912773
96620,22969.359740986798
85514,8766.790359306415
104504,10574.387012833888
90442,15298.59346224479
78824,12409.98252427502
93907,9915.226362691506
92574,34523.73151639662
87966,10119.009925852608
84013,7477.395312991779
76192,11898.92310601146
101039,14210.30254157182
93377,25549.893749856197
89911,16604.303065639084
82649,11405.760940315926
92244,28486.06989417965
79456,21865.174161822863
84577,9441.931186155909
101829,11907.069839280955
82454,10498.88997224612
90738,11224.870845816275
78614,36073.8105187752
105723,14173.918549150425
92281,11406.360418515633
83361,8163.447578824248
87484,11063.432491864021
94268,26815.854911226612
102791,9521.400402986137
80098,44878.934131393085
91058,15374.133878493636
94029,25100.982406499425
88543,10483.269738915336
81670,19997.72303631316
101579,10549.558284185889
78436,14399.759156289107
106875,13306.45875004598
87655,17386.949527095876
91929,31132.258955561356
91251,21599.781466392018
89471,10995.249538334288
97578,8374.216640813913
82672,13936.583954914378
78444,20253.679173564906
100808,12644.984121501611
88869,10351.86132611122
85357,11843.224510039438
89167,12230.854442838476
106862,25748.978997101127
91281,42288.252375617936
87788,13718.093954249782
95287,16457.60272775179
85680,12536.893744897601
94781,21239.444942085367
84268,12892.806550601024
91867,25079.993897986424
77714,20716.968658556718
103499,10571.0119002964
83996,9882.996265414731
84187,14956.94447628141
94237,22179.78959582482
86917,11090.566788639264
99891,17940.10776303944
100901,8665.070649458272
78556,31013.716330342726
98139,19183.39139240806
83447,18386.522850537527
80732,19057.76537684207
81168,17158.080965147466
101789,6703.183137693668
96183,17628.241619789405
104888,20812.67997866237
79944,50590.60854557003
84752,11041.103619517955
99274,15957.765528203998
101601,11813.061619220682
100509,10758.289486787784
83579,20574.22505272179
78657,16460.637504059865
97894,10946.033325941758
98305,14301.626865026206
81298,14682.584888930955
98132,15403.760392909597
83681,12363.757817440606
103875,10571.0119002964
96447,20480.23642881865
105060,21261.412654235053
79150,46319.116639116306
105628,20653.121478527104
84027,11462.778052614505
98984,21531.70758546473
103343,10004.390292502665
87304,12221.950913450371
92483,28479.996116364342
78555,19919.278851689498
78697,38032.51408262174
102830,12364.677896523826
105192,19947.872838644966
88749,11462.778052614505
97670,26576.96329071344
89034,7559.287215956804
101691,13282.95211347304
79307,20417.079772187364
92856,15381.272072430216
85540,6752.3945796602175
86841,12748.017828215407
78144,18935.27142550666
106175,11415.635810415646
101199,10571.0119002964
106284,11980.595731906822
107920,4954.963880972428
85677,18571.619112134358
80672,27349.224810628366
87751,10835.012336596552
81660,23147.903036866966
104608,13291.469471791419
90356,12129.021777548975
96037,21532.261253869063
85376,8671.845326298358
94596,12081.270626687907
88457,11120.437914418017
92475,14541.23746495793
81195,20391.2634115698
92529,28632.845487518778
96471,15390.722642899997
107840,10814.94990453699
84210,12409.031663331869
103192,14099.0598369819
101468,14450.088375800375
105529,26431.62873046731
97367,9420.269216664386
86100,6831.7732051162375
106778,13410.712426052656
81881,28423.649561211118
89597,10957.731100527617
95589,26383.215381519647
78552,46191.28244832787
105240,20585.65378754977
83448,12331.742142314513
83290,9914.675252052139
93867,28622.771710017034
104187,22953.022129409597
90760,16097.421501718538
89599,10219.038679240688
94415,12375.963014493553
105080,8535.839661200842
100371,11852.697189215623
80360,24041.86593258159
101046,7464.091594171051
76264,14436.300346083848
93041,23964.46752707766
104160,13578.18467554982
78058,46390.67228857823
93770,15750.97126484294
101223,8367.275355658423
101983,8642.621399468246
98730,14864.845842404937
89800,11068.648884164335
88196,13132.908880198487
97641,8036.954224430179
103870,10549.558284185889
84704,7791.846514586654
77526,17122.48762663537
77738,19978.536176012767
90078,6371.053498234163
94292,23483.1036932767
78838,18243.120809660675
81836,26116.841390405076
80276,26067.506140604502
108312,16829.31064397311
107467,20317.77151373562
79713,19338.390655743104
93468,40757.400300502464
97220,19124.766762874176
98297,10132.908514172153
91141,38309.10931840425
105107,14404.827315136621
89334,14433.997314581295
80077,23182.29846102121
85326,13938.03144993205
88677,13213.619801648314
86517,10709.709790340552
78770,26171.276343181973
82840,15568.962032310243
84256,10441.854067372542
92318,23995.307493129414
92119,19199.59035454701
94970,25095.411038199036
76714,16919.832426167417
89170,11030.228514040895
90548,12709.350685678808
92194,25150.68022407152
78522,24607.066137026155
83527,14875.139858242612
104239,8273.401373189652
98128,30885.430957385503
80712,22696.41894068361
80259,17387.396531592305
78469,30995.66905949874
101923,7112.877609997962
103655,8701.091022065644
101481,10437.130596589495
86550,15755.05981764739
90289,12146.944818868573
86255,14517.831322270295
80411,16813.17028452846
97263,14308.460592203995
91086,10164.226114867597
80675,12031.804973261016
77800,25555.952484209272
76613,27455.642245029212
87002,16177.027233422881
104952,13306.45875004598
94790,35568.26131108557
89888,17367.39694026865
106268,34423.07487118153
76926,11474.17804115498
90503,11134.972040190201
89083,15884.162572648005
92741,7920.764042293845
102911,22008.779330259335
84601,7877.1252292919025
84846,9914.675252052139
87884,15774.798835338726
88305,15169.162281449278
85335,12030.63103953902
89396,17606.401857946286
101992,8701.091022065644
90693,12422.350031143946
83262,15938.692057503957
81620,16258.851165742122
88435,11942.709881583183
80013,35745.03284701609
79539,22998.783383895723
85226,13643.217729992975
93522,33607.90429709486
77175,33712.03603401629
104947,9871.221217133887
100869,11791.387021920385
91575,30199.749864258425
105880,34422.2283287677
106564,19648.052890689036
100585,9010.996502712142
107332,9544.980542670775
77295,26231.58809815021
90575,12261.319105736551
102261,7450.59785548411
108080,14286.818432098516
80364,20561.933514274424
92476,12056.283090075078
104078,18169.915625082816
79184,25040.006740576555
107575,9869.274601269495
79281,15757.317649696613
88560,15581.347494149955
84166,18575.259755314502
78054,7644.380517766541
97324,4941.548697409001
85558,12388.827057299437
95710,13957.017018614371
98600,10694.349656712797
89622,16131.634347486754
81838,23155.30795326772
90646,15211.270272767399
88110,7112.41466777528
104085,11501.761839612462
98242,9684.624615893284
106226,10543.16835239731
87500,8933.88557466251
104807,16757.13936740671
100160,10551.953002893186
105379,13329.136742069746
96754,20582.52451956801
84863,11620.642332578329
100130,13582.797001169087
93462,40435.007337459334
91640,10665.052899528098
95922,32305.096734797648
81137,26234.467835832223
78194,13703.624684872728
87308,14193.600537023442
106775,10184.126772130277
86629,8984.80033922177
87659,16794.619944844424
76404,16013.077031914616
87258,23262.23221415273
100560,11778.175450015648
78660,18191.642229859655
76485,18178.072523388957
99545,17999.280936993528
103074,12406.29759054072
77874,18506.110338410166
97514,10314.218296525483
103308,8304.031574162098
94753,29381.594480211526
80045,22438.582411017414
107089,26239.280094616635
101236,8562.761636201183
103264,15262.22761128534
94387,13837.127964472229
91926,16825.316594914108
99972,11852.697189215623
98651,8387.750016058464
94873,26671.908719422456
80722,11288.044351855597
95907,52333.428638894926
87746,13952.542753075853
90574,14346.587684752523
85387,12511.439115222605
84204,9913.808176571081
80453,18864.604410641114
95244,28486.06989417965
79952,17289.669046580333
105770,10574.387012833888
100419,15034.62540355199
84200,8637.841040208152
88059,14340.817517306636
85615,11475.599388916391
90795,9382.804115410403
97219,10246.977859310486
81380,15759.274313565053
78928,12441.25878157552
85613,18801.79101791411
90529,12607.532258071771
89825,12853.936808962728
107431,10518.650150534037
97707,8034.941597145235
76203,15163.982529977377
107808,19829.28321235049
106497,9870.545847152836
101925,8128.260903815657
95434,21022.664252650935
103718,13993.692178851661
103544,8536.958785610283
78735,14399.702806590103
101803,8502.614555073675
106491,20775.421213378748
85594,11313.062700414985
99930,14253.41130055593
100927,10943.899732587273
76097,18078.946950326095
89406,14910.574429847968
103773,8502.167459460123
107843,8665.751652891975
83507,15489.191482183776
89693,8794.487404468775
101441,12426.858473924785
91438,7982.552127917238
82189,25876.35236791908
94224,25736.082419633633
105046,11076.32669075608
105441,9917.959976078997
97014,7838.634640580979
89955,12093.25257200063
85532,14167.65863703514
99916,11800.41304496029
103336,11756.455308182401
102567,14369.401608047074
77309,9311.83769831221
95074,21771.863196097947
105279,15906.860778193279
77443,38163.36045674586
100797,15262.22761128534
97954,6361.287223832938
104854,9870.679229891894
77615,8135.071980064505
99982,13288.016899331333
91956,15774.390724092835
79467,22978.632847326233
80293,14478.602492397375
78335,12298.07749857743
96252,17328.76081698676
94301,25603.42234703284
97832,14764.882503249824
103557,12183.704530450957
86997,10398.936419763388
78106,10157.89463723893
107176,10955.324864853872
102079,13290.784582293307
87624,17434.278979580467
108178,15946.138381976512
82226,7956.617942698428
85709,12618.720946465151
78061,41895.962304558554
98092,10235.774371795065
77846,10486.82902070448
91751,19921.478749204147
89344,20197.636956728227
78458,20997.451055254318
90444,12668.449335541538
100411,8662.469196717633
76272,18620.175604021606
83891,11104.732774846285
87391,22639.31303366064
83460,9891.079846920571
98018,11074.292759825343
99334,15510.549135025884
97352,12494.601306121525
85704,16041.408300978395
80151,16006.391344260695
83044,13777.523561862372
98476,8035.9676116396495
82495,23778.3615285517
100766,6328.596336723717
87429,10977.765550358961
80457,17745.09943201176
97923,14590.748743268186
84002,7872.904492169737
100461,13986.524102725247
101414,14033.362255869193
86834,14797.706661887358
79455,27214.21926033619
89913,8385.557914364315
88592,7735.379568926928
90339,12435.9191242482
94894,28383.441113824123
76725,20484.665857189724
95859,24647.15247160996
92694,16341.352248837196
85619,11466.85891838327
107634,9996.768724325657
101014,8136.50740635627
91174,26607.434664669014
79521,17523.591657018475
97334,9677.596452092183
80761,12208.583393742487
81867,12266.347602865704
96925,15426.521344183931
89478,11164.316769407913
104606,17925.672634282273
77120,46380.90236100562
94436,17751.905762227358
96562,8252.225046712385
100076,14066.240916194769
100900,10116.696804303703
87706,10503.509994048889
84868,11275.140040819151
77447,9315.79556303866
99633,14728.655483154233
107182,43731.916389463666
103805,8354.568581017606
79968,18735.508140108137
106861,27088.994780265588
81356,27139.021714802326
90962,23870.16246410186
102794,8962.489376225198
102702,13441.911311477257
101649,10548.96645547982
92766,10116.637174692665
95750,13946.001991058884
102296,15262.22761128534
106629,14732.28277344967
98746,11819.942807219588
95417,27623.9213699792
91178,16810.616676402966
103915,8945.460697756935
94148,25420.92733483477
92159,20274.633448936816
89562,13615.548140954503
84575,8070.023625756224
98654,10111.303826603567
96212,21940.542071446787
102653,8755.887437880237
88269,12470.39212911855
79684,31576.482949266676
83922,12373.094833097151
91288,27424.17939009963
97422,14827.662002121495
85223,7841.280309737643
101422,12733.861877504101
80295,17372.130599319345
88778,22584.406932535225
102400,6975.730629388679
106858,16211.997751686506
91510,24689.933378495236
79257,22601.591987432304
106694,29619.28769344152
86646,21845.226795523726
100380,13474.604736230684
79631,34885.38983368512
83337,17678.31664490744
92866,12448.239827385869
93764,21651.514038439695
100701,14016.469529153957
85085,8966.389250372284
102731,9411.29810523473
107928,22987.208952340392
95668,25983.764427892107
86229,12051.215551750574
102872,10960.36268508183
95063,27590.17322366909
86474,23401.946255564988
80950,44609.28577159364
84432,7371.811814341107
78964,9235.134222102333
86914,24618.55700388992
97272,23241.141050073646
99757,10871.596556507006
92235,19738.348187604417
87764,10942.883651344666
81233,7013.213753256462
91506,28369.088456408197
77920,8165.78661666181
104487,26165.57080691554
102823,14022.047716172334
96590,14500.824961080834
101069,10769.615295704767
82549,11356.99237992377
77585,18620.47305670618
98854,43017.89590187969
82501,14447.536032652979
101386,9420.306498916127
86959,10011.461661016821
105135,18520.197321769203
100304,14089.315255727653
76999,21940.099955375557
93936,12548.743308978615
96755,8385.557914364315
102115,17671.616434954904
81953,8529.57036688066
80238,44324.12146282394
84324,11425.03515517595
105850,16335.588361751175
86327,11297.853536407603
87989,6824.953669043469
93530,36417.3108994952
99610,15280.564440830925
102129,10549.558284185889
100985,16015.035887898768
76008,45189.28541127812
77703,18568.31222194751
94691,17463.450782745058
103293,13501.200626643184
84439,14619.289644329396
77444,17378.947351154467
85455,11300.272265239053
93989,60801.15358368029
85336,10503.31450121039
100517,15858.386161445605
108179,28839.050693052654
77395,8581.847452279277
98462,12829.712424466052
84943,17060.425037813984
78028,31017.890997721974
81596,23283.026971907242
95852,30199.749864258425
88816,20017.479458919774
94448,25750.675186213713
86470,13639.303375921092
102503,9651.29129578246
105474,10949.44141567082
88119,8637.841040208152
96141,9533.84295876876
85763,11316.817234242068
105011,10844.579435443427
99747,6829.88650754537
108392,18384.150819469145
90949,14152.441907944702
105446,16012.52234244864
95792,26068.95285401355
94956,21202.553078806784
102277,6510.865921910438
77366,24012.21832636902
91112,21533.774147674456
76355,17891.20678760182
79142,20809.37179788196
103859,7233.8271056230005
82352,14536.961436169453
86826,18792.756862234106
86754,8637.841040208152
104363,7821.212189404277
93154,26758.864400651746
90930,19526.904070406632
107269,17515.818686929582
104109,6304.920725068415
100487,16062.682782844238
106527,15808.16870638101
96225,18519.188829728257
89925,11614.933239329284
76775,26234.467835832223
83082,20080.994210021472
105115,29211.009243279703
103481,8963.709727163217
105642,18184.007945193334
92703,18284.781990754942
90864,10653.14298869455
96072,9970.24231296571
98628,15164.587425806192
102378,10987.657709346182
85185,11908.808663222435
93707,28433.262154843902
98795,14664.996034144822
97577,7338.099188245723
79804,21990.71108895336
95541,14620.58117310907
78568,43422.4797387759
79608,22595.18889205547
103860,10548.96645547982
98449,14978.068736178811
91377,26518.024371288655
103436,8385.557914364315
102582,11797.60883797792
78381,14373.726189335774
90999,14600.22251210772
89764,13776.663956473758
99515,10097.946978133481
89133,8234.498696729603
81859,23405.974723733616
108005,11595.858366094175
103733,11777.902282941915
105155,18250.944781273127
100185,6019.68641719914
102347,13439.46738140164
107943,13472.719401099901
104445,10391.017139861287
90149,24504.29958041818
106593,14442.569667090445
94733,16665.695274698373
91481,26670.906434635108
100201,10783.73050453328
94149,17516.99056330405
101639,6557.759667683554
81577,27156.71494133631
80120,22991.321047907735
85995,9442.703090686355
85199,12328.488848756228
85909,15842.35703226636
78676,26050.555346761055
91948,31575.088725020927
88041,14333.544998384403
92848,23577.113404389318
87598,8601.357377996705
83613,15437.764098326998
85054,10479.447075046777
96903,13247.152625700555
78725,12300.131110145536
94869,29368.225822575954
89121,7913.136696068639
79858,65195.067223705686
89079,17346.46768547479
77639,35491.964760811024
84498,8913.317340305794
90431,18164.797889298035
80553,11921.091719973583
90257,8035.579082723515
91607,24685.26162293098
82794,11411.185384632767
79243,34423.07487118153
93687,19648.088034861015
91774,25180.856136001126
104622,8209.197690745754
94152,6909.977417436988
107441,17058.96344952641
96359,10751.806411486841
105873,17314.33376984247
82415,12045.676093171378
106807,10535.312896117846
82732,4793.426846262998
105350,16550.011402604006
107206,10942.55865197054
82693,10503.509994048889
101998,10551.953002893186
107032,22818.99384383871
88200,14536.961436169453
105801,12712.700849802934
86649,10503.509994048889
104334,20424.08496191487
101972,7863.027381401474
99530,9541.56669265227
96201,17361.63366604154
105972,7765.139045068511
100425,10228.589195236711
106763,24441.081101983855
90434,8527.53376538735
88690,12048.629350197727
88747,11079.109773622486
92158,14804.876744906796
104298,19010.561521704425
91527,19985.595857486045
91731,17810.03205153024
89575,8054.229413689138
107525,15396.443017639183
80805,17918.51328814208
87001,14869.524483738509
76256,31017.890997721974
106726,14828.14101882652
100912,14781.16554730229
78223,18783.526980933115
78232,39777.80847533188
79424,19221.38762449666
83551,15104.782787149656
98945,6860.357738425252
101673,10689.50108562667
108525,11328.50426671226
92543,46397.503160492204
92373,18501.224550382234
96994,4350.689569280318
80957,23822.30414453163
104185,11435.49847333643
107318,22717.668751704816
89348,11272.56255437828
108046,23262.260920070625
107385,17091.76663332613
104247,23489.75793049725
79675,24517.012722342726
95374,20109.644215845117
108422,10310.433072267208
76584,32212.74305893619
94645,16068.286270113622
87779,8694.106147295344
76043,16910.955623817565
101605,13546.966577121848
83501,19014.378967807064
95444,22333.34525820595
92724,42976.08624691619
101099,15092.705608005972
105469,9946.618652618872
78289,26231.58809815021
90064,14850.36297131338
93527,12579.215687715772
102951,13281.7842536758
95138,18785.433353598004
90436,19242.29602459676
86900,11612.782244319276
107779,15927.783971523475
98096,7835.318092211527
89305,11106.96901006918
81735,13745.573374686348
91537,17073.264477722558
79302,14716.043220969239
106769,15431.007377219901
105306,10210.817494376342
106670,18462.934200124033
80113,30087.68547600524
87168,17620.61448968175
90710,9169.166107803048
90995,14793.611490515335
96388,15298.044116678819
88029,11834.564301451857
92389,14757.104027625655
102649,12165.029956851735
97530,10087.221529848308
88501,14401.435723567238
80998,23855.77887592085
89624,10221.872179803897
83063,14628.3422353832
90128,11985.5128969898
104897,9915.257938287701
85490,23501.646423331422
99453,19803.755555600233
107743,11685.065844792776
105662,17345.352053893617
89186,17403.174875549084
93355,21805.77302508899
100497,11800.41304496029
104389,14809.212518953787
104476,13656.42030366766
94822,16835.354692978548
102639,8958.129412323558
86493,8722.568445648656
95602,27294.814914118506
86924,9710.316921847643
81852,12024.6438722103
102319,14440.050177689664
107863,10881.457375531607
82938,14873.265360969039
89666,8792.94047160197
92812,24946.484202707314
97393,9672.971650807242
92386,24656.2051092786
77152,9920.834034062678
107259,19515.194671848712
90094,10230.36067437226
103704,17319.998389493358
107194,20508.535780564394
86326,12536.893744897601
84993,10490.122248239515
83853,7085.938372198216
98484,21353.791385513483
91880,22795.525307977867
89715,8228.167591802454
101393,9943.5981817136
87375,8647.493747755376
81722,18663.640226024672
91249,14364.897330097043
103603,14456.857480327977
96576,12152.480349582012
77094,12110.453208311596
97706,18389.116144097163
76932,9987.602132826036
86648,18071.489698901045
95671,20027.016325169825
87831,15614.822490828738
82577,11946.396557704998
87475,10503.509994048889
99557,8670.244727149271
82882,6349.989345862485
97798,12231.622957540816
99009,27068.275969454047
98120,11952.26844987133
86637,11209.556756746784
91310,17411.33410425077
101677,14017.93308893364
105146,9870.14167675055
99727,15510.549135025884
84169,6744.112716954275
91121,16748.704878440254
87151,9821.278707124393
107732,15877.471147968785
77136,34211.88788057229
77148,4947.250490979155
104946,14037.447105124027
88249,10479.447075046777
105127,16197.586525724071
89504,22098.653394568046
81927,23096.721141978705
86452,16010.776370585836
78250,11012.793524240762
85921,23393.599086654125
81378,14069.888678235327
106286,11947.95944337807
82085,18049.346466407886
100957,13283.886109268358
98903,8711.690945058213
93994,28414.335608925703
95727,35667.31716255602
102483,15865.313989919581
85566,22646.14848185962
97406,7619.787887232419
76120,9326.788403937768
101642,10956.918123159903
86245,8213.46210113175
82830,15229.156582045996
85386,11025.326209421082
102072,12278.439319710928
81015,16545.000163045363
76016,23736.18281574204
103157,19465.522365385023
85980,11917.008121172568
107548,21910.02690244961
83411,14626.00569289798
99745,10130.815204807464
103338,11151.570416423834
100366,10081.59445416193
107718,21140.203869862013
91888,20028.420179313558
106559,8557.462267304372
102293,14737.438127706284
88007,17395.27994722691
100545,16242.603991562963
81498,19418.573904437002
81632,53476.84237759609
102626,7577.992848930062
91621,20086.846797115544
88591,9229.451465711525
87743,4567.551979468497
79289,26194.642799829577
79813,26231.58809815021
93561,36311.93812706959
99218,8320.694442856795
83575,25756.577011918038
86909,10725.763569211293
81952,9977.953530391605
82101,28243.916578839406
79912,15221.386947880083
106129,12031.474536148147
103614,11526.964439618223
108271,8567.288263363442
88813,8637.841040208152
105533,27601.76233817019
97693,14550.70953521184
106423,11067.1896458967
88858,12363.211172860823
79568,25543.069222065107
78667,41361.50889551103
106744,20798.967060204093
79183,22316.554293587462
92329,17682.94188220363
93551,72868.23122076469
84807,8129.296300523555
106251,19726.242305564472
86816,9443.16089808256
85547,10595.930249213294
101577,10155.559434002007
103281,8722.867647863444
101919,11884.103043365765
97281,9670.577273168043
85353,22281.300559682844
99143,9523.642297004733
89606,15200.980436957012
108144,14495.390682611716
94628,20154.304165592286
78418,27557.641475920278
90238,19484.648963406482
97412,12507.82200552184
95368,19450.40616002038
80945,27137.0356332629
101657,14568.65375087435
92454,25146.729003762546
79075,9244.50641951224
81257,14472.479544976148
99019,12446.501796831995
91946,11722.16686068437
100356,8347.261687483622
88464,10684.00560534139
82081,17502.52188230804
97199,10097.946978133481
99762,12076.968407335973
101497,8305.527805829526
83716,12876.19666982633
99067,16008.970518051925
107895,17667.86201791156
84198,4690.259313459625
106770,25585.037983213104
87767,13460.91973510945
102945,13252.673914613792
95956,20402.771612556346
81644,22961.04392256077
86278,9687.746260236836
79399,12287.414322965458
80474,15540.841566470548
94588,26757.87144745602
108471,15072.714555189106
93417,12717.487777491488
104702,20981.33965482572
84151,7076.077403016127
76589,12483.354710759668
104490,8257.461607530167
86365,8165.285060154852
90620,8210.816431975087
81071,44658.091354253775
92311,23670.059210239328
103019,8573.820710212616
100231,15347.827844801232
83298,14910.574429847968
97958,18009.298677933213
95436,25316.833265410838
85413,14875.139858242612
104619,13706.851996230911
84835,6822.176646435456
86314,12470.39212911855
91780,31451.120470670063
88338,12371.699667429186
98012,9495.272811426374
91161,17674.216837832508
108156,6481.112210444134
80607,16734.913260669757
105607,18279.46398560121
106586,9520.202421309652
93442,7006.432567815474
101779,12607.686525144265
86324,10503.509994048889
101056,10475.869405631673
89524,9669.390667215519
96619,7870.258823013072
102914,4420.988846914045
105085,23487.996045379004
88414,17198.834427038546
94174,14245.602923226377
77296,14227.718678892037
93567,18226.915184646303
90823,11278.59302221714
83440,8316.978648701577
91053,20916.921977201207
87349,13242.23863509237
93853,14085.108204925305
88334,9466.590074695032
97251,18169.545511949796
108429,26232.01562682884
90331,14377.165868138509
86234,10008.16845134
102632,8715.211014754612
82553,8859.994784703791
105227,19640.577524907218
76476,11207.765258354364
99277,8329.529022946019
107214,13413.856874945413
101622,10783.493050320147
91446,16537.364770919965
102009,14901.753843668012
87852,8472.644283739524
93868,20147.285421068576
106100,20858.61892156003
84477,13392.3144783282
90371,9484.919476358513
101643,9462.70968292322
92270,29240.874962986272
91036,25048.464729682746
93120,12579.215687715772
96986,11028.076341379672
88712,14412.910501652435
107673,10032.087558256557
94689,42285.10434376969
91664,26278.840722434215
101139,8450.320788881865
100211,13280.14433714604
84843,13887.837252784413
99077,16323.267759116612
86601,10058.609979202225
82207,23468.677791376354
83457,10027.250420911558
78306,34632.664012284025
102397,10444.939086123954
103423,13791.095861008464
105818,7086.859776270283
97146,14467.421742543505
95680,17389.40629263763
102459,8367.275355658423
107092,14126.22682559675
92734,34476.277570358645
95647,31277.904933670132
77576,10740.325891901242
101530,14409.600346195903
87264,7922.182671019605
88978,15556.364793992736
86197,8673.25672046624
107810,20817.92815255023
81681,19903.167894849194
105951,11571.172137241001
103476,13274.828619902584
100268,6372.1995278953755
92647,19918.21838376673
80498,19954.005241799197
90634,22260.08061115809
86670,19383.46008474923
108110,6671.019950024642
83881,11964.390158486345
77006,10431.462822243624
83528,18158.36868984002
86178,7481.425519837552
105430,7867.635613832615
84321,18956.8285604193
90491,17111.578606137813
86339,15656.453250961074
92286,24274.051228390807
101926,17603.66317167314
106776,17325.762396042264
82619,18155.72758189067
79817,11515.359655721604
79626,18275.45755809418
87043,15355.881350129228
106571,14578.994957145062
87059,14779.54508737794
97729,10330.975040716039
100298,10588.466261792179
98256,11957.660484419317
97907,8385.557914364315
95953,20990.160510146656
91657,61796.575522607105
101343,17505.536720501226
82111,52541.41347927504
108388,11537.842775893776
88818,15831.685688857866
77029,31017.890997721974
104074,24499.945797317
86201,8018.270634532608
81545,19461.401100956355
87713,14802.659508021907
92371,22304.35159544471
77156,9914.801410343407
76880,21761.96040211702
88282,12347.645120508181
96654,31612.430482187538
97866,26184.938181559904
90293,7166.393219258347
91292,21709.794565810884
77320,16318.607449173342
90383,9393.345344955695
100241,11234.331288838814
107973,8432.342765268593
79074,25401.950133893424
92862,18249.98704798083
96379,15190.173602316669
100683,11673.246117608536
76236,33442.159791270555
99113,14864.845842404937
100305,9651.355592725744
86570,9909.139763122435
93251,12531.536267398997
95890,18361.10873850167
104632,26167.857027917154
84213,22293.875702750087
107818,23471.577987576093
101521,12681.050676456072
83053,17446.640617970363
92890,20985.574986316835
107449,11980.595731906822
84022,11322.111211955777
90915,19915.68376355145
80324,44729.75180988827
81352,19223.53907452139
94642,21591.291947348825
76123,27180.472574974072
79202,24499.945797317
104174,26225.889777934954
91030,24610.124435319864
107033,15607.284915783071
102759,8217.823327981689
102192,11982.333884903488
101885,10232.254619795967
97716,15652.135042754939
81631,10900.374270611792
81759,22988.44131022572
98702,8813.15923657329
105784,26229.13588914682
81817,23139.577109231057
86529,14227.718678892037
97857,8385.557914364315
82820,18016.116598576933
79072,19653.728380063494
92301,24497.076005712694
80309,13909.848952813232
102835,7835.330299112444
93599,16152.633469070475
90253,14308.148747430636
92875,24595.52384551738
83698,11612.782244319276
104398,50428.98098974968
96860,27683.526842650095
105925,29835.073426281953
97861,8635.195371051486
80226,24524.317380561428
92699,15993.924250239359
85949,9619.720576916621
92215,23794.723451243062
84214,16489.550742922704
106157,12924.757627256215
87047,17440.78640251102
102413,11285.910836154742
97955,11803.125856119063
81441,22991.321047907735
101029,14409.600346195903
91634,22152.47998841255
84859,9514.706440776865
93328,21784.37586674696
97318,11446.467934465289
108048,14832.829877855904
97815,8112.822450714802
101921,8698.720220103563
96260,6825.249838381397
93491,14627.977670200253
95257,14669.107489688626
83326,30332.758566474175
82475,17946.231762359515
107393,9806.02592924693
94132,21867.329483302896
103233,14013.913780650391
88140,10829.947733042804
88395,8967.585230853025
95094,85853.48687920815
95939,22196.562042109937
108234,10232.370195082005
78788,23294.463853385914
93021,17751.905762227358
98301,23407.436190871107
104221,8433.754159436474
92384,24264.565940628105
76288,25043.107300287265
99805,14550.81067321939
90900,12608.017946682197
77888,25354.40928485902
100126,10408.550942472348
82197,39202.61405055627
90987,12351.296687909275
105383,20000.42266463228
100476,10280.420739072537
104238,8432.342765268593
89211,12360.349251221496
97794,7333.205615119142
105692,27938.640534842525
98699,13818.645461107639
104212,18763.38857884348
107544,10772.4474389206
107748,11552.19050779085
103427,9561.682835355397
84063,6886.316691832994
98384,10877.358817787843
91209,14306.52480801021
101379,9438.465942622215
78090,50148.455539415394
88321,15508.823628987107
78786,12114.18749872176
90751,10100.309403694706
85706,17552.559077655023
100853,10246.977859310486
106131,17158.79911454113
89397,10772.427380710269
76263,6983.981859450798
108441,35867.11275672203
88221,10886.084415709345
92526,22335.284879574134
81169,29828.50834814422
99853,13700.308303129703
105516,8431.108347895852
85227,11235.326305061568
101567,9999.28283033517
84331,13960.053749612449
78187,27038.627677170585
94441,16275.604221823229
100067,8970.855663045802
84660,13427.1540421706
98951,21521.08137104171
93815,9635.986347628414
76848,12465.771485215992
83378,11915.831887452438
79966,7366.190991803974
98219,12065.476082586165
89076,11892.01354192085
86619,15271.657186944412
106225,18132.695259753356
76793,28618.88263536688
88351,10320.677874221783
107927,19889.6018640796
93374,21776.85433950802
84067,13382.390893352245
100355,18075.056243418
82099,36780.34802568265
96457,14444.99726315362
103061,18357.86250691348
89169,18297.438711606675
97340,9669.794837617805
82912,19994.38786140872
82266,16133.446256798108
78561,46003.30241553306
100839,6494.772210820209
85302,6888.038418085053
99375,14724.678776913433
99881,8357.946309242054
88083,7333.205615119142
86412,9403.110682477727
84852,9697.303132591413
89087,15834.869473812898
77702,52447.12263514415
94308,22919.339982797614
100896,8519.15557017828
88225,9036.558017643496
89796,6991.904659995739
101985,7854.7001950056665
77360,20931.950857710017
92220,25180.856136001126
83866,15148.00167211223
103140,7869.456709217526
78348,14249.66124777036
95353,24496.53460505259
81413,14163.552499068743
77106,18623.459832662298
103700,15395.47411745362
88524,10676.109355149236
87461,12518.608245248208
78565,28783.46101438821
82507,10854.354974294407
95578,23577.616044731265
91998,20115.972766842457
98342,13546.818646750375
96413,16430.892893556826
78273,30996.735254044168
105735,17203.67257726349
83640,17512.194685919192
100599,10246.977859310486
108024,28575.917603101367
85550,22584.406932535225
82875,15650.90494981261
93272,14071.977141239327
87870,12743.635272292542
83279,11324.509225146423
105742,17685.339704852828
96152,31123.88925559719
97215,18117.556485520545
76322,46780.506081815925
104938,13483.550205102976
81197,12348.674472400322
94638,13117.203051742355
78474,27585.68825639694
78282,15741.817972623327
83765,13364.044705638815
81798,21473.253884204303
84877,11090.566788639264
107924,11382.427388018406
107870,10028.74666699635
86640,7018.985797641122
90317,10825.813255065274
90787,11325.255460692311
102045,8514.874234100942
95893,25016.19850477168
104067,13564.713922381741
83702,16749.318753019274
88581,19210.002216737957
76140,19190.7766311615
87782,13718.093954249782
96924,28226.184834177817
81993,31361.71206870818
92440,23121.834864788227
97803,10244.144358747279
90468,8635.195371051486
77617,26168.02301591893
108325,14253.240919785783
78387,21474.941455010943
93953,98428.18238661005
87120,12402.824382967668
103344,11491.013925533325
86899,11832.05502729487
79585,22975.753109644218
86908,9914.675252052139
101362,14737.438127706284
89150,14753.801126708018
92083,16104.331594601714
81913,17992.837079823796
86370,6738.935809347584
78733,21569.07698942288
92552,24228.601893612587
89154,15396.443017639183
97775,12445.776037260235
94930,54149.76167654814
79476,12545.612788312159
76220,11020.123900765991
98869,14972.83627870266
97474,17361.63366604154
99008,8632.16807333666
107702,23844.911244990464
102495,13813.23361356851
76423,13799.885334366327
76460,10557.999103881259
83918,11991.55523358897
90937,23447.845039347
98893,8514.210867149102
95015,66896.87239029871
94231,19907.910471711453
107866,15913.18742830938
91935,14571.580443492187
94141,24401.079202310983
84712,10332.885072164763
85125,11090.566788639264
102606,15262.22761128534
82305,18132.695259753356
83086,10588.57921261946
87329,10572.321267333265
100213,9606.705964329449
93661,23583.05169709908
95973,23577.113404389318
103243,8307.840543144004
77036,14194.217163936895
82262,7743.66301174175
103648,9890.060684212329
91920,25385.943210943355
85960,13290.51603505874
92632,28433.262154843902
97381,12441.476073696254
100466,10248.945896532263
77087,9747.138889386997
89734,14515.102660136581
83766,10673.627658858324
91812,68225.98969163653
93927,48094.31023119876
93439,12266.972224418367
98318,10942.749135085438
86863,11056.493029659074
95233,18371.068280869353
78974,15761.104956038593
89793,7439.082350294599
92799,23068.42247012852
91635,21760.694513849983
78414,9747.138889386997
90596,11178.053332963496
80519,31375.379045267753
89515,7713.811279504701
86481,14398.172258753382
92047,17393.49248384653
77635,16108.060551744102
98546,7975.13210482509
93556,11916.136860539478
76764,27214.21926033619
104600,13019.044908705495
107170,23846.456131629926
104809,12267.55004326138
104957,42016.27012939819
100565,13968.100706639938
82733,10037.955898493708
90487,7841.656148293373
104778,6258.5892648038725
106916,30863.209019162266
85771,8448.908821083549
99896,12317.308523434422
94796,13877.185763596663
105856,16280.065065787265
85845,11926.95183751765
102590,11692.143957768345
95913,37359.47288076429
104395,15985.516145167661
96422,11572.16165802052
101279,10142.0675527723
98041,7841.463279316502
90702,12423.343106551081
104988,11980.595731906822
99996,15663.261494360955
103713,10170.537603250796
79170,32232.03183769639
80452,14105.297345206152
105657,27182.106334102315
94986,20139.994258737417
106339,10876.756719761483
98568,11594.395948416182
88304,8838.85370444704
87628,12500.907208059692
92003,20179.57992023885
97111,11090.781568650309
98892,14608.69873990393
97778,11539.944785363863
95960,27631.067415814403
80575,16176.042438064618
94709,21915.185658191567
103647,10195.550283130213
87784,9915.079422454422
77344,26231.58809815021
104068,11977.472026404277
94747,22862.259835853736
82797,12157.107904505794
77079,9466.275991819639
99217,15142.064695432828
84624,10314.733144189859
79999,20257.25089466937
107791,9846.868796653886
86274,7826.685929420961
92407,13817.41716276336
98109,21353.791385513483
104428,23473.39570467971
76693,17578.83757679576
96321,8228.167591802454
107222,9870.14167675055
80693,11914.558383092251
87795,11959.674786123469
83814,11754.537977452525
85548,11849.219209920242
103252,13632.434461146484
104453,17090.491726821874
80578,26119.72112808709
103826,7633.215136559614
103199,7959.897396246431
97338,11289.160787695584
107287,10867.251524815869
77059,28673.668267761463
93965,16811.421175354324
89513,9675.27798977754
83064,9740.576355784808
103490,13509.891848545925
99116,8385.557914364315
99690,13645.375296690254
96405,8642.79299011254
96969,8385.557914364315
84317,19198.547749199297
86480,16069.23690817306
78305,45210.324403086524
96458,19908.743550060044
96847,10010.611984906851
87888,11759.365126461713
92753,36382.698075998356
84191,8193.790742145367
84830,11889.016777226865
100910,11935.07102092409
94969,42215.01652697395
89103,9996.250543817405
93092,18272.87118751015
106511,12454.187762721753
100549,17333.58674385717
90741,14709.701747406418
78118,12196.752331870115
94087,13963.647233110778
87584,17807.014349966226
107254,11072.489139400475
105985,19503.98614596394
88323,13928.998896487838
105221,11915.275168269969
101901,14089.315255727653
90944,34268.33564171397
98634,10130.815204807464
94057,17744.873567078652
77391,10495.95360915362
77284,39873.37776263975
95838,29696.197188730155
105720,9997.112135177726
97257,27145.386149767517
96339,8358.765539521799
81848,26130.697633254767
79581,26060.389630244525
97762,11060.907875746214
101710,8642.786421893148
104892,8433.754159436474
98689,14579.052118492684
102340,9082.295861077373
103335,15131.502731316714
80348,18565.178461175496
101717,6014.169985656004
84797,17364.793103135104
80101,20037.052565701673
83224,16133.243997846259
93736,12306.260902784017
78612,11640.029197706732
80009,12303.445960399295
90246,11985.5128969898
83348,17357.36533992949
102263,12460.654354031736
84153,18498.105504482017
90556,15777.502863312006
83726,8694.106147295344
86153,7181.630279001721
99219,15510.549135025884
79008,21091.88991296429
76574,14570.277404207327
93345,11567.984061687443
89271,18892.379813150303
84424,17406.753388481495
104788,20837.64876765291
96178,17327.017779157188
90344,15015.294038444115
105532,24874.051892365438
83994,10479.447075046777
91151,24457.972639319487
77889,28618.88263536688
76382,19874.903452198592
97738,8393.15553342537
86371,13242.23863509237
79800,42298.23500052446
79323,22601.591987432304
88652,11029.734778625287
94397,20092.802232538885
80125,12285.301596272562
103621,9850.941125917689
103073,9151.312978096968
104977,20783.962014664325
101232,11777.902282941915
92921,14688.04536209786
96524,15712.211708777706
108206,7086.859776270283
98011,12446.501796831995
82282,46601.20126319984
92162,9273.532196270586
91162,22435.81922692211
98222,7705.529758372691
106388,25995.977973935744
76194,10574.461673503862
93165,14291.71902296857
77080,20157.05815815628
88188,12624.7843272108
95987,12484.661622672014
82919,22169.91857274056
106334,8068.568146103438
92868,25175.164486749567
83314,13765.30338455494
83498,15446.00741692923
99081,10973.469873375243
101875,11933.13400828181
76353,34938.998828908654
97969,23016.92744236172
86292,18960.610927383666
76622,27196.110116278705
103480,17601.61400638928
85818,13915.8650054478
83971,11950.928517238433
97382,17658.43023893767
101439,10368.721599239936
96661,12201.576154712086
77795,9545.029159416705
105731,19853.889476665296
91696,15018.487337623683
93939,19348.53331803658
97415,12489.21994793204
103354,10551.953002893186
98909,18648.322491872346
78125,13341.690785043958
106866,8067.193004396774
98910,8226.756197634573
106208,23262.260920070625
89885,11510.904714569044
76580,7989.0952142008855
95892,17452.887705547302
91957,18339.79514325746
99645,10246.977859310486
79562,44649.14258399737
82838,8221.703414511096
101076,10780.733038224906
81361,22959.071425332862
108419,15345.46401724866
93085,13735.285738820021
104426,17314.33376984247
88313,12002.75489526963
104866,13138.636637769701
101788,9058.25684478037
103172,11943.03336291445
98374,20188.525894093887
107111,22130.786607279093
93480,15437.999557414294
94099,42363.143578988456
100358,11173.194027729494
82106,30885.208421916836
92783,27548.638226648738
95978,14390.162661157692
79394,16157.1632206347
81521,22601.591987432304
88260,7373.193719957329
98649,8670.244727149271
81422,23072.99031306913
86500,10978.46464618859
92997,13511.193088223656
107940,10949.427567896524
80225,51026.10705275013
94805,25862.21691243086
88709,14227.718678892037
106470,9870.545847152836
78835,17377.971536706584
90721,11854.654795695475
105429,43026.24220297054
107998,27427.12919701806
89287,10050.308782171616
77311,14227.718678892037
87200,15396.443017639183
95348,13540.396870565388
83148,15037.187655712369
100616,11962.368275793075
81487,46591.91850271149
85031,10503.509994048889
86761,9967.864099243157
108219,21084.6084721835
106290,12366.956882593195
81428,10239.064385123418
94572,25150.68022407152
99173,10327.267076461903
85760,8595.286623501728
89013,27887.095716631087
85726,15339.610666518205
98647,12033.821904775727
76300,32069.630431183687
76204,10125.575754637046
99199,23682.204621030607
81833,16095.720512999762
79245,30708.342346090372
83196,8679.676592532429
85013,7750.741603083434
99200,10132.908514172153
96238,16742.04997027951
96548,29599.747642453927
104251,21123.042572139802
91169,25277.121714662662
91530,19250.067582680607
103143,9022.611953067815
106804,10702.064085175238
108066,21638.91528807929
76048,34412.322418130796
75977,12070.657536061111
96347,12136.200078605078
90190,18221.895886562343
77081,26132.739856939363
83861,6555.105934922766
100546,9420.269216664386
78182,23524.878211412513
89589,11134.972040190201
85606,8698.680667621678
78359,18852.114505206046
97559,14203.922471964777
76721,17413.002728796615
88097,22275.792128536417
87435,7076.077403016127
80798,13152.798510640132
90537,9157.535182067155
100528,8754.703287757857
106401,24511.99367420331
81910,15826.572064032564
92691,25697.819747159036
100615,9003.795452859193
77234,46365.69197978003
78332,26231.58809815021
77572,9862.17983586182
90150,9675.301016826961
105917,11984.389231794523
76449,21767.071711254346
93412,16496.0178307913
86269,13948.181554749342
87995,7737.359686402108
100075,8844.13216595451
80021,44684.19359938518
90343,12186.39191120997
106349,8795.194086036885
87255,11814.845397574054
85507,14875.139858242612
76232,9400.526233947014
106308,13154.42437063846
92289,22167.02329529428
104499,28067.75579650238
81788,12147.96743973724
100405,13288.663986586305
106380,11394.18988107855
81018,18463.062141389477
83259,12346.134222311142
94489,25168.694389685104
92430,24401.079202310983
82401,10406.291645187854
79510,45086.345208375846
84456,19227.654118041053
98445,14279.286723640082
88466,14009.487072132995
94340,17660.90708381245
104411,18462.934200124033
85378,12013.948365603597
93363,24578.227952801004
108217,22253.187332563033
84003,8636.429646040271
78674,10667.351896894155
83754,11439.250184086306
107659,36209.84537386408
104134,11705.28998132456
80428,16334.983997827083
107034,8683.47663342805
105024,21268.786784929962
105501,12039.838311889227
100183,13485.1803910078
96262,14387.552756031744
102419,11008.255247652305
76520,13688.55500059798
87564,7864.044796395893
95034,18796.33058122717
102071,19738.518126056337
92236,27598.39401174583
108245,13464.44947476483
90472,8428.403108861608
91733,18761.254813981766
86418,12949.53828716641
91544,17399.22678578583
108294,8189.200719377765
103067,14128.84301005441
87683,11409.64446305839
99427,9125.966423299695
78592,13331.45675518764
79477,23073.885545878922
100575,8150.970749289768
103629,16108.650888212134
86341,16924.135071893947
87901,8212.05070696387
100467,11098.722037955711
77769,9624.91315414846
90466,12572.156017394012
105120,30833.213299016243
94434,24491.45073735044
90333,14388.720879277122
100483,9728.087278731353
91083,19456.46089557928
86536,10338.885226617353
108361,14058.897127410079
102652,13904.339546418187
84120,10720.060095453988
99541,12008.975272841779
80658,12265.230997943023
96028,30246.689602370065
82478,8887.538066550162
99296,16079.39067677806
92923,19308.085988512456
84564,15542.279422038919
83515,11991.55523358897
80070,33612.825678499605
104027,23047.89083587853
79391,19217.87319154493
108108,9827.763329564528
99156,8320.694442856795
94668,14152.546561088999
107534,9712.113422868113
88509,11959.110305911663
78713,31013.716330342726
95033,24798.533316863595
105878,14715.578174080429
84590,12407.818237568667
104297,17825.445973001475
93140,21771.870193252063
95943,41742.70883250895
87298,18346.30193817459
105774,11532.319386783813
98658,6966.648006489505
87070,18291.86080334231
99465,7811.938355055439
105845,9342.806636365414
85369,25037.14815047525
83600,7078.94651971172
93030,31460.41086176704
82159,25916.07759316639
88527,10445.593154165384
94866,12266.972224418367
81680,26067.93765253474
85293,12317.51589146848
83020,12892.018897993577
92112,18136.27926854132
97809,8385.557914364315
83970,8060.792664921963
86745,13702.241978196354
100652,13894.207283753594
78837,23337.73690036128
96354,10027.023987163744
90084,14749.070632747327
84838,14421.685283345723
90416,19217.71241290462
82908,8574.955420753278
81469,21602.17549258758
97939,11596.689231869204
84109,4941.548697409001
94042,37337.0996337217
78843,12120.8599882242
94386,28486.700893001387
79961,36734.507224879664
98556,14973.865611515805
78323,15861.16316444189
98349,12440.999365027936
104599,10422.749519189647
92804,12857.06242211023
81485,18454.741279432572
86984,10649.964970423947
84902,11607.89615909095
87230,14870.82067910546
101698,10771.328609950757
81187,28167.02859717147
91728,21956.515896775745
90136,23345.228000171155
96483,9663.884793507494
103424,15122.134730198011
85712,14432.264289102992
85509,9756.610092305318
79976,22355.168637514224
93406,18936.31665757314
84108,12423.930698386965
82598,10167.281284110923
88086,8388.203583520979
78975,51984.14387876811
78989,22353.61667082034
93597,15788.076245283612
76707,22578.47726224718
99370,21531.70758546473
90372,11651.611426818363
97227,17684.977584404758
93053,29478.525261377283
99724,10132.908514172153
101261,10223.381725813173
85273,8637.841040208152
105019,22601.591987432304
107234,11936.176707656923
80816,30804.856293134308
101175,9995.237906196047
105866,42512.3999016082
96858,10651.893828648082
96226,8632.549559510864
97454,20000.623435479625
94540,24075.191238258245
99937,14031.705293486064
96637,15971.807873816248
82607,11907.496856600561
107708,23489.75793049725
104404,22953.022129409597
80758,10793.32603812531
99346,15510.549135025884
100310,15425.258687836094
91670,23981.772115564167
91353,22579.266513666753
96061,12444.938919357028
88206,14948.248193626956
101814,8028.592659867546
82298,9129.954513703324
94958,18383.158382931506
80444,26130.697633254767
93957,22392.8768370629
100830,8516.499605621138
82523,10081.861351159829
96073,9544.059838331257
87933,16029.29065791239
100553,11793.525920950842
86623,14578.994957145062
87445,9411.606669932988
87890,9442.757768545789
103149,15262.22761128534
102862,10391.241565632568
77553,18863.134707446563
104728,14536.961436169453
77884,30992.56058666492
85105,18446.893562847315
76064,34412.322418130796
86071,8589.558079855795
97148,17404.747464536464
76161,18516.536913267348
82950,7235.095617189577
87334,9459.929408245986
104120,14247.136398204764
104591,7908.125945357344
106665,16757.982539563385
103766,10315.89261398585
104087,8111.132389664058
95947,41851.943550043965
87165,7028.575066629361
76294,26099.04346874317
108455,18813.06204759139
85399,12493.675662438724
84698,11041.103619517955
80713,12301.74726576016
85799,9666.253775457097
100254,11076.87723718333
80264,10464.200466499437
94211,12047.341353562217
98839,20178.818328769434
99631,21106.906661486486
81506,28255.264142812943
76167,12809.497021436102
91308,48370.92373495349
78803,19075.466850482077
92010,14399.05231001635
99424,8385.557914364315
82042,16369.808492237871
89760,11502.567311399132
78489,23300.685392777756
102712,11286.941280940524
90935,24888.691951992034
102912,11985.264284708725
99041,7686.954395174149
79903,36388.601394945006
96670,8633.783976883606
76729,28783.46101438821
91107,27431.356553284968
87286,12951.85163653199
102303,11165.46729405393
106623,20982.75403821809
86955,16068.286270113622
90173,23101.970240532344
99829,7893.39988110269
106155,12979.1744680208
95426,47358.482546181636
82218,21854.368576941695
97534,7372.961827266428
104186,14125.232122751599
94450,21540.60621111751
77720,28229.06457185983
83278,10635.860980703512
90401,20011.39610868773
95842,19985.595857486045
77025,8901.791473274467
88288,13701.262257165206
83552,18897.628590367734
91467,25054.98318104288
78417,19705.0774961266
81312,25425.93594379067
106656,14541.23746495793
93396,22466.420113352116
89063,8637.841040208152
94830,16463.390090919238
98183,6793.398885725984
101338,11370.700567800997
86784,10202.095089315277
99315,12420.15709401872
100058,7622.135368924996
89181,15991.391166405372
92271,23743.285052722717
97562,10316.184842410032
79601,12096.921992813835
95361,14804.876744906796
82021,21472.113362135387
80766,12097.877419228524
107591,17116.56098121919
97689,10081.65103109175
77322,17735.172723859207
83942,9914.675252052139
80703,32810.07568643409
84304,10934.57209016442
92976,24293.603005989728
104652,9463.714950772435
81684,24456.332866242683
90189,18408.787695184405
92960,35865.09826858572
91335,21671.969447442636
105310,18759.73769103406
97940,11239.716642565996
79726,23422.871553349138
97677,17502.433394295833
76868,18740.411613717006
82008,50572.34486774791
96078,19224.79235134367
87835,14870.82067910546
79247,17613.881483059256
77781,8101.99703864925
83214,13013.384563419471
108215,26239.584721452844
93824,27312.043911534
80787,12447.051592284479
91615,26406.890611298015
80389,23414.83567791327
103596,12666.571445062938
105821,20763.769255245323
82476,8337.092180928435
95265,16843.285095076135
98399,19159.718795517525
76238,48318.11345918801
99100,7867.659555015182
104714,8290.808757170733
90919,9563.246026585057
83623,23281.31162174
104865,10518.133118895843
82002,19762.053573880148
78910,18863.134707446563
95502,25624.366273582516
103857,10290.912057709667
97624,14066.630461781606
85720,10024.821199792646
96531,10292.349170711062
83085,15026.995970999556
107580,20753.143040822302
100283,10993.957325670746
82635,10764.040773244677
83319,9976.435658058761
82752,17463.713122036454
89036,17599.04814354653
83309,11764.671956029408
91103,21791.199726510848
78064,77318.31467610037
93250,30213.07296372392
104512,20599.171391677664
79857,11734.309557888148
105526,15971.817948930038
95901,25180.856136001126
88558,10604.124926288272
106352,19735.678681578942
77802,16969.36166991994
87315,8386.792189353098
78742,26774.382115957138
102737,12251.100429875043
102515,8596.10326658188
89811,7870.258823013072
83376,19895.25048639382
81478,26127.817895572753
90640,20600.2791785181
77782,9812.995230358316
95954,18390.5679458542
102593,10991.10227126811
103795,11746.564894217992
90806,12366.918313566011
89657,20308.661552763682
86003,12028.948137367404
95380,18381.04115113771
105152,14179.861569396218
89783,12392.556475801443
94941,12141.47349392307
97059,9572.89446623143
94104,29223.245448109243
108398,8951.45261156999
84930,8015.118621396653
107156,18367.96080703727
95687,16191.031752039738
97033,9428.757711232749
103036,12407.921073187032
85849,10351.86132611122
103638,11864.23363322829
76938,39019.806250095455
86884,12140.736868324306
88711,12874.152617246378
105179,26229.13588914682
103858,12643.592245800686
105362,28381.99229098099
77038,18999.487191343404
98935,14276.431000780889
83763,11887.728340045709
106254,20013.06996282157
96326,22601.591987432304
91225,31602.48513356572
90336,13156.245963672416
99070,9781.29420057244
88213,12848.24202686285
80925,44729.75180988827
99202,15510.549135025884
98190,8230.359693496603
93632,12300.755263999008
103377,9643.027229755107
106788,19853.889476665296
104266,22955.826978484987
97957,7906.3382993220785
79055,24479.925236354135
99963,11759.610879831063
104883,14178.523046841177
77565,13552.094783687677
104641,9268.998060445176
92456,25387.433975276686
90989,32855.13582182805
96336,8651.978710922398
75990,12843.392080650709
81685,23570.225161954986
93610,26896.809879517827
92156,22163.257081339958
98823,15137.576393239924
92141,37076.61828185565
87756,9525.847540990615
87211,11494.38924350074
93983,24179.994341498536
87098,10272.895413654715
88453,19179.807770415526
78408,13279.626329266192
82661,10490.19320561196
105658,8615.656769239213
82377,11810.693573311588
86738,15126.05963355464
90498,10001.741947914154
96128,19338.390655743104
81136,20073.9850276416
96840,11106.201542348048
104970,21535.303217235563
102228,10549.558284185889
77466,13611.727429075183
77981,10153.724157672405
94406,51762.998732960725
107110,10474.972966207799
106442,19508.914352587442
90593,11116.123603315551
85731,10672.136732238685
91243,20023.58497290838
88327,16322.899767710862
101596,12382.365473151764
91216,26397.584295596793
82093,46297.14695460786
106882,17107.63413257033
89713,11112.197088232218
93144,15940.607383529356
88299,16349.851121728403
78242,16869.86769733575
93200,23232.287272298472
97874,12456.425237443642
93836,37653.12597821515
77774,22204.658128219427
94322,22032.41950109279
98230,14858.824356908179
96006,12379.924191170889
85959,16020.321361487799
88398,20137.041682956115
99305,7862.844487760762
86936,11531.038908597357
107147,14530.096714978767
89432,15910.54813379421
104475,16331.881871911963
93164,14351.07814162856
77276,12415.568635078142
107454,15863.82086111663
89979,23681.437342724934
105360,8190.435136750508
88586,10503.509994048889
84105,14590.94346094798
104625,13868.519901021673
78707,20809.37179788196
98962,6569.210216586661
105679,7101.530893634213
107418,13300.138693984449
93072,67035.39537797359
78519,9748.531223458473
98281,18026.327367681937
99872,9304.699682551083
99188,6376.649078365352
102719,12109.601652230827
107129,9741.648747770123
86785,15938.665886464125
80533,16877.074393888754
78168,19232.620204433668
96300,29599.747642453927
85605,12002.699452589344
77676,13038.154951828217
86360,12403.89904137859
95177,41883.119846168396
77263,8164.741007525571
83488,18189.857458035287
106949,22649.144992597496
86400,11965.096731265501
103763,12610.260114208317
98495,11725.946197730531
94363,9747.63421700406
101940,10956.918123159903
81366,17580.330770635945
99546,14830.999190654127
80651,17598.226134264016
101196,13280.14433714604
102050,15470.911813751074
99804,10298.240971526104
87153,8386.281185440846
81225,16348.774580911808
76181,22081.853467142337
98469,13242.802579618796
93979,12192.037518318995
87480,19107.378740431534
76369,10290.33042198953
88375,13176.876147781672
79983,13639.921186761583
87393,15116.90254976637
88732,8722.598635912611
85383,8251.849856556968
101126,9213.659719499981
95928,17667.939278961156
103011,6558.966138497301
80083,36061.22232490627
96118,11544.041289203724
85674,11307.241237607259
82917,15942.008773084544
91143,17497.324908490857
101645,11479.571238214385
92817,14578.018610081539
97402,9732.096488645298
83885,23418.90701432869
101758,11930.343432929869
98594,11686.433590805935
102018,4350.689569280318
77568,13279.948807131868
92202,22147.27451761107
83954,14239.89460980616
92567,12122.089936571041
99006,22322.390138352283
90732,14346.658557137587
81955,11710.87214009029
82585,10505.419758655109
106285,10462.520434186872
93620,18269.476224297476
90725,14626.00569289798
92088,14230.155468337176
107174,8067.9009968241435
90304,13833.842291474599
104127,16962.713405919596
98880,11537.76989281256
83303,6479.2463092544
94770,25062.935619514425
89074,18117.91433804282
107549,18372.55974831428
99624,19454.097080399948
105181,7822.524025874584
88189,8495.304387034423
76455,18861.273704466144
101020,10771.328609950757
76745,11574.248613929403
89568,16019.958634406306
83478,9911.521311351884
85747,13301.093730248725
106272,25427.845538127734
82872,14869.524483738509
107532,10511.553301126336
90049,16028.16057202014
81364,14399.759156289107
98040,10235.774371795065
102958,16616.341912646472
79260,26127.817895572753
92243,32146.46007867888
88478,14833.38237686068
86621,19146.690103118908
104072,20982.75403821809
90813,16992.19935825304
107620,18462.934200124033
85958,8321.572306459282
91758,24500.8883059483
92388,30347.061947738985
95940,20156.591727284576
95423,24712.197659883084
78205,15194.62268773489
92781,19704.12287178524
76964,16419.032351097736
91309,21776.054100133762
87312,15115.944021471933
99960,13199.008629564154
105615,16880.354132653963
81777,14578.994957145062
90088,10227.52717380905
101916,10273.004838718343
102032,13309.653110341706
78757,32537.36288226903
85089,10503.509994048889
107536,13500.874368677942
79554,12326.922386921035
100053,13245.749550751018
102087,13992.390303165506
79180,39409.50774975117
78292,10650.466935400429
87547,21845.226795523726
96714,10451.900552493811
101388,11686.169535451185
98889,7870.138634511164
90037,13515.170630425917
95831,16328.887334566803
101678,8962.489376225198
77780,27151.883979093436
104014,13464.594457810366
105304,6801.8895771509915
77837,14811.049726030942
88541,7709.635433298182
89143,21621.776519619416
90294,19541.788676307642
94097,20057.26313845914
99108,14456.831862938423
107044,17161.57356693944
108467,19172.511525388694
88739,23358.44777800579
102441,15996.065010580143
86183,10424.4212843276
106346,12400.140247677879
84130,15215.995405786842
107757,10384.217570144596
84412,13643.670964057426
96522,30397.695255957482
79372,18625.59326015182
106945,16332.629574986246
88312,8070.152285743985
97814,14797.706661887358
94724,47126.331103498786
79892,19373.90164226687
94500,21156.932095210523
102161,14737.438127706284
85073,11971.121269036274
103316,10991.10227126811
81537,17891.613035794642
79187,30858.769415309023
93646,24760.64847743453
84942,11871.194404293905
105305,30689.76974420499
102440,10936.090396996084
99694,16052.559555554177
97189,17507.32389943016
89680,13445.420143515534
104471,11571.172137241001
98066,6741.956316582588
104541,9330.94174496828
90039,9650.360943101863
99640,14443.734924634045
85034,12553.627845058789
105699,10116.362274105895
103097,11138.39241006215
79154,24883.731340342223
79730,25997.337422118784
93954,13199.232838370455
106821,20304.408240031495
108129,11570.775243479156
81433,23214.827067581668
106810,11109.95279540233
89340,8080.164036185691
92137,25068.755355793644
89457,7731.612782473693
91797,21677.288652029754
92334,20038.951795620273
99141,17918.238054555524
104901,11662.855205698766
98189,8385.557914364315
95071,16473.250008813444
85149,14135.169406290031
83164,13658.728727691267
79589,12551.741471111784
96533,29768.446001068784
79514,25839.127225892764
97024,21842.409635212083
84010,7243.617832314618
77716,34647.92895883208
99999,8635.195371051486
91937,25103.6946716485
83222,14897.678301013031
83874,12848.835545124779
85379,9412.035264002008
80923,25213.82961087578
87263,16407.46765572364
77648,14399.759156289107
90784,21387.63167639903
76092,27180.472574974072
85877,10043.615522519176
108297,9500.791140708225
81020,32658.068454748125
80092,22989.475693182052
94008,18745.61936857886
101425,8326.07673758368
81218,24517.012722342726
102599,17421.440833495904
79959,22132.09332541316
88223,17495.690464207753
97792,13844.715099742478
98438,8632.16807333666
107986,38327.03371817347
83947,7973.618470485474
105867,17740.01036348445
107403,16619.4410447781
88885,15004.525799296263
98450,12431.355926520211
83554,8452.02595573435
92398,27179.92604104377
97238,7774.0735405907835
79115,43311.713737454804
92394,15811.315763466238
86813,11915.831887452438
106364,8068.568146103438
93974,21786.383173396076
96921,8225.52178026183
76493,9822.685868702058
76358,13235.134273633766
89895,12394.512956928409
91354,22345.570260110922
105589,19735.678681578942
96412,26232.459197280583
98970,13314.932585014609
103020,9750.587284020914
87261,17558.043163603004
76112,26194.211287899347
96166,18170.147510489336
90696,14366.524191638558
94089,25745.69103995776
78422,14688.466891333559
106298,12437.755245456503
105489,16847.662694454448
108304,26058.64829711883
102353,8562.991241460091
76411,12874.596980038441
84847,12331.742142314513
91646,12441.786821983702
76141,14478.602492397375
90730,8433.07696842811
100429,12832.510069944392
85989,8125.203735452905
105539,11914.021849283652
79951,44139.37734384076
96676,9669.390667215519
100762,7530.2632655874995
92509,24855.73006032113
79582,31437.663280617526
108529,20212.88630440286
86542,12326.325275372921
80669,13696.093052953529
99953,14004.502285056693
93023,14390.510209515463
102223,12259.774101839583
102167,8616.458695316383
84525,10934.57209016442
76654,26231.58809815021
96998,15319.377871982939
94337,16556.802816329357
105106,11386.746208929264
77494,24387.518870345226
91245,26750.086168445832
98303,20988.573876213908
96838,26225.19472949279
82064,16198.379197392464
101129,8015.624965375943
78108,14044.417301317011
95497,19462.595683703006
81175,12327.490321384315
89631,28048.91560306217
93976,20105.625433313628
86199,17610.9382215643
106842,4997.526133339828
78263,11920.22641697072
89187,13292.635761533711
104396,18925.525442851027
87198,18995.175286964386
78994,12322.989490424226
82655,15713.020902388645
76432,15718.23622877742
95404,21293.49513927458
83767,12534.385188678154
87719,9754.356452409525
105980,10396.49761735665
99851,18183.748333665426
80432,9911.339852584195
80344,28167.02859717147
83694,23124.586492423306
96247,23907.11629404638
86395,18989.803408696967
103276,9589.282062096463
80262,16477.946800255562
88698,6752.199848971293
101575,8954.674592524976
101293,6439.1460919755
76732,19413.59610907236
108287,18925.525442851027
100140,10960.36268508183
85239,11442.330508174378
85252,10858.662483297685
77174,10461.540019416354
86250,17491.688351608558
101740,14353.434673240788
108134,7298.262745483515
82406,30885.208421916836
88667,14412.910501652435
96978,9669.390667215519
78635,15124.380354327557
96572,9381.883324558206
87841,10052.51824115134
77951,17424.697904707013
77253,8346.72390680838
99102,13383.381295344836
105959,9487.533962656902
91687,26533.02362825039
83483,6818.702502677559
80361,43789.75408209342
94647,8477.675632383693
100857,8828.94489197438
82465,14159.242576805347
100672,9795.29554102487
88369,15761.698890843
89345,12045.676093171378
89610,9325.687419002954
108452,50424.898484260964
77913,49998.39839337526
94990,29292.40205438785
78501,10929.968779926467
78393,9371.011259889303
101975,9831.414785671344
93585,25425.07884520713
80079,25707.00669494406
92292,28512.295877405108
88595,10403.097352499371
107865,19591.91038133431
106687,13129.324019792795
101741,16502.642433989688
93999,17526.69777620923
107722,14836.959111892267
80167,22985.195199013848
81844,10442.501482188336
77048,13312.176342717725
107873,21480.863998008197
84939,9945.883534886594
106486,19179.930912940123
84683,17450.961820014338
83721,22547.80491703693
95371,16065.990564225453
77370,23274.74139102181
81285,22286.64068311449
92306,15722.231866171567
107739,23028.41111958245
89483,9662.420495563287
78832,16937.453852011433
95190,29131.709722980835
100747,7760.079946902968
106957,11936.176707656923
101143,9006.083701837266
92745,25163.002740433545
96890,6373.740655536371
76809,9846.838926282922
101202,11410.435804124472
98845,14381.442855574987
106599,8284.511088933647
102195,8718.866068101457
92630,24956.32194176693
94558,19310.97101454856
93959,24591.771922937703
77993,26231.58809815021
105814,23083.07966937555
90144,11324.172439538872
102474,13756.83809064418
93582,41108.312965384706
95183,20990.160510146656
102451,9723.957084770447
90109,6368.049661931623
78889,13114.531965462122
94338,16028.577652023321
88104,15667.7572442939
99955,11183.283117358202
91274,14124.194665994864
82254,26234.467835832223
94279,21371.071390593715
84677,11090.830416237986
86814,16230.074512810563
107316,21567.404566169516
108497,27088.994780265588
97403,16663.373809901754
104859,13525.492440898977
76106,26231.58809815021
77307,27793.218716832886
105083,14836.959111892267
101644,10957.785198640959
75980,23822.497772836876
80678,26073.01028854427
96987,9669.390667215519
84261,13287.827186480421
103391,11403.045806233118
84290,8163.268459020474
103179,10230.947482478441
92887,18824.965770154886
88486,11711.207422065096
95325,20399.8676715749
108122,8153.713158058128
85364,17320.032223765462
80688,36079.79543306117
84356,24474.14257925802
82717,17061.608306150465
95166,24606.565655927185
81154,14399.759156289107
105294,26252.475665421025
101409,19681.890459039798
90808,13445.420143515534
91000,25054.98318104288
107931,30884.36476284008
80058,19179.930912940123
90511,18092.348602722832
92525,27486.415192934866
90057,12628.179871793747
80266,17300.31707156558
84467,12160.554778898644
90576,19233.136825336664
82575,13952.542753075853
91601,35473.61007795855
80196,20310.625094538766
83418,12374.4600956471
97121,20008.866159565838
102024,12591.520805719547
85225,12186.059208929439
107001,25150.14290560445
82592,13525.763386628665
96681,11112.259575084212
87462,9342.419436764227
96787,17548.490038435408
98868,7338.099188245723
86472,19127.998312129595
91250,17177.308365295517
84328,10503.509994048889
101840,11653.342646460676
78225,16025.973160749552
81026,13924.119222647032
82325,16075.235344474582
106596,13308.098666575741
99810,17127.406873465217
88054,15994.664762249427
80041,35785.00813909516
102577,10057.812733845272
95870,19954.92396017812
76937,14247.870387142159
108359,13298.846862843813
102482,11099.338980940947
105228,19327.525050252836
94110,47374.63149065219
91022,41622.12267989148
84243,7330.467417800604
88868,15763.529504805301
86994,11155.575173970901
103924,10549.558284185889
102415,13316.805663974914
89954,11179.779015351856
98212,8583.885112984302
101117,10960.36268508183
103865,9212.280554970579
81944,18134.075686978627
87371,15297.684653904495
103778,7959.897396246431
84310,19128.907912607796
78146,20807.609912763714
83910,13941.98100798615
96498,35745.68330608597
103937,7629.6944260839555
97439,17645.368742900533
85156,10472.046171206006
93197,17917.285993337486
98573,9964.86818434452
96816,13988.745108234161
94610,23529.606147046423
102536,6868.0319727948145
81021,12430.530173102448
105037,17688.40969965972
82891,17440.78640251102
83601,14497.62511459637
93413,17161.574105302192
84517,11792.053270107697
98296,8671.656121317152
83442,12848.835545124779
83641,10453.775014086166
106454,26168.96341870312
88540,7738.90023358979
101350,19743.64516491262
86741,22169.91857274056
79411,42202.6171783863
81400,20375.110001433728
92460,10477.295958166282
76076,23527.106658246874
85593,12442.386989380517
99476,10134.875060056702
99991,15457.71308697908
80184,13123.85424726147
91365,34333.088913108775
87967,8712.925362430957
97960,9707.246210978732
106216,9913.970065994374
94470,33192.30817644389
105054,24468.628309468757
76801,10487.445164134446
84376,16383.216137600688
95818,26835.373411069526
101354,10061.980764664664
81184,12298.289492293488
95386,24600.265827512827
94813,19047.41742077581
100188,12981.604465319402
97816,19526.80063697081
101948,8391.901135492923
108229,21695.603241777382
77604,17703.36598226711
103052,15092.705608005972
83998,9894.061160971522
103163,10776.378326456723
78407,18563.4659941798
106267,13837.127964472229
84808,15780.3284817171
102176,7247.647573873413
103807,10208.812956819027
102936,11194.4301836555
77803,19460.182131142818
91153,22031.79178827303
96806,27129.748608462884
107797,18462.934200124033
92654,10788.932158366955
82110,38028.0536304402
92570,21187.751109571032
84350,12339.156625939819
82022,26193.59247325534
101036,13324.354757528643
93012,17318.56155764402
104053,8946.696390320893
79339,17439.91375988257
79767,16638.960752125706
97252,11609.72723666797
95098,25001.043372607965
99791,21393.349197509273
95121,18298.527526584418
100598,10232.254619795967
88806,13280.933324767939
93433,18758.868308943995
85064,24129.45094463826
103820,9169.223340174287
86190,23222.186727279503
96438,17988.567510224308
106282,8432.342765268593
93667,17582.602686822967
93191,17021.903805663944
103899,10551.953002893186
93568,30199.749864258425
104546,22145.155359987457
80852,31651.2094116066
91782,15864.755970048336
100867,11333.272350709005
96727,9677.879161783882
88787,15229.156582045996
80175,14482.869638239035
106215,17635.41398516853
82884,11336.966998632739
99701,10235.774371795065
96972,9675.27798977754
102844,14149.12945962296
85912,7857.407086725739
105580,12148.880635603378
92949,20351.094573715352
95794,24795.380941619165
81410,18004.403639384484
103413,12200.706773398948
94880,24630.578887127307
87634,8007.854106567325
94036,19498.164613513778
82130,14692.30565899087
97256,10900.603107665089
103817,10068.443836339684
104456,11598.27174369241
78003,10410.119380181433
104097,17763.47065775442
98797,8385.557914364315
107315,19320.552825325885
106755,25473.0539465321
81147,17439.91375988257
105271,7068.275909864638
89017,8407.828784950949
90194,20525.251014830734
106608,8317.229119027466
106146,26219.456218052634
105471,13199.04504846785
104538,8433.754159436474
78198,31519.368905765758
104720,13737.200923236765
94900,29125.4522027709
94045,24847.53434807118
100816,12014.964822378139
85400,8087.186876097536
96876,25245.681535849013
93515,24611.03901691658
94077,24613.376082088456
87247,20278.043490476484
105067,23068.55359919352
95538,46397.503160492204
79301,16242.777609159542
89679,14656.585648525255
90677,22314.663308257488
100348,19042.112153956812
82373,23348.95305939363
104030,10929.968779926467
91200,26673.988722514412
108132,9514.506415993646
96587,8458.582094565201
92498,17667.939278961156
103409,11860.798367913767
91232,22140.86305293694
80016,21713.431379123
98705,10166.935015545248
94058,51052.19218413915
107248,18034.517054776898
85165,6563.144642622156
87202,17226.843001072335
84291,10054.01650602001
96682,23341.44760724334
76451,31074.6997114455
91004,19125.673295415163
87541,12449.35708307185
84735,10131.60250631001
86029,12368.837745789859
87675,10980.769294611116
79434,26544.067460101014
104691,22416.857214849857
95401,12377.673123362429
103975,8965.327545931425
106441,14642.61785739352
105335,22871.22470324956
86453,6658.425187314931
84490,20270.28588489414
96908,11106.933554254163
87472,10849.065719054912
99908,7593.003304622167
84898,11769.395092859932
87539,12376.942474353731
100666,13314.717896199998
82231,21728.918985635577
92648,23704.736760511216
84694,9594.25560321166
81594,11544.23482523799
82685,11904.532119268411
76620,28673.668267761463
76943,19917.44402374499
80231,21156.834269224964
94782,12391.658447019981
83815,13718.093954249782
101713,10079.849127039453
86358,11009.3764035181
98701,15905.916484727024
106421,12208.035650419757
97920,12042.298918667835
108072,16467.05207163044
91315,22854.30192510335
98550,11819.942807219588
99263,7371.121771070952
95373,16515.000595294823
80445,8520.025296513331
76982,15911.557390159993
85544,10583.894932925185
101977,13280.14433714604
80279,24636.96877627641
102808,8313.262466516773
107325,14280.912161136384
79988,27533.067329358866
83473,7105.680018542683
80074,23131.20378579586
87094,12695.582820550773
80523,17985.87225768746
84129,15295.779039028192
100159,11432.737240419301
94256,25617.37362614465
79199,25758.700957567384
106674,13865.694032633559
76299,13620.487484500401
82217,23403.0949860516
87294,16519.7901208301
87361,7492.299389452438
105782,10874.958105490812
99109,15510.549135025884
97733,24479.577290184763
80963,20573.508779618416
105129,14507.324538756122
103322,11669.305393441986
90068,13445.420143515534
93845,18393.47354943886
104956,22499.95376495929
103473,8502.167459460123
78167,18910.29456117736
80718,28229.06457185983
85621,15555.78266051621
88490,9914.675252052139
105456,12136.586615214
98490,8671.656121317152
86488,8671.845326298358
107303,22961.451571659014
106463,9871.221217133887
100403,8708.905805765864
86991,19227.654118041053
95381,36850.17467706047
85219,10472.046171206006
104635,19503.98614596394
99004,14961.1515790071
80747,26116.841390405076
97854,27214.21926033619
102646,8881.23653033676
93364,32211.067330638383
101209,8210.816431975087
89140,13288.768474532917
96244,12556.752254864152
93727,17475.60965116463
82138,20679.72259614997
97759,15297.640292867483
86015,13957.908969503655
81090,31452.820047135985
106085,8348.468210869662
101600,14004.502285056693
94831,18506.278340064284
96566,14227.718678892037
82361,28205.82084150795
80479,19216.759567963527
82068,11117.46753815146
104750,8667.163047059856
93539,13309.890492061306
98127,10132.908514172153
96971,14452.300164203527
94105,21544.920209747295
95326,18270.532717543974
107438,15004.437456779106
100536,8662.469196717633
92659,18872.48071737529
94809,24919.356003325152
84186,11439.250184086306
85631,9475.441767760743
86381,17498.82302480449
78721,21385.412791236016
91773,17739.63121003115
90453,13031.54107818334
107225,16697.758400455303
89949,10565.86123709204
104531,11810.693573311588
76979,12370.889672220856
104743,7276.149607776438
87731,12565.01826640246
79915,9915.257938287701
105072,30829.556681013728
99332,10134.875060056702
88800,6636.054291961032
89522,7833.550286657351
105361,10388.135655848102
96528,11568.879669209517
101546,8024.503998939718
78680,18934.06914143218
87029,14230.317530906736
80591,44763.57689517033
79887,26467.195248733507
76107,39330.61093085195
78272,9522.090098092365
88116,10265.60622640805
99644,15372.447346079714
87595,20413.113845364744
79324,17171.274059318734
76408,40179.20475572686
79173,14833.192847193268
95084,15330.925578088676
95455,21789.55209566951
83809,15175.622557568904
107320,10555.750720496802
78828,24925.71457628482
76284,15367.012890036789
105622,10499.462585945237
99344,9899.454338152595
79395,17941.900068603336
86906,11978.230392487281
107576,9870.14167675055
99418,13983.40436622011
89050,14291.974702284744
83758,11886.571272546596
76289,25403.712019011673
95798,28605.78915392912
76119,22269.981923915966
87583,24083.302008207036
93110,19846.042572162984
92911,18287.469511804295
99758,9523.642297004733
91697,24823.077609331845
85260,16359.077290112333
108475,22008.183041860422
84184,8637.841040208152
95737,17726.49716354721
105286,14156.74299525098
105354,10189.793782846473
101587,13383.395972412889
99526,12335.385783560383
82328,18058.22861401518
91052,15614.042324831586
81332,44613.31874458832
84562,18156.006577651435
86175,18828.968411198144
94828,28471.528866162156
76792,28673.668267761463
80436,18060.852193804745
88143,10196.744839339191
102644,15262.22761128534
79459,23250.81789630579
82225,13686.505221015545
83772,16757.8696553735
82109,20118.401401432726
102803,13550.872626766086
91947,42272.31605528862
88498,6447.626734675844
104204,14578.994957145062
103303,13913.679852539211
95989,23461.788822190287
90917,25082.273336269947
104994,15813.953169146474
91408,20911.808106960012
79084,21776.560742816313
94840,12031.173299858265
103127,15258.38850559735
93504,14701.867236106695
88642,12346.134222311142
95535,29381.594480211526
82775,9965.250904058537
96490,8635.195371051486
77545,43164.70386732507
104939,8553.972097302858
97679,13804.616407016789
95462,14321.553384749095
82601,8636.429646040271
91541,23613.274703454306
82997,16174.403617382146
86757,6779.657788520542
86498,13718.093954249782
78468,19832.90439825111
98262,19221.435630700453
108488,26229.13588914682
84813,10540.597616767349
84965,7824.566240901277
78478,26069.459659208926
98819,17101.674956461597
101543,14025.269766594274
82061,24528.39118212001
101359,13288.663986586305
107203,10167.544628777569
98811,23112.180140914406
102982,10549.558284185889
89603,20414.28979091436
95083,52273.80065003696
102426,16302.124329856313
88264,12245.221379967119
87119,12666.848076424345
86554,13971.648301993597
103454,15092.705608005972
99382,18097.54274206912
84255,9903.712113430962
101580,8754.088435633663
82690,23202.378926401263
103650,10612.62502461844
92587,70453.37510806699
92831,13515.221504646417
104410,17121.564144348744
89264,12344.054107529182
82865,14797.947805255322
76984,20713.339642052408
94265,24292.504015880317
76786,8439.745186764378
86379,10355.527443372774
89735,10810.667155869638
97066,14782.910404859602
77007,19324.54567971595
89137,16922.761496382227
78243,17720.592823956176
76669,27180.472574974072
89281,22203.979172846895
105621,20562.437912656944
84020,13160.904562713113
90142,21387.63167639903
79677,21296.089472085543
101025,13775.499854162495
101821,13784.016032647625
77424,14682.940352883656
80188,18292.585841642347
94655,26744.937600226178
85282,8487.23164200068
78763,10150.23386201101
85774,13305.27220582316
79278,7844.308738054998
84460,11264.61462663589
81489,25380.879379140304
90788,25137.24590537594
90191,10429.611875475362
106772,34855.00599109363
108112,19741.761062077632
84380,12468.748056257264
93636,68025.09248967883
103749,11036.862883311036
93435,12634.058076136424
81394,10375.470828196396
82146,34758.85683168851
98362,6639.006491311928
88250,15506.8231721031
107041,16926.044930917877
103478,18579.99462721555
89273,10578.56750594116
93583,28486.700893001387
92107,24832.031368765263
79557,6741.819430581445
77861,10319.961206164058
84591,19984.1112783781
102756,7606.109012886995
91798,15381.548249683003
100309,15092.705608005972
94987,23273.721104265027
89991,13843.41937037402
81523,22601.591987432304
82815,16521.2860696227
84366,8644.93424520447
105609,8368.139082824691
89695,9334.925922761118
86242,17369.299524826172
82477,7958.465482154389
83774,10117.673215558463
103676,9449.779867749365
85371,17922.626433800833
77386,42208.05317848633
93572,8468.444671549432
77535,23545.708492187227
97174,12528.340412842437
78330,34435.53856709834
94032,12640.55734617722
97537,17799.166865548596
93975,14644.8701652312
80657,26092.045200635792
85971,14238.656943509288
77536,13504.200626882994
81757,12478.772187170563
81232,23081.225563686785
88606,10288.818652156957
107709,14238.339479294022
79596,21316.40764292122
85671,13280.933324767939
93617,23577.113404389318
104211,17709.86136838961
98843,18083.506568716355
76153,45969.49416936053
105258,7090.926300672888
94812,26109.235155868217
82892,15585.95678687116
87816,13748.03925418668
90058,9925.527539327582
95471,7987.156657061055
90419,10825.813255065274
88777,14078.902328214568
101559,9511.905812939956
86808,18279.537922013176
93637,21208.799481666254
81562,15947.510401668545
76442,34663.947084260355
79967,24208.39088622821
88683,15884.162572648005
78139,9145.42814725816
86530,10502.642918567833
77000,26234.467835832223
101915,11171.491836671765
90706,8483.244028943294
77396,13333.6778432559
83475,19967.339494848988
104217,15637.157126085816
101461,9886.684068641965
82676,11243.828586894035
104438,12460.508623015357
94757,21901.696192325573
84916,13860.19771145577
85934,18951.131353792134
93051,17558.44109884119
85136,11331.302633345738
86448,10500.67649348568
102828,10549.558284185889
101564,9361.8845488931
85740,23041.001825686213
107725,17348.54165192502
77165,19328.665244214273
107859,9887.785454257653
83065,8230.813260959118
83470,23401.946255564988
82147,21632.340043403885
103691,7279.7595716459355
84024,13197.538435010445
99630,11213.23060761613
105243,18498.39183207542
103804,11299.896167786346
80130,12099.623795886811
97317,9734.237752686951
78532,28673.668267761463
98989,9011.746639956462
87716,10469.210750003129
103640,7444.437935094501
100541,13857.071854319864
101428,8530.027900736495
100899,7634.385787199695
91739,26438.794512068653
94502,41633.490469594064
93919,27436.785235552503
79707,44716.91905098752
91516,28433.262154843902
93156,26943.92489301948
93340,24589.626671521666
86892,12062.054474752043
80420,16693.70307172343
91660,46952.41892185715
104006,12347.100300868302
79833,41163.8308678173
101663,8716.417162688009
102471,10304.855929289899
105380,7532.6669045082745
107076,20317.77151373562
97009,18622.59355157698
78577,28229.06457185983
100281,8325.234720139666
81075,31676.27886594536
105712,26122.806896030525
90807,11811.430960576903
84240,15719.711703482324
96951,14596.452107436087
77270,14023.1339040544
81760,11815.714743315852
92040,32875.41366805871
89339,15639.708519088192
95256,23739.823609904975
84788,19139.284897736765
83686,12011.546440032027
98633,9669.390667215519
76608,16052.744737874225
98918,14646.224637933312
100264,10949.103339459682
93998,20120.829556137265
90051,10178.211122844528
100506,10296.394729443453
95747,13101.804325590927
91393,14314.027601829835
101051,13632.2830828471
107844,14782.845811223991
105479,19112.799651648802
102468,11173.194027729494
106785,15835.059655106666
91577,18247.47179223109
80832,11544.23482523799
88616,9428.757306581498
78897,20622.287081143273
83228,15010.854120749915
90389,9299.730660710902
90154,10056.402043641423
107664,22950.142391727582
84602,7877.1252292919025
103155,8514.874234100942
94290,20171.839442822962
84292,13919.981945417867
82455,22829.74976825358
84453,8129.186444873239
89161,13280.933324767939
104207,15656.503507142295
85660,10564.522315538059
80032,46370.8278169493
75996,20346.22527988692
83712,12645.385297274988
89784,15122.572162838278
101364,6277.43557637051
79099,17693.223098937255
101423,10549.558284185889
89977,11028.776270632992
87688,10596.559379813627
87401,13966.882600730902
90723,11319.471783768748
85875,9949.924724131139
106387,25049.85332658949
76002,10579.337284965392
99436,11492.329878171771
107239,13316.008211116634
80251,19240.216763775716
85127,28498.62301716085
90351,12366.918313566011
95526,24601.982525476647
79335,26130.697633254767
104754,9302.506210210186
91081,25250.651563185653
82005,14578.994957145062
89414,20350.567468493213
102366,8708.905805765864
107017,8044.985632161269
88810,11375.73153171771
86694,7870.2781608030045
79641,8063.6762861558245
104863,15569.57251394948
100526,14822.319383584081
80318,21376.285510129943
100931,13502.329747415062
102375,14206.001662067725
78617,21586.017188202233
103552,13584.782395422526
108268,14515.333808607877
77842,10772.87501040291
88774,8671.845326298358
82323,14528.158801098403
94125,27436.785235552503
98661,10161.644617780075
100997,13932.07919767991
76933,7350.478284481352
76957,34480.66446135221
84347,10618.353490178411
102000,8502.167459460123
84626,16271.312729156025
82214,46291.10014347609
105909,31634.071131769786
107442,9369.600489810993
102342,8948.455943117984
104461,19842.64648605461
80095,44725.71141895563
83558,11114.159069566269
104376,20789.301253690595
105494,14306.52480801021
81702,36241.95780138387
108056,11556.423251118791
84131,17491.988584533457
94242,24241.830588249875
102987,8502.167459460123
99643,16124.748732329674
78954,26152.088322034775
85511,18968.7745745775
85380,10669.93575999088
77232,25290.40591301166
86585,11586.76000956296
99729,14548.418472114807
94946,19945.546688829534
97768,18614.64207636105
83855,23184.143303283297
92397,14308.531238806001
90311,15122.572162838278
99324,10114.137327166774
81167,15821.846747609743
80030,33138.12703657816
103679,8663.924804693219
80164,14577.822450830075
103198,8303.224922943386
87658,11096.131158976694
102090,11298.624187116577
92710,11396.509864072137
88551,10500.67649348568
91001,24510.077769652562
100653,10838.485714580416
106050,18451.541908134674
92084,13783.233494657752
77402,19797.90620897489
101296,11156.333104935959
107242,17450.287577803825
95646,18101.624838275853
99126,9523.10474386339
90982,21008.048588194048
94896,26398.31449440877
93011,17017.30905420105
84607,17474.642303748125
83352,8234.498696729603
86097,17680.122844917143
99312,9582.958503923359
77584,26187.924280998483
97372,15202.510793173351
107179,18498.39183207542
105835,14836.959111892267
92924,23759.011059048236
90798,10105.741882993541
77487,15425.964148034576
87523,8386.792189353098
104328,30885.430957385503
91404,13531.249109657041
105702,20149.792218887236
86051,11973.82980956859
98136,10384.217570144596
91149,17946.32631955199
84015,11483.241563523836
78227,22454.285267416337
91810,38310.62946349379
92345,25251.839812574537
102647,18533.029118290666
106549,10881.457375531607
97007,18189.336473077656
86887,14759.803643324958
103983,15025.047259779616
89554,11181.746205219906
88066,10427.990331875744
98778,15756.569130282911
91459,25168.694389685104
79659,26130.697633254767
83978,6811.384998300217
88036,13280.933324767939
80483,24254.85073081885
101770,6543.811467627643
98220,20308.760255844554
84427,11991.55523358897
94491,13812.664527290153
83782,12417.305655853857
101945,12582.528552441998
96613,10926.541777669068
80126,43119.78973040009
83381,14344.454968223276
100263,11901.91304731925
94953,18469.69159843222
84413,15235.698838076027
94816,36213.81030534937
78578,19982.62353107164
89766,13373.592029137244
78560,26234.467835832223
106444,17336.791417357337
100883,6326.531833067447
102769,9829.229605544162
106426,34992.80835220059
92404,29159.43530893917
84800,9898.632506239068
90714,10499.235563839848
96274,21839.16352400021
88259,10834.635982558186
90683,11317.673169498075
78878,13894.208201128034
78675,14084.44565188742
102189,15328.357137570505
97959,12584.302135934126
78324,19438.247972450303
100397,11194.739265796628
89808,10766.304428567515
102920,11197.013449404842
77724,9915.510332150718
97183,18510.394593134366
102360,9344.2194612654
81748,20034.517945486394
100225,10189.833866936882
101411,13288.016899331333
93887,23424.420276768953
94437,12619.18903408332
102317,10274.751591418435
100939,11802.549529108528
102016,11667.567686217644
88651,9915.079422454422
99340,14107.542419802023
107078,24964.3058000847
100937,12883.324864849776
86922,11074.719134435605
77864,26231.58809815021
105180,12871.644549673501
85599,10057.401488417372
94556,48744.65680048414
88368,23172.725376693194
81005,48589.59210192301
79083,30355.283507091168
95200,27004.32183285392
94374,24245.015366186013
94160,23670.300690576405
104549,14461.412114916366
85933,19393.64380892748
104848,21802.73239822301
104424,27941.39858644485
78183,10074.385880410067
99280,21353.791385513483
97928,9775.171157562514
93122,14735.201585692443
107991,8190.435136750508
92468,24596.193546712777
97451,9669.390667215519
94463,17451.65538311868
77629,12519.531136100675
86008,12855.004044544648
106210,28388.77937109874
106181,16280.065065787265
87485,11072.863660435094
107645,12265.230997943023
100084,11294.1526343594
88201,10498.88997224612
86236,14870.82067910546
97090,19994.91552988402
83909,13374.702101652094
77686,26231.58809815021
85505,22600.528889381778
92046,26222.200610837688
76681,10706.883946130465
102648,8891.179644932121
104998,43767.39556813957
86349,10800.198678783461
77229,14496.249591501666
93379,19027.697398261178
84973,4612.300450972139
80681,42129.986414797866
97876,11609.298715629762
89330,10543.540719606028
106836,22881.691740343358
96449,11617.158803888815
88765,15508.823628987107
85710,8637.841040208152
104002,26116.681047136637
99224,9324.361572474812
96767,19753.670872602528
91035,25163.002740433545
91531,14535.646374459544
95857,24668.013984201574
81338,17792.161272068013
97921,15510.549135025884
94040,24632.915952299183
88240,11507.63369966979
104643,12692.018284647036
84702,11297.853536407603
79809,16489.402842482505
82171,16918.484134153725
102481,10588.466261792179
99514,11835.42382549758
76656,44772.7185534106
86176,13387.45559233876
85784,10503.31450121039
91529,24050.879808828206
96184,10081.65103109175
94982,23577.113404389318
89887,28392.230184887856
91306,15623.718592949033
94801,17744.873567078652
84873,13562.034306105386
105262,19230.295247264625
78755,16574.992047595606
105378,16049.327526709572
107314,27897.438327899967
88401,16424.884069866377
104523,12905.130402621673
95968,17687.983246202006
106940,18100.684586531934
85854,12882.931801362363
100090,14737.438127706284
94299,24598.089490769293
95815,46242.87014829147
83336,10981.541806248413
93357,8812.25484922023
83671,11585.14099661323
95352,15372.10829335208
81447,10876.404971738124
82530,10616.426224917876
84072,7459.8833605810705
79590,30152.10292840633
81072,18144.10944143085
100894,16316.916891252135
94501,24623.607275518298
98410,18539.798711959404
77356,31016.824803176547
89008,8251.849856556968
79270,71405.95777793409
102768,9900.942787225018
104671,15396.443017639183
91482,26393.592366648616
93496,24681.231606630263
89699,9403.526999043192
93711,18763.63870104167
92768,21776.85433950802
102118,10551.953002893186
99410,8139.277380415709
101552,8514.42713848739
105876,8061.859253067193
106386,25969.78042207111
94563,21389.691046450658
95860,12007.10988913017
83636,8694.106147295344
98837,7374.323261871611
78724,9993.022301061295
92579,21750.658120422508
82223,26130.697633254767
84289,11300.708590810236
77579,21662.06278528831
83896,8213.46210113175
87389,10218.97215477945
88139,10079.902856572831
106790,30974.49934330222
82260,35846.29026901741
101627,10762.349462037952
81876,24865.81010398169
91029,19427.620789894554
84583,6441.099669015125
108158,14573.878449203576
108203,14818.692384830598
98582,7895.484372140421
107003,43516.876761422995
107777,26222.84006127631
90308,9367.171700088185
76799,14581.866777648836
101387,14715.014143429573
79964,18348.882769970445
91606,21924.48419677991
103952,13549.059068840454
88622,8464.838937891904
94559,44582.25544700196
76143,16443.550022749885
94903,22398.2374695174
104486,18430.668202779554
87551,6727.598666984602
78063,46497.77747065753
102556,8696.405269040324
100052,10571.0119002964
107074,41922.23864241576
92069,23743.362110659775
107850,30857.92575623227
104540,14162.218932688329
96846,21646.355282697732
92391,24600.557318992483
84659,20577.332050610887
84117,13292.635761533711
79120,11887.954211095315
91389,13901.043916962006
84349,11595.144087422124
90954,36614.37137672168
92695,14399.759156289107
107811,20317.77151373562
81971,20659.61945327957
83450,11186.561134634667
75976,21727.93936391967
102965,10551.953002893186
90287,22291.635077972172
77605,45933.724124723034
91214,26749.05642205221
108303,14777.06399010604
94860,40595.83776998003
79366,19928.82171683988
106091,10962.907156048108
76439,28673.668267761463
87417,30464.215533227325
93478,13247.664335673962
107216,21818.827755310576
103764,13578.781749830128
86879,16075.462765626342
103625,14639.994816537059
76402,8594.601164247388
80311,17484.802679429125
80391,37918.434207192164
100880,15131.502731316714
83171,8336.845411796836
88078,8352.796401439648
84318,19244.90952482966
93526,22617.733489768885
94190,15934.957409796441
97052,12663.68802303188
86101,10239.308645651772
87543,22778.153479706416
85029,12748.017828215407
83740,13468.764215806803
100089,8385.557914364315
98227,12577.56700439809
98248,10663.900121638173
107138,30863.209019162266
86854,12225.160873830493
102785,8385.557914364315
87839,15107.694974311113
93906,19444.07579426726
84661,17980.05858158401
87432,13016.871988618843
85654,17857.075616550268
90678,18883.283414655678
95299,20985.518716092658
95236,27277.437851756655
107608,30884.36476284008
87004,22302.286852169167
100566,10960.36268508183
80665,10849.557595651633
88010,7857.407086725739
102663,11781.627159535521
85485,11051.669948969258
101269,10549.558284185889
104674,26047.1595994496
89263,14854.175731342917
95420,18365.93284357927
102691,7658.728987900391
86663,8352.796401439648
106138,14478.602492397375
91571,24641.69906422965
93819,10958.364280762107
78571,14315.595163510317
94985,11887.100759890118
93301,20118.55790962748
106718,11927.421916648922
86771,13292.635761533711
87704,8213.46210113175
79666,11549.291945846551
107584,17598.098777229483
84895,10076.899237513926
108408,9870.14167675055
98171,14029.471048782341
83310,10024.821199792646
86673,13442.386265219116
82853,14563.018092228695
105650,11626.726351992393
98670,12778.458351794932
85066,6361.315012699026
83794,8921.371662566447
80583,16880.277751134716
88130,16286.57678033687
98999,10243.020577445224
101330,10949.103339459682
94984,19238.164138022432
97990,9590.594302211595
86985,19138.37391947835
105865,19960.951477381568
108519,25002.41149170257
85264,16823.851398859828
99920,14398.855795628378
79757,22485.88952656615
102991,12154.143115193383
82734,11531.038908597357
93798,24602.6028926847
78739,14109.557111030648
94102,26720.95416462021
107720,15486.960346462283
104818,22184.62203521563
105035,6527.428176186822
78882,11434.157223701646
106768,10765.078957107711
104488,19474.663736611947
83401,22765.813654535512
96513,12330.508600377434
103742,8625.864703830772
85746,16926.87331655512
89503,9568.960836217573
86162,10043.322438258894
90081,11968.195798106919
87809,18092.176631843857
105903,11688.008762902386
91476,20100.829158838344
77323,22710.57964041126
79344,42541.62629089464
86967,12006.802893346223
87631,12317.51589146848
91478,21467.751772980697
87477,15507.527433620156
97456,26188.21887859076
91210,26589.690063656093
88841,20494.102271845746
86262,15313.247626031014
98038,20781.848845283224
108461,14922.105946439735
95645,21786.58818575784
91233,16852.800552581288
81480,22991.321047907735
82671,13280.933324767939
105275,9873.455067667175
77852,12519.531136100675
90565,24405.72945059849
89172,10503.509994048889
102384,11759.673360311508
88944,11784.132317560454
80531,17487.864671355313
101795,10781.15301809241
90744,7363.602249955617
78179,28243.916578839406
94388,24175.698856628413
92546,19142.61350616235
84282,12447.713010210566
87078,14869.524483738509
93190,25063.429390761557
92014,12640.55734617722
104501,28194.071907943933
79523,19904.129173696143
81096,19109.331822157033
78193,28682.90192933193
94720,30346.190937373405
97242,9486.465189978015
103784,11807.096942444208
100186,9606.705964329449
91494,14861.422729027567
98765,6340.183458615006
97370,23714.35553773823
76295,25048.109592760768
105840,15826.556847575534
100641,8730.035995951923
97160,27653.231849533284
96440,17043.06790536718
84853,6888.038418085053
105223,9421.866182274307
105879,9922.278203420552
80347,27139.021714802326
84534,8943.372236896708
85045,11009.3764035181
99348,21468.298551630785
105487,19365.874282065084
101906,7088.595025531712
84905,12430.76322108553
105810,10576.993399603038
76346,14991.172365613453
104163,9870.545847152836
91997,21018.73394711043
94182,19393.60751951619
98583,14913.306613086657
78048,17128.889477111796
91650,13890.266736612257
99045,19159.718795517525
90167,11166.465835640904
81936,7076.680735480925
97322,7871.486203606407
79506,16030.707159521355
101689,11782.099510030554
99677,7843.668775578319
104364,7757.805778486569
104493,19648.052890689036
85811,10339.211890209803
76088,18983.52541958438
107014,9870.14167675055
85517,13254.061698267684
100065,11271.92154240888
100700,8385.557914364315
100178,9887.706325159068
86072,22598.412936985173
89071,8213.46210113175
76027,9945.680085212427
84394,11909.839502595298
97989,15133.05943237706
77527,8447.763860266032
89342,10502.642918567833
94118,21374.991742281247
94468,25901.97372407925
76061,13781.920369330675
85744,8636.429646040271
105185,10336.173550648004
79043,13312.387435894721
103948,11934.001083762865
98325,8385.557914364315
77056,17614.13571698348
85262,10713.571321212177
94885,26451.735990159326
92436,71311.03978590897
105339,8433.754159436474
85288,7856.939852956102
92944,18910.699367597652
83145,15855.36187951619
87905,11858.937041685005
89188,12196.622671026758
90245,14035.284003772082
80370,19753.532384628223
92165,30199.749864258425
91638,17707.143698592296
103657,14147.105989127731
81016,21728.200426971976
103792,13827.163695889241
94815,14300.742631126255
78957,11394.383311703838
83141,12564.153205883955
107365,11371.930337352656
95563,22242.54027549039
76918,27883.33404462333
87215,12470.39212911855
108328,9424.153799847954
108027,25136.496413461904
79325,23405.974723733616
89545,11319.471783768748
103967,9118.790665797742
77530,28673.668267761463
95330,40399.08952797603
78671,9180.003368751955
102103,10392.574824872736
80024,18759.734814325293
89481,11068.648884164335
89138,11070.013831799099
98762,8630.75667916878
86166,15984.011153848498
91396,14478.602492397375
94749,35518.42298913227
95788,17558.44109884119
99730,15373.499125665274
102801,13695.188129156712
87208,16358.11912660493
83098,8683.389931624883
96015,27121.588790365757
107970,25635.55209991765
77471,31010.068709963925
85822,8388.203583520979
100518,10220.67547156551
97282,24508.851311909286
107193,7924.640702919286
104825,7133.03943376386
82687,30069.295203869726
83026,12335.56561296082
77470,10576.867467218297
79254,12063.589242345257
108020,6482.52094478163
99103,9859.063760306286
78665,25044.348100320218
86932,12351.245255752367
79269,14274.974772569074
92024,46941.43396398434
95652,25008.52408288535
96170,9215.067476429702
83586,16127.222417131637
100804,16594.901914407663
100758,14409.600346195903
107628,19447.70998812323
108337,9870.14167675055
83175,14401.435723567238
90838,9328.455920627342
102741,15319.606229306417
81263,17926.341401749694
97071,10246.977859310486
95004,16103.136074686183
107019,17325.762396042264
95503,17698.717944461616
86249,12570.602393838533
106921,25473.0539465321
89972,18788.212148655
77660,23095.770494230965
77328,26170.657528537962
98264,11363.968322016684
86800,14600.660696803703
76661,14358.375874881143
81734,33574.55652376088
84741,12114.78096928357
89926,27055.106241987396
79502,12896.926845708585
96963,12583.189478497954
97855,30863.209019162266
86877,18084.62662000171
96814,22977.789183236215
94648,31461.586632627328
103104,9404.549411326167
77999,17052.916214020737
77500,18224.299434885852
108189,11277.66372616893
107124,19017.888014365548
105320,16831.73522503444
84589,9852.826884312954
100502,4932.795545372303
84272,19130.789492957025
90146,8384.146520196435
89016,8860.459856468877
92360,19347.79932517712
97341,15679.786494061213
99635,10134.875060056702
93758,19056.797996397392
104345,19741.761062077632
104346,12031.474536148147
103219,23022.501060021994
94240,15788.076245283612
100510,18137.878429857956
97788,10932.791151850644
87877,22719.05022428699
83993,8060.792664921963
95268,26422.176889974984
90857,12146.944818868573
89897,17524.425883204825
103642,8551.154201977874
79712,28352.70248773544
84733,7076.7055370760445
103510,10143.653104952939
82151,14585.960502615877
89275,4933.987444820587
97022,23289.83111825258
89964,8036.954224430179
103169,10571.0119002964
98586,12252.58206987271
78199,7033.719044279315
78507,19358.162992480866
88856,14589.222131091066
79309,18591.653300097667
85685,15654.411902937756
76527,9930.647952202242
81636,17735.19508931575
86638,12896.879234982227
106517,19469.974763397233
102023,13483.12030984359
91620,46417.35684005761
101886,8961.12760036834
84887,13201.682353234693
84751,8161.5924374443775
92613,25566.446906913
91825,24059.45119576178
101895,12043.59401381891
90560,16097.565395768332
105545,8364.82053092428
78700,19863.51278365899
82886,18811.98013720558
105649,8730.605172133299
77577,22864.67319716226
98003,21468.298551630785
80537,26239.781368346205
87387,14065.574528750652
97626,8384.146520196435
92948,25377.60220550779
104000,9870.679229891894
78385,20365.648161017896
103301,10230.947482478441
100102,9316.714345605244
91401,10981.492302912247
105726,8667.163047059856
108002,11392.023958762158
96055,10246.318850596313
86533,23203.330043985574
84966,16906.82994456217
82750,8212.05070696387
84780,17369.299524826172
99760,8670.244727149271
96353,26165.387080066215
90252,19228.34734186367
92114,22474.47807416292
85641,11550.336923175382
78846,25709.966245411408
97479,26232.459197280583
100657,6541.4469771259855
92553,23410.59895855665
87684,7797.15391985169
76579,18399.8972079609
104441,8606.56033408336
102915,13282.856432540619
98255,13240.013937476098
84716,10409.451196173757
85426,10791.66441177835
76829,14320.592875851056
77899,30926.863580633202
93875,17726.038367889018
94170,29374.786451073716
96206,11030.66724338264
82777,15667.329568313306
99399,11598.319412707417
76017,21749.818584807585
78785,14399.759156289107
104195,8606.56033408336
100767,11942.258361062437
93500,17529.12934922151
103248,8068.600293526695
101828,9867.760736479999
93209,25386.353885771998
96665,7846.048192107381
94208,19391.69375961587
81789,43775.765578949446
92578,16209.103873605714
84750,11916.107665063486
107543,17580.330770635945
83294,13288.768474532917
82408,11810.693573311588
104836,26176.733233484007
87366,8636.429646040271
100488,8756.674759639429
87296,14798.425226350268
99820,8274.167338694318
103856,10949.103339459682
80536,22367.764365095925
95407,21291.457444936095
78024,17107.503880960012
88166,17641.34637330729
79046,10617.279346719102
100829,10225.309485744207
99250,12163.222247356545
107164,9217.532667289053
83857,11123.267059322869
90031,25772.556386137727
97531,30863.209019162266
78237,14249.66124777036
77205,14335.032622673243
84796,17075.708932075668
79769,19394.629927349608
79899,12563.428061005048
81570,26104.251571065106
96209,8331.877252117565
108012,12298.935958859183
83784,11824.932651611014
95293,25146.523863386064
107894,10459.22834791116
90118,10701.859348822034
81548,14104.97995053024
91246,18443.040420383135
106066,30863.209019162266
76349,50099.452300022705
84792,11426.433754441494
94792,19434.018047884114
98772,10134.875060056702
81023,32879.31151820388
92760,17177.610735389622
81049,26057.8484269381
103697,8550.919387677279
82248,23071.005808196904
85475,23393.599086654125
80927,23082.746500058573
93520,21374.991742281247
103034,9426.959341038002
88006,13206.497525660527
80697,17521.98057867137
89565,19299.974585412972
106983,14541.23746495793
76042,20081.947156245238
95214,20201.261957644074
77712,16068.286270113622
102226,10026.543949722984
106128,28257.77433068724
94347,42342.18015086998
84176,10442.845541978282
92633,28488.949631861673
89147,11586.505255417887
76200,16509.915023641268
91972,25562.852220409575
95624,18632.36349426533
88237,12576.01338084261
90626,19337.838249946508
79402,27116.0950371981
92751,14213.189202117932
93494,26806.274562021736
77785,30130.95411403827
108502,9862.095557036033
76356,8498.549984175648
90256,14499.281366489444
76286,16254.22579397883
98835,21057.258079430114
78799,27877.57424053903
99864,12462.032080224446
89317,19195.312722653158
81235,36086.869983224475
82980,7748.482487615829
79032,10660.143344329696
94549,17238.08300825247
86872,10192.043380664683
101730,15183.729316968152
82684,10949.236715011395
99516,11204.400613348922
80017,8332.110761249214
99863,15510.549135025884
92792,31222.442716837497
100593,10079.849127039453
86135,7106.263392987775
78870,9513.912324408597
107586,20732.54958283313
83757,14152.819119882028
92765,21771.15232868793
84890,8348.553322266125
108290,14653.560533822008
82893,23994.627885533147
89660,8639.100241193357
105543,12270.707601243474
106368,14227.718678892037
81799,37974.99126824698
102757,7859.734330003008
87520,7913.824356782389
85172,8417.149592526614
76593,16740.86437343524
99431,12429.613783222294
104403,20051.30523715377
102932,14182.106601930045
81998,14261.970608755611
81391,11535.262248118674
108151,15028.516415120495
100164,15262.22761128534
77950,30926.863580633202
100416,14413.08237650582
108237,11585.790196989692
93464,21643.563783042577
83899,14350.3837545215
107184,14841.037147661456
78001,26358.932749848052
98816,9523.10474386339
98737,21320.69674809306
105432,16700.87506126026
99160,16118.355654223998
99195,4355.466767596286
90337,10112.132177934851
85546,13718.093954249782
107128,20780.330035710827
93327,25168.694389685104
81501,26116.841390405076
78485,17342.67260799834
98491,19183.39139240806
91265,23408.571901408228
97185,14941.361765452402
95708,17809.178296105038
92269,20527.217648107562
90122,12714.122181739787
84219,9893.641949558956
95920,18081.053694309518
82679,12262.720702747667
105174,16197.149313646802
90879,13675.530776073889
77507,40468.87299999667
88757,10423.43840110432
101256,8256.267459821867
83426,17683.63317452261
76075,26361.398023561112
76871,16482.128883486792
77695,32427.00870554546
103555,12577.219141516682
94893,19442.260573695003
95836,17336.91206177575
92061,14318.53713842684
79710,11248.103992656976
93899,11783.566543769408
83299,11876.490008264918
95620,25152.420653014102
104279,19735.678681578942
83705,14870.82067910546
95472,27685.80366504636
106260,14841.037147661456
76886,9466.275991819639
97248,11455.557954963737
80660,20413.814712400937
101333,10996.99590203016
89360,6658.425187314931
85450,10616.828753515374
88836,14720.700910062404
77416,23078.00442764171
79577,22394.05973529733
98503,7745.299157405058
76778,11133.09603214358
93681,14742.784037320747
98418,8384.146520196435
98615,10140.098573669242
91857,27879.00582088521
85059,11890.670408384309
84064,15566.637303180301
83511,9966.061449466824
87961,8717.731805553738
89756,11968.09061557493
106904,13358.791096095709
78218,24931.25564958032
91503,16599.57700487174
77126,8031.8165110077025
97801,9670.470207598855
87474,12019.706106540949
77057,19392.387362227106
79478,22854.260805796326
90041,12979.582517548522
83374,14696.335709986086
102094,11180.408968670416
103780,19815.09525771452
105079,9872.178508816456
80462,33381.23886538792
101705,14263.191559285931
105756,23132.908701041393
88993,11612.782244319276
89593,12438.155166443561
86338,22285.834489905843
77853,22989.475693182052
92077,25011.137220662047
102494,8845.005667023128
92534,36354.01396128869
78971,26228.341986938336
84687,20544.032262514284
88376,10770.667303049675
105707,14841.037147661456
80939,26070.85752008878
82258,21148.172471706086
104917,10132.103008264772
95086,18986.056930309274
79275,13504.556545279345
104721,14324.132723250905
107939,17551.945408417967
106703,10394.787908368582
107820,9930.766439306777
79947,21923.56018367742
89961,11206.33380523843
106451,10996.455180540202
98821,11275.769517230785
77748,28250.65819224637
104802,23944.447543350878
81481,46302.18596270767
93544,17528.009461611175
89611,11324.172439538872
79850,30294.078563813593
81466,22818.38122507286
90668,9224.76046368973
89743,14410.582463910874
106672,21748.408302218195
76030,14314.459240926471
97231,8036.954224430179
93484,25155.33753177523
81393,12661.972236586898
94369,18350.73263487093
93507,25156.943762815194
100752,9866.512778386985
95565,22478.808598675903
98749,14701.744505950483
99634,13896.310967939406
86127,7732.9689280412695
101842,16937.432461634344
108481,9869.274601269495
82863,11468.636055440538
90043,10255.466353878848
76857,27485.827368864168
83241,11581.264641457672
103197,9612.04836300859
95458,14890.433929119203
76515,6554.979243171755
84987,12292.86907637894
80199,20555.876593047054
77835,20221.99646496322
80809,12449.662807943096
77245,22948.97837171814
104828,14992.40404266317
107338,7373.303062912611
78811,25401.950133893424
76708,29707.731702105553
88559,10432.23588272707
99380,8035.559226010867
89411,9666.253775457097
94532,24611.03901691658
88046,7047.102921549492
99155,11216.204924476568
80986,12448.985841840602
96122,23927.738065509584
78618,15386.748698063451
98205,11385.840581712237
98995,22263.681408478304
102432,9976.549198971283
78709,10845.38711608511
93586,20967.931649895672
98147,10187.971642860963
95468,25092.780022964827
95425,16724.92519343205
89106,12748.017828215407
85764,11364.389785248573
87674,10585.861358007336
106365,34422.2283287677
106263,8606.56033408336
97423,16651.176643891766
86855,12309.635687841248
101637,9026.829035247516
100129,8333.650805116307
89346,11491.83573903722
80037,6022.012689523139
87439,8275.992049907361
76329,50055.49932483328
101234,13360.001788687432
93715,24632.915952299183
96728,22116.52072359738
88023,15799.152744862136
100289,14415.01527414022
93685,8338.85467790365
97301,15937.77778963232
100588,11916.958100951608
78240,14478.602492397375
91194,36385.845985042055
78088,14317.788668868685
103811,12390.320663052342
79852,19111.930917901856
77718,14819.194967316524
99968,8330.17716439376
82937,13826.472891883826
106774,17156.184899351443
85107,9913.808176571081
77329,25834.13448569151
106498,14082.776149431962
80946,22316.554293587462
89630,19295.740728082725
105995,27454.557162850724
79926,44642.80720399656
93982,15231.288297250929
95152,32271.46429855598
102460,14787.641128349716
86797,14580.144594553263
98696,14301.626865026206
87491,23705.937092505683
93185,19966.690488509754
90910,18075.377113663366
102510,6653.537346370118
99707,12528.094041632035
106468,12649.916623614508
97505,12939.96170920598
85240,17364.6957330524
89795,21991.08545282996
78677,18275.67057401654
94311,19973.198160923148
79406,29858.01457340923
85528,23655.083209584944
95656,16467.214153169556
102783,13942.22215392336
76191,26231.58809815021
96193,14360.303895670131
108352,15699.80521180253
94226,21793.888720562896
94472,19533.00545167885
78628,7388.641700168651
96861,14034.17505117725
89698,13869.657342142607
89021,15821.410882118998
98919,15312.381354886746
107511,26119.92715834851
104317,12157.760796507817
105587,18663.207680178577
89244,12949.53828716641
108221,43767.39556813957
104558,16398.374757709935
99691,12045.415302456708
81153,19969.882217715905
83019,12876.19666982633
84699,10242.63089813353
92354,46119.34090646141
77258,28227.183534036798
81991,10863.487738592237
99191,14534.11229840622
80072,20528.30728057971
97195,27742.147294030012
83104,13711.8656852465
104712,10637.40500976984
100443,9666.588871507452
93443,24567.3858519491
85543,16623.135426666217
82977,14870.82067910546
92597,25112.26294595822
89182,15641.826548688232
89737,10294.133816120257
103093,14375.286531458838
103417,9025.850393304441
78550,10829.173948759344
93081,26069.59362586878
80992,12296.822154224383
83725,11498.04351373112
90755,11324.172439538872
89727,23400.72348382467
82723,12413.45193972197
85046,8637.841040208152
105507,20823.290123820563
102497,17087.672591424503
86897,8398.09511875683
81522,11137.834802013182
106201,18694.68775857905
87615,11422.085442949301
84646,10372.601899049838
104296,23014.58482414117
84433,6364.3188490015655
101470,8322.224650382781
76641,21737.643830428042
88265,8388.203583520979
101728,16095.707725975451
83541,10196.858984924695
93807,24979.270322293964
83873,10503.509994048889
76785,33575.1906280136
83629,11894.643857597755
87576,17494.094582445996
93395,20156.656793129438
95537,20425.06537134685
89598,9650.360943101863
78074,23865.30667076554
102980,11228.272972988165
104929,17575.612368489397
97395,12307.740432118106
106751,22021.279407595026
101628,17269.936786339993
103613,14998.136124212853
103641,12382.365473151764
95834,17693.964639846523
101797,6546.689914077872
80042,24399.038158684456
81608,18172.59502364471
86535,12298.335788644818
98235,21353.791385513483
94784,18290.68917065602
79342,12104.372432710608
97906,15166.953169594974
84622,13816.184336282278
85948,22302.286852169167
88274,12147.76455850259
92480,20124.512910017154
86378,14870.82067910546
107558,10931.31166915156
88531,14226.375252412601
103681,14088.82545988649
103559,8502.167459460123
102821,13291.17233946106
77372,31017.890997721974
108078,9870.545847152836
96014,7361.930496020068
91072,17558.44109884119
78981,18541.266471648196
85860,10836.97924640176
91538,21040.244475730007
100904,14116.908727696475
83903,10748.44712810945
89075,11494.040540757114
87210,7834.0552460965555
95405,17369.023714021077
101957,13456.538190859505
91384,21802.209382233475
91816,23612.529035495616
93271,19299.069903562497
106951,15776.307027605535
77457,15517.64279934629
99216,13224.379816698558
106683,8257.461607530167
79593,14369.625847410765
92575,17085.40247774271
106332,21695.603241777382
99751,12470.033853382574
97844,18259.605628994967
90776,10158.085138424365
107788,30885.430957385503
97552,9677.63567642446
85396,10681.298632451793
90072,8050.445719931641
104380,8433.754159436474
108171,14795.909165782808
82534,13968.528206544603
77917,23155.840767876147
76212,17300.93431628335
77975,17578.83757679576
96718,23928.048515357612
101250,9973.295656036556
102875,19815.09525771452
97385,10238.01371813672
93943,20156.591727284576
76389,12549.851183402514
104653,14347.807020904183
85000,11824.932651611014
100844,8786.35368487813
94384,43112.08368184068
91625,20127.047530232434
92124,24241.830588249875
100983,11370.700567800997
97669,22969.359740986798
76674,18150.875373458177
104012,17488.254583068887
100742,13291.17233946106
97937,12320.931853993901
99509,21353.791385513483
99834,11999.122738147305
104037,16289.254613020177
96369,14797.706661887358
86125,10446.267937954392
102999,6653.537346370118
85473,9945.67799695555
90508,10277.856330744338
105281,28254.894593005218
90368,14409.96625515736
84029,9914.801410343407
88603,10380.528125770794
102423,9973.740900908082
105253,22987.208952340392
76230,16801.874003868983
100316,8786.825268444178
102553,16883.073253971823
76308,39834.919248520855
101348,10975.204715832857
105689,24441.081101983855
78347,11877.32922521018
88127,15375.728102787898
97320,14792.227430516135
98421,20300.701819665257
87422,10420.469656796893
90886,8009.743376567971
82580,10079.579823339545
106420,11128.41215284647
80218,13472.719401099901
77197,12078.226319617526
81116,15744.712646572616
103847,10549.558284185889
76611,27890.728085542367
80677,14698.21988674983
91546,16191.947183644459
83706,9963.904703025946
83288,8714.750073644
83664,10637.696127876265
81103,26129.860119257348
104136,12361.876061969533
79754,26073.737257770794
80794,23071.005808196904
90027,10939.26534906617
99186,15318.401836164161
79957,13472.719401099901
83420,10844.896921126518
106971,16595.162466259037
88929,14252.86926376693
79354,17992.837079823796
104624,20212.88630440286
103631,6450.48323433848
106329,11016.277923284764
94466,26995.51746262376
79495,14737.55554549841
92262,13837.127964472229
103626,10637.768676720176
102620,8953.440175152235
103026,12034.600661314891
95440,24608.90272109906
90675,8385.557914364315
92169,19945.099940628956
85598,11666.454347398696
93980,13530.899357949436
89884,9569.203546294098
100361,11768.712325148275
95314,18269.64112917125
102984,13383.395972412889
97290,28770.9116446339
88702,9784.732667209231
79250,25513.390859282943
101218,10565.341003969492
85994,17365.573269132252
91181,20733.99675947916
105974,11614.401456086096
92222,21900.993452440896
91691,25855.949388489607
103472,7968.225185687313
90116,12243.7509480566
94185,20882.906358543118
95705,26408.1851332287
92442,9759.333589022961
83759,10503.509994048889
106311,23079.34243618096
108531,12327.63051453458
88487,10859.644110573969
88956,10890.644929734983
80477,22691.871724219636
95422,18530.8715149434
77410,10652.295559033153
91873,27479.230147661216
95274,21777.54461116959
90023,10352.156179168811
77204,15697.723434267182
76504,15251.210897969391
105902,7068.275909864638
81820,15826.572064032564
89405,10115.60640830197
92206,14083.139589529721
79328,20111.2763351258
94971,17562.621369050143
91185,46271.34905009793
103332,11935.6100566167
105983,17265.091831024252
81775,17998.746168740836
81946,22978.632847326233
97846,23333.100438332476
103884,10553.299341120159
105182,10292.625828633045
76148,23522.422486666295
99255,18873.12407670559
87785,11991.55523358897
78903,9855.860724876673
94578,23293.08030717956
107853,11072.3633177042
76717,24007.667034591403
99052,12092.01662758793
82390,33921.43782317431
83676,10131.60250631001
87748,18154.17559984731
95443,25050.74119018005
94430,16903.955011389393
83886,17494.094582445996
78492,9385.839574666528
97540,10321.408356022572
103167,15685.50101494779
82621,11991.55523358897
88729,18988.961405595208
97779,9477.916426619493
87179,8035.481408197735
83693,11426.433754441494
83068,17365.330030029363
87978,9560.525250200406
77547,9725.90271651916
104135,8667.163047059856
91838,20114.38021794842
81044,14637.35390091714
82100,30212.72044897253
79196,12212.309499571471
103420,8668.437111296938
84430,13800.077639984167
95116,24585.80698476731
88758,9913.808176571081
102600,17409.512036664528
97943,23368.12908133549
82923,15386.068154103927
84173,18457.82253921956
91455,22573.044070675296
104107,12322.837492376495
84031,9713.527148144454
103307,7196.780256846024
103516,10981.988626066879
94534,17933.295179995894
89498,15501.655533043784
78100,13421.874044844177
86728,10023.34325790753
89787,18560.087240016634
99604,9405.748061748025
87920,12593.904738785035
95679,24611.03901691658
106342,9859.922445637249
105013,9427.253083658428
94526,24887.617819229734
79217,17405.973222484346
105206,21291.38927571139
80930,12445.331919986804
101748,10909.982636129893
108486,12442.110516991259
93949,27457.42417987169
99658,21531.70758546473
97561,13468.23896689127
101617,9452.97255666118
81330,45075.01391635844
101771,9852.300240637156
97270,7847.513674144754
101595,13942.37300448683
98215,11647.650349498743
84007,12646.833779426552
92680,21777.54461116959
78992,14413.46629099204
107596,21942.2386876113
77206,13825.359089561747
82743,11617.838125595958
83701,19118.087876756286
99165,18211.344939889485
94432,21777.54461116959
86548,12487.854565283438
76397,19491.618817178787
100070,7886.3243774377615
103513,11629.472666789154
80091,17911.950707659522
76782,18978.28390587454
100886,13229.812251456451
103951,9866.93275825449
87351,15665.068480191705
85974,19957.984941782222
79314,25945.36921872978
102475,12650.282004792576
101614,8618.019534818306
99033,11826.400217339893
97666,9791.288307036726
99253,10132.908514172153
91658,20024.992623166156
82007,17601.95889110599
76687,45969.16986138763
83921,12427.169132208952
92186,22271.54942168361
85865,13821.837650525607
78521,10280.812266201232
77902,14211.642326463569
101697,14127.186047671285
98102,12699.315801673258
88037,11437.012490435307
87226,7865.490156917425
107492,7298.262745483515
100723,7857.490801775626
78581,16180.33212864418
104777,9267.371307569338
95606,14152.441907944702
101145,9809.911389117431
98544,11182.533876581832
96417,26546.29242144401
102714,10571.0119002964
85830,10376.207780541772
80541,24161.351989312618
88142,16889.888911725033
95553,25096.515178097645
107711,13212.480766650599
82572,10776.617918487123
77820,46693.91717553874
94456,17648.578250682807
90433,7838.634640580979
78161,26125.14778004191
98322,27322.27135588019
101884,9213.7214802825
98723,10202.68551834101
100828,10525.69264380119
100612,13383.395972412889
78754,14744.770786986113
95053,39144.707958320956
87293,10734.155386121858
83679,13968.528206544603
102810,8607.547034515705
103021,19475.777205190017
90497,12987.722355940257
106798,10664.622287083672
96234,12356.059145337906
97962,11612.291172706739
81585,10402.978107503433
101255,9817.728342491962
95824,17562.37976255718
97053,11888.4881567188
106657,22696.683540910293
107453,19725.33199800247
77979,9795.462306883212
93717,18146.971508543396
100424,9936.842876652625
105579,25007.304295015758
85608,22307.416184320828
107878,27088.994780265588
83229,13968.528206544603
95478,24411.628241545117
104405,20048.41191761378
86681,9530.924599778842
81901,20154.013436435333
77806,13496.213188700223
102650,11743.295073598372
80845,18609.35518353598
77445,13202.406172384312
79206,29992.402183011083
105219,18502.377396375072
82665,4404.425718193333
79532,26202.38254262871
98125,8228.167591802454
77147,17591.720570365294
84836,10642.563408095939
105376,16863.148549458067
77343,35587.07048704579
108114,14300.41096089979
94994,15629.249917618927
88610,7838.843249982136
99609,9271.89194161561
107243,20803.033246461262
98829,14301.626865026206
85362,17425.929631315932
87409,10984.592765257423
95322,24050.879808828206
86185,10081.861351159829
81792,30865.89527130991
84113,10586.728433488392
86139,19892.71586617854
84719,15198.726546529597
85120,15180.15160700505
101693,7216.986733661566
77413,17489.426859654424
77179,13061.624700691098
91580,51530.91997980322
84116,11233.05662219613
93025,39144.707958320956
105224,7863.127689479777
102854,16753.479935754083
76237,20708.500245924526
105595,20985.790296147443
80155,32769.50805219374
92056,26438.794512068653
103229,13044.79186348754
98783,10095.899123509036
106357,8033.048748204194
92305,29470.668052287274
96312,9502.580455025281
86890,8088.6286150404985
93354,12441.79591390756
86898,15741.287312584953
76058,13913.451604581096
90555,10158.701841114731
107136,11564.0752878333
107052,30841.611665148783
76384,27887.686445346517
101670,14067.564312974002
102438,13426.940519840613
81063,19360.367147316825
88254,12086.924168304444
87041,10188.998003402372
84909,8018.270634532608
79053,18935.27142550666
88187,10638.732211406683
85814,11405.514806790805
106396,18221.870627542216
90460,15133.576867767062
79261,17580.330770635945
105167,19957.185191171855
84047,18022.266245794443
96771,8841.015943420001
91074,76381.99975700499
92357,24497.076005712694
99588,10211.720198350202
78138,28229.06457185983
94328,14076.353944459146
92019,12102.595116050947
77557,21936.74886801882
83024,13249.360657734165
94888,9674.426452842032
94193,24895.594380525134
97909,15164.051259159862
79111,39756.53846640692
97936,14582.544778029272
95276,30199.749864258425
107815,12980.565357314594
92806,21776.054100133762
91317,19856.752336647718
89507,19242.29602459676
97462,14841.31195392565
93693,16230.323776364245
81331,26067.93765253474
77260,46383.5163821478
105287,15841.735427572208
86064,6436.289592312863
94906,24664.18890205739
94965,21565.398426488497
105863,7073.987210903056
96962,10713.708960162707
82573,13267.079223861272
83271,12236.205375641419
94624,6255.504483333071
105014,23094.126943732554
99965,10571.0119002964
98009,14454.664560774581
108442,8507.846953499049
78211,30995.66905949874
87609,6549.669944954787
95639,15004.986243891291
83389,12839.59520753688
84086,14799.377284633627
105956,11571.172137241001
108384,6492.045089702305
99053,11427.855177200516
85503,13917.636173668941
100879,7276.1124177390075
102238,13917.636184854306
107311,20426.954643264307
90740,9669.794837617805
96463,26118.0209264155
96521,26229.213086068714
100020,8965.604875783853
86048,12784.04726537999
90310,15821.376926601817
95810,10966.479072158669
106809,6571.495459104041
90420,11776.40301799232
77189,19391.737985761618
103940,11776.607262819522
99054,19978.196353975567
86669,13869.336004521503
108226,8623.271832164493
107731,14541.23746495793
102410,11452.652500346505
107012,11783.566543769408
85117,6744.826848459985
89298,8388.203583520979
80880,15933.525281784092
86954,12025.365495376633
100029,22647.327587220647
98943,13504.687934309557
81089,34706.94192210125
89148,11442.330508174378
98024,12172.125748771581
84621,13790.240820764946
98748,21521.08137104171
106824,19640.577524907218
106049,20317.77151373562
108266,18454.199057790076
98763,7119.635428727079
100238,8833.290464041802
107279,8813.187424111871
78188,46369.81654177404
90443,14531.153769296006
95384,10433.085110212722
98928,19220.157901304236
83992,8039.599893586844
94914,19150.75731907668
92340,11803.07251301169
77677,9045.54195492207
90840,15803.72960980048
106434,34423.29452331313
83736,13280.933324767939
90022,11135.588317606314
87633,4347.9029942675525
101312,17224.689244218804
92614,24610.228399936615
79410,13283.7832796185
83220,8799.846238056287
96064,10314.218296525483
96470,8635.195371051486
77247,7942.482595335669
102732,17539.56304048368
92569,24363.71920284548
103467,13590.724627319707
102976,8056.312258395902
87220,18035.525403797288
82183,17246.358419828503
88173,11625.97625170815
94227,22674.479726548285
83048,15968.802047198034
85320,17874.97734888009
90217,15794.998309844073
97112,14886.969720615365
78246,7500.967138148936
82000,22363.558184059486
79672,10676.988538668507
93499,18252.30434251803
103355,10956.918123159903
93334,27313.011017795434
77302,11834.601609237849
87100,13620.333178203116
92568,37211.359590390544
102148,9866.93275825449
81098,22426.43907193851
77544,31048.260704837696
92644,25150.68022407152
95996,24783.929607152186
79138,16126.429652629537
97082,30295.500168917522
85843,10302.415851774305
103831,10987.657709346182
78047,26171.707855112203
99184,15506.198955364885
83023,11744.099705153441
100629,8317.289555445983
106087,11539.990292000766
87161,10992.81218099891
97572,11089.522075018222
86106,17538.805693741924
90163,23448.7408990627
95623,38027.80284097804
104349,14841.037147661456
84422,9774.10216964471
107061,8667.163047059856
78175,31612.40006224024
87468,12178.15984809449
87136,10725.253206350486
84238,11439.250184086306
85432,10988.183778236422
85363,18872.48787412418
105017,10283.411254047433
80633,22991.321047907735
82273,22975.753109644218
76668,20241.150904413895
100970,12073.552363200148
104985,9364.670158973579
76457,17506.41866800211
102241,12203.44064257373
90884,10451.45403523539
79706,25996.182503010397
92608,22217.82108390948
86284,9965.657279064539
103990,9945.95646895533
106152,11484.917669863982
97553,12458.978518960745
106477,7985.813448456011
78423,21842.972585362208
82766,13280.933324767939
77477,46365.69197978003
97680,11112.259575084212
96346,15487.19879639765
104141,17622.755899359512
80807,22990.23073790841
100442,10979.842925645964
107029,18048.109395279316
90213,8112.468067155537
88434,18177.121289288032
96441,13460.59730653274
80102,13152.72152855351
105520,30858.991950777698
78279,30185.916526140947
95023,5477.95633120584
76739,16869.86769733575
76776,30995.66905949874
89754,20729.892910631912
92585,16415.20780174893
83197,7986.237830618795
99947,13461.200382372903
108399,14230.155468337176
99140,10333.514328918116
91454,8015.575177694885
104130,7883.244655669949
108320,13308.098666575741
93440,27603.584160729577
105567,13375.097507395085
89460,8926.152022985081
79662,23269.873697857474
88491,15221.436533379421
77034,11351.889009164142
90404,21393.47236067803
76014,12212.57270917051
104971,8433.754159436474
92516,16730.995038149948
86856,10327.379488929755
90648,19310.74147817062
97201,11611.638646705009
79186,22281.08513066617
98204,10961.918102885777
82568,21332.357655142474
97595,6849.300377978591
101703,10937.231117124278
84202,10037.334806937644
97310,7335.897100286668
105498,15366.703373707349
78896,28673.668267761463
106029,17276.00730797904
90047,11998.729731245052
83277,19068.635769661218
103503,13240.8050726164
104327,19789.124068408102
78026,28304.237543636165
80909,22513.191573079846
85733,7889.031269157834
103986,16363.985894082212
103236,15262.22761128534
94181,23743.285052722717
78518,21282.83495652355
88239,8909.244367271735
94503,48094.31023119876
76074,12942.11579548591
94424,18879.04824915618
97663,20586.479505892043
82357,21743.856861204913
92631,26527.630789377377
95482,46408.0921257841
90697,12148.946009584024
78798,14316.065740527698
103348,14089.315255727653
83659,9955.970660426243
91108,11842.77936163429
77916,10666.19456823748
106086,17219.42528788412
81928,22663.333536756698
108406,10511.553301126336
89731,14605.385385222262
106178,11283.66459442583
107719,25227.151282286675
90633,18757.544645688522
100003,6276.73187064038
98978,13295.900970455206
88009,17366.84514988146
96631,15967.019793823454
93628,21543.614911486802
87288,13038.588402520018
82057,22997.920952436787
82925,12298.293941372114
100038,13873.12434924845
78420,16945.19286383812
96271,8995.060128956982
97966,16643.183688009183
96110,10314.218296525483
80393,14399.759156289107
78706,15889.861364979088
107484,13209.420978809916
103084,11824.816636102018
99792,8393.15553342537
93476,29374.786451073716
88975,11904.532119268411
83981,11090.566788639264
79492,17368.51935882902
76802,26231.58809815021
83781,7813.383751326748
95719,24655.405132822332
106177,28815.202312313664
80626,24517.125196634643
76158,12322.989490424226
91434,19299.27519784062
80463,24233.685003483748
86263,18000.828912700745
107666,20330.531580303526
94262,21900.993452440896
103501,13044.332062440246
89996,16034.497853629
87306,10687.563915016708
82265,13163.311539055738
106825,18603.41003431499
98851,16010.205346840108
80547,23071.005808196904
100440,9734.926349475483
103194,12772.60034730542
90394,27999.038157661522
86111,7990.6265765321195
88528,19000.414112528968
86857,11355.25075625371
78099,9910.630930776884
92331,17766.317518858712
96016,15130.836844667781
91750,24001.07137082797
92459,21708.692637574608
107321,21682.958428355123
87091,17056.020853957503
97925,6825.755412244479
81737,17576.752951998194
99093,10132.908514172153
99531,11927.796831739606
84423,9939.417141987076
76406,21610.171753072842
107350,17748.921835703375
76326,46369.81654177404
84338,26283.57528195559
76577,22035.475883976967
95385,12272.695204718511
90391,16318.252405882657
107624,27061.081270355262
99241,6646.12882851095
80248,18684.917972191084
85295,15140.499623384321
96343,10246.977859310486
80926,12292.52135415422
94027,21040.244475730007
79544,21136.16927481951
84425,10642.781736511608
105264,14339.650329238426
82643,10588.57921261946
93474,12371.182831008326
107072,10164.226114867597
83519,8514.207849954922
85962,13280.933324767939
96932,30720.442938858105
100759,10960.36268508183
107022,6475.793471749642
77012,31551.867316611344
100651,8743.777063674777
89430,22281.300559682844
88981,14135.169406290031
95740,22177.98113076131
101954,13477.103180725237
103408,7959.897396246431
81304,13888.082661275255
108421,25139.61783816228
93532,19459.95124554405
101576,13976.368789406637
79931,17950.9271307124
108176,10576.993399603038
84455,18192.434261561575
106797,25535.533440855983
76513,18912.95171083277
89674,16002.68915824742
77722,21421.47964251572
84754,14910.574429847968
106492,9870.14167675055
99242,11463.673253607705
107569,11695.440708328033
94320,17714.63392670562
82637,8778.161116509682
96550,22601.591987432304
105480,19342.288444505753
100624,9846.206405973824
89114,11189.535734844841
100866,12045.016969755945
81896,16573.575294292652
102689,17241.649010772762
97911,11817.271529279173
97099,8633.783976883606
92071,18512.910211026196
95849,36172.2961170704
102903,10963.217739484464
103725,17269.936786339993
101176,11370.700567800997
103887,10745.74623067089
80921,26189.792723288745
92266,22700.908545187383
106467,6030.245531729512
92139,21902.635471380814
106826,30127.003459361084
88193,14151.542363659728
106211,18496.28693743033
88612,13960.053749612449
89179,12789.177568903142
80004,29134.307462382803
98225,9189.67978705925
99856,19171.621065477546
87150,26283.57528195559
94786,27479.658354031286
98471,15905.916484727024
103319,10462.140843109333
89393,10560.946649854282
85789,16051.45804593308
97761,20150.732087212677
101800,10979.842925645964
91588,27312.043911534
76096,7625.885703451677
77378,17117.959700599895
105010,16924.407847396476
93587,24721.591256778756
90171,9502.672286938103
90438,10089.223027721306
91148,17140.173904684
91323,25941.320039627204
98577,10284.551741546567
77741,13976.218898798717
87789,16057.879415047602
94742,24902.040011710582
78295,6384.844530258423
104797,8368.139082824691
77425,11783.566543769408
96208,15143.980148761382
100731,10980.991933809975
93163,29374.786451073716
85915,10629.43866405808
89993,13239.782874019575
99626,21356.956594469037
78228,17099.843923944612
78779,10549.769003488145
78654,19579.214761904965
82947,18082.53335117187
99479,7347.391811910031
90585,14597.291949761371
79933,21000.270803347477
79287,24256.1910389965
92899,26792.031680855922
93755,23577.113404389318
92117,28092.176125400314
102417,10068.443836339684
106587,25473.0539465321
108201,42196.022979916655
88442,8135.043535287818
82673,10763.12483553555
104223,10573.292877131595
86036,8384.599389902382
93425,24228.601893612587
96693,11322.395424312037
82050,23405.974723733616
99460,8387.750016058464
81829,23413.314741541482
83925,10698.612267013488
94041,25087.593985943244
82035,10943.331150930879
107368,8352.053927649069
105591,15904.676795942662
107782,9004.225874097532
96340,12498.243861749464
97566,10448.071286321001
91719,12352.200011700754
79210,18826.87754531357
89898,10761.910217979845
106642,11355.672695312458
93485,21543.614911486802
98774,14976.590783059162
90967,19901.487459017433
89550,16492.714580131924
99247,13095.751428980375
99897,9523.10474386339
91394,21736.744888948382
88135,7053.932411864077
84111,15507.527433620156
91479,26986.725080870954
82622,10167.795910854296
104106,27937.22901094073
77050,26231.58809815021
105631,12548.778598099672
86427,6467.207872685759
93552,44754.7046353198
81830,23405.974723733616
82034,20992.24808073085
105857,16954.278418881666
91623,18289.660019622374
87886,15438.477602677647
78123,7833.535874431291
101951,9531.37116524115
97543,10025.172578613438
79462,44588.11281802484
90234,8592.465384087207
81860,22998.029457145203
87045,6999.600585162725
107162,15589.133842647372
90414,13621.25146004771
78353,26231.58809815021
90940,21888.58902475082
104123,27454.557162850724
88330,8532.215143145539
84769,7687.83232887267
108396,20539.497496749053
89556,10287.036966712556
91348,15044.520998645405
107687,13131.901506233664
90777,13903.489537705316
104801,21701.768484329798
82951,10604.509777421066
106440,18511.036104762687
83562,8938.184173144951
95283,18915.21428933988
84042,8337.092180928435
97883,11389.659073652088
101997,8274.097590500547
82566,10051.136658695345
87497,11965.096731265501
79697,14577.822450830075
85723,19127.998312129595
103511,13433.072073450558
101075,12169.102333926849
108424,11507.276520664778
102011,13549.059068840454
90054,14648.65947311699
105933,15894.777870624835
83807,16133.987462724997
77338,26170.30923692054
96060,7405.2192463432575
103133,10549.558284185889
76548,17261.068144371544
79177,21366.621085687602
88937,18006.272206175996
105216,10693.092778904838
80415,14661.301232861102
89404,8213.46210113175
99503,15506.198955364885
102640,14737.438127706284
108003,28453.434927534385
78038,9702.687616745536
96267,26573.811627521012
106361,26218.48911179121
90046,6984.951304085481
81034,19240.216763775716
77832,17110.21153330894
76482,10826.3648064769
103687,11246.449280905124
104148,16693.159460145886
96008,10086.697919566968
77464,26171.707855112203
83612,19367.40547489647
88727,14999.187856541439
92881,19144.911427584677
78787,36594.13682594642
92593,13585.805231247215
93216,17420.41979955759
108447,8044.985632161269
91746,25085.91701501134
78670,12342.679265484812
93142,24996.57614420618
103515,11067.50287329655
101254,10444.939086123954
103532,10202.110411870453
95650,23868.71040812702
100251,14974.401401262663
82597,8637.841040208152
83045,8539.61809985872
95764,22498.642587457813
83685,9568.278558057316
108088,13564.379002902826
99800,8633.783976883606
104273,8791.3343846502
86860,8458.283097328684
103756,8721.418773544614
90038,9360.997631008746
81692,12967.578165457879
76875,9713.935927932407
82474,10472.046171206006
84165,11823.059810561806
92416,19954.92396017812
76486,10200.501148630008
83332,17253.802317755566
86362,6727.598666984602
99000,14301.626865026206
79474,12503.751809941872
81625,17667.40381407427
84416,10980.769294611116
107026,42081.66315691247
78888,23530.993630238157
91402,13891.340500189315
104996,18394.454838598373
108161,18495.69764664635
95547,19910.54422513625
81861,11848.139820202632
77574,31117.662813835028
88480,10158.027338791258
78311,34687.9827976973
79130,26116.841390405076
86087,24998.814266117246
96083,10896.379219235805
102730,7288.49337116859
93459,25011.137220662047
103121,8304.031574162098
106519,10474.972966207799
90685,10669.96783749119
95357,14109.2596369797
104263,6520.270172638505
92978,21750.658120422508
85290,10799.229958252994
90632,18311.766554443748
105283,18462.934200124033
77070,12591.26301924834
97304,18631.583109198185
97350,24300.906291809388
88499,8105.965317998586
88773,14870.82067910546
97413,11674.154420580002
97795,12960.249644251337
102571,4940.53969913272
100395,9478.22192024769
83692,18134.155068645996
88058,8450.601143845286
88108,22584.406932535225
89818,8691.85626219479
84732,12582.91498349059
79794,13650.378383254356
103320,7417.832217758729
91794,13508.145230491755
83061,12781.997262659923
88593,12122.573163126546
100252,9654.348133702613
87177,10493.158374243363
108018,11083.59685939377
102667,16644.652177186177
77541,11279.774700776972
78985,31016.824803176547
96495,14572.325768486764
91698,23117.54852519989
80282,21933.154445761236
92825,25641.414103588424
92684,24114.3938477647
93840,33496.180209404105
85266,7140.047053839975
96656,11106.201542348048
87600,11620.642332578329
106994,10934.59317351844
101405,16143.08650195578
86756,5121.575199642686
91439,17036.307049097588
85088,8388.203583520979
93892,18245.869011946103
108240,19842.64648605461
91934,23730.492891021255
79263,22463.239435972726
99012,14984.152725536667
99507,16143.313849325652
104775,14653.560533822008
76783,14384.617034599089
98630,7868.246195728127
105799,10250.510282396548
79687,19888.73616619551
102242,10549.558284185889
104987,13897.440054684768
76197,14647.371887686984
79819,30145.060977929028
105059,15977.520759455449
103748,8710.697880844422
104789,18122.299831436587
107740,18346.046891366605
94310,20990.160510146656
95974,22771.93830070653
78991,22036.223679239312
85346,12598.951589891261
104905,17654.630248225505
84858,8400.533560667827
95021,21770.162243976592
79234,45441.64184147126
93929,27598.39401174583
93964,21889.348112741634
102327,15165.816788674038
93930,36001.3169457584
94220,35046.531963089954
97355,17535.391496384746
101356,14264.810989408386
80132,44600.05705449812
96537,10098.207315432923
95767,9838.806379660984
102780,13290.662091619688
98549,8209.405037807206
91031,31600.23800227229
91922,22371.773520259925
92327,17888.828924515772
101273,17214.32113359016
83564,10169.364773175617
93121,17100.216864786595
91848,20695.433880365144
99112,14529.542904939224
79484,18158.422475157753
83792,16341.352248837196
88337,22176.74410384609
98896,7076.100393450737
82576,19613.088724947524
85186,10960.14621584069
103570,8404.353691976812
94806,22912.99578433005
107394,7151.989821688657
106891,8045.667487317857
77508,27924.916145897045
78851,40478.681366508376
81113,23778.715886019865
85437,12070.618480671772
82280,10572.822920036515
85886,18013.315958901647
79625,25228.06114186821
95239,35983.86579122373
82313,44619.3109625096
90789,18143.35563660491
92484,20127.047530232434
88349,7850.535181857148
87936,4353.577400518833
96057,10098.44274118755
102286,9079.44840368092
97187,9669.390667215519
85499,10810.51837931748
104015,14078.85764170353
99732,14439.98053296058
87915,10357.020823359258
81687,10681.689194438632
86009,22281.300559682844
97444,8463.408235853454
102004,17269.936786339993
104458,8125.974994814016
98519,7312.16462370374
82785,15406.536049448569
103479,19696.884403059845
100675,12715.244908273242
102764,8317.869650464547
84770,11777.39027077155
106124,7816.834870380431
103447,9867.089159476825
101681,14018.714605314333
97714,19902.0049178802
101446,15652.509708419448
108526,14467.282160791838
92403,17995.418508746418
76218,51882.82306891388
81456,10962.044546902318
81297,28167.02859717147
90637,18407.11371165427
90327,9579.39690202227
95775,17156.353000476684
89328,10112.894976846203
76281,10545.481906358673
105285,22069.966810364538
97967,16008.630073090711
103677,8262.463916123548
89371,19018.616981277075
93864,12395.11627558337
103191,8323.756636494418
84138,14778.961520189248
88931,20338.613671289724
83174,15740.218276890195
96700,12703.38668411968
90557,9650.580088812587
106224,17405.973222484346
76032,16785.56581910159
93904,8014.252065201441
83233,9914.675252052139
97166,15390.722642899997
107008,10845.95135794262
98411,10953.28109416434
76898,9014.55557469699
77335,26050.555346761055
103661,13474.604736230684
89251,24454.602709047293
107278,9870.14167675055
76306,20619.720597201347
95821,25168.694389685104
93738,24609.70801822121
102085,10508.475271267658
87697,11114.159069566269
95925,17956.243939608205
86432,16239.839726220245
77843,8426.187406888072
91784,18862.44839194902
101658,16640.880954986045
77139,26354.868911897807
82509,8802.92885886911
92105,25776.300418797706
89714,14850.36297131338
104701,16241.536256842935
96529,11389.623927706667
86466,12667.66854064072
91745,12636.995570551444
89336,11501.388267179378
77392,9815.231070020009
107821,27088.994780265588
96431,8035.579082723515
96177,11206.14095243086
103091,8304.031574162098
91003,17811.973431518138
95781,18689.650417150922
96216,11618.540246498833
78178,42747.8545589722
108259,17097.345576968783
81909,10959.061155087416
87054,9910.630930776884
95949,19116.151359015745
84912,13973.329076155323
106750,8441.351778497527
105535,8067.193004396774
104790,9500.791140708225
82394,34595.26649551414
85536,10024.821199792646
88663,10023.34325790753
95114,21910.164701970178
87720,10157.89463723893
105355,9477.751262281401
82633,11904.532119268411
77178,16756.06025418921
82650,10642.781736511608
88354,18808.945392737085
91594,17932.178141011413
106838,30884.36476284008
92201,26969.5191071847
86903,18071.980780746544
91790,35366.61884216205
89435,23279.924582224357
106192,10748.584310270811
100291,8618.019534818306
80263,20043.062711342885
105259,6652.944958437753
90581,11067.556583145617
82168,15830.761747227376
78900,18935.27142550666
92927,21203.146572541213
86035,15497.037696961888
82812,7597.733910475022
90960,16798.83803452222
80564,30885.208421916836
88136,12797.814877184708
81598,12157.978935026062
84515,21939.5552388867
76559,17490.38117712712
85602,12512.69873770603
87221,18512.810136384156
103271,11100.407232658106
94627,11353.782675223685
79016,5912.369791230206
89875,16316.303001627819
89037,13288.768474532917
100203,7875.551919936548
86521,9665.38669997604
100287,8305.527805829526
100028,11915.924258113704
99993,13313.810415773743
89572,16199.397651857495
89439,23470.091462713954
105686,8478.51739438709
92939,15019.497046016146
94055,25275.23891729519
80380,22312.59307033299
99967,9010.996502712142
95543,15831.561432272038
97455,12438.155166443561
77160,9384.098464646748
105212,20797.392711871245
100236,10548.96645547982
107291,9741.648747770123
104571,13080.12832812363
107474,12302.848081317474
93115,38209.54277307714
92068,26455.781667873056
101225,13244.193906533048
87087,15069.996639206209
98133,14593.53322305051
108494,21615.61560839744
93501,27436.785235552503
99785,12164.863867260206
99377,12289.997998443867
104791,22975.397768196006
95521,21753.647613587564
98752,21846.036581945216
100191,6631.554964283468
86298,11051.787727022567
85617,10327.003519213176
101651,14982.14381307144
93014,18215.619963055728
89934,9360.997631008746
85334,11128.496275398033
97879,17439.91375988257
79690,22778.191624032894
108126,20740.816411651547
77117,37863.67925170295
99027,15137.50090882766
102822,11942.258361062437
80603,14356.943871800175
98014,8330.237058509669
77131,46157.34027957214
93449,20254.896911653148
96996,16637.489949759674
86682,7668.105115849932
88766,6327.3827336533495
89860,7794.847831435812
103646,8313.262466516773
97690,14656.182975449346
101168,9421.789593104993
106415,5971.0835192518
83711,28207.778016513646
87996,12553.3945143735
79855,16729.159481619008
105266,10734.18640082877
92717,36001.3169457584
88833,14331.187963685848
100290,4612.300450972139
79845,14268.368785564779
102781,13937.892500311507
80780,26170.18691874041
95643,20075.08026878391
90478,7760.8706694502625
78919,42570.82642364348
87599,25452.34471267081
83576,12378.784292345075
97582,21655.061859961457
98560,9274.699691221396
94839,17371.309934158988
79584,33521.50154144182
95009,27638.5448801103
86194,8637.841040208152
81291,18111.51951878671
108264,7682.571797423437
91618,26438.794512068653
103987,6554.01143966435
98687,10114.137327166774
89683,14200.037371595838
80178,14916.236665128225
85041,9451.764219877497
85795,10708.942412388915
92667,24647.31204350583
88648,10725.763569211293
81003,25942.68718904619
89530,14384.40170013997
89343,19127.998312129595
84383,11594.49802618893
95447,19385.3649937053
103195,11793.454756554132
87916,8589.558079855795
79701,6916.262563845537
78939,28767.19213934647
90700,10221.872179803897
92770,25844.85427719493
108076,30267.527018285262
76716,18934.06914143218
94223,14707.220113776628
97551,23899.45435683124
92126,28012.652294265612
92616,27593.207175600604
101680,14206.001662067725
91237,31756.414887261653
105108,10474.972966207799
96867,6739.473806686123
89088,11076.985016519006
92402,19110.55950112435
94049,19377.92961992724
86720,10314.733144189859
100554,13154.3650984522
102551,13483.12030984359
88297,10649.460506176349
85365,8450.73353229659
82994,8095.039584195424
79914,10397.720090999184
108258,13201.973299703168
76068,10777.73877048511
82252,10392.669498553627
85769,16359.077290112333
90927,29057.22681143385
106917,11692.655478332705
97051,8536.942267508943
89757,9728.087278731353
90517,10443.666744119257
100679,7870.258823013072
102698,13383.395972412889
76935,14566.996668060097
94802,24995.835882303843
106017,26263.731122561443
105400,9832.783761755281
107120,12221.588408997517
102046,10549.558284185889
90067,10814.43792437693
82781,13159.928156254393
95277,45885.83836867201
95689,23704.736760511216
105027,24355.20899878903
85236,18285.487997486838
97380,16588.06293273664
100285,16112.879624628475
98812,11958.383915518758
96265,21288.606924602856
101336,10069.738789581315
107335,15931.476979438832
96385,10316.184842410032
78322,34435.53856709834
91805,36340.71243418365
106808,12602.353060132753
91272,25148.22006446197
97409,9669.794837617805
84801,11499.197028402064
84783,12805.579790333059
78594,18374.657774535783
84618,12012.772252878021
95162,16485.555830001114
87803,11916.107665063486
92565,12761.292055172336
107155,18661.423045803233
93075,24623.607275518298
102973,10164.70499605815
89247,8251.849856556968
79555,23423.323591981443
90326,19242.29602459676
107169,17210.05050675881
79268,22727.823284424747
99954,8962.489376225198
80374,24880.462662600738
101695,6986.4271940326025
91260,47748.57142087498
78376,20276.820979257052
105554,10109.581736239685
106897,18131.495297852736
88890,20002.03970271796
85043,10604.859299761383
90014,15803.72960980048
99924,10551.953002893186
102210,13288.663986586305
102041,10988.52478482724
78082,45180.13439520773
106653,8432.342765268593
85042,6784.245670702732
90502,13829.08097896494
87396,16003.671797153367
92489,18396.462570310763
76383,11909.896766480599
82522,10503.509994048889
89906,14797.599962572605
103260,8710.697880844422
78162,11882.679737594326
102594,8341.729539742302
103841,8663.16280934513
78789,16856.067182062478
106717,9835.894825826632
88775,8326.603207556382
88109,14587.795054183642
87997,14359.900315786525
88027,16354.94805607597
93890,18405.985523167303
94101,19034.36245134037
102675,7885.337764647232
101475,10987.657709346182
80558,13099.847392834532
87171,7870.305224171847
88266,11603.972694799715
101850,17269.936786339993
99649,17115.961161543688
105512,11066.569874048453
102290,13320.501710281396
80390,22660.296590387028
90266,8034.941597145235
84938,10725.763569211293
93151,42363.143578988456
95267,25072.997346656473
92188,21664.29983413366
80014,25997.19813759425
103390,13993.692178851661
77627,20373.441102316796
104741,8257.461607530167
107297,9870.14167675055
93101,21786.215580254888
94142,17807.14143653548
93814,24602.89759205994
92300,28532.887367582633
89616,11506.662314460702
102876,9678.283332186167
106731,22950.142391727582
97653,14831.74003789068
86484,11626.054618987218
97041,11609.298715629762
88263,15779.367201268211
79035,17051.73398397156
85171,19231.15238434803
99949,10988.045384987432
97528,8384.146520196435
89333,8266.780601208082
108420,27540.189520100037
103545,11793.454756554132
87578,12748.017828215407
89794,9669.390667215519
78220,20809.37179788196
86074,8676.094890172466
82330,21860.587022619555
77108,8362.127275521283
90682,18532.416436215986
105643,43505.790942191416
104819,28877.404181481015
98722,6655.52862985683
82464,16348.774580911808
80687,25923.964284255115
101340,7345.340146571384
86763,13242.23863509237
103549,8155.131934727993
85520,11063.432491864021
95658,31461.586632627328
98745,17378.62610507771
102751,14977.773725567038
86044,17013.426278048566
87791,11272.966724780566
85907,8043.820630709011
82976,13280.933324767939
87738,17472.161850928238
96035,13686.505221015545
88577,14478.602492397375
87932,8177.1896020512895
100197,21031.856129979715
87983,19135.104123120782
83455,17364.793103135104
100627,8963.709727163217
108491,11534.274516881596
103896,4861.263697024351
100166,17528.0747966235
84224,14635.735351300315
82279,13685.7146143416
102695,10104.215283499034
91730,15806.115832477955
91520,13002.45182485121
93441,15329.768866170161
104061,16455.769561242836
85328,14314.783675564971
78431,10425.21986141783
89987,13471.19538412961
89785,11959.18048390979
87524,12407.151669850302
105313,20733.96401717723
97204,26225.19472949279
81190,19569.83258484237
106185,25849.45792931431
90483,10972.792347945235
85436,12360.349251221496
89422,15652.135042754939
94943,20090.73596267447
84834,10632.448192937361
104864,11370.808371441475
104593,18462.934200124033
97614,7552.767707956059
105794,8665.751652891975
87647,12798.482940925356
79445,18533.357633565563
86179,10602.856428120196
80653,30177.916319594893
86987,9891.079846920571
94399,12317.817221081217
85016,8409.24017911883
97822,10246.977859310486
78119,13363.343839790938
100744,10018.664725924582
105979,9870.545847152836
99994,10381.359182088647
100774,11309.714886640466
92935,17870.79843906279
98288,12338.057061500798
76583,15722.032244023547
83919,8901.15191068397
81696,32176.910785638665
82491,14815.247938246228
105912,9891.349843694476
81324,20011.08678075443
76616,23074.117455650427
77437,22736.04391459373
87372,12887.636342070715
92668,23976.327375238023
89936,9653.308099022104
103228,13542.86886282216
97587,10560.937428223948
101465,14062.508059141148
83831,11344.81556090135
106127,16500.2051503862
81306,23414.404165983033
90977,17956.243939608205
104439,17269.82103226914
93212,17319.46827184031
102209,10193.913095731088
100072,9592.8219819662
82518,12406.928504190448
103988,7831.409576939891
89788,9927.32303451502
81061,17940.716854483275
102430,9149.281306212277
97938,8384.146520196435
82243,23081.347881866914
98210,14313.951414420035
108342,22601.591987432304
83764,10974.116334696397
106233,13274.765134564399
99659,9554.053667443075
99142,13266.306017550221
98655,15225.060873651892
108449,18030.919669979477
104515,8667.163047059856
97931,12185.521371947467
100995,8665.070649458272
96070,21063.26435365098
76333,13829.844083667142
106307,9321.816438123204
92092,18086.87345930425
78883,9898.836948495027
94921,25837.14009335779
78172,29087.782001886793
96430,26162.00323684253
82844,8223.990101573198
82378,10918.618219441794
105297,18088.001303054043
95050,25526.609792751467
93124,16700.82659474672
80112,21879.47057493509
86478,9795.135838297974
83917,11241.100135934148
100721,11976.040800762503
94123,25072.997346656473
100693,14237.070871847996
106688,17953.634462697904
102131,12072.537500059214
99935,8071.330470594662
102108,10991.10227126811
82729,9453.086817220918
77495,10088.108412395659
98827,15723.837335907878
97526,15256.590346758026
104954,10144.744350738109
78155,14323.43620216814
79469,10903.216682234668
98055,11906.804098917873
102443,11089.24176983363
91468,23899.190663779307
96944,8877.355768189564
90974,20040.89098782271
97294,8385.557914364315
98347,8632.16807333666
96505,12593.584824451911
100542,11998.300760506621
79348,17606.361002286012
95285,21753.647613587564
103440,21400.561997879664
91432,24602.89759205994
84815,12360.349251221496
88959,20111.831661424658
96017,23341.44760724334
105760,14263.154070041677
102874,9165.745248506228
103528,6554.115073198874
87558,12433.796308651845
95691,21143.311091779793
106122,23905.50164441508
92479,10837.041823907084
106673,8191.846530918388
108143,30262.243755355263
88298,9914.675252052139
102149,13357.413063951499
87765,16978.49027219831
90258,15961.012678410043
96940,10314.218296525483
108032,8812.10019248735
77733,14325.629707526508
90186,9651.255216628264
94702,21330.936880489433
95120,24656.2051092786
91144,12232.216588475638
103053,10179.825115140628
99408,12036.60877077666
79533,23376.906732105417
99369,10543.229962445888
105062,16272.281840002215
102029,13383.395972412889
96368,16570.83775316384
101066,12562.30428876552
100088,7469.470919496962
84869,10469.316725684945
100736,15262.22761128534
85981,20191.86822052012
98872,11819.942807219588
84037,8083.86413891401
89217,11918.142467548958
89775,23299.882709040605
88379,22269.50921494027
80011,24164.53525588297
80836,21920.547891912684
105215,11934.221212931081
93719,30199.749864258425
107968,12547.930338786087
98967,12101.735659086196
85591,15950.96455793935
80478,12101.803941994536
92882,19228.83603949483
89721,14409.96625515736
101878,9867.343976702718
102301,11194.4301836555
101408,8502.614555073675
81446,12375.814546335985
100045,11730.363017222982
82986,12470.39212911855
78772,22177.34447791377
78208,14565.084689862635
81689,14016.907015920933
96791,17782.458385152182
79141,9538.420674471248
84271,14524.969994928231
94879,14478.602492397375
107759,23334.660519162262
83675,8345.287083624065
88258,13562.034306105386
96976,13722.491927221694
92824,15725.643903379532
98414,9523.10474386339
85028,12743.635272292542
97506,11755.194646895188
92767,24065.921292826246
100210,13467.46894547778
84470,10981.67181374228
90627,4617.816882515274
98768,10555.18372992281
105263,10431.740169218241
81662,26193.121863457785
93787,14924.779502587091
82688,8411.351885361662
88923,8386.792189353098
97463,8635.195371051486
93008,10970.086126820295
86807,8388.203583520979
79997,23161.632854810745
106742,13214.815068187048
94777,16795.64681557041
86594,17498.042858807337
82991,14872.525643052924
102203,9374.566743991903
103539,18084.1274791164
96264,19922.271436729883
77721,9762.269906645635
107801,13306.45875004598
99511,10945.558616510547
92801,23819.33539919867
82658,7847.513674144754
91732,16651.12754780718
76557,22196.81262129735
91314,30199.749864258425
82198,17491.612478394287
100607,14460.961498217992
80984,11320.954746784288
77901,10330.390933377315
95736,16852.07107625381
86809,17902.28491897698
78288,19026.11699544307
101339,12056.45978251208
87249,10112.019691281464
82143,23414.404165983033
83850,13790.240820764946
106952,15739.987330149792
106504,27574.20986891304
87341,15309.166641493099
94165,80463.54555524865
79986,19021.940253518
97235,10314.218296525483
84860,15664.168711122697
94913,18318.83584677082
82439,8409.24017911883
83066,15771.891255418766
76993,27180.472574974072
88803,19183.30244611723
77506,23534.11700386362
76456,17578.83757679576
84599,7872.102378374189
76680,19478.90121438033
78685,31016.824803176547
80310,19717.81358012394
107412,24441.081101983855
89792,6563.4320018350045
87421,11229.561814729315
88821,12839.59520753688
101930,9858.648324699736
105822,11099.02335106177
97642,14128.275102434201
107339,9870.545847152836
76550,15379.94413150866
88272,10914.42072077019
85777,9787.836107442186
104995,15413.492247663029
82640,6888.972928547172
80887,14437.07980178377
105022,15851.139460791082
79920,17436.49935827009
96724,14565.978253551848
87654,11950.051677633142
80242,30212.72044897253
103464,10081.59445416193
99537,13233.961097364809
92524,24628.44259130979
83634,13365.913707770906
77597,13309.046544634515
87830,19211.02742153453
87700,18455.238747526375
86513,9982.609013915362
92891,12109.271492890342
79513,14905.792168121563
101087,15020.93824339075
85729,8596.771105605338
107672,26169.25564610882
77549,28618.88263536688
94307,17475.92515037073
84500,13176.876147781672
98867,10114.137327166774
103039,12138.607198393178
91192,27623.9213699792
82205,17041.689783348458
100369,15451.607071972141
107529,13662.542569756974
106073,13590.968617307884
87934,8388.203583520979
99978,13024.239638375164
97512,21842.409635212083
78085,18678.63854249661
83329,9968.962527432637
106679,19094.97377576158
102680,8665.070649458272
100260,16420.308795134646
98100,18890.089749313225
79452,46565.58097306237
94814,24221.12871923213
83431,12281.511711024934
102298,6368.049661931623
86411,11401.412628823733
105783,12031.474536148147
79588,19338.883423309508
77976,9978.600824959296
103387,17479.412676629545
93070,34256.74982307029
108393,17672.97908162041
105094,14822.770420599785
101152,10193.357944263966
87464,15556.364793992736
92410,24620.543821714746
102395,9867.069711499602
98531,14305.349221391789
89945,9966.576832615438
102454,14458.628705741085
104729,13285.783889280689
89493,11537.443676473065
92058,24619.93921165105
93884,17351.17849925556
87594,7481.425519837552
100891,12107.45536287605
81535,25839.678100008314
80847,26799.039095393317
90120,12462.100922058802
76004,19259.90331744852
76670,13107.867482956795
82018,10739.401304925183
90007,19596.72474111358
76604,8953.981337516516
88324,7526.332364206664
84260,12157.107904505794
104662,18502.377396375072
80740,18884.613757196774
94973,16277.955332918127
89099,21122.8131208799
89528,16608.668275901604
87947,23269.437479622393
76967,23975.50298377661
94126,21947.13135208434
92187,37852.41897084921
104140,8256.050213362287
80573,14684.0169846894
99372,12169.418757733814
79790,23089.594147771615
94392,23779.621280930856
103573,16100.301054587686
96538,10240.265197095465
96774,20541.697743352728
83631,13562.034306105386
89532,13233.253793051625
83991,18175.042662264583
95769,26995.325274896943
83263,13242.23863509237
87065,8714.750073644
107642,17422.94540572466
85968,8028.795614734702
77321,15427.273019679338
79237,23283.026971907242
98975,30173.778554116176
95590,24442.888584493696
104906,16757.13936740671
103289,11936.578570203736
82134,18570.424953289847
108432,15680.446520947473
79361,12082.262230559347
79283,11891.523346962254
108270,8665.751652891975
100333,6014.169985656004
89059,9681.058103574147
96852,8001.640386642718
89651,16191.191668676187
82856,4950.5363748183745
103072,17275.825621505934
108315,15589.133842647372
95664,18992.059729363817
87882,19317.82010963656
81682,24300.454888996122
102981,6488.720930758387
104776,11523.098923203906
97621,16493.484762257747
100451,11778.175450015648
94393,35599.28700500123
87416,14447.536032652979
105999,7492.207893091706
91075,10616.663496545938
104390,16203.853377964768
78471,49004.43532601983
91077,12352.072238292156
81733,16708.999897173562
81475,22969.653295640903
89546,14605.698415815852
81968,19416.20974223092
82201,22379.322282102858
100703,15978.73864569704
108173,8035.6002546182035
99283,4353.577400518833
88618,8409.24017911883
77172,14881.11446292824
105813,12122.642448438153
85410,8388.203583520979
77665,9516.540084911014
106427,13837.127964472229
100684,8862.047251313712
77682,78385.64574129102
106196,9831.21574721062
88627,18264.762420730385
108029,14797.205361149758
80142,24045.94451962847
101534,18509.285894733956
106737,19756.131170338165
84776,8230.813260959118
100686,10960.36268508183
100393,16005.71204595043
95593,20526.64444131842
106482,26218.48911179121
82594,18201.581802895213
95052,19094.252928057962
77581,31010.068709963925
105894,22591.61289076489
98981,19221.572102101632
103791,11605.573540964464
89035,14347.371324852737
78988,42834.723920337536
102284,9816.57159740296
78961,17350.603885060453
100824,11751.1333058876
80563,19387.72291057709
106006,26229.13588914682
98874,7276.1124177390075
92004,26855.79330584056
76541,15137.14726578032
76087,11744.099705153441
96383,8635.195371051486
89403,10500.67649348568
85502,14636.594458585509
78453,18065.37927690334
105672,8438.946050991244
94086,25122.298975102436
103223,11814.57646904985
106894,9815.231070020009
104079,15737.99737742694
76659,49300.52474364628
78970,9650.422860769506
94467,16357.065713380845
106317,11571.172137241001
90990,19245.70922839436
85168,14438.666285884436
85329,18601.068303703792
90573,23093.660453406726
87552,8887.085800882436
106650,8414.349127964784
97658,10661.383206275275
103443,10536.239523322363
108293,8600.19185522053
106230,17786.16058282684
90762,7841.656148293373
90385,10766.304428567515
92892,26420.38811645823
87166,11869.854337454928
88217,17515.271710759796
107357,15574.527311478698
104588,14836.959111892267
106711,22914.716124755472
82117,22975.753109644218
76811,12734.66439512136
96629,11564.02417527448
82497,12219.194116542232
105204,9500.791140708225
92020,20146.061639781397
103534,11835.286182647953
87801,15647.296308093266
76388,19168.94266067616
101512,8128.260903815657
88523,13255.487858146213
82847,19232.439090428692
96295,23061.73270185747
104555,14413.46629099204
82459,8230.813260959118
88896,10503.568001234904
98912,16026.80979953633
87904,11823.253322645633
97899,10282.835297122367
84404,14841.571823169814
83628,26698.234449287636
98240,8357.207147696152
77405,46330.50787159609
95241,20985.574986316835
86588,13818.492611057673
100568,8597.537222320236
103330,10993.796236044209
88168,28043.68567563696
99695,9523.10474386339
105415,28196.951645625948
108291,12157.305142132673
82483,19231.015053380423
76215,10744.927416401128
95883,9915.257938287701
93944,18331.1729876654
80545,12098.529364801372
87133,14503.144912264406
107929,14841.037147661456
103594,9986.659536429415
98090,6309.617215030765
85950,7495.319479303539
97817,20016.73487091058
80349,11539.432727685198
92065,22058.792995440777
81419,18613.243304739513
103547,15210.237855829104
82647,14870.82067910546
103287,8303.224922943386
92620,22162.812353936664
97818,12151.926114373042
94762,14481.46254954249
86986,13718.093954249782
80244,14815.972418421226
81808,31216.682036380516
101955,13549.059068840454
100277,11992.20653500444
97433,9575.433449451019
101701,11964.390322346471
88891,15714.495497214739
97998,10443.666744119257
84676,7836.0455313301445
85102,11583.944439796964
95997,21874.420484839593
108269,17364.793103135104
101745,11070.781849597519
94167,24771.824844777377
100965,4384.366340710197
96695,8530.357216035556
84077,10642.781736511608
95666,27457.42417987169
93525,21050.844348245486
86442,8799.846238056287
98856,21457.06914155532
102762,13282.95211347304
91868,23043.794661195774
85895,11095.39914707058
83837,12686.123136997514
97933,21521.08137104171
77159,42246.96858257493
86267,13826.472891883826
102669,7840.152721288298
99058,23338.3135851627
83648,18189.857458035287
90586,19293.337357751832
96303,11103.791758146448
91599,26468.003403067232
104830,14160.691914862535
103867,10571.0119002964
103352,7824.013436222855
85911,15214.583917104143
86215,8070.023625756224
100026,8807.268257789798
87347,8446.50937207106
95363,14527.697729041653
105922,21483.0122953673
100582,10425.65205834097
90707,11135.588317606314
89442,12373.530439119344
107455,12791.090560620465
79441,16486.80156893498
99119,15510.549135025884
84855,18173.57237319371
95694,21753.647613587564
98802,19237.064013312676
93759,22668.134697879803
100855,4350.689569280318
93601,28428.143091010137
103425,10232.254619795967
79810,32405.729224311952
106082,12042.571131951867
96555,10758.365644497471
76273,15017.707171626529
81265,12369.111112032788
76722,20677.021786144564
87080,8053.714043289997
85477,14522.658935624424
100688,11008.255247652305
101612,9445.438226389742
107135,8419.769078327674
82754,7597.733910475022
77167,14399.759156289107
95627,28622.40602579756
77685,19978.536176012767
81835,23359.179524038154
108459,15016.178475219993
99976,17603.66317167314
77873,17436.61555826037
91574,18224.614173626833
98487,12905.549395645721
101067,6789.667083792515
86888,17362.41383203869
79051,17620.491039832265
105704,11539.990292000766
93009,25454.99047571464
79182,23082.314988128343
77226,15756.229016883282
83439,11045.20638708749
106093,18498.39183207542
85243,17439.91375988257
77181,14438.666285884436
85451,14128.398463706751
76412,42612.312124199045
87990,14187.948993682963
82077,24562.406786146355
86289,16591.340363545976
81566,20987.76462854407
82864,12825.082938192685
99130,9597.741512429855
96176,11564.02417527448
102269,10408.550942472348
91841,22305.23512728024
76041,20805.73981892847
104840,16174.285016419439
106253,19712.852325667238
98245,21123.55879013182
77039,18930.99565960419
100730,8337.21742119024
87739,4796.314677501514
107559,11695.440708328033
103282,10883.505958960985
76646,22975.753109644218
80252,12287.414322965458
103895,8595.666477779234
92491,24891.523593729125
89765,14503.245876872923
106652,18094.34553303452
88005,8034.036047676203
99470,12166.199588826992
77069,14534.688863714531
77955,17173.212716324473
90809,9369.251179211291
91610,20158.342767192753
102774,11804.908787579647
78231,8790.814278419517
101171,8409.761392088732
94420,8253.38787694067
91378,27214.21926033619
82771,10496.83976904992
99918,4796.314677501514
103574,16005.810390342216
86799,12404.90766211582
94318,17471.172226154424
76950,22896.412654532483
101720,8870.642186196745
106698,20855.665847445027
103488,12066.65383740161
99153,15176.933816685605
104945,17683.917954413217
82708,15648.396179828782
80674,19191.55680921725
84122,11438.730372930193
100375,4349.792361345006
89456,17240.00541395023
82974,12628.438463637483
104716,20904.5367886123
88124,13960.053749612449
101244,8708.905805765864
82069,18076.44901095553
98606,14637.35390091714
94412,25054.98318104288
106030,20403.855893838794
89877,8237.820299349678
83349,13625.9258007218
84253,13835.887855691852
79774,21042.550143132292
87259,9966.061449466824
81587,9950.789132185397
94407,20985.574986316835
105889,12424.34364782859
90829,11850.063672758479
90286,10094.03534880688
90162,15109.05281383292
86022,16994.513342720576
108101,18720.219517984944
76814,12476.129364602555
106162,19976.0536890471
106605,16802.94658032933
99590,15044.712620768563
102676,11292.137395276679
107658,11566.041833717847
82396,14020.115647355684
108051,22453.533223084087
92955,26668.842409406483
83520,10080.158838898287
80338,14352.262872615569
89312,7311.154816315297
80751,26130.697633254767
90622,7994.693101971699
79431,18926.573477546146
82870,10355.40279517108
106446,25687.804259896722
96223,7104.457118823765
100491,7833.550286657351
90125,28048.91560306217
107869,20451.794734422398
78278,23527.106658246874
104244,10957.123479124544
93810,24951.33779551097
90911,25643.65207071579
81869,28167.02859717147
100472,17506.290559014753
101927,14439.1453483742
99713,18323.505151581274
108184,15369.441089671947
99764,8542.538463803276
101286,15417.10404194836
106534,8273.401373189652
77461,9801.47094028183
108272,12223.840361833407
106010,20866.29206186804
89193,14084.224401779726
87761,10043.615522519176
88154,15878.068491453889
97789,13272.309494071193
98271,9523.508914265676
84160,19931.416284619667
80752,11903.21589870558
106107,17067.29404494999
87260,14085.781830138185
76549,4375.2994337686405
106619,7993.945685304386
93849,25685.18035034381
96045,16968.245853346583
98306,10960.128881419962
91896,25624.366273582516
94048,18209.511202409838
104918,8433.754159436474
97720,7965.629819807751
97482,7848.060819392326
94156,22806.64467848172
96469,10321.408356022572
96918,21559.669821474752
97241,7368.283561479521
78150,9356.057236295399
77808,31016.824803176547
103265,10219.30168334688
99485,11976.689870187498
77860,9735.995805070555
83834,22022.132989630158
82565,6673.747071142547
104344,30294.078563813593
88984,9467.624979526012
92161,18188.32209156924
102199,17424.465864682745
103723,10510.804985325662
94677,19116.905768265828
104806,10850.716787827625
87148,13701.716168731553
78411,17948.717521550567
97856,14306.52480801021
80535,20007.585249886037
90156,13332.649392142393
82176,24772.326641474338
76790,10772.4474389206
91762,33851.8936410155
78650,26327.819492706807
82763,13296.209633700899
82678,10583.894932925185
100137,26113.940628582655
78365,26231.58809815021
88768,8972.80641239865
80346,20112.51367120918
106682,16411.305719234242
97171,17421.855583456185
81701,14581.45339924462
84073,12022.84721070622
79549,9946.618652618872
100269,10617.595498697245
78466,29740.333987554284
80489,11535.262248118674
100009,11841.117020851529
78769,13250.046097675842
96821,24718.132411772705
107253,7814.9036916578825
76045,10793.481204986467
85567,18358.61268633928
104651,11086.738655501484
94428,10633.689433948628
90549,15251.02402350991
100940,10994.5414457832
105608,19251.000854992857
105280,9639.631186872713
92200,16063.412417193978
91082,12097.147270908625
77298,21786.36398704773
99432,10132.908514172153
80426,10153.724157672405
100817,8529.700585867362
98552,17136.714407685373
102428,8098.524113554693
100978,10772.699604878024
96371,15723.866234393376
84334,8374.206743683244
90196,9374.536374623529
102540,10991.10227126811
96914,8573.31659538629
100895,10929.609872921208
105296,25736.61649593677
101888,7178.180432248606
104077,8032.056257911452
94267,25077.1141603044
96803,20525.82766630159
88905,10791.66441177835
106132,8273.401373189652
104388,10041.478677242394
92704,18310.593320959935
86345,19966.628482257944
98326,43028.98172111127
98572,24105.536946800807
98754,21531.70758546473
77794,8502.153480037678
101082,11779.819451946563
98455,13896.310967939406
95796,16154.486309546182
98861,17160.37326082697
87570,11810.261072007293
91904,19399.920684943103
84147,13815.685597246209
79470,26231.58809815021
100012,7887.554412128109
78698,19152.69943405442
84929,15661.258654406864
97808,15754.54899714223
85299,10791.66441177835
91297,46509.60893900873
100772,9669.390667215519
88500,10487.110307712415
86077,19846.45842317969
91891,23597.17743445228
81059,18282.14434571606
91023,24486.233904860794
94693,22692.84404396111
83779,12518.608245248208
102323,8730.483091565475
86078,8773.773917302065
85595,18488.11530244283
78582,32369.301745703982
82311,30892.33427791772
107228,23219.981325495362
90613,15614.822490828738
102643,11279.728491960888
87044,16590.312408536203
94680,23663.041196074388
86222,15696.247959561677
92844,24709.34866697444
107625,4370.89398740281
98155,8444.808268014722
95145,13494.490716612414
79545,21457.60390699215
86312,13569.307460262036
106466,14230.995666990098
102721,8597.537222320236
82720,7872.904492169737
89908,12036.695124561076
86593,6258.147479895652
86930,7308.90591042977
80460,17494.679170074192
85235,18952.0409635856
103331,13614.713080145215
96526,21940.542071446787
93359,15605.660121858562
104761,11566.041833717847
76684,27455.642245029212
76697,14008.908906550869
92488,18302.602538201503
107148,20802.053764239354
100685,8860.074343385364
79407,18213.931266403317
90983,21389.793711517
80435,16447.634091388136
106658,25024.227436084686
76894,28273.486704371575
77367,12056.972417472283
80301,34817.57019179441
81032,13510.730389597633
107900,43505.790942191416
83046,13329.783655629297
102331,12061.136136305415
94376,9980.108398879003
83559,10447.433389362875
103509,12249.32548989477
76553,12511.35216762957
85897,8828.448898986626
91644,16173.624760807561
101598,17333.58674385717
89707,15733.33239496443
106964,16387.325857156156
86117,8335.659179390062
100179,13383.395972412889
98605,22295.520526937995
99719,9661.672018822399
96764,23038.49975948883
97262,8635.195371051486
79645,21626.38942782936
85785,12360.349251221496
103444,7880.977015266469
105639,14792.207514630378
106379,23241.141050073646
94283,13633.653779601304
80195,14438.666285884436
84709,14910.574429847968
106270,17325.762396042264
106321,26247.18919392206
102975,8962.489376225198
77231,36769.60909500717
82488,7841.280309737643
100406,13483.426348804129
79606,12340.093300944585
81036,15657.832940877952
95806,24693.251884155106
97217,15040.097371444095
93696,25426.284449544473
84438,9536.192643914757
108083,14797.205361149758
94109,25078.4530147216
81873,26057.509892562503
83535,9915.095933753735
108253,8433.754159436474
103572,9800.3208887755
97782,22601.591987432304
85759,15983.448225747887
101313,8384.146520196435
98905,17165.059420282458
96344,24505.18324804204
79144,15996.737542293607
93593,12918.477377357196
99886,11888.489366267593
96085,8635.195371051486
91717,24922.77866689147
100170,13976.368789406637
101760,14737.438127706284
104762,30858.991950777698
94364,15641.336440691786
81819,18566.990829982282
88720,15467.86737019341
76810,18153.1804488176
91505,25052.975282606094
91740,25106.834263690685
107115,30988.38211387986
79860,20101.26876482001
103392,9890.060684212329
107926,7764.610693441427
98206,14960.746256951908
91551,41738.27510949974
100331,15976.4042988596
76115,19602.672919312005
82255,16182.049527164789
104007,15407.908178866659
77667,4956.238168388529
97247,15687.207636881569
104182,43754.872052225444
84802,11583.944439796964
82517,7870.305224171847
79978,32986.609068513986
104400,30884.36476284008
98809,15387.310490167421
96889,18613.63094943845
106291,28816.96419743191
99347,8671.656121317152
101462,8053.0197788548685
92841,25068.755355793644
78210,51802.558261422666
90440,16256.7428406459
84119,13122.06099479552
96872,15758.193379644423
99411,8919.803911461862
88399,13718.093954249782
93645,18080.72245538507
106472,12712.700849802934
93223,17802.999856381535
100761,9203.327674915083
84396,8637.841040208152
81694,18613.63094943845
91499,47174.259693323416
86428,6992.352077368531
95718,18268.22388812442
102532,13557.442852964583
101976,10404.89329163935
101696,11414.041567857601
98887,8708.643814478879
88660,17359.21447399384
88640,13043.641029943987
84379,13761.162990113264
84581,17499.68013173178
102278,11642.042094056693
87590,10579.154827174809
105244,18938.930879526066
85140,23044.309483736262
100212,10509.967629561652
82463,8436.691890068023
89649,10764.267604745675
105119,19736.57498861316
101138,9267.998796767946
97613,13844.715099742478
106323,17443.003824467673
102910,9449.779867749365
106664,18460.722082586035
78285,14304.894723749316
90102,14794.070860409776
96386,11722.204087984559
90800,10033.359484617584
98566,19071.234244169093
101815,13708.476336431482
101798,14089.315255727653
97728,15329.70137970573
99174,12082.556633708202
94250,19094.82905676467
88827,12252.794226363572
105493,7982.875868572299
77991,28570.079777554573
106003,10474.972966207799
102938,14127.675843512448
80815,19353.20266053262
102775,13483.426348804129
106108,10077.437807648375
86213,12368.837745789859
97119,18601.185674753284
90341,17017.350796243114
81713,24274.40145080429
99887,9523.10474386339
80067,46302.18596270767
104710,26050.412926712637
99374,15191.153748468689
102685,11477.356394705883
88454,8637.841040208152
88121,15790.183381010596
104607,12648.271824136575
108321,16179.540380339997
100788,15262.22761128534
79504,21601.883845517266
108273,18462.934200124033
94291,24829.33962793939
92974,19401.550424221605
98506,7250.121920826852
92238,23054.77313822086
101214,8638.27440499369
92872,21750.658120422508
92412,16763.86668779399
99487,27695.164261940674
95246,24630.578887127307
83843,8703.842382789606
77705,17578.83757679576
82903,14793.62862611817
99335,21896.307718472748
83112,12896.879234982227
82946,10606.048766477725
105777,13559.040338222452
87013,8694.106147295344
96752,9713.985626952528
106136,19489.172532068398
79867,33950.22067655626
84377,10586.728433488392
100807,14781.16554730229
77327,34432.432977601595
90531,13306.670917530435
80907,10384.217570144596
84019,16526.75569410022
90542,19581.333753141887
77431,10514.942748885536
100648,14089.315255727653
86836,8544.298011411634
85657,9914.675252052139
104881,19735.678681578942
87108,4612.300450972139
103909,15916.442475411373
101363,11860.798367913767
83894,9914.675252052139
87239,16235.536748940418
99880,8542.538463803276
101105,8701.091022065644
103682,10553.299341120159
84580,19127.998312129595
103278,13828.409569923495
81972,8952.189568083124
96088,8091.422535052102
89815,10094.03534880688
83189,12411.173048724842
93790,25654.8016164027
86893,8212.05070696387
85632,7330.022284908369
84891,8024.503998939718
81765,24883.610077148973
104808,8081.140089196456
78274,15488.989441677862
104323,14308.460592203995
104215,23944.447543350878
83258,14312.256987858667
85415,9891.079846920571
76352,14811.38064317028
105843,23219.981325495362
79923,9910.630930776884
86788,19168.88738466517
106140,8999.133731709459
107298,14836.959111892267
80097,34221.35527210896
84584,11164.292028782455
97123,16132.631069289731
82024,67623.36752556873
80482,24977.667432578262
85092,15036.976618090193
107615,12790.501599468076
83158,18159.15197571005
98377,13224.379816698558
101038,11264.87136150765
86398,10503.509994048889
93257,18268.916289677498
76372,18882.98708979933
91976,24557.42135077869
89914,28104.359551056725
102249,10646.85866833016
92223,19983.975306949316
96162,9677.879161783882
78476,33780.95612856306
84032,19232.439090428692
87790,11605.069976819606
99047,7857.721702718062
85743,13972.255205041556
100359,9738.847426555596
105381,20704.473018581928
87011,11304.034620724226
106016,23262.260920070625
104246,14857.064479987888
98535,7843.668775578319
101636,8502.614555073675
86057,18647.62067897019
103082,8616.667275052556
98076,8228.167591802454
83514,7975.955623076624
103770,9648.294373315006
81344,21843.8035403716
95622,31727.462287017283
103797,4366.425359357175
93056,24185.833854379598
78395,17406.753388481495
89628,8644.848078598712
103060,7005.707720280583
76440,19498.827510405612
91172,27777.224128932838
92399,24598.58234909897
93498,24626.10552613791
88211,6415.158038228846
101974,7500.639638831238
92110,13716.789389655276
108282,8667.163047059856
91046,17535.04165675988
87325,16501.439359068725
91442,17605.51665988415
105058,10180.239174916194
83755,9915.079422454422
84596,12042.316437327812
86642,10524.51175443037
104884,34422.2283287677
99464,14551.832930212553
76380,12539.145589928054
84398,11295.276049966733
86695,12118.234704680639
84967,15790.183381010596
91413,34504.091553035214
104536,21814.259263816788
103653,11300.393829909743
82660,9666.859962476774
96278,20455.92069038188
104281,9911.339852584195
96493,14787.908251378984
84816,12700.305892338438
96248,7971.29937570586
84910,15111.500932248406
76150,31518.30271122033
84168,8615.034182175878
91284,18064.81730281926
95359,17202.74272100369
99809,16640.53859730637
97478,8725.852178847334
90354,9192.976961256416
76268,16995.716554028357
99017,7841.656148293373
92966,12911.001088832589
98031,12427.31550121084
102949,17897.608153569025
96793,13186.926857574852
88706,9671.799901480152
100609,11088.753450421304
89116,8409.24017911883
85861,8337.092180928435
81217,25602.575200826435
93134,25561.54504001004
93383,22140.86305293694
108417,8605.14893991548
84549,11078.086887774674
97741,22999.97594052394
82038,26177.507460348264
104696,10961.824134894669
102985,10652.656335195707
76015,25401.950133893424
89233,6340.183458615006
107693,7769.109917002671
79543,17760.35826338292
88941,12167.012489578403
107133,16860.313875636377
84262,8309.039830036447
80022,14478.602492397375
92947,9761.831137612884
106355,20793.899475100345
84561,7381.529629060015
98987,19168.96158083485
106383,22447.751052742606
81784,12181.003765692709
100364,12653.789876945766
107310,43556.25241269557
95690,24956.730392323843
76393,26234.467835832223
99698,11798.310965363076
92142,24718.5947221305
83931,19139.284897736765
89216,11576.528818102388
78447,8165.78661666181
88380,14724.628002648895
106609,13411.280650263427
87906,15148.00167211223
107946,8804.292244614642
98084,12122.577140878922
86920,11528.411862957582
96738,14817.318886715955
90639,14947.988931333502
85170,23378.33490806335
78613,18935.27142550666
105247,23509.25825112442
90641,13677.827232758942
103803,11774.972797371089
101871,8614.433437816066
84737,12319.995296745172
88357,18129.04869849803
76060,18661.592517521593
96081,9661.397753619285
95771,18001.832406663194
90465,9279.607932027451
105795,10753.207715237568
99716,10491.206109285335
86627,7787.344617968567
76452,28281.584868905047
106972,18041.129884536145
85032,12858.604179788834
92339,21771.870193252063
92906,26926.92238132445
107476,26133.329582195707
98693,9381.883324558206
100745,10758.289486787784
93962,27600.458036974454
87071,20555.351286961457
78456,11320.864130984788
98616,8226.756197634573
89502,15308.386475495947
84812,13280.933324767939
99278,9669.794837617805
106760,30884.36476284008
93843,17253.321460228657
89686,11646.405044714373
89459,12987.78456237615
86882,19921.648967372
89055,13338.985986123576
103280,10263.802294268826
82388,11799.75470356952
84322,22584.406932535225
99763,8671.656121317152
89240,7981.42944129872
89369,7870.891864884791
97845,10314.218296525483
98505,23031.405070625915
83594,10800.856538328646
76879,18935.27142550666
107542,8578.596787607043
80047,21561.40033798807
103396,13554.090104800242
91511,24526.37276340214
103680,8821.276384282823
90952,25067.305697404918
80329,22972.506998432345
95213,12101.84585565067
93454,18533.94262084352
98790,14590.946523378656
90991,53698.329145090516
103576,15262.22761128534
95054,15902.385284586177
91254,36001.3169457584
78354,20764.147160425713
82354,6022.012689523139
88849,10585.861358007336
89577,6361.50397747246
92417,17744.873567078652
87390,20404.01060953671
90610,13621.618072810186
76083,26081.67473137896
81716,14611.43649546492
91781,27413.122062534298
90138,19242.29602459676
82651,8037.5872663019
97872,10062.159770368686
84809,15823.989057244506
107232,12076.222028331324
82070,13639.921186761583
98299,22933.023693626674
108152,8558.277373731004
81894,13247.393790906099
92170,21763.315406986476
76815,10863.17400772958
85318,14802.659508021907
101609,14115.736088983
85681,9666.253775457097
90628,7666.620794574826
81278,12595.353954986545
85022,11716.99361506357
106237,9958.634860244583
99060,15510.549135025884
97068,21698.15444589967
81590,23182.29846102121
87125,11485.96277196796
86034,6738.935809347584
92154,18080.913070808052
94085,19256.342764147863
84555,16528.03157816119
96138,20084.33708303555
87289,17364.793103135104
96099,23182.29846102121
92408,17472.809494398276
79885,25926.022862759743
77403,18604.753071318843
78502,31518.30271122033
101012,14737.438127706284
87470,12887.636342070715
85394,13292.635761533711
90467,16083.859402891254
101768,18357.86250691348
82421,12344.77294051732
85707,14910.574429847968
90630,16316.303001627819
83619,9394.867822545102
102793,9885.071288642508
78299,12110.749650766063
108074,10583.137761393502
80894,44627.78938368315
107622,10511.553301126336
89930,11976.94814224098
105194,15301.217027899072
87228,11207.596180681365
87821,22281.300559682844
79921,11699.377806956289
85109,17537.59949641434
104039,6363.74729834733
103523,12557.663057426678
84724,10426.281289288645
101351,10549.558284185889
76444,26228.341986938336
108202,4469.323472430065
92774,31906.65745435637
97279,18004.311304812243
94079,13267.220510028174
101938,8440.654498080983
105071,19032.348671655607
91761,41622.12267989148
79296,23071.005808196904
100769,11194.739265796628
88597,10428.874924636097
85935,10454.172015395323
100302,14143.574836529007
89081,22252.265128585168
86282,7459.8833605810705
107202,7554.509922334958
101999,8384.146520196435
77135,18783.526980933115
99417,11664.986455946484
90406,18410.082485702093
94752,12345.74700629859
83342,15743.834240184719
98973,15517.389684990902
79768,28207.100809349766
77192,9911.339852584195
80500,11936.6478447235
76835,33638.00528692743
86983,12576.01338084261
97069,27145.386149767517
97193,10246.977859310486
105073,15898.506657787051
108405,8029.61923730024
90739,13596.930101696946
100079,19696.884403059845
97513,12517.05994274003
108004,30295.500168917522
100330,9957.189924918133
88508,15714.495497214739
81325,26130.697633254767
105920,16847.662694454448
81530,9933.413927627453
86776,10984.592765257423
80384,12275.672226034196
105020,17147.916652950953
104228,13456.59989964452
103926,8036.954224430179
92044,25100.982406499425
107049,9977.21536417491
107408,19842.64648605461
97280,17576.495161435818
84121,22827.216806307486
107517,12694.578617249927
81847,12403.587312148486
93671,16045.572488059468
81276,24582.756803398723
105034,20317.77151373562
82559,14458.10485612093
97468,27145.386149767517
101227,8937.42641740033
84614,10919.573057276932
76259,19170.833547912553
81329,28444.365745316783
91999,26475.163932394604
83557,13661.717504447126
82819,8328.521015135484
83735,12131.294269025926
103607,8051.959099330935
93256,25466.373756927645
89255,10141.82628542237
102147,11403.045806233118
86853,12754.491781283145
76266,12493.990112755531
85025,18660.290813342282
79566,25358.666191660486
95663,21192.859572110097
96600,7851.757633707758
99798,10167.796416964535
96922,21060.456235425012
76888,38068.578213107794
78701,26234.467835832223
108246,8100.731271720145
102309,11184.591047204121
89158,14071.5986568483
95309,18980.68909682208
90997,20782.54900815082
88930,16130.854181489602
86235,18063.629079741928
86159,8816.473324649949
101049,13359.085471923352
81773,22991.321047907735
81389,26066.539034343074
88802,11426.433754441494
85702,10043.615522519176
98780,20635.767414156348
84786,15975.233181227064
85683,13166.58082194713
77857,23323.335576417176
88429,17537.59949641434
102069,9734.926349475483
104862,12235.323328311626
108204,20732.54958283313
105476,11774.232739442883
91778,15491.887367436622
100851,11221.373985901642
82960,17406.753388481495
84799,14910.574429847968
86912,10419.843647229214
101533,6795.509694070804
90657,11535.992078309608
88912,11765.118059853949
86715,14565.27575001704
87508,15508.823628987107
87984,9706.257533917218
94852,6444.197338307266
94905,21685.59835608752
76632,20809.37179788196
84100,7464.672595689075
95802,14392.484045077095
93740,41978.56156361658
98565,10140.005363579854
104153,10963.933731071751
82480,7840.218430833095
100660,14184.840471104828
76089,26070.600677958064
104329,10865.810089460529
76434,19217.40469676587
84061,15813.067695288317
92097,17464.971268794125
96236,11060.907875746214
78908,8153.593277939924
104602,11474.17804115498
102750,14420.26811795629
103394,15325.17959898295
88113,10008.16845134
95654,24609.70801822121
86372,10851.267486479106
103110,14212.161839799903
88378,15671.186718961988
97704,9638.213263134821
90821,16628.415876470986
84901,26283.57528195559
93956,16944.09563335002
96320,30884.36476284008
81148,26524.052413093166
96461,23341.44760724334
84615,10503.509994048889
108104,20046.59757429721
78039,16167.503888551193
91425,24960.687442107308
77044,14130.405727592924
83049,14572.282268844945
99803,16632.81896918348
77693,17154.81765578109
95508,25624.366273582516
101593,10165.908365967956
101499,8529.065362497824
88319,19131.268108487162
107344,34850.34047591688
88590,9657.856857071853
102740,8316.717239482385
85931,15175.622557568904
77210,16948.188977005837
104732,14472.962808049144
101802,8635.195371051486
106071,9870.14167675055
107867,11536.427422689574
103449,6433.437067639559
79433,23370.21782982324
94897,40018.646833722145
79851,19441.016752132167
103779,8047.184196882881
84206,10929.694387584885
101707,8516.499605621138
90924,17384.337721440246
92910,28454.468758130966
95774,37429.7094959553
78551,34973.94432647995
97038,14101.851230272623
107852,13151.926340054093
87639,7916.259696144418
89958,19174.727074053117
77096,9743.411631430483
80491,22969.653295640903
97835,10119.600348448492
88697,10043.589341011966
78196,46369.81654177404
100662,10960.36268508183
93739,18026.08469263818
101433,11902.779541967742
79620,10776.617918487123
98914,7419.537095531596
86750,12035.024823709762
99223,11545.629981071612
100046,8276.795234806288
77452,26241.73230362002
104703,14416.057804869333
98198,11281.574262420634
104049,17156.184899351443
102264,16690.721902254776
104967,16873.612215552424
82009,20554.643850961675
79345,14277.014034262187
76063,34624.87931557361
92506,19001.911648452264
105509,7337.65542819453
87958,12839.59520753688
104150,14637.35390091714
76395,18797.119512843223
92933,22305.23512728024
105564,12216.466003741469
101877,17483.616751073572
97863,11878.620406768792
98886,22038.78538000707
108166,21936.11417761749
84870,18436.019625388777
105095,15689.342623067769
91461,15092.76234676616
89581,8773.52931820237
79917,9989.27990277149
86396,10993.508827786922
77190,19598.48490871245
81287,9027.3496602583
103138,11936.578570203736
87123,9966.061449466824
103793,10951.61899204628
93077,18258.466923168457
107545,28391.659108780757
99055,11537.76989281256
101183,10936.090396996084
100713,10408.550942472348
94948,24946.48242342189
104333,10582.720700300868
99987,9842.361655839446
85251,12748.017828215407
78966,15349.674057835933
106038,22595.425636175692
80139,22961.48482893926
86167,10188.55422967965
99261,12313.186021623136
92352,12109.890290744077
106505,17624.60734176028
100845,16751.77751102616
99620,13579.442621398082
99159,15859.015937314714
106476,26229.13588914682
98980,18149.81273948073
93289,21568.208956178267
108209,11622.002672483573
83126,11863.166720852923
100563,9663.918479146396
105255,8003.925629160098
94179,19875.13422614821
90552,11783.209450448783
91267,13104.96985479435
96812,10321.408356022572
88257,22566.282369080625
88718,12408.154823726578
83854,10469.316725684945
94902,19834.98965178259
92523,14046.020785327826
89821,17904.61293008664
95400,37694.267228798504
84369,9631.288398120558
104199,11107.15754549889
82116,25309.487159667286
100708,14147.105989127731
82790,12511.439115222605
81821,15623.718592949033
88277,13842.107012661365
81500,28418.211986971713
86835,15837.708597420029
79378,30884.36476284008
91295,25056.51372739815
91973,26749.463629662623
104856,16760.571264299317
77543,15453.170753888277
108162,8135.918514219792
91217,38209.54277307714
87896,17520.441557186175
98107,8633.783976883606
100169,10571.0119002964
90709,10246.977859310486
80086,34423.07487118153
81299,33950.22067655626
96112,19240.216763775716
103775,8061.190060165195
95669,27784.966634278546
78443,14186.917258345991
83136,14215.216749161547
103945,10956.918123159903
93010,24515.39991339791
91906,24678.04834005991
85113,11701.504666424184
79454,22447.121166250647
95079,40208.21254862543
77330,46369.774485268754
83798,10628.468325240403
90237,8799.580551040252
90782,9669.390667215519
93557,24503.842939511134
80716,16941.177083876384
103222,10173.122204492216
88529,7053.400145615969
79327,20328.801898738613
103525,9145.588020704146
77294,10619.280834371828
86934,7617.189430858699
83687,8586.763869583752
101179,11901.91304731925
86285,12467.102477600738
108225,30884.36476284008
79458,21609.618590212027
79962,23250.81789630579
77878,23567.94865746203
79980,27480.952539443366
78111,18935.27142550666
96878,19317.712824293052
91368,23577.113404389318
85298,7464.672595689075
85082,18955.919530623378
91369,21544.21973517
96485,23064.612439539484
77644,12322.989490424226
87187,14849.45066706852
108438,14617.118897162012
83884,12781.997262659923
79694,13697.458388231365
83581,14580.144594553263
89661,16316.303001627819
91756,12471.861208423534
94344,12640.55734617722
104700,27553.749017037182
82382,30863.209019162266
107594,42045.7803655296
78751,20264.994709124054
80127,14216.762909316667
99586,15722.097653727451
79871,19788.639152001393
107372,17622.755899359512
108028,23398.11429977813
85904,13816.184336282278
102788,14371.266250264178
99942,13745.806650866978
107103,12221.588408997517
84087,6479.212109516578
97292,8713.867882304408
104542,14256.671372200315
94429,23276.44335631333
86335,13968.528206544603
82367,12444.573047114995
86457,11090.566788639264
107346,10820.032264796557
77766,46690.91376607776
94768,36982.01458606941
84426,14553.063452488926
104173,20293.165249420807
80165,28564.31282818664
80521,22923.44247722075
95028,25106.834263690685
77278,34624.87931557361
104940,17272.818536959632
76864,25389.2257920487
87845,9522.59689007594
86391,11090.566788639264
85488,6774.140616507387
87274,16174.403617382146
102371,10156.537684330457
77811,17294.376810100446
80166,22972.506998432345
85693,10364.491712534984
86192,17863.017897532638
104128,18164.902991725034
76805,8786.902977726342
76360,9617.315535087406
100706,6557.846744299624
101318,13481.947672657116
99579,18138.721932550336
77331,16451.025547486373
107340,13559.040338222452
90662,17914.652924040918
83565,7846.314444734982
89664,18133.128199430328
78421,20798.745583458942
85006,10050.730747118843
93876,25823.27198983066
97786,14071.5986568483
96174,25224.85873468639
87729,11671.051755418923
83280,10629.49207759204
102207,17268.73450226551
100949,8320.712283751907
105703,13364.550431954805
100936,6779.657788520542
80419,31361.71206870818
85990,9909.139763122435
107505,20306.454865094256
81337,15826.572064032564
93683,27861.05790009954
94646,27654.53074881915
93987,17156.475496257794
80512,19723.433919651354
76113,17091.703360428553
106835,7964.992616465554
100428,14012.565202576603
105624,23147.36304604513
89652,11369.587300085397
95108,24609.70801822121
99206,11670.057375656994
76036,13316.031267571174
86230,9911.253928662265
84454,12001.678396941272
79349,20317.377918742564
85609,11185.612274219506
77345,14407.973865999249
78726,45448.29100707152
94445,27441.604882094372
107695,5282.872093602196
106991,15851.420661647217
79308,10464.200466499437
86486,8675.123004509882
80429,42738.47728607719
87107,14580.144594553263
80582,17494.679170074192
90386,14080.211579755884
98363,14862.864313994087
76705,18935.27142550666
104824,8257.461607530167
104154,6266.055429491373
91270,22752.31132956471
83116,10543.540719606028
105710,5277.355662059061
95042,14851.248569156902
88001,16068.286270113622
85212,10810.545995216895
91875,18485.669335649774
108248,9938.430057187868
106378,18392.67949202616
89950,16566.09344789198
108165,11609.913845414367
83958,15716.91093090325
101582,8385.557914364315
106377,13897.206867874515
104057,10511.553301126336
92245,25152.420653014102
91187,24895.594380525134
88022,14892.307702786296
92561,17617.603226193536
96757,12187.004943231037
104597,31741.335250917997
101485,9946.546019943153
88381,8124.214277193474
103776,10789.138877798126
91215,25590.21338375743
103022,13502.329747415062
101933,13789.669346890954
93174,27519.712050572933
105945,7127.681713053616
78879,15168.980376496756
82065,9974.870947362906
99235,21560.639183037503
81250,22937.953782501943
98942,17991.083466666703
82966,22275.455486300427
81141,22737.833727385212
101325,13357.413063951499
82470,10681.6126310039
79063,26234.467835832223
95324,35568.26131108557
86407,7826.257948941146
94026,57315.64724426275
106390,12110.453208311596
105069,20803.8156493576
88045,17367.15108592388
85356,14225.966799928045
80298,26117.66875738775
78479,9211.193770775782
98197,19725.11681484507
76490,21533.104509383196
77678,26234.467835832223
87021,14381.780169013924
107215,19699.952427044427
81404,28066.700885545943
84641,13397.957982605538
96328,18634.3604571789
83845,14637.35390091714
102745,8556.847248591968
105081,8607.218069140421
92135,16895.356054129796
105888,23212.37255512883
103985,11002.141252517249
92091,18623.347409315367
88090,18200.37951882073
106712,10075.757897546906
83446,13292.635761533711
84263,10503.509994048889
87277,10697.88662028142
90625,9650.232474684262
79466,21656.708677637616
77287,5456.525239649703
91628,20048.00151567108
89171,18963.3850802806
78750,20578.354857415237
77085,23426.558886465726
80877,25997.19813759425
76526,29603.17585115314
81085,22997.628725031085
107918,12290.660257210002
89072,9979.956897572614
103832,11008.255247652305
90495,11135.987673118672
100430,9320.454996698458
94346,11646.895239672966
94350,19180.734535539403
85431,10703.82026952417
105851,19257.874286670656
106969,14399.759156289107
95370,16694.35125850274
94611,18288.273258291065
79129,8715.249463200398
76596,20747.94032597668
93211,21261.767218162593
102753,13282.95211347304
98370,13282.40997926817
90773,10766.304428567515
98298,11812.432608803094
98150,9523.10474386339
101220,13280.14433714604
80802,28310.46874326805
91398,18075.994784313178
86010,17561.62167653542
81267,42380.68447749933
79745,18949.21310943304
105864,27457.09707573759
99245,15176.933816685605
77308,12470.854846878989
85341,14270.450180984777
78845,9586.056386020819
78542,9814.507085564956
95408,17934.411086495642
99562,9523.10474386339
82748,15799.270391445667
79419,34175.37603497004
107846,13473.782323196727
90929,19442.260573695003
77964,13316.031267571174
95902,22274.646499551178
105576,10511.553301126336
94067,25538.285439399853
82322,16227.2512249779
94533,13869.17580016224
102326,13554.090104800242
97048,8314.332979544914
84908,10355.527443372774
81143,17473.072014379934
90090,10729.290679600472
93029,21194.938449103367
85943,13932.980118945887
95392,17010.464638949972
107057,15920.253043865438
89067,9481.695198045647
85202,20615.01481022503
81457,16387.094511119754
77074,11646.895239672966
94378,20161.429231899212
78921,9472.584773181505
80414,23100.903327703058
78653,14043.833725382008
87185,15594.536186951029
103928,9606.705964329449
77930,14102.120966017996
93057,27683.739639817733
81986,26067.506140604502
87505,23199.86605464499
104258,9895.454838697846
100795,10275.417999660558
82702,16302.850752425746
98156,13756.803018859491
81155,22978.632847326233
82204,8388.699492558248
79859,15448.979735213097
79501,23403.0949860516
78998,10529.965346930445
93846,7638.432749418604
83490,13973.329076155323
81890,31361.71206870818
78672,13536.011805672753
79310,21786.94692928847
81889,34797.200132359125
84975,14275.004538049136
104001,18091.03574278292
90374,23392.385883795723
76586,46200.72519974463
80099,27168.28691778799
78984,23522.422486666295
76198,9455.48107684016
106595,19291.808150906298
78327,17517.504314668327
88954,11344.81556090135
94710,33798.70847285267
82380,17354.67308717213
95780,26049.827146135198
80440,50182.93413157187
103715,11388.129083169433
94371,24600.557318992483
105793,23097.846118275087
104941,10494.290879065502
77499,10384.217570144596
79776,16140.452468979232
102456,5627.423760014575
87034,7453.805307469746
98570,19503.177194388176
86294,12041.327290079922
86579,14415.524716842125
78767,23527.106658246874
101407,10246.977859310486
90427,14384.40170013997
86604,12949.53828716641
104481,7724.687751763205
102055,10096.739563326902
76565,28241.03684115739
101769,13246.194073629618
86849,7897.223519919766
89128,10281.474728858306
77119,7192.894293887332
94623,24598.4879246659
94988,22984.776960261286
107071,11991.14273266462
106724,11084.319613505786
79938,22144.29314257178
98217,14541.81199851019
96660,17510.765289068728
82817,11620.642332578329
89810,10079.642858133799
108212,9859.922445637249
82851,17857.075616550268
106739,15829.471429093219
98224,19228.266683481954
79457,28167.02859717147
87381,9023.812691505509
89127,6402.93731286078
79388,26177.507460348264
100705,8549.1134047893
106385,13306.45875004598
76142,27008.52118106804
79007,12573.501787134393
95972,39934.734639723
100737,10922.216027128638
81958,22988.44131022572
100805,11924.519278753924
81226,9558.496716944574
94857,19020.67159366687
103193,9890.060684212329
80622,23182.29846102121
92116,18405.872772755076
108228,8060.7510453048635
84744,10642.781736511608
90654,15442.255500263747
90551,19367.377278504136
78428,26234.467835832223
80781,23078.727973164085
87118,28219.222641706816
90187,14468.892535354496
76110,10557.999103881259
81102,18977.234138447082
89957,13336.009470252407
103585,10221.072600169146
95786,24509.066786514843
90883,9328.095697285808
94705,42717.06349797454
98890,14053.84539736635
91766,25571.45792439594
95207,8357.946309242054
77002,13743.038061480172
98428,14658.986552206856
85456,14960.620582069094
102472,14466.847041931018
83021,9568.278558057316
94063,12233.613780580321
94665,27616.385375896803
81432,21626.38942782936
79825,26130.697633254767
95008,25810.49345605225
104634,22973.30090064083
89960,9962.515479752754
99162,11892.41007931883
99269,10131.468893292487
102221,14002.530210309178
88075,16131.634347486754
86981,10086.148323934429
97144,8502.835265016387
95073,24607.370953049336
107794,9866.432889328118
82837,9909.139763122435
76265,23073.885545878922
102416,14128.02008530856
106292,25007.304295015758
94162,19905.756805604902
85715,9263.433934814113
108484,27182.106334102315
103120,10057.532277543369
98178,9531.310528740058
92208,11501.922861781526
82800,13765.30338455494
86660,12159.715589295824
94811,19092.67689545241
95020,12155.947014411253
103339,8684.382004775922
76719,9806.449648479052
106391,9867.269778157619
95855,31906.65745435637
107989,15989.468416324113
82154,19228.002558574222
77767,15505.572221933327
102776,14127.186047671285
79642,20601.488373949356
77306,8599.322259883465
98007,13135.598216284621
105538,16420.77264261397
84076,13620.333178203116
77749,24006.753731837394
95734,19953.86205241673
80602,16325.60100929286
100988,14009.13752641491
83690,11007.252796683451
84882,11105.249759085167
101699,8466.427737081973
86025,16852.101292945492
104331,21268.786784929962
93789,17464.313040618264
100427,11675.87035578482
89980,9642.170039290668
92989,18301.412497963443
96820,8022.366672330349
76354,18146.02090384757
93143,52273.80065003696
95045,23022.954652755347
78135,8366.749266032019
85841,10977.765550358961
105453,15951.164126798885
86843,10816.475372368986
76450,46089.34202237506
94878,37224.438406924084
85792,17438.71147580809
92518,17342.264939445682
91382,20216.881320041608
91966,35694.34928993081
95486,18280.030732480176
108090,19735.678681578942
83588,4423.577771243757
101240,11086.731647178247
79797,36865.11014541927
101978,14687.00151992724
77559,9033.564320906851
84171,8386.792189353098
84012,10475.672171615115
78716,14379.41092092784
100485,10072.279972454038
98908,8635.195371051486
93238,25163.002740433545
95809,24053.75954651022
107070,21807.571042426964
102546,8547.798047519005
104507,18926.744631753227
92943,27695.31738189937
90241,9720.490797564384
79542,22501.957221980658
82510,8212.05070696387
93255,25699.712312952168
96559,10314.218296525483
108483,17505.699557327207
82288,27366.129212609172
104480,8324.749696794432
92328,27265.92109312624
95793,25163.002740433545
105673,14068.550964826907
95841,14041.378857372309
98338,12420.15709401872
103579,7360.566968064751
76861,18935.27142550666
84414,6479.2463092544
102508,7830.887667104533
83622,11666.454347398696
98822,13272.363059428337
86291,8093.994972411095
84831,8200.732104258772
82626,10222.232662188588
105508,17286.761173873798
77130,26128.027517723927
94652,24594.236335466605
83243,8388.203583520979
80908,46603.004321943066
106139,15457.557468907267
91617,18991.179120669767
83524,18185.259034390852
94486,25776.300418797706
106044,12698.75341618307
87195,12392.021530802596
77450,19875.010901511723
99239,11803.125856119063
104813,22601.591987432304
108254,10865.810089460529
105150,11686.419373091054
88390,8419.999429051755
97902,19224.79045959002
101186,8551.154201977874
79116,17560.39703958242
77214,20727.7085147134
79298,12161.696249576402
91370,25772.296209285327
84827,12576.623553980507
107282,8433.754159436474
97678,10246.977859310486
93570,14550.847639005435
77654,9621.382777265404
77227,26055.92124939675
106789,18518.454606284555
78869,17234.930505158165
76531,14084.843867422633
83469,10472.046171206006
92278,21805.77302508899
105949,11310.552075859368
89026,22359.113398019046
102066,10495.710885205379
96352,14331.043430049263
77819,27838.537837189626
79655,26170.18691874041
84059,11232.568155854035
96541,10125.167714879026
89319,8213.46210113175
107795,8365.014419011959
96961,18723.393426028444
78158,20097.443098631076
77428,27858.80215345348
101125,10579.649525469315
95105,17767.027981187104
80306,7451.698676041807
88903,8678.265198364548
80574,15755.326022923413
76321,20831.293739077297
88786,23495.216127469343
95682,17802.999856381535
103135,14398.855795628378
84241,16137.717292134641
77809,10661.87811799039
92926,29374.786451073716
105895,25473.0539465321
86247,4353.577400518833
103470,10994.5414457832
98865,23224.24479961957
107363,26232.01562682884
76516,19457.817968936735
96506,10314.218296525483
106306,10055.002394302657
89093,13575.836666460491
108123,8667.163047059856
83510,7063.174845863455
86792,14193.66797372337
99984,16267.91201596095
76508,18935.27142550666
86580,11985.443551451683
88428,12433.796308651845
103922,14505.361856162994
96703,23918.624693024227
107626,18499.539497345442
90100,9660.106388204296
101987,8344.99836592331
88615,10835.012336596552
100138,11171.491836671765
83743,7481.425519837552
82321,16178.785311545551
88594,10090.739072607852
93842,37688.46802421206
89350,11952.687998240035
87643,16130.854181489602
105892,12036.49742062902
105711,14381.007599441662
95657,23695.62407670291
96330,15131.084019926446
96906,14771.873813112981
82247,21339.678339477094
97125,8635.195371051486
101306,11766.720168361662
96708,17371.121557189057
77250,12353.22565192612
95451,19027.98994104574
99405,14526.455041770201
94758,18160.14469655387
101101,9869.736016313227
77643,23100.568947987857
90209,13149.355797178285
90312,12019.349623044893
93955,18277.467007055908
76334,22423.264150448715
85190,14202.825500260746
97992,7338.099188245723
92748,46954.53804530579
79843,23767.27353166714
88769,12789.232945677457
97453,15475.004844721772
82550,7989.638723182127
90775,15019.613217581267
88190,12223.286635017159
100712,15291.790356245732
77237,31016.824803176547
78997,25766.85094254038
105656,19735.678681578942
93368,22795.525307977867
93469,12220.29670289746
98426,10331.547903835964
96832,10024.932768379085
85322,13343.005801875159
97139,12213.213525301902
78678,13322.766399107208
97821,15700.568167807674
95410,12358.525243694323
107358,16830.439029667494
96750,7847.513674144754
102529,7257.366322418636
76433,12155.947634243661
101626,10549.558284185889
77790,14676.585892195748
82932,12010.320441744274
89517,7546.065674468908
82905,14462.81382881887
88552,11205.138051449672
103006,14003.975635169483
88811,14854.175731342917
101734,10502.583668564874
99230,19015.542898351996
106537,19756.131170338165
107114,17622.755899359512
98513,14529.094790934367
92795,27584.934500673255
98563,14966.425832554576
78599,11144.26229732994
78911,18922.38047566862
84652,12384.026653191073
91014,26980.076583232487
90901,13697.33393523278
82041,34486.693851549026
79218,22991.321047907735
107371,43801.369881763494
94767,19491.63009257916
91910,68138.66723678315
103462,9380.312188010865
77125,14325.629707526508
95567,37716.177562941935
95039,23244.563440200774
85065,11801.004134451505
78252,18496.397995901632
89580,14387.231378776953
96742,9662.180260561467
79876,33310.17531002152
94674,20029.069429984545
107822,13800.122657975897
92586,16488.087239902798
78107,18910.29456117736
91241,24680.6127673972
79077,17119.516224860963
86212,11612.782244319276
107527,14507.945826825226
88056,8673.25672046624
108480,14785.248958652943
77620,10824.225410536284
97188,20494.11068902517
94979,21634.33961239679
105541,18067.26026184743
105852,23131.290123253155
99182,18486.267255139424
91355,53866.56574914213
88516,11074.719134435605
76101,19781.276217450886
87097,8213.46210113175
96299,9669.390667215519
100944,18216.331942917142
83995,6524.54455495296
100407,7394.268637898589
88255,10527.441567202928
93935,18444.701116077107
95442,21750.658120422508
93571,26687.460978169187
78642,46660.81775757593
94545,26641.299340582504
97746,8228.167591802454
96419,27116.17873924287
102851,14266.94053624071
102356,11523.581857735213
94962,24228.601893612587
89175,16695.253429022792
104139,8991.077883115164
103395,12767.05210285034
97017,9663.855178285818
101358,8614.63603306133
107417,11827.950658522243
97977,12229.126756557886
86765,15015.38449624803
95743,22298.14301477676
97804,20615.38308533188
87010,11557.544664583773
86791,9635.442976358256
97486,12504.840601977852
81124,17436.49935827009
105391,20768.12262390465
90275,8595.47044581879
104855,7068.275909864638
82804,14120.14528090768
94810,18434.599652593475
79517,44932.51698287955
101826,11679.211247045027
89848,19221.893834725975
90432,8982.827556091177
83070,10351.86132611122
78270,11355.672695312458
99275,14427.369597954117
92424,25266.45113676615
103334,13359.171430255714
79160,17810.012100218893
98830,25281.302117501018
87956,11965.096731265501
84523,19019.815073050257
78157,12952.894924923417
79460,18577.610663680447
81918,12097.877419228524
98433,20450.209457922865
104582,8668.217984821333
80046,49238.80646070862
82135,19293.166355774385
89685,15857.95016814561
100990,15975.455884014269
85624,19948.307773711993
88293,10604.124926288272
82215,9547.925694952584
91261,25163.002740433545
78018,8486.77504291902
78266,17905.905517443753
101074,9866.065682773433
97075,18614.52725647267
81806,15658.031067752703
80743,21690.289647211623
95234,21860.228279088922
100410,17333.58674385717
106840,20330.531580303526
89637,8034.941597145235
85382,8796.745327422348
83832,18078.96650660832
108331,7523.87003029302
82026,16297.422416301528
108448,9860.597573452926
90028,13776.663956473758
107663,26239.280094616635
107477,14247.323925275796
93709,8960.407303712356
91327,45148.8092596148
98548,9171.835123027022
79064,14564.603791125179
100670,9519.594781850043
96494,11617.158803888815
89974,7831.409576939891
96107,11575.54770394235
78151,17035.53089385713
79304,20010.96513872147
92842,45047.92862763745
87813,10024.821199792646
88762,17520.441557186175
90399,19076.53392552834
78756,25335.364827260917
94019,46291.10014347609
82073,9883.50744730326
91846,26760.35355357761
97414,28967.76761666588
92758,17912.051961278852
101342,14127.575700561314
105987,20830.394442580407
81349,12081.47647780392
103712,13506.286079730156
83627,14030.1312073197
95247,11816.855211631968
92833,16657.53851832858
104587,14565.978253551848
93265,21637.69461229383
90518,19567.811996457487
104256,18679.29347406118
80882,15805.05050749815
108148,11924.851622920592
81385,14357.470175780069
87860,9915.079422454422
107638,14399.759156289107
103947,15262.22761128534
91049,40573.031217794975
97916,9542.703426063452
95433,21822.8323181523
95871,38048.919038497115
85779,10207.15960055574
103360,9518.91588773535
80203,26124.571784360876
88511,10503.31450121039
101672,11930.343432929869
82992,4418.449370731027
103889,11803.414182621495
103630,9158.348844365628
103366,15696.536257170694
97200,8035.579082723515
104563,11928.033462782887
85824,11589.224761993544
91924,21385.753798868656
96499,12491.867436946743
99026,10122.76748980286
81965,23081.225563686785
91604,21766.87904984199
77552,26125.14778004191
93750,24603.5703568655
78941,28414.780898562538
102717,10588.336627642275
100534,13282.95211347304
99036,23333.1097045958
101961,7884.311750152815
76940,14573.200039717427
106310,14578.964931109387
81520,28243.916578839406
91800,17564.140648709556
95707,21774.138650004475
96395,14546.387941382733
90505,21384.67885614235
95284,16187.054143776777
98094,21356.956594469037
97884,12170.521517148674
98933,11894.912933751919
77664,35300.26797337089
93941,23558.464464240056
87812,17524.167812880096
81266,22180.240879418514
103825,12767.05210285034
99494,10111.303826603567
91256,18047.773900194206
91703,17903.464915714656
99971,7819.047129127207
76631,20708.500245924526
103612,4606.626044720857
98611,9208.944729521447
94591,24609.70801822121
80518,25540.785488049336
94000,27448.12775937827
85010,16010.776370585836
87369,8388.203583520979
86714,10196.858984924695
79985,12440.701915267935
88051,6841.0871805875095
97065,9669.794837617805
91307,21536.38299927854
98365,11611.544687911153
76522,46358.67273910215
96638,18213.963792778475
79703,10720.267333897506
83107,10851.267486479106
79104,18023.437788190615
93563,25168.694389685104
82599,8044.458116287291
83486,14873.265360969039
92895,17521.96650689532
108343,30568.977440668492
101774,9414.950491012027
82612,15414.252723689759
86861,7846.314444734982
101902,15388.131331959396
82973,10077.698078139878
89872,8055.037648955789
105616,15039.323813778989
84876,14315.170120950128
105133,9870.14167675055
98877,19230.02227129825
98515,21521.08137104171
98327,10174.743479231856
106633,10709.321616235207
82505,16160.58230455832
105007,10048.987734051494
97269,10246.11078382943
78140,14400.514673320255
82318,17601.95889110599
92993,21209.77287794216
97743,10929.968779926467
87763,10588.57921261946
104942,12275.672226034196
92045,19837.4813510526
97767,28862.51252227972
108348,18147.573604485315
89665,18598.95751895448
96862,8759.572631849904
78597,17960.077102402753
107574,23946.209428469127
94460,18139.318269856318
86944,8968.997291914748
104505,30942.895232791587
94837,28196.484865484734
84576,8294.21182615873
82427,6569.210216586661
80054,20577.64079882953
103504,17940.322856264258
101400,15884.127192793521
95904,24059.45119576178
99877,8635.195371051486
87554,11162.417649678542
81180,16928.30440477816
101239,14432.768434146174
94258,34364.07560839648
82942,13154.558596131075
101204,8305.311917498831
98516,14529.094790934367
86925,9855.241078745468
104724,6561.074975857491
84627,10672.654247155371
90133,12139.847969460874
100320,13860.727137042537
88358,15752.432207929345
94280,14309.094727942213
95334,23183.086037514586
95899,25736.082419633633
87270,17871.019035288202
80723,22932.589107555785
80469,11747.700471439313
80280,20672.71116948218
79493,10437.112080765353
92221,14760.358587541887
88547,10599.20486354473
97994,8015.118621396653
100047,11860.798367913767
96172,7495.18232909573
88933,16616.148633275065
107059,13306.45875004598
104280,25209.051120362554
94714,21138.11633943974
88671,26283.57528195559
102414,10356.768458954968
78051,40106.72861394761
89512,12470.272095731925
98524,11566.952071718855
88047,9900.235760282812
84441,8445.922850902283
78156,20483.274088942308
78648,14478.602492397375
78364,12551.109862382325
86764,13400.665427811264
78495,20906.102054226838
94609,18506.029881013037
83449,10351.86132611122
102392,11860.798367913767
102455,12014.236543338528
83713,14564.85704142215
97475,11070.66803103588
93371,17241.935743175618
94199,27424.17939009963
85023,9914.675252052139
95338,13709.57711803079
90965,36001.3169457584
77195,50514.02264654639
81875,10838.526149285217
104416,22637.0999174244
87203,11097.663638046964
91239,21768.6488403612
78127,11161.930446790324
98386,17146.950162454432
96497,9568.017623091091
83232,14418.434424168496
107692,30964.050976469396
100734,7446.188375021064
78271,27838.537837189626
100136,11977.174641413692
86004,19231.15238434803
77776,25390.291712560716
84950,10093.354003527618
84323,10023.69208090501
87033,19908.108873679168
94088,22330.856200083275
100594,15012.94502590722
103071,11024.234243770321
89791,8357.484562102278
97852,11937.467435585631
105601,10844.088248249414
82003,16576.485241435796
84872,15950.96455793935
82701,15431.222297320703
92469,25140.31314071602
92873,19363.06761464049
82114,26119.72112808709
101316,10266.791409542573
85697,10692.970296556181
100885,9868.069972253294
95305,19393.30789841072
93741,8078.356697720745
76178,17419.66851615373
84999,18188.285111191453
104143,18495.69764664635
105483,10032.087558256557
86136,9977.400191140769
99292,16001.803601490725
95024,22305.23512728024
107831,10023.089954467263
95035,29351.730469776485
86842,17538.805693741924
79511,45441.64184147126
99852,8384.146520196435
92478,19688.44824762596
93704,18202.613628494215
101664,11605.90561129974
76931,27394.627966904496
81674,23590.452032330188
102597,10537.355838172818
100630,6642.2002040071375
76978,26170.657528537962
102490,9505.72803413161
100842,8051.959099330935
102990,4940.53969913272
105412,9870.14167675055
78744,21621.192132188276
76082,13936.528578052406
82773,12449.35708307185
107285,14811.143334464205
85211,12142.874561731143
101093,8147.397274040747
96626,16786.2133625771
103089,9944.547557993708
98149,11875.714910386134
89290,10117.673215558463
104295,9827.763329564528
106958,27193.062614207025
102661,11209.18097832816
84082,10618.337895453067
88521,25135.192247554176
78312,27693.132312239184
85481,11297.853536407603
88961,10279.314650898366
96432,27653.231849533284
77539,8092.964303261502
88374,13242.23863509237
102919,7859.734330003008
94335,14080.169182508085
85305,8460.869676025537
96360,12254.081840976434
85471,10655.360232882573
104566,10889.61077315125
102100,10776.917839258767
80170,10839.728143333889
103347,14987.519001594617
87487,39380.74641646601
84090,16889.888911725033
100034,15453.1037490518
86825,14857.908588396538
80018,44614.61669448313
102611,16654.9459900116
102665,10556.64002900925
92920,20156.591727284576
89381,7620.169400220691
105151,17978.048223328668
84039,14833.38237686068
102217,9916.893959198178
102388,10773.898663596028
98820,15916.76092204785
100665,13570.41444505241
90384,28104.359551056725
92859,9983.431653259513
106356,11278.88366012015
104723,14772.98595433685
93244,35312.032499106645
77449,22605.79497885163
107911,10047.32853322094
81721,22988.44131022572
85237,8460.869676025537
87601,17882.03532454338
98578,12493.317056239868
80704,21970.786284150046
89078,9397.414677161722
92042,7381.529629060015
100450,11072.914991974127
95304,12097.147270908625
76023,16632.638555839992
90609,11172.236234770198
95170,19413.456273707623
96870,10046.12848068756
107247,26278.706820630676
100484,9184.060945029325
77659,28226.184834177817
79832,30885.208421916836
91419,13576.755946645499
80371,19350.19170899592
83386,13968.528206544603
103919,9198.222461903284
95201,14529.933677118044
84155,14626.00569289798
90743,11280.413049642559
104381,22388.57294312554
89097,8174.544596484093
102033,8970.855663045802
91725,22284.967606995724
92999,17706.00400233606
95835,15582.766397354135
102206,10960.36268508183
101763,10217.351115951333
81377,17601.95889110599
105683,14469.833369243834
91033,25114.754019143875
103314,9154.726660951419
105070,9663.363850286407
86950,8465.200545677206
79171,18655.153548965664
81227,17436.936129235874
80197,17587.062254472377
92037,24593.186780345506
84688,12347.645120508181
101952,10780.733038224906
88604,19140.48746498619
104058,21267.58967702169
106274,7527.654540872989
84985,11483.241563523836
99085,8544.429658806745
80801,17610.0614075453
80233,20453.574267436474
81000,38841.41269340318
89057,17765.919059962416
98382,10134.875060056702
106493,30884.36476284008
95057,21610.60759060813
84556,8392.689601389926
103037,15262.22761128534
92174,22130.593094827553
90920,14623.727917435273
93409,27457.42417987169
87113,24588.117874428266
104981,32174.655767235832
104556,10670.352717483038
92782,19066.750081026257
90546,8050.445719931641
105506,12616.885397003578
84787,11646.743605037178
100399,10977.738390875249
105911,8348.728643584167
101920,9841.823817669345
89224,12131.137917875365
106787,25319.0372748969
83083,7661.871751442821
102399,8053.0197788548685
77196,9534.166500528614
104889,7116.462391796836
79598,8454.909576968212
100540,9866.512778386985
107792,55124.28833844049
85758,12949.53828716641
79333,17631.686957878504
99351,12560.419187449912
86706,10018.13536380752
89547,14830.016571456006
88092,15893.384639593585
90348,11459.362258766327
96125,18562.41820237197
86921,14536.961436169453
76903,28783.46101438821
95539,9893.736465053911
89841,12868.585512800477
102771,12109.083056179223
87174,12449.35708307185
81975,44441.831455288986
95289,15449.313909105353
77318,26081.67473137896
76955,15025.617708423782
80996,44714.432254066596
87707,6613.588450204479
84519,6799.596323808753
96833,23182.29846102121
97584,8637.387472745635
104697,13844.11914858217
85510,9661.08747087383
79758,30892.33427791772
99502,7106.263392987775
80725,21493.00589340509
104108,9717.275396604313
107802,19962.02095097909
84871,10858.662483297685
85817,8397.856291068205
95473,7573.56836298618
85629,16057.879415047602
99641,8549.1134047893
82356,13837.127964472229
96335,21658.28429955022
103623,11752.843046385777
84233,9285.400933442716
93708,12345.74700629859
97947,13941.645035545836
84368,16550.620038743764
92108,8309.166996152135
86099,14072.25076609601
95173,26306.533901611307
78389,23292.701968267666
106219,11848.341704510847
88823,15738.280706706266
95608,28685.55750642965
95876,27457.42417987169
86433,13047.229198945075
95515,21969.7807921015
97503,15431.007377219901
89163,11097.756848136354
106479,17929.087213741685
83722,16227.89994348155
80644,23376.558878253476
86002,22444.359826723034
86783,11515.934871181285
91928,25054.98318104288
102142,13775.821493968004
106024,23442.477997341586
76022,10750.350604167625
95221,14062.937719827209
105051,21261.412654235053
99939,10453.327095277724
103202,8114.752580245495
104770,25041.826466027283
88396,8518.448703778475
93666,24461.358898003054
100763,11781.111604547756
96842,11108.434366215248
78807,26238.48619240815
85559,11426.433754441494
84384,22209.627915918114
95619,24707.842263769162
104008,23065.30748798165
98379,8015.624965375943
90476,13137.762846783486
88845,9914.675252052139
80296,8090.73414518716
88294,11993.029604653206
86733,10944.40293841273
101515,8175.667806279279
107440,10498.966451121678
81834,22991.321047907735
94764,25686.250996704715
94968,21381.210716170484
88218,21276.39412030969
87863,10201.848274536547
104019,10487.501393643179
103369,10188.5893396418
106979,7318.756229387643
89717,7467.556216922937
94504,9398.683270988491
85722,10732.000717739602
85311,12434.366110854757
103162,9610.088713243838
79834,28241.03684115739
102283,8015.624965375943
102686,11111.117132035326
85834,10586.728433488392
83633,10084.578717687156
101178,7886.3243774377615
102859,16058.4540464279
97691,18602.387958827767
99575,11349.124121548042
81921,13752.670613751412
88114,10869.223474302402
100101,8635.195371051486
101736,14090.972218110783
92763,17535.04165675988
93514,25026.847427391564
86322,12157.107904505794
84924,14785.568697817105
85898,8037.5872663019
93419,24792.994908963406
88784,8581.648807341688
95012,45009.003015055074
81858,19158.93851070819
101610,11297.589622927371
99190,10632.84833615039
87530,9891.079846920571
86979,11097.756848136354
77670,4378.086008781406
81123,12749.37521296639
81724,10382.093249901467
77870,8499.961378343529
84193,11106.96901006918
105928,19386.387401538723
97607,20557.001657226785
96063,27324.36227567295
77962,15761.104956038593
81560,22991.321047907735
100204,9562.58154670641
89185,17189.1581589211
91744,14078.034977139314
91470,24101.231332229105
78412,7777.51225555477
96222,16588.06293273664
95148,24001.07137082797
106039,14227.718678892037
79352,14090.828877127844
96602,8633.783976883606
102798,10810.145527192726
107301,26170.122673173293
96147,18712.72931282301
87382,16156.824500521974
79907,19207.87536838782
102924,10232.254619795967
78012,22669.492155634107
78333,12833.238676586432
105989,20698.932870265795
90607,15203.594652146698
86110,12346.134222311142
81540,19137.14822079881
77937,19113.70477062001
84630,14906.445195811604
80988,34492.75860391326
92519,24679.8517640708
95795,9051.169539622491
86837,6485.248065899534
82642,14833.38237686068
86017,11493.518337773678
84772,15801.388421045707
103962,10991.10227126811
106264,11857.316236392004
84934,22589.00196011371
91598,25180.856136001126
104102,8578.596787607043
81261,8314.341803497084
78425,18935.27142550666
96508,11512.127461856233
98668,14073.45096061667
93948,30795.360203561857
82909,10808.189399160392
91514,19375.502010120836
100969,9314.746935722971
102102,7219.96461062718
103465,11768.712325148275
95072,18612.125762413438
87535,30325.540994061063
107564,8366.72768865681
103297,8447.259382484552
106528,8665.751652891975
83748,12780.313771204495
98195,8632.16807333666
102113,14469.179834407927
94277,11972.008989962158
93160,19912.62088907773
92063,23749.74246415953
81037,11849.219209920242
92602,47159.20163705069
93096,19334.04939154829
97243,10087.221529848308
78019,14710.892594591307
107604,13503.72493519775
101438,13866.299200115409
86439,8509.047174650255
82300,19456.13249313514
105142,14478.602492397375
84429,7543.200547882546
98958,10007.92456596932
92197,22143.233900911724
82096,24721.860656024266
81536,26066.41671616295
101623,15012.991962325397
85596,10623.610195680303
90600,12397.293829066251
80089,44600.05705449812
87224,11979.107232092572
87685,17514.491544762644
90958,24689.933378495236
81004,20037.052565701673
91667,19191.209911181446
77877,18686.5725010579
90956,24539.214851570767
87744,12252.10059239781
96817,11575.54770394235
97163,11475.334858933347
102517,13334.379264104162
83356,7133.762150147286
89415,13727.522406776463
100153,9855.445293581215
96024,20347.81990264341
92043,32275.352748572437
100495,8822.478381137884
79653,20072.985351986154
88149,17391.295772366477
98022,19171.621065477546
84983,23226.49884512336
98394,18877.686172585938
78062,9697.751952240515
83656,13287.451426710128
93963,47347.35467044477
81988,28132.542069393534
95992,27629.003390585774
82620,10503.509994048889
82149,14578.994957145062
106199,10421.63059760257
107884,22453.533223084087
106607,18006.4085683241
84212,6847.09866019552
88234,14438.666285884436
96712,13342.624584963494
101058,13589.771505124574
81149,26116.841390405076
92670,21373.0903634622
101383,11154.43976896557
82563,13176.876147781672
100600,14469.179834407927
90826,9920.479683763888
102364,9857.929651048129
80759,26130.697633254767
79628,20829.451453724534
86113,19850.671098842417
96607,9788.0049042903
96462,14549.880892605286
88668,17999.12893115051
85575,22871.541483989167
97718,14399.83993422043
107322,27113.642828194716
79948,44763.57689517033
84361,19082.715308021347
77092,18935.27142550666
82359,25868.387521532302
87495,16577.21318687271
102966,14690.651083997154
104309,15396.443017639183
106312,25048.258761518697
85152,11925.95479301198
80835,10271.609068129203
99488,10243.020577445224
101023,10943.34086374327
82295,18485.833874404718
94330,24640.565473600964
96446,20480.23642881865
99608,14507.371423462035
108305,12434.561055926664
106512,13020.57271203612
104003,8044.985632161269
103550,13277.790157024321
86253,8234.498696729603
88355,10294.293022457932
101629,14206.001662067725
101460,7803.726864999587
87820,11074.719134435605
83140,11445.10509627534
89804,8988.364849747135
101738,13383.395972412889
101121,11998.300760506621
81810,44932.51698287955
102106,7886.3243774377615
80437,7767.132118694408
101463,10588.466261792179
97919,8632.16807333666
107407,22953.022129409597
76258,23294.463853385914
100626,17577.618810642365
92755,21771.870193252063
102655,9810.677457788262
89223,17593.520592847828
95180,39917.68364230101
96372,9669.390667215519
84089,11432.561873510323
82203,33950.22067655626
98785,8629.522261796037
95930,19442.260573695003
92151,20886.874897996444
105149,15243.187757779504
104517,9627.676345191026
85727,12270.603893181473
104769,10193.262289397004
106796,18396.295488468142
79021,13469.160195813949
86121,10472.046171206006
103139,11096.352083891137
87918,8813.575126755313
80634,43894.388606962726
103033,8588.527605677085
80019,18718.507055132606
108035,18765.59018195502
77891,8578.938975561337
95749,22991.213120980305
86617,7864.044796395893
77709,7726.2299599220805
77952,10666.4848214131
97083,14792.227430516135
78040,13920.258679345285
96041,33354.81100560666
101843,8472.9901905217
103016,10957.785198640959
86049,10490.122248239515
98228,9252.691353431019
90554,7967.7685193960315
103311,6557.846744299624
80418,19349.872929982397
81866,45092.63378523271
101259,11397.073883757375
92909,25588.477452993568
79034,34435.53856709834
77129,7461.043219408075
99018,11146.28076597487
107391,11554.530438866095
108170,18636.76196747549
80664,26170.30923692054
94438,40954.175624282565
100436,15874.25521008185
107031,14256.487468542147
103954,11768.712325148275
78892,11523.548820614275
88505,16113.808222654416
103329,11739.116313721615
88345,16287.710030265793
105950,9955.293968984377
98331,9826.7255549417
77666,15423.821492771394
95383,17706.27514618662
108535,12278.372909733405
78705,12495.352270677513
79597,10970.086126820295
97585,27145.386149767517
93832,20460.769796916684
97348,10546.415654935778
87291,14870.82067910546
96291,18140.686042511785
84851,11964.232077752533
105338,25227.158301520896
84514,10768.172956736345
105830,22275.2234913544
78819,10157.89463723893
79728,50182.93413157187
105993,20932.257530358296
104822,22925.32593232045
101141,10646.85866833016
82728,10590.992733093834
83273,9894.061160971522
107233,13500.874368677942
81943,30890.626510647762
105637,23211.919502466597
81203,15405.137260190208
95127,24591.91606891693
79994,23413.437059721604
96025,24574.96400233319
97390,30828.49048646831
107522,16366.878421477326
99674,6864.8292043122765
83001,22584.406932535225
94573,17755.07784349955
91983,27685.80366504636
89935,16019.309151379412
83115,11307.443722346274
108439,16130.854181489602
82297,14640.62908267668
96542,16374.535146610215
78269,50078.92846909013
104124,8994.373979681868
90435,11987.2006629475
97520,19052.311298583296
85468,7112.41466777528
83566,11518.732763202686
106890,30294.078563813593
98124,8385.557914364315
85866,10058.051548565023
104379,23975.488430495305
99616,10802.219273880863
77346,20386.890201339404
83668,7865.490156917425
94488,25571.209506596977
87494,7989.638723182127
84099,12068.838557535548
78345,14295.912260334118
95626,17800.618674750058
91044,19964.6665469235
91343,19182.45075389766
99823,10163.256137751097
97197,17628.241619789405
76399,21755.91653381575
95484,45695.11886678098
89728,23315.85365986887
93866,12260.519219016203
94053,27191.214807515764
103190,12194.48410671536
76312,16419.032351097736
79453,26174.627722666242
99956,14242.496957814126
96811,30586.871346303087
100537,13666.134868121138
98142,6861.5693102925625
106900,18158.36868984002
89474,8870.056919609624
76696,10361.806227121708
87479,12161.41943241161
84806,9913.808176571081
85385,23401.946255564988
93372,43077.296629947086
92860,22232.530001698593
105267,26269.85697145533
86951,8334.522921274229
79622,8347.449398505252
95103,19875.13422614821
87138,10582.108411685624
91912,17206.92440031031
78932,12107.305088844136
106494,13564.713922381741
91645,24059.45119576178
76102,13316.031267571174
79636,25516.42399980409
99416,12130.642857396506
95715,25946.919401467952
81323,23805.094713969655
96273,12166.792237734013
95585,22711.554051277213
91885,22304.35159544471
80762,26069.459659208926
79167,5178.296577565502
87173,10503.509994048889
92719,22018.551357518543
87482,7435.099878543552
95215,20164.83425309546
104054,27668.900444263167
103066,11829.261076821764
102449,10558.85237627221
93985,24139.733218179394
99869,12149.523097580757
88347,12142.062850873435
77208,11119.36257031501
79376,16233.505300212913
98451,12094.898771642745
88983,14859.957552460872
106464,11571.172137241001
89146,14870.82067910546
105833,10039.407818968582
79242,22155.978913777388
107738,11570.775243479156
77626,9694.856914203974
77415,14907.404188763578
82458,9914.675252052139
80995,26177.507460348264
98434,12577.56700439809
106938,20005.65820067669
102349,11040.942568084529
85791,12735.313738165936
103622,11281.124395333769
108149,8290.808757170733
86450,19214.525687841506
107252,12484.84692498304
76034,10959.96902309575
82259,32222.985857782878
76581,30185.916526140947
95499,23536.50034480067
76648,43599.770005942926
75992,19886.481821006295
81407,18996.104461573952
105954,15556.933184206946
97001,10022.99943855249
96179,10069.387266316042
77616,14466.391885459048
108142,19735.678681578942
89107,7367.274795499771
108236,23241.141050073646
92520,18776.3225967173
93186,15402.53181476517
96171,11297.901399024577
78460,8973.1248233789
85417,14151.542363659728
100064,11165.115478099218
92393,17524.173936032115
83360,15783.557734846021
103935,11994.658391334777
106977,13366.859096885251
107965,14662.511884260297
91921,19915.68376355145
105002,10298.029447769537
93968,22786.289472777276
83088,8234.498696729603
92707,22086.038419728786
89001,14580.144594553263
95856,25386.353885771998
88962,25916.740055879196
99828,11626.732889126573
87980,10810.545995216895
103861,17269.936786339993
90588,15726.590134585293
91508,27654.53074881915
86131,8235.299278828063
97249,9669.390667215519
88232,16650.170128704747
78451,26170.30923692054
79773,19638.05338104994
82873,8143.602359802988
104116,21267.58967702169
83673,23157.955894464452
77622,30624.872142556036
94936,19395.6720606168
93795,17995.835245946808
96084,8384.146520196435
105406,11977.472026404277
102280,11742.457204981822
83867,13280.933324767939
83621,18065.40650059124
98536,6748.375572115381
101889,9267.343859715484
84479,11620.642332578329
77956,15647.296308093266
99484,6411.432579667736
82140,11078.85120983653
79005,30611.481351989616
77513,21781.95460688805
92211,23023.647273322662
85245,12887.636342070715
92239,19936.214597751376
97205,6293.921632807988
84822,8458.582094565201
104413,10554.317511763149
98704,21531.70758546473
76724,17261.515029270024
101457,11884.2918826698
85487,17520.441557186175
107392,11078.85120983653
90712,11319.471783768748
105823,6835.03401479283
100345,14392.842011173392
104219,13316.008211116634
90297,7745.299157405058
77122,28229.06457185983
104805,21682.958428355123
94490,25168.694389685104
99948,8529.700585867362
103562,18137.878429857956
93378,14072.762366682675
92288,15386.257445135758
78059,7493.564231702391
96096,13706.315433569544
95732,13956.241564059415
87817,7123.70635499811
101084,10548.96645547982
90506,8122.475158262027
95676,15656.972576210715
90249,15829.143247876305
95932,32001.336380162873
103254,11070.781849597519
99286,9302.569431623799
84918,12111.600390833963
97397,11019.171457090286
88837,11134.598965919182
99212,20523.22045516952
86421,12392.496368071692
78337,33477.570997043054
76020,20611.65259509442
88038,11547.661257266858
91409,12471.861208423534
95205,7989.662408152956
108031,11732.351705599274
105386,8684.242752444123
100613,17252.53485238456
95685,21294.22792073893
78731,12212.57270917051
87310,16513.038728708867
101113,11686.169535451185
89077,10624.277276342487
96672,20700.948857326417
86775,7121.837516686135
79262,22978.632847326233
104469,13771.064371395072
98351,11980.874020533176
80728,21705.633964389337
97386,17570.498518315813
97417,18979.439453384603
93911,21003.96453764103
99842,7843.668775578319
97191,14820.58299073983
103152,6653.537346370118
100093,10687.307309330841
104319,14818.692384830598
78419,12169.768068063993
106929,9514.506415993646
107427,10558.088280270442
93578,16281.356578012113
103404,11464.527529268535
77844,21190.646551663824
98068,16511.681247015546
95709,36304.86357690628
87946,13968.528206544603
76391,42294.47154866473
87096,14276.278224057916
77186,24309.78156272845
90698,11814.531695531776
93367,18198.985004618597
83133,10408.858707708567
97840,14787.908251378984
87605,14441.382416068798
78472,17461.866127975438
100925,6965.938695972908
99596,19136.446628105663
86081,7446.281976365086
105725,9788.78102959425
94362,17848.148539754027
88579,10503.752353145801
86705,12331.742142314513
80813,15538.644144747082
78885,8169.051795314169
95548,16815.353921933747
82342,19339.966688348657
77011,12100.823618328901
83904,10502.642918567833
105485,14306.52480801021
107922,14331.484541408861
90200,9355.692379790937
104534,11571.172137241001
88664,11060.646535954793
100499,8228.167591802454
101035,13991.447102691282
90482,14503.245876872923
108068,8060.7510453048635
81709,28286.86852869972
97618,8635.195371051486
101931,10551.953002893186
100284,8730.483091565475
101027,17217.620379783588
96674,10466.341886689925
84856,13960.053749612449
105326,30885.430957385503
102491,12380.839543968186
97616,14199.807286634514
100667,15262.22761128534
108197,9858.931989987237
94844,27271.71798212168
104934,18414.90805236426
94116,24607.889211970694
76214,20157.05815815628
90916,20116.27038420627
106013,13475.26099934374
103429,15865.313989919581
93335,15850.839991156672
99260,15137.576393239924
97043,12213.213525301902
77925,54624.90125632702
86716,14566.296531340082
82230,10760.762528484309
77567,33354.19530090941
108496,30970.80301730346
104871,21695.603241777382
77957,13830.852170418348
96401,15534.753685999185
88284,12032.32896971488
86845,7846.314444734982
101349,6938.002069522568
77015,14014.261457633782
94471,18269.476224297476
108380,20212.88630440286
92533,25168.694389685104
77756,9762.269906645635
76035,17049.19580829465
75973,11845.048730353717
94675,12479.036895156501
79435,20042.76047129728
106542,22953.022129409597
96546,9524.190251221535
95946,18878.556594914782
93188,23473.945514863943
78117,13032.683368806305
102180,8155.985052018362
81825,17580.330770635945
90050,10074.452533778336
79638,17518.431278250835
87579,14898.47642279286
108103,17639.36544866239
76578,23427.03536089127
79112,14578.994957145062
95959,21610.43332408056
78244,18057.50906247159
77851,31351.42330767939
87052,17004.847549282928
88538,21890.67117164641
79011,20904.076906495728
96381,16921.776199950396
105358,13685.803421317623
92876,19465.85216085716
87699,6470.060609061818
90203,15816.032384128455
77001,12234.085451206782
97974,9964.286972229886
89985,13598.644366565517
97810,10321.408356022572
107459,8216.231551950523
104861,16160.58230455832
82516,9915.079422454422
83497,11426.433754441494
80194,48534.333535622005
85730,9914.675252052139
77914,19800.315160231334
88779,13288.768474532917
88366,11856.498161987092
104300,13407.064373315663
84300,12015.477233705977
79422,19590.398584261977
94910,26763.502924080858
108386,26232.01562682884
92708,8341.775566807333
90802,18790.554634894776
104397,21695.603241777382
98039,14319.30661647363
107887,20200.508160736626
105290,10916.83507173821
102575,19759.88086934672
105040,8277.004869051681
98430,14304.46678445614
80499,20573.53428043114
101694,11936.578570203736
76386,26231.58809815021
98181,14965.045536132813
85340,14637.562783709955
90766,15194.216065604487
93472,14998.457778395572
79927,16400.178255316554
80854,20051.30523715377
100180,10551.953002893186
84437,6806.9178493952295
83358,6485.248065899534
93108,20267.62825920932
104330,11132.171130102493
103518,8384.146520196435
89006,13971.648301993597
101611,9140.45056713681
92226,20633.8543259384
84798,9501.980981022116
92840,8067.522660650936
106054,11380.464798724039
78261,28014.538951906517
76071,13592.45075827196
92246,21596.253074015094
92296,15624.466451040975
89469,11964.836411583494
98079,15029.30200739
81294,14285.225593655574
96301,7025.003590512882
83888,10371.74677116527
87403,8301.191772003336
92192,27477.591508276306
107592,16801.650384962384
77496,10971.16355031466
97447,27653.231849533284
103131,12251.220324274036
104590,23071.433336875536
97597,10217.344066639818
82167,22946.383224751364
91027,24579.227868335427
78607,28783.46101438821
99587,8716.178905365681
93937,51558.59402994957
100307,10031.986786329035
107613,16950.21591602365
99773,14582.544778029272
90044,11315.962298332739
85578,20076.095541613726
77103,10591.526322682732
91386,22172.410854154718
98955,11450.206313355244
95927,17884.194957315838
103188,9817.331034677838
77389,68792.39786101742
81822,10437.112080765353
90768,26967.83370052774
77594,10128.259668971416
107085,17534.051914248954
87692,11937.108806939119
77813,7705.690998984403
81414,13538.91177887292
102900,8727.553648297251
83150,14625.344870336494
92414,27492.59791412659
105321,9755.376671131591
92658,25976.780960316344
87160,12552.059864030507
107827,14801.524540286911
105790,18499.539497345442
87463,17174.836176445267
91532,46291.50816614275
77459,20017.64890625374
81593,13825.778744754574
103719,10991.10227126811
102291,10156.537684330457
77211,19537.28173433354
92956,18129.39095346775
86578,15758.097815693765
85882,14950.860647357225
82082,18110.17429645195
91811,25087.756289694065
82036,26274.341482627275
76773,13314.382986417015
99406,10865.656882181656
102289,11759.673360311508
94402,23636.76273978097
98621,7705.529758372691
96476,11122.879078426435
93410,12640.55734617722
84989,15836.574437760364
85123,14799.377284633627
88492,14910.574429847968
95128,23493.886937874307
93047,18035.379543301504
84587,11916.107665063486
94856,24236.138938998323
92247,23635.181182298602
101052,14067.564312974002
82940,6795.509694070804
97756,11618.784893958913
98444,18099.65987548734
77869,9287.793249681534
96694,12387.089076596041
107101,11371.930337352656
88276,11426.433754441494
84648,14447.536032652979
88011,10631.159522029002
97951,13389.204131608023
77288,17716.20213684129
104937,7273.955306943044
81621,10644.552178721831
82049,34614.5223545481
98553,11212.136471913836
105056,30885.430957385503
80914,42268.590984236755
82440,14870.82067910546
94927,24596.083958003088
84303,10676.109355149236
85533,10500.67649348568
97576,9300.318681087061
82216,20727.895520811177
84279,20476.703606113893
80976,16326.425003592496
106097,22961.451571659014
83074,14002.939719626813
87581,12451.258017532193
97210,16866.510731397688
90785,11286.922664496504
99434,14125.418550395672
89600,19233.136825336664
103809,13417.547505658926
92260,11969.094827936153
89667,10297.71999153557
99310,8225.52178026183
90375,24259.04179020949
89468,13804.534131888531
94940,22305.23512728024
97747,8133.629395636038
97570,9366.251823153649
105994,20391.12363760693
93145,12601.381072164473
94100,16936.42951949795
103226,13415.548172378974
100167,14974.401401262663
98138,9644.652165821537
101043,9107.38870872441
82078,18687.0591825266
104748,8140.20507245293
103881,17233.474193409318
86774,19232.439090428692
89857,8637.387472745635
97150,16872.93404226157
107683,15802.955291387878
83708,22909.01141864922
78775,8939.692333625935
104200,24179.860061364427
107581,10741.262769981515
99756,8058.966213272815
90210,15232.757296448239
78027,31016.824803176547
97012,16047.490905145332
104010,9551.463999103888
100639,11365.343196444106
93792,12028.506638834535
85574,14849.968997451786
105066,12208.371771097309
97307,9926.437691092266
77243,40478.681366508376
100661,10169.285089812853
80825,19251.877889890817
85856,14131.250804716197
85793,9474.629762984547
107091,15835.292874637202
85836,26187.677491686572
83887,10503.509994048889
84721,16172.12791709847
77636,7013.692925102668
76905,34264.12092152484
104895,14431.41333873335
86377,11757.987992528788
83076,17136.297073158283
90124,6778.164550742319
105661,9830.979732774455
91631,6995.925291665162
79760,44763.57689517033
100714,7064.741517581982
99231,14073.45096061667
82805,15927.495721973633
80714,28167.02859717147
93820,21684.96179233777
85373,8904.566295848372
95562,24995.022502959993
91723,27964.435899959666
91501,24159.662415001836
91222,15386.257445135758
97984,27255.832017616976
95047,42363.143578988456
101181,7078.97725474486
88389,8662.418433030201
86999,23401.946255564988
85255,19094.037401311114
79093,14097.257631413966
82409,19103.02969107268
103128,14135.68191570876
107027,11423.817565700723
108081,15298.48552247178
85698,23294.647042656965
84249,19984.1112783781
101719,8345.362969083932
88643,11194.777275340548
80972,17870.645145847928
106047,14581.485093798632
86779,4395.438040783959
78587,27585.68825639694
90179,17280.314125638448
90972,11278.436820612025
78609,20250.0458427992
98324,8383.111820311142
76446,46354.60616054845
86829,12103.67454958574
87796,11438.730372930193
83650,12789.177568903142
81411,16755.867995761597
81963,27169.40314191782
96782,21591.13843107139
89718,8650.000944553522
95518,17761.543509833875
107293,9187.076734248509
99739,9042.4626381343
103956,13309.653110341706
85946,13280.933324767939
88532,21417.31092275495
85713,10100.84832869924
78184,16291.305528700987
100234,8011.963050728004
107715,10518.650150534037
106150,18096.460018864695
77266,9398.749330990137
91067,17621.29146824884
80869,24634.3785013201
81462,14269.062597932509
83382,8978.727347821168
92915,17729.850964849225
81139,18045.508076486356
96523,11870.900481129185
107090,30884.36476284008
108117,17834.693345147833
91742,12950.537767273243
98340,12575.630326457163
88371,14769.409219305264
101031,5274.061421265399
108430,34423.07487118153
77740,26231.58809815021
87861,11919.436257847705
84746,10741.093806074006
81252,23112.570483591626
81933,13250.421651572711
92153,19431.653885678035
95485,14238.879348615312
97686,17718.392340197104
107452,14795.909165782808
95477,24597.89613227057
95752,27424.17939009963
99499,6979.912500604592
81223,19418.573904437002
83589,23272.46107157028
81497,20701.502521503993
95884,29630.90267924637
87806,9925.025073368111
92330,18302.602538201503
84558,12882.931801362363
82990,8637.841040208152
90851,7448.851842672467
96997,30829.556681013728
90278,11308.683283494882
82417,10758.245313751733
100247,8514.42713848739
82239,22978.632847326233
76975,20372.43503016883
102948,11446.969621585135
96929,12428.283209952331
107088,11519.60054610685
94670,12328.994105896572
89862,8240.918568795792
94506,13201.341480843133
97696,8635.195371051486
82696,18524.568219558827
103767,13380.818485972019
105307,10062.775816075637
106510,26247.18919392206
88316,13953.652031703808
94321,18636.651369441028
96595,18609.35518353598
83223,8283.669936253074
85551,10587.63835527912
96007,11971.891296291606
90296,10807.53052943454
97407,14308.460592203995
93071,14400.36765724729
97275,7439.721748644851
86827,8230.813260959118
99759,8632.16807333666
106689,21176.704738977773
103062,8437.00806601536
99657,11854.661552431728
93428,23786.831045919098
88504,16451.87633204169
87359,10965.292420019694
81906,16967.754778784005
107446,8317.19762042301
78926,42354.73918814668
97871,9670.470207598855
94202,13907.28569101436
101216,12653.789876945766
89614,16038.689208591773
82929,11130.545683149163
78710,8821.888692576451
104966,21969.898717528802
88410,16339.247238498347
94382,18988.275181365436
106319,43776.83688544702
91212,17252.600023804105
103584,10600.929969110948
107593,8665.751652891975
100069,12116.162884540061
97293,11460.462628123474
97085,4947.065128952137
78830,9697.751952240515
80409,13483.993631076966
81079,32950.431128636315
90437,10795.192829077758
104169,30884.36476284008
83432,11090.566788639264
86630,14187.665604609292
100678,8276.795234806288
92564,21794.536241925467
86007,11595.58284396079
84102,8290.633314785602
85324,24397.76218545866
92796,12002.928050410614
78277,25257.598026680982
91813,17673.771481706444
107896,20471.209396895458
80598,23205.30953419084
93630,19867.2891838383
98016,15510.549135025884
79518,44684.19359938518
104016,8433.754159436474
90069,21219.453326972405
108485,8274.81276735753
105556,30864.275213707693
107276,19322.56177520818
86409,16103.789174311993
98131,15374.288975946456
95165,17686.89604870371
92954,18609.992649562024
108363,8606.56033408336
107775,14541.0680325183
98806,6786.836156455698
82105,17908.330159758254
95777,12077.678625488445
78794,16948.290925684185
77994,28696.88041233557
90061,13263.765428543313
98353,14221.794894344026
86777,11569.080056551162
107107,9500.31246525978
99207,11665.138434805524
92441,25413.83075207642
81253,21866.343872255384
82071,21158.651986328583
86304,8855.979204156163
78529,9992.000530142566
100606,8815.337342130952
108524,24858.833517905296
87772,19199.275624459307
83062,16192.727349641606
106197,19638.816682286026
105773,24441.081101983855
79317,17835.906486481206
103930,6084.3674854146075
77486,39790.71047625916
76154,25081.429476626723
89324,4947.065128952137
98354,12338.057061500798
108349,6538.014111165984
108146,8003.925629160098
77826,20921.590943414732
91078,18606.194286668288
78136,26208.486170238833
107463,26211.42308452091
100749,15262.22761128534
77223,37473.098003683765
92513,23420.44308426429
99409,8385.557914364315
94380,20738.594817423997
84791,10472.046171206006
86042,16571.369687378978
79939,33950.22067655626
83953,19749.940820823147
103754,11686.169535451185
86091,10858.662483297685
83114,9773.84944918432
80956,12082.0769016432
96276,8358.24597107808
89799,18757.544645688522
87919,11295.680220369017
84054,19122.698617516104
102856,8435.928537873106
105645,8256.050213362287
81207,21868.287742467517
79629,25589.26128831189
97211,14656.182975449346
86631,6484.55802262938
93438,25163.002740433545
96983,22172.59252331504
93914,24611.03901691658
98470,10695.142857990626
76650,9395.302376088708
96428,31638.86948879535
84958,19131.268108487162
81064,10720.267333897506
82469,14476.098085069489
102139,13282.95211347304
97800,9502.840535405123
98474,8303.366863164956
107944,10474.972966207799
97401,7580.812703378088
108476,7641.348208560351
103189,10185.588957424636
82987,10037.955898493708
80903,26988.370680200744
90854,13408.064386187902
95644,26822.4617526964
98728,7880.50275132924
94370,16802.656679252497
84537,12582.748512378646
89358,11080.370977160235
76221,12548.778598099672
84935,13292.635761533711
107676,10293.643768263855
103154,8951.61826101749
82600,15657.875003824924
104290,19611.555446285634
79972,19325.918878540233
89202,23147.691181784932
97253,10046.166797835684
97358,8333.343290974695
106932,11142.82245997091
101140,7667.854844094559
100650,10972.04377813116
99817,17768.50899348518
80953,20221.832643146485
93851,16514.863041301443
89574,7798.704816103648
91092,15386.257445135758
78214,26118.524350733045
80283,16267.807021074634
93158,18802.947280888726
78562,45226.90620156225
108498,14687.686704123835
100223,9110.80201436159
76976,8026.528435269616
81119,22835.617730833197
97369,27145.386149767517
95721,23446.010887641805
82271,17574.380836194247
102837,11803.414182621495
94761,19391.948374190917
89200,12584.691780473317
102690,8665.070649458272
101274,11182.616556794848
107682,21689.777227483977
108276,11875.547550973453
99011,14368.311231104348
94484,12582.9814177221
106033,19997.71835353246
89123,11869.854337454928
88740,8801.330000004496
90951,26451.045572122748
103812,6997.256612813651
100056,13554.090104800242
100691,15783.643622153468
88394,15696.736794988057
97620,10357.5603831661
107955,9456.082485168718
98144,14458.186835217193
106325,22950.142391727582
92867,38328.35438649998
85204,9719.649596812898
87062,19142.45664179055
81539,19379.480384766204
92009,26675.13131881152
108224,13316.008211116634
101686,11820.258654967718
98557,10860.956226411532
101594,11793.454756554132
100647,5012.539880474118
102401,10767.866753872313
86093,10579.154827174809
85837,13597.670453358343
86260,16059.265175202952
79830,26241.73230362002
100041,20905.040690630856
92230,21367.126049346072
94661,17858.31043917797
79450,20511.51566114374
101374,9579.572726063801
76983,28784.98195076
99673,19022.501632604883
81336,21272.852424669247
100376,10553.527482820442
92756,25475.795733298623
87725,12317.51589146848
84541,22281.300559682844
82284,37070.57910459087
89479,8637.387472745635
93259,98676.45584513989
105648,9811.335182937428
99099,8818.885247965265
104543,21695.603241777382
108474,22453.533223084087
76907,15455.050639057168
93652,26099.572354799067
100967,10885.083636147667
94331,14065.321283333744
106381,11779.396064202883
83170,11426.433754441494
102953,9586.804770039009
103590,10549.558284185889
77316,13309.179277075393
84682,22169.91857274056
84524,14447.536032652979
76747,17348.12239651237
99049,11826.400217339893
105881,8726.859584291025
90833,8329.933632146784
108079,13306.45875004598
107295,13204.790326620394
77121,14518.635220742453
78927,34521.53003882828
103048,12433.978776994478
86216,11105.249759085167
88448,18071.098884226256
86219,13718.093954249782
87181,10026.192716251402
98755,11088.263564695464
76443,12548.778598099672
101149,8978.467246510972
104315,20797.64213333832
108345,10633.625870340602
100156,10308.423412492699
107263,15340.73481600377
83935,8210.816289591128
90584,10178.211122844528
105733,11543.237142029691
88332,10438.884695693145
81979,21626.38942782936
91864,46367.78394854475
106847,7020.453705623005
95136,14810.250866552107
96991,9669.147181856099
105905,8667.163047059856
102080,8502.167459460123
98072,10157.89463723893
103711,11131.339742367132
92213,17294.86663835281
106898,10511.553301126336
85333,15321.86062803362
84559,10481.414264914825
95428,25100.982406499425
101003,14452.024682996056
87773,4563.590551926748
100739,11790.546531224976
99885,15510.549135025884
106647,9873.455067667175
98019,11213.237998205543
92212,24364.902925348117
100786,11787.45547574055
85518,20150.538120177574
89849,10252.976944865553
76149,9572.095099719763
97490,9661.397753619285
87476,8524.922599965854
83248,21223.56710599905
99352,11542.856210861193
90736,10287.036966712556
77596,19505.28621278373
77209,6916.262563845537
82308,10720.267333897506
78207,13555.51791283696
104041,10845.95135794262
81125,17123.10054712369
81691,26241.73230362002
94459,7628.012887492212
79977,13726.990114763466
96530,14384.431281444513
78367,21274.249763659223
108100,35222.943577552585
104510,8667.163047059856
81891,10901.045245853793
97087,14221.13969338768
88161,8458.582094565201
101097,10551.953002893186
81742,22641.048066151143
78409,7339.905557692843
107496,18948.57628608437
99326,9539.779491054298
78535,10474.819651348795
106164,19614.94463345086
79719,23041.8002526754
90418,8809.373692119028
85844,10503.509994048889
86639,10618.976848068043
83745,8388.203583520979
77300,46690.91376607776
87702,10503.509994048889
82586,8605.08684418913
83769,8949.959348812687
81708,32047.56017708929
90224,13838.658057864364
100063,8730.035995951923
79249,10464.200466499437
78719,30988.91296628612
97287,10252.976944865553
84267,19613.088724947524
84056,8386.792189353098
101164,10583.663945816923
85826,17510.765289068728
93793,24566.271943948526
90945,24059.45119576178
98991,10132.908514172153
79647,14323.392317494368
96794,10314.218296525483
83984,15863.82086111663
96688,8635.195371051486
79838,17669.521045868067
105671,9851.55959063931
87438,16331.587855897404
85859,14401.435723567238
91639,15605.660121858562
81134,42585.614423838844
99992,10436.248523921091
91262,27436.785235552503
81417,28167.02859717147
90783,21405.118977966213
88898,16715.982041422823
76241,9729.629974475674
76491,18366.73833777524
83132,14798.425226350268
97757,17394.49978122976
91753,29722.94189109608
82333,20984.763832602366
88295,8221.703414511096
98314,15221.918326692565
86172,10630.762369662834
78331,21915.316687551633
81996,22988.44131022572
83315,4561.877573217214
92376,17304.93810393216
103058,13670.843852698568
102215,11793.454756554132
104225,26283.41915984611
76910,16147.07590722411
88657,10745.424333017241
104943,17203.999203684798
86434,13986.632668901502
79432,14478.602492397375
103103,14037.04889202219
91456,30176.693882961194
89465,12590.760998399955
107774,13907.446776429068
80938,23076.982622360018
94883,15901.98389648092
94135,24600.557318992483
78747,17826.616642555877
76240,15456.346834424117
95820,42104.798244059886
79092,20058.769300273638
84393,9913.808176571081
94391,42517.259373954585
77183,17111.121981559347
105612,9762.512047184051
89046,10821.619678117113
90878,23623.923020973853
77058,10781.039244176065
84468,10411.613725932168
76713,20803.97793381022
85568,11621.903874559464
82191,21823.191061682937
84825,15865.573806560702
79009,37458.26221970363
93908,21417.055659663332
91135,24372.11579482219
94603,21379.547997274472
105887,23480.106337755646
103196,10555.694059827456
87544,12434.147647560423
99605,10006.204143290983
101660,10571.0119002964
100671,11441.934839325337
97839,26188.51110599646
77742,38992.59233786039
106144,8236.171661780769
79681,22978.632847326233
98764,8411.751637016147
98200,12971.37036086416
82652,10110.776117478055
83599,8908.989200643013
97776,15806.751223308303
83403,14873.265360969039
77472,28331.56622130547
79535,23182.29846102121
82632,11090.566788639264
98612,15501.978297857142
76103,25072.6395673052
94824,24597.509164487252
87424,22488.52192531994
79193,17581.159049078396
80853,14478.602492397375
87885,13641.453154840585
80891,26069.32037468439
77149,21682.841975001975
91012,14264.528193195405
99259,8639.765692397714
81555,24192.849283463504
93917,24883.432634209108
88089,18766.856918930545
100704,13341.403687367103
77798,25369.84403357861
87342,12223.846562789338
96013,13453.941904940108
93380,24051.491923522033
84040,12395.62935888293
88600,17522.624223848277
76133,12547.116514423205
94842,19495.236228982118
98184,8196.073995930043
88767,16051.45804593308
98741,21521.08137104171
81739,11399.878263321083
91321,28113.789600596738
108030,24863.576272935476
77680,25270.355175328066
78189,24533.69501149328
82302,22981.21685682049
78968,14328.43391450888
101390,9607.069978491709
95491,17630.14930122212
101687,8276.795234806288
76371,18466.457037537886
100151,13328.513063663904
92147,20147.335377676558
103385,13434.668766248145
86960,18117.91433804282
89563,23233.15037499917
98013,8034.941597145235
103747,6286.137160693317
107681,15945.036089383482
82686,8163.447578824248
79913,14173.567824376953
96545,14287.711151530162
98278,15314.795341529874
88916,12346.729629712183
104733,10569.989517409653
103529,10551.953002893186
100642,15262.22761128534
97860,11976.292489341788
88870,14627.169566441677
97563,22147.64101211771
97081,11106.199611096608
89544,10033.359484617584
96332,12330.508600377434
97064,8911.860562070733
81916,33806.33063588375
82148,47465.745277826965
102447,6655.52862985683
103111,11416.367461512255
85058,12057.635423816762
76422,19363.904340783527
94546,24036.07678905494
96769,12551.580288747267
95364,12260.519219016203
101118,13876.33939434136
107644,16521.054537109274
104650,8135.918514219792
97300,10144.96228717056
104069,11012.582654320882
84700,12628.226840338404
97122,14722.985663678897
89878,21219.453326972405
82579,17763.304059463917
107967,8273.401373189652
82494,6661.429722917917
104872,14478.602492397375
76339,18934.06914143218
90676,9650.360943101863
83780,14355.26507442831
94444,23670.059210239328
83532,5864.612872336981
103380,8502.167459460123
90941,35189.67529999451
99845,18128.256030664546
98053,14963.44734823302
77863,42046.863759292704
81107,23376.558878253476
81176,23082.314988128343
93196,54024.815973281846
102895,7121.837516686135
107093,17934.75739862849
106566,44051.87242685807
88893,10807.626178900447
81939,46425.147087785284
98833,10062.467468451967
102812,7871.723521324537
95766,19905.756805604902
83556,17684.911157055045
96725,10244.144358747279
104649,6487.533308416913
98466,15102.52040747594
77661,18665.363395372762
99882,17401.9503570479
82646,12426.82621496051
94874,19184.033973846133
92800,13465.954857759332
80265,27116.0950371981
80587,23399.84887483973
92298,20969.239062294306
99023,21521.08137104171
88098,10103.373040413686
100928,14363.846890229192
106437,9816.596245504381
83122,10503.509994048889
86614,10672.946830376713
105454,18535.412095990916
89282,18995.175286964386
103136,9890.060684212329
104899,21560.696707186078
92041,25870.381662853266
80795,14323.392317494368
103043,10551.953002893186
90842,21401.37631972824
103070,14050.759256927957
91523,26174.07365255011
76427,20806.474555752327
86188,18588.62302901863
105618,35222.943577552585
82931,8234.498696729603
76137,9455.865418241712
88017,14577.06760054499
82713,10563.914473580639
76155,13851.832286422181
101057,8665.070649458272
94699,38096.64751438986
106794,19455.4614260557
97000,21529.957575194043
90986,23115.069287247596
92785,12949.000623828859
79156,8591.516532888496
107616,22119.59412082893
84264,11923.804990337407
93932,17359.508499439165
102956,11992.256479599962
79715,22378.599234275694
82329,18515.131856468746
86636,11612.782244319276
94479,24778.624754573517
84998,8712.925362430957
83835,11187.072731156726
106823,8673.699885284044
80760,20977.41123457225
83060,16910.997441567066
85872,9990.691222766005
76227,12735.313738165936
103460,8514.874234100942
96989,11564.02417527448
107858,14801.283396918947
80447,11102.677627382722
108267,8614.157953144415
86584,15746.612085075942
96426,15767.36268400198
86696,19141.888995516983
88252,11426.433754441494
91515,47194.833122898395
98357,10140.005363579854
92439,24593.616129779897
92341,27437.13765369259
84739,11954.315971502272
76906,27125.338837284624
100027,10293.328167110809
102225,14136.503757565084
88476,15136.711994072226
81778,22984.940524449583
103266,13917.636184854306
87660,14800.529315072998
89634,7049.986542783354
93577,25814.3902840479
92450,20075.08026878391
99404,14546.167534173457
107936,12829.428273456542
86174,5267.775530526826
98273,10132.908514172153
99007,23027.269516031723
81615,14627.412601544664
91236,21748.0022373486
96984,15081.263622748864
92538,25179.199919291612
87039,4947.065128952137
84235,15111.214820227044
77010,14577.647360055926
106727,4949.447449429293
102933,8730.035995951923
80821,7115.29828900914
81969,18134.075686978627
93088,26436.452805542664
107004,14677.752476831014
79330,26173.64958311508
80388,24631.22452259045
97494,15431.007377219901
107144,19730.518071466944
93860,23728.934144763844
94845,15547.037408272672
79152,17495.317685421207
95032,22295.158519331024
108333,14230.155468337176
76925,22200.704751816014
93278,52200.16075934588
98608,9541.928092752743
87236,10118.213264616783
79320,21717.267550582495
83893,12572.568818920683
80973,17428.37325524301
97659,9669.794837617805
102063,8874.872932797367
96324,10246.977859310486
101184,10956.918123159903
97392,27145.386149767517
94094,15979.929084532572
95219,18099.078878448472
85048,16844.444852088454
94887,23783.174888133646
88002,16660.07079220094
99157,15800.982788396484
102746,13454.76800643691
89164,12383.49113746332
101079,15249.061376437863
94124,14698.25807415479
100161,12243.488127333536
84658,14797.947805255322
105603,14634.778722927853
90963,17646.608549319455
85012,14253.605308049253
108298,12874.222036114372
104080,5281.906312939349
91850,32145.393884133457
102713,6491.998704841232
83295,10503.31450121039
107847,16998.35203178984
105847,12071.10675367591
87143,17438.71147580809
106090,16490.942740330436
88925,12542.620348779925
106297,16869.76738307247
96596,11556.622321442252
99233,9105.4984888276
103321,11987.629716211466
82479,12230.854442838476
102734,14788.687938700006
107461,26283.41915984611
103237,12962.458888595313
85581,20275.52901231111
99196,7805.556295360906
79178,14070.356232987891
84339,12735.313738165936
92764,18520.21210625861
85498,18967.41042832013
100622,13960.442556003925
106518,28142.824770243013
82821,10612.709745535953
97628,22652.809007717417
90763,10041.521315593496
91567,24602.89759205994
107462,7494.986161237836
95833,22305.23512728024
102479,15262.22761128534
97555,13818.792423363391
80881,10739.401304925183
84016,15884.296490835928
94051,13845.356997532266
76277,20497.790637554765
88676,11818.686014567646
102566,9710.97481872142
88564,15544.41822362515
95048,24651.483030087828
82166,12292.52135415422
86227,22648.099460811205
83738,8308.22274594131
103684,11329.88353359604
79893,16681.727901612685
100634,8862.047251313712
96392,20641.175413498542
96311,12734.490290191563
85015,15097.579994452204
83050,14597.292304711586
81925,27156.71494133631
106187,11914.021849283652
83863,11492.150497545043
82048,26119.72112808709
100962,13431.633959777972
91587,15727.670769705132
104915,18168.740134245396
98779,13804.81489880464
96698,8914.148274274785
84701,10755.559289060904
92986,24556.352874891116
77112,20886.401974144206
90774,11500.398607119489
88520,9473.320984842017
88281,20848.26260518911
91388,30154.230908579782
76441,28229.06457185983
98643,14271.80147656065
97850,16589.231338605394
98344,4793.426846262998
99441,14739.007720534257
80230,22991.321047907735
106370,9282.162182802327
88901,10503.509994048889
76590,11534.177136103352
94998,14396.220204733747
77283,28640.27060964259
104065,23072.53414170534
107919,9799.217040420248
103743,6817.475176668365
100503,7985.688537979984
81273,16570.198133986334
81878,11363.206581806093
79224,26231.58809815021
90254,7880.50275132924
82712,12557.65677758398
98113,8385.557914364315
104562,13500.874368677942
103014,10632.74092020067
107299,28815.202312313664
99799,7840.288610503667
87952,8170.709205509672
101836,8708.905805765864
104896,25356.427007748407
107665,14460.748316572888
96182,27116.79755388687
84731,23211.677212896437
85565,11069.888167111305
83237,9435.34949789759
80785,22937.953782501943
81935,28418.211986971713
90932,42934.231541396846
99204,14608.69873990393
78802,25539.913805027463
105421,19152.58634402006
81831,12217.52895372934
100016,11208.032415563755
76262,28226.184834177817
85286,11625.97625170815
78629,12517.700484567305
79451,14671.92672849798
91132,61734.704470955025
88726,12065.922856759402
89928,12994.94206657882
84672,13317.00152757774
102127,10558.85237627221
78630,12127.722145503116
105874,11898.056138928056
81491,19438.15747793507
108085,10926.810236968786
99711,8385.557914364315
95713,26482.83707270262
79499,10833.287052437921
88373,7368.764923316707
106412,18982.497146970723
86000,8670.93048789602
77849,15903.693534023234
102224,14128.123753584983
90591,9396.911099344417
78511,8562.152464433455
83611,13292.635761533711
95316,8289.20338042302
85207,7846.314444734982
86755,14777.189964552756
91361,21771.870193252063
88107,7681.55924948776
99468,9737.392875763313
101776,13789.669346890954
97132,8210.816431975087
106405,13459.425165268447
83804,12882.931801362363
104093,21261.412654235053
81897,23182.29846102121
97522,11122.879078426435
78569,26128.027517723927
96486,31617.713745117537
99636,8385.557914364315
80770,27469.328963888373
91534,24862.64074760522
80461,26127.817895572753
102345,8413.431259761908
95431,25112.26294595822
76350,4829.440789766499
76330,13651.902032489223
101604,10901.091839236851
99303,12394.114937001143
106266,18595.55695332756
84697,18152.42053071385
86296,8388.203583520979
90658,14536.961436169453
102954,8708.905805765864
106174,21920.368087451436
81510,22632.84975826647
89222,11568.762961906248
104391,14677.996156870522
76573,12309.360717077889
78060,12531.78190364921
85030,18284.274180990444
105478,20048.41191761378
83477,11617.838125595958
101134,13459.274265032915
103096,9850.941125917689
99391,14444.314348095213
94614,14689.16411699976
100110,7366.364624097487
81782,26125.14778004191
90292,9360.997631008746
86357,9962.362795203688
76157,7896.150339136058
80325,25222.049968769792
88991,16131.634347486754
83117,22173.88601944871
90513,13776.99809274439
82037,14403.036144387168
90066,10294.227026209644
92814,37470.11358649112
93991,30199.749864258425
100121,14089.315255727653
104495,9870.14167675055
105953,11610.31737535556
108089,8352.053927649069
84778,18457.185479985677
100753,13707.904842290387
107832,20735.74391952004
92190,12831.452687102266
82029,16966.454812829434
97914,12088.264099104737
105776,15889.861364979088
95402,17066.959866697864
99097,12242.298166637005
105043,9755.376671131591
106998,12700.705651188635
99567,12360.021589959151
85421,7202.05812019819
99161,11946.000132655394
89951,7765.784363436805
81358,20713.945103504237
100373,9409.375658674393
80291,32960.8651451924
88545,9945.75433876686
92994,19282.173051534977
90248,23392.385883795723
78625,18622.625644650067
81990,26238.48619240815
103075,13971.613671653407
98639,7870.258823013072
103368,13680.6716998657
95427,12272.401817642443
84503,11837.41518114655
82446,10520.525654735053
97175,15067.457814917543
101777,12782.275817276557
76086,9385.839574666528
106347,11688.008762902386
76445,27887.686445346517
97649,11575.54770394235
99273,30049.664735128135
98864,14285.312608815277
98037,18179.980818983662
107264,20504.354358743036
100104,11101.931637575668
81842,15480.318814457742
81839,12435.9191242482
100608,13418.528146462402
106588,7496.692565115889
107466,28257.77433068724
86092,14399.759156289107
92204,26971.31556717802
107905,43666.54241726159
76821,12117.415426302274
81022,10375.917345454816
105727,34423.29452331313
80544,51396.435367086575
93388,14302.23254924404
93775,18299.36118981197
93733,18820.549676255163
108177,20713.082526676488
79746,26069.32037468439
89285,11092.533334523812
100243,8699.790189990026
107171,19794.672618747936
93444,13890.713959017296
107421,12373.668845055685
94071,24602.89759205994
92195,34271.82247082978
76108,9709.094685335642
100603,11657.679424546992
95800,10322.832804384881
90708,11185.362727397958
102701,10766.807363055366
97732,8725.852178847334
102574,9606.705964329449
92237,25077.1141603044
94192,32856.39135895182
88219,8409.24017911883
88910,12387.572686226265
100811,13483.426348804129
103288,8602.203101081583
100370,10909.982636129893
102544,15884.127192793521
107473,10001.649132576995
106926,12203.084123273244
92514,19735.282545241644
78557,11952.26844987133
99091,16052.559555554177
96487,12322.989490424226
86252,13421.916052812245
84763,10130.943260866607
82531,14809.357931724264
79012,15773.658818017562
97078,20015.860395035364
96824,8035.579082723515
79970,22437.895846235693
98057,15428.955340733524
105947,20732.54958283313
82539,15215.995405786842
105816,17170.353399913678
93800,21034.979084501385
87079,8409.24017911883
87453,11946.692291109715
92855,17444.779857889866
95805,20986.230204606156
76398,21228.36158942961
90724,11924.060354741781
102196,8246.95390519384
97661,10913.056755314194
105475,13388.436523700799
81241,14337.995471261233
91106,21389.793711517
89543,22361.034329579874
94403,19048.993453381365
80666,20954.621724060664
99769,12717.487777491488
102351,8610.941470769025
102941,12973.632092184409
82783,18257.937859082253
78504,26171.276343181973
94715,17068.303342489922
92180,22919.339982797614
103904,10988.52478482724
102921,10959.215412741594
99685,15510.549135025884
93048,20981.644680776335
82988,20197.474498048334
93279,23709.84645938169
80084,21867.997386616644
101966,10571.0119002964
94667,24310.60570964061
76298,8935.500011395692
87379,12467.40621762186
94212,15847.122761485056
81333,19739.569180572962
85998,14088.282107582423
90198,15014.584428351145
87823,10773.224880866754
103530,12748.93493565839
106243,10341.989469909313
81208,10714.220722592545
105153,11734.309557888148
104103,23464.86830218582
89555,23392.385883795723
106042,18071.980780746544
78170,31782.70940715446
107675,12692.888363662718
106705,14813.290554722975
89953,9837.110136666548
101934,10250.193455702234
104727,26146.838433781923
87327,13422.349899718005
103247,13753.309129077938
84673,14084.224401779726
107520,43990.69369696343
76626,19415.210247867213
98638,10132.908514172153
102060,8889.163037515815
83635,22176.74410384609
94566,41630.00167724929
79207,37547.294041416644
98700,15258.45947410073
86563,12047.747162146108
86891,15978.041439878038
85278,7099.245651116833
91817,25106.834263690685
99473,17391.058391591192
102489,7859.734330003008
89191,11090.566788639264
101746,14090.038951855282
84538,11982.719737050473
78072,20466.03807302984
99832,15372.046909554849
103475,11488.409259372907
101016,15262.22761128534
100280,8720.522547863065
96067,8004.20288022402
104086,21314.581548798407
77248,13498.58522003472
104269,21460.529179910664
89495,9651.467303264162
81340,29971.30504003545
80277,14732.440274155551
76683,28310.46874326805
94847,13890.952479030959
99029,17115.961161543688
85874,11467.689580188748
78105,18935.27142550666
94978,20049.011871600633
101666,11059.762657048987
100757,8014.232687092606
86704,8385.469250408483
91205,21035.995912126033
95762,9302.117777394331
93641,20051.546491815912
87073,22609.979939667042
102433,13547.44851125007
104382,19177.610178216375
108060,10956.74697209788
107387,26050.412926712637
85027,12208.221497519287
86014,18169.369851355565
102602,12460.654354031736
107255,16880.354132653963
84269,12839.59520753688
85885,8070.023625756224
92843,12557.365623351856
107862,14007.854179558179
98781,21353.791385513483
106119,13421.948107545297
101872,11860.798367913767
87865,17439.91375988257
84803,9901.278878340636
88438,11100.956171357257
80105,22929.208597687953
80595,24189.54737292234
76539,10207.937344870777
107236,9871.221217133887
84946,11187.464951987438
93772,23396.238715488333
87793,15671.186718961988
104843,8029.862505338516
92234,18270.059384157947
89467,11985.5128969898
100145,15226.869041448295
93382,46647.71692276995
101891,12447.250489406304
81354,21913.970144585768
99309,14846.873187501815
81431,19996.730602700984
102073,11279.728491960888
88468,13280.933324767939
101873,14128.869967945458
88120,12397.337200780212
105714,7068.275909864638
106015,8601.855224756502
86707,15665.34935308137
93107,21033.037385742842
89230,17614.86927799512
100875,11628.953034825807
82920,11295.276049966733
98114,12561.8694713418
87262,10000.075256654658
104436,10513.519847010884
85404,7094.434911598259
96189,17408.331205273127
93408,49473.133857454595
92789,52262.67277430008
77768,25354.40928485902
99414,19176.991622502228
82807,14058.036538680677
88996,14412.910501652435
90305,8724.224773337983
77030,14401.067960980463
86129,9232.751647654997
83660,12295.064578039815
78602,21938.213955978103
83672,7661.009478474395
105105,31267.22779524146
78704,28673.668267761463
80789,44725.64048500646
96633,19994.91552988402
86132,12446.310453671753
81619,50370.47380887536
104645,23241.141050073646
103853,8046.412862946007
96259,10321.408356022572
104677,16996.305757770522
76418,18935.27142550666
103593,9632.222631462557
84886,11426.433754441494
80773,13411.280650263427
94688,19176.4829850429
103823,8502.167459460123
98757,17366.998362591185
78516,8360.561144324363
80596,14203.766712409897
102855,15498.473296800983
95957,16174.536190269013
86440,10435.08917388221
95030,24871.42669656097
101874,15131.502731316714
84585,10296.843062393893
76257,10818.607666616259
76971,19412.84608566113
94070,23577.113404389318
106041,27642.713410360084
87346,14580.144594553263
80993,26231.58809815021
105309,18135.58628912715
92622,19939.520294738326
94582,35276.083246216454
83334,12334.813769941284
98922,9523.10474386339
77691,12104.051545909413
95469,14515.52775797345
90587,9764.91993216086
107411,11769.67779670678
97489,9829.586974666816
105719,18462.934200124033
89534,16613.09290093373
80741,18024.437907088555
105737,12983.941451466295
99043,16010.205346840108
80254,14473.651444049798
83172,14773.48725507445
101830,8807.268257789798
80506,13904.685262501609
105763,14414.674508161612
92507,19918.21838376673
101742,10232.254619795967
106547,30884.36476284008
98619,15150.99846830447
83503,11296.211070456713
80565,9792.065073342885
83013,11097.756848136354
85721,11491.221057864674
87556,10314.733144189859
84442,6826.747015630315
79634,12680.486762392316
97497,8226.756197634573
84325,12569.983361739487
81399,10491.588136810818
96361,8362.649459467793
101973,6682.380640160475
78352,8960.327200623808
96564,12204.758024996865
94669,24478.762536768936
76655,36801.21147217923
76084,14478.602492397375
93215,17718.66072165149
105802,10371.651472522586
89981,8385.557914364315
84315,15396.443017639183
83297,14833.38237686068
93291,24293.821066976525
92128,27567.679817367232
101550,9827.175664604847
79384,14386.0957570888
103643,10228.589195236711
88482,10509.622820003406
79950,26069.32037468439
79519,26128.027517723927
80376,17674.834450488896
83366,18145.460054132593
92250,25099.384947194838
87368,11904.26268034572
77347,12928.752933566
107935,9732.364708407615
95765,23577.113404389318
91877,25072.997346656473
97574,10018.664725924582
95192,11134.598965919182
80288,18051.034168569895
96795,12359.32147110757
80851,26119.72112808709
93753,24773.184881175435
99782,7286.682645346536
83153,23159.327244816624
78634,8861.17255442673
99463,14283.456638628468
81675,20649.420009187223
83093,12430.76322108553
82993,9914.675252052139
86972,13952.542753075853
100455,11916.958100951608
92692,21431.199047397102
79761,26241.73230362002
90624,13153.548026418797
93517,24095.182903821216
99893,9903.44521582351
85441,10618.353490178411
91552,19963.870749729434
81031,14456.339362743929
82232,7893.476720983281
80062,23089.594147771615
104764,14545.487332456158
83572,5280.586851084816
100100,18357.86250691348
96649,18159.44205387622
99860,6344.4592018724725
81915,23822.30414453163
96284,9923.071503575818
89243,7919.794926276269
95051,17524.29642965752
101507,13359.171430255714
108257,24610.397972736762
90558,21394.492763543196
96913,17439.91375988257
76621,23447.5262604776
99801,13250.437153775645
95155,14166.123409351436
96739,14797.706661887358
90592,10641.93330080636
83307,17252.982671301324
101154,10408.550942472348
88229,10642.781736511608
106301,12379.394465614178
82193,24070.609092689316
101153,10548.96645547982
107721,15661.232708387184
104792,9919.428417854224
92322,26515.409081141188
99316,14546.167534173457
86404,12027.271653015592
79624,22998.783383895723
87122,15349.674057835933
96046,15672.315051092939
83384,9916.725682867513
79657,12424.752261747812
86605,11867.769211215495
91883,15572.932132067835
100473,11197.062110536393
96611,16609.57159035397
89102,4671.50160332659
103838,11810.0879572658
78454,19042.164012009394
89761,9312.52077922148
106275,10480.873969979548
77831,37918.80414095519
82876,12365.227539094833
96899,11634.401986770265
99945,11936.578570203736
83505,14854.175731342917
96841,8006.239587832878
94189,24050.880053891848
85020,10384.217570144596
101456,12616.335538167903
94155,27441.604882094372
77575,14154.537912549693
97904,19020.085879871167
102523,8226.756197634573
107541,20303.031816467355
87223,8388.203583520979
94975,13458.838514812944
104630,10197.479966754625
102538,8004.672371078583
90345,9699.994564477958
90170,8635.195371051486
79448,21920.547891912684
100139,11040.942568084529
97457,17877.116844401844
76291,43564.36691308625
83987,12125.380176938013
106283,43765.95787145702
101864,11625.698250266723
95757,19451.939119535356
107668,16653.889170299895
96696,12036.869623417419
83094,14464.553895725954
89521,11172.132065767766
98998,9523.10474386339
97028,9669.390667215519
95291,24917.666120352525
94443,21771.870193252063
102182,13553.606495940867
81794,18369.045775396047
105003,26266.977233773316
83041,10837.494032887464
107213,11825.31883198907
104467,10045.619981052014
93950,27730.564563710384
103790,7897.104213881011
89125,10330.133631517361
80748,23272.317054985346
84795,19688.763254120582
91105,22134.17741088068
86086,14367.745462550927
88522,13116.919109732333
84472,11462.778052614505
99289,17105.151180353532
88050,13864.310227901293
98087,11598.319412707417
95839,28686.654771406513
76057,23835.60247164613
89619,9006.971944370189
86471,13103.902228464149
97685,7543.188813174783
79824,27225.175540440905
91710,23577.113404389318
104474,30574.373242519017
104157,43712.62925719887
95117,31366.870454503878
96337,8080.344095009182
107562,9831.84680825551
107286,14580.144594553263
101251,10982.622568767969
97688,7870.258823013072
86405,8213.46210113175
97631,15425.287002480714
92981,32601.040452453883
79580,23164.876236682012
91562,13936.542194616706
87048,14135.169406290031
96103,30863.209019162266
101854,11245.339499549213
82126,21659.655575518605
105443,30267.527018285262
77293,45872.50932000171
108262,13475.26099934374
107157,12268.52532135922
99717,14753.467371437831
93208,23054.77313822086
81353,19424.45226804181
81790,22040.313246197707
82153,10905.074926381916
97223,13730.719355955678
82088,23405.974723733616
102996,11882.640756371004
100023,8708.905805765864
84333,17364.6957330524
102506,8304.85797515631
95753,26980.076583232487
77116,5175.408746326987
84459,10993.67809516058
91453,16866.141724060133
76524,46390.67228857823
83249,15439.101674634958
102313,7875.89737160712
90456,10287.036966712556
94635,23225.58286075852
101187,11568.902444415071
100776,13357.413063951499
84563,8354.782993207085
107706,11172.133633960553
78776,28715.6187903397
77019,26171.276343181973
76122,20461.32592355288
79042,9847.842599807678
101851,9614.74860371536
84657,10081.903598445613
76067,15389.924778599292
83598,6436.289592312863
96003,8756.393663202422
77817,18801.395278745695
76887,35928.53142683304
85766,10241.763822652474
105836,22950.142391727582
92443,47374.63149065219
98875,27255.832017616976
94808,18830.693201151313
99490,10028.98478322555
77469,15134.688270735638
105148,8190.435136750508
91649,17302.22493465943
107040,26772.981550597404
96074,26222.314991810774
100656,11602.657747875006
90366,14681.128036955783
93981,14240.287016752174
80858,11247.53008102882
90070,11841.585660713072
86606,10469.210750003129
104521,8084.1765673897535
83071,13891.983934404556
101956,10183.746360976904
83846,9435.006751374094
100982,14368.05302997329
102610,9649.207730042248
97828,17460.429672012662
99450,7978.644312008517
87521,8143.602359802988
96065,27145.386149767517
88306,10555.71319488153
96325,14787.908251378984
95801,24314.27208116947
104248,18862.30782992117
98652,15412.212760203223
103877,13115.832716291914
107470,20783.488220274492
96801,15514.166622367433
99595,23115.05987859643
86094,18189.857458035287
80874,35805.39194282971
94606,24939.26232708269
96127,12845.123219761515
100687,10168.179316009064
81118,25390.170278546168
84405,12576.718493275523
83257,20048.5403257936
81541,18236.715807617373
77940,12008.146080281025
101270,10551.953002893186
85349,14650.894147246681
92315,18787.56683149732
108360,8810.772364577864
77607,26231.58809815021
95640,14780.385100213323
98143,11686.433590805935
102200,11649.168806716158
83375,12007.879654862165
102178,7808.544400191232
97500,26232.459197280583
85782,11263.90701939688
96049,8381.72795270131
102744,14365.720237496382
102560,17597.774336507195
79010,16530.90886802597
85644,8055.726670574943
76595,14442.325056354846
82219,18624.614947831145
76899,20657.46548321908
85663,22763.31974103364
92737,17510.765289068728
106758,6923.374634954173
94625,21764.511000641323
96472,27145.386149767517
104250,14764.430186023945
86303,22176.74410384609
107881,43626.58228601439
101517,9604.389483826451
89988,18169.760374119625
92689,27631.067415814403
99002,14005.284219447509
90734,12586.849692915875
91013,37660.20052837845
102056,14081.729619434675
106641,16484.501957705063
100391,9272.455535792438
77305,9321.598910479992
85197,30388.76722231488
81122,22342.009988514154
91088,27074.198202624448
107377,13994.698929575978
86495,9914.675252052139
78661,12372.915254219623
77687,10221.927035444414
98480,7588.865323187729
101537,8078.1225311283115
78032,10168.71323696194
92374,17301.61535411635
82010,17518.353919051293
84496,12326.325275372921
98337,8411.751637016147
99520,9964.0915584482
98452,22833.314367648803
79828,26174.627722666242
77151,21301.12387837272
84095,13223.087927059873
83491,15874.62927101473
102170,10263.802294268826
88063,13325.546297602541
90214,16034.497853629
91980,22919.339982797614
96573,23392.385883795723
105573,30884.36476284008
86880,14219.671018490833
100420,10160.385486689798
86053,10207.15960055574
84481,17487.474417071735
86088,7797.493500592476
83553,14872.355806630463
101328,11817.260950001268
105352,10545.57022129976
100532,14035.802379891373
98052,8384.146520196435
83818,11773.139206350905
99576,8384.146520196435
91026,14929.533559589901
92445,24465.51525868851
106934,5282.969171561973
78791,20385.97954013101
93664,26622.218542461873
76923,19136.90611793375
81335,18520.919480692948
105969,27454.557162850724
92701,21764.453030707085
98070,8029.499181244866
100423,10646.85866833016
92335,27657.54809325908
92370,27424.17939009963
100177,9454.411930330942
100125,7554.664036853932
82358,19228.002558574222
85557,7312.16462370374
102609,8502.167459460123
77612,12338.452908871775
81173,45165.78598732835
93689,16821.658772415933
89219,7098.183089868491
94659,11941.456341869352
82424,8441.52208359731
92367,37835.5331272769
95828,14218.226227729341
87894,8665.383065114389
88621,10752.228131435515
104992,20317.77151373562
98567,7653.286542222015
106250,8433.754159436474
102235,14545.784655461088
94841,24608.90272109906
105496,11579.85502070837
90019,10335.915398882022
95575,27603.584160729577
98437,9986.31632546164
90907,12164.969333826071
83289,9982.609013915362
77938,13314.382986417015
98791,14838.544962097576
104254,20476.296414906457
104311,26183.062215678863
96753,14718.72539132745
77998,21196.15936317717
101102,11643.411065778806
102836,9582.440388738774
85330,18598.64372720289
108511,12227.421554728504
89527,15428.717920663214
87734,15665.402114195647
87110,6806.9178493952295
80936,14399.759156289107
80100,17479.33653558538
86546,9915.079422454422
104949,20504.354358743036
83654,18309.467728542906
96736,9803.094071901753
91898,23744.80856772684
90221,18362.24671869386
96356,18146.32055940636
78901,18191.04872126938
91469,17259.30176093861
106591,30885.430957385503
77763,25600.1853960311
89604,8015.624965375943
90001,7735.187347258313
89947,9737.750267995307
108218,11968.444934816709
82927,10077.698078139878
107140,11853.267699948705
95013,30064.272551076985
104979,9355.370088582575
90521,16037.684735440647
108465,25010.81532319341
106606,8432.342765268593
82999,12043.054760707335
93784,18142.847855672833
82680,12848.835545124779
100796,14460.961498217992
96230,21986.304939941972
89110,7528.83059247382
88152,11051.787727022567
101403,8427.629838113739
77566,18618.711171587936
86366,15801.991868469264
80356,22991.321047907735
83500,23034.5805045645
76673,9853.93431244863
100256,13679.301635928981
101335,14469.179834407927
83416,8685.936612579513
104983,10961.824134894669
107300,23509.104673549748
87350,7017.594887734414
107106,18411.54609584012
90550,11221.5917929077
80002,26054.158513078222
90827,12573.683984657078
97480,30884.36476284008
88160,10426.281289288645
88467,6447.3130127909
98500,10984.793980645083
86587,18179.60751954777
76737,14256.671372200315
79089,11145.433127333738
93153,21374.991742281247
80315,16862.339773321484
76731,31096.507070157215
94243,18519.973598330464
82571,11956.08530920014
86896,4567.551979468497
88404,8160.437060968952
108530,23716.652969992898
100573,11658.107936726343
102888,11936.578570203736
76011,30988.91296628612
79586,36768.71596742661
85620,6364.3188490015655
93470,18324.1730851249
98335,10663.528395749683
87826,12845.012074478473
94743,18318.83584677082
81247,13538.241549861394
91376,24255.0217707953
83451,20029.35871057779
83176,11438.730372930193
78867,20584.30065967064
96786,9669.794837617805
81019,23648.27814005866
97316,11487.175064512105
80560,21765.297882302995
88535,9016.449334012754
94281,24602.6028926847
94309,19423.94092347216
93404,25168.694389685104
85218,13223.012427023516
82697,14822.915951273833
94919,24401.079202310983
80829,17363.591156761657
84671,15799.270391445667
108043,16211.997751686506
105111,21088.800087118227
76997,10869.935952833152
83545,15214.863111261862
82274,23283.026971907242
100513,15679.765950462603
93471,30351.19863741173
91627,41920.29690168152
78780,46380.90236100562
90005,19242.29602459676
104234,10861.109433690404
100798,8551.154201977874
101322,10980.991933809975
81807,18609.35518353598
84469,10142.303054007094
94701,20153.186706088327
96119,10195.468338976687
104478,8606.56033408336
100116,13284.314154731104
85151,13250.328466998855
106970,7629.853432696783
106570,43603.26339313446
101472,12135.24264432662
98101,14045.580727593657
76225,10982.92074470527
82833,7877.1252292919025
81055,10153.724157672405
100048,13323.312049322732
90519,27055.106241987396
76484,15467.623184382048
101898,13382.741550662464
81741,30884.36476284008
90441,8320.450096544577
108314,12394.2183233526
97881,6361.315012699026
79306,22937.953782501943
107116,9526.546995092891
98899,14838.163600927048
99975,8502.167459460123
84378,14398.009273010508
101661,10549.558284185889
100239,11365.978848665553
80035,21347.282084915907
85033,9450.916762996518
76723,9943.561878905215
107773,8348.728643584167
105937,11266.051708345989
78321,14600.731610724297
82047,51488.64394862038
95113,17576.806939694066
84907,10051.136658695345
107479,16493.248768524543
99770,14535.762701158721
86815,15777.087193602687
101558,12335.296931041712
102258,14129.332805895578
95963,18579.47465907824
91995,12271.65939237176
82913,19821.822837012405
101968,10195.550283130213
105332,18992.323652137256
108213,15712.211708777706
83825,10305.403172551576
77438,16390.435649033177
95768,36375.62352583505
83195,22061.7831292243
104287,10721.120468739573
103213,13314.614452629148
92744,13906.102345497895
81351,26119.72112808709
91555,15196.249892276408
84546,12886.776531497904
81270,12383.714800640231
98294,12752.772565156489
94278,18481.93030544527
103537,15006.731619305134
104284,14171.911805681766
76635,14543.618728165871
76676,26171.707855112203
98118,10233.277080778811
79440,43106.596053081616
78969,26231.58809815021
76500,10510.11882774849
106027,14157.248174339395
84604,10635.216190036965
97498,9724.934516153997
92641,42679.63098883666
98216,12160.488378181764
102453,10940.228583432654
96270,16132.28719892401
78777,20790.163529093086
93169,12070.468537683295
87621,15804.058247367537
76876,21901.126595097703
83561,18189.857458035287
84296,11097.756848136354
92355,25168.694389685104
90302,21336.694362264487
91387,12448.239827385869
89854,12693.55129677887
106305,14436.005041587114
98703,8635.195371051486
97929,19135.321380554433
105575,12612.888777742954
79052,20956.459041183196
82362,21439.408749237165
85625,19103.133167779033
90792,12026.24099870068
98488,11835.202457245305
106795,14835.006564916564
91666,24059.45119576178
101528,8294.146394633653
94739,9155.568703042612
80961,12203.977291335743
91988,12564.24462601691
80335,22771.18201840387
77505,16272.096356933582
93280,13656.245958713318
91630,12635.856690407096
85422,10532.672365481305
104986,11767.155929637425
92176,61945.78872713079
89861,10706.079264341164
84435,15283.71616560424
100381,17269.936786339993
85651,10503.509994048889
96525,11617.637272458556
91383,19231.993994582703
99177,9948.162510811353
85842,23830.41179321428
79658,22101.268787392662
84332,22566.153477701973
101621,8313.262466516773
94509,19925.43745172521
87175,14870.82067910546
89394,12851.413031565648
91163,27654.53074881915
107771,18177.006078449398
99551,7774.0735405907835
87537,13291.699389856663
76726,18088.31839365908
106637,38504.36712304382
85583,12576.01338084261
84617,9710.007002346427
86419,9464.481663913224
80036,23403.0949860516
83956,18458.39967534993
106663,12248.862094572396
98368,8385.557914364315
80217,12640.315234870266
98528,8145.348734460332
92746,28383.441113824123
78042,13377.718980828548
87314,22284.211695543843
78148,15610.605386956848
101574,11942.258361062437
84789,13255.487858146213
81056,15984.11700841413
91483,19545.643135551538
97869,11558.698154444433
89084,15657.875003824924
90398,19671.72629775024
91038,23550.343455008508
80326,48578.50628269142
88665,7870.891864884791
99793,14538.990880484615
107218,10474.972966207799
97438,15296.251600957525
82375,10174.858174497702
103211,7513.534830223677
83430,14857.908588396538
83717,8230.813260959118
95607,20889.71780389348
99653,9958.005585677518
77072,18329.363351890886
95300,12641.397905868665
86090,18173.611337663613
90553,21305.599770769826
90690,14318.480309113012
93608,15910.916746428278
96059,10080.557229781476
105488,12764.963867626824
102403,11936.578570203736
105357,11111.045410942808
81201,19735.631259067824
100092,17378.83469279849
105800,8667.163047059856
103658,8313.873747108739
82416,7459.8833605810705
93007,24356.697264433355
103850,14428.79586950591
97328,10316.184842410032
99167,9523.10474386339
92788,24961.01678967789
90228,14435.310410959539
105015,25253.687836460147
77838,8746.139123601997
88672,11887.843062354325
86881,12103.844441629655
90515,9309.231936294951
92777,22525.263516878073
103455,8708.905805765864
97286,28229.06457185983
104633,20773.335800241308
83548,12406.42671809082
80980,20351.56298234663
87954,16268.996186286138
89975,7368.283561479521
83762,13247.88318353624
90615,8633.783976883606
76755,9911.339852584195
103371,11194.304154357882
102703,11078.218570287729
83856,4575.765861902797
105099,7607.156639459961
79080,13796.754656606048
83898,7288.6393304562
88241,11943.520066003097
89549,16404.25937761445
79740,9894.462026672545
81937,24872.617659544405
99084,15125.602823905525
106967,19726.242305564472
80358,46262.22489350185
97694,11018.050719264684
87454,9914.675252052139
101943,14469.179834407927
105586,7854.976095034618
105651,17158.79911454113
84667,7464.672595689075
99050,11091.869096963945
81245,24860.643911023075
78547,18934.06914143218
82473,29707.428511445898
85978,9446.322035613572
88385,10791.66441177835
95452,14072.762366682675
98159,9438.403840726447
107952,8813.187424111871
107265,7628.176544852153
99744,10912.293801114442
107450,16863.148549458067
108280,9568.730340798942
85684,10668.214994710024
90660,9650.580088812587
107627,18042.741043473845
93896,21784.37586674696
105931,18983.83525881336
107160,9922.278203420552
94644,17479.2604423858
100057,13282.55039358008
85053,10544.511801427101
77037,31080.538973974275
81281,10255.6920873987
101247,18149.211000054376
92031,24618.578823996675
83306,10669.61745210176
82079,17296.946940512902
85936,10462.615459225024
90480,8736.808267083123
92696,19372.680515927797
105467,17368.51935882902
89682,8170.454617214809
76305,26231.58809815021
79665,39031.291463006826
82839,12430.749679251745
93076,18515.734966205946
104369,20205.1348664704
107999,9283.957977017597
83787,11090.566788639264
92554,25106.834263690685
99110,18899.228921385118
82707,8498.202300771634
80261,17318.28125398917
102365,11848.465027344402
82760,16489.72172047609
81142,26194.35057242388
88411,15986.908553202547
97734,11103.89834381516
81604,42553.95608963808
84705,18735.53181824036
104661,12652.191711435613
87897,12450.808315421826
84651,8080.164036185691
82294,24313.983485098783
100689,8238.399960340743
105236,9514.220755245458
77656,14536.888890913879
94054,24486.233904860794
96367,30885.430957385503
99913,19749.254654923705
77083,14320.592875851056
104849,20760.614679915314
98172,10922.998740811492
98043,14438.666285884436
90979,20037.31195579543
93136,29127.95249995029
88750,10630.782490849611
88471,9685.951954967833
93720,21391.23864789221
76649,9234.853711965014
99291,7827.166497766369
89267,7076.7055370760445
108244,8354.447964337465
95194,26618.89810610425
103998,30885.430957385503
103782,10310.915127150261
101502,13975.83991221301
85961,11033.443844192725
99073,14373.41217352277
106535,17214.10031846359
96594,8112.822450714802
76156,36300.1051110505
85484,7401.045369501451
79139,10704.741973065496
96730,15614.042324831586
101796,13360.001788687432
78809,28226.184834177817
101193,9025.088417512407
96275,14018.935988393574
98321,12313.079784624264
77928,8349.268530652525
78328,23567.94865746203
103527,10979.842925645964
89266,10211.982289735231
99074,9730.700980809883
97952,14534.856787119585
88220,12463.422035427217
90223,23623.923020973853
76506,27128.43787452547
104498,20178.804083139585
84634,16871.82634941825
106803,23289.400903896196
80608,17651.398043788966
78715,9385.839574666528
89962,19242.29602459676
88958,14288.900120465209
98941,14587.5845807251
80707,18522.398190045315
105934,8374.15089213127
106190,15835.292874637202
107803,21698.38284078717
87945,21491.946184139386
96859,8914.148274274785
84495,12051.076933900258
79965,32828.433825180546
89496,11502.567311399132
101195,14212.424778264975
97209,8635.195371051486
101751,15865.313989919581
101541,10899.563287827279
96051,11558.698154444433
85075,6795.509694070804
77118,29199.280172884424
80487,10885.538560263818
106184,8669.355148754004
96374,6935.652476317534
91702,17406.91470695351
77517,18861.273704466144
98188,12328.455223586383
91641,19543.385736446937
94607,24602.89759205994
86769,10087.973059334734
80484,46463.37891641359
86964,15037.187655712369
103086,11761.884916157216
84257,12876.19666982633
91852,15779.209540747433
87431,13280.933324767939
80439,22975.753109644218
90405,12480.098866857941
97647,10095.899123509036
108071,17405.973222484346
101911,19796.692185011874
82293,9938.430057187868
93627,8250.535140564612
92080,25150.68022407152
88291,12584.257999342539
97591,15295.177654612455
94632,13890.399485820639
79572,22700.12325379141
100727,14033.362255869193
77760,12497.331004015738
80267,22964.063763603288
106167,23087.771878430376
93339,18301.412497963443
98727,12286.145119250035
106765,8719.07957646258
106746,24689.36296731064
80012,26116.841390405076
86651,9915.079422454422
106616,11837.41518114655
88617,8405.410217455827
78380,10574.461673503862
102380,12552.114515624362
102093,16564.92874983175
79049,39775.18216809244
104933,14732.28277344967
81578,24395.41843035735
82296,27926.446224986696
102256,10909.982636129893
83868,17439.91375988257
101459,10891.696853116473
85014,7025.003590512882
90820,11277.521310700064
83173,7837.963761368192
91252,41692.13844057502
102307,8400.62053944411
95153,15850.651250634897
99149,8245.835829566862
76130,13670.94098720021
80049,22972.506998432345
84353,10365.416053399198
79550,12088.026472343947
106113,30885.430957385503
82182,19903.167894849194
99898,15292.030580348652
94685,26819.51587575985
108125,17935.356829796743
76144,14689.208327175835
82087,21457.60390699215
96666,10553.528818457278
105109,27073.06237350909
94341,30351.19863741173
80039,23822.30414453163
91350,21578.348281755036
99415,8849.619986838958
85832,18358.645282583286
94022,8590.906367173126
104332,20866.29206186804
89367,11529.430648286838
101420,11240.519207142788
99401,23019.807180043743
79179,9708.983139637994
81603,14507.296815746624
94068,18575.578271713068
98185,13323.44157040029
99646,10652.295559033153
83218,14919.3797572295
84593,13890.998916640994
93040,16242.493400670548
104544,13189.861270559448
98735,14094.57725437537
86524,8192.809768512427
102541,14465.373379046549
88339,10616.849857395006
92750,24233.2592013163
101882,8068.31038074356
78793,17582.091421226083
100625,11936.578570203736
91791,19221.00146816671
98604,10131.24553467221
107903,13475.26099934374
108450,9067.621347648748
101903,11928.585554424262
96190,25532.980179118214
77299,12110.749650766063
96588,26161.036130581102
80932,67060.2177984957
81221,28418.211986971713
107383,9680.112540812483
92815,24709.545634210797
98724,13190.085882003603
101984,11623.892621847934
85939,10388.135655848102
91597,24663.025793737397
82514,10489.785065842483
88788,11076.912616518423
101131,14206.001662067725
82614,19984.1112783781
101646,13280.14433714604
87641,16226.93850313144
103855,13417.963806333031
96901,22928.03839824958
101942,15899.205753480204
92415,24639.931372607592
96467,14289.691941407713
104656,30970.80301730346
84104,14580.144594553263
96685,23212.07222618994
93816,24228.601893612587
104925,7354.977777672837
82086,18164.026887792537
93855,20018.77379935894
85411,13245.724919591335
88743,12298.293941372114
107201,8035.6002546182035
91771,15341.344279238216
81001,31604.472155057174
90074,11087.57562473891
82791,8219.756260684557
102636,4617.626502167923
102722,13738.297334146191
94571,27441.604882094372
103852,9288.605827592424
81514,14109.27435647544
99997,8318.758461335161
85808,17365.077969190457
95355,9150.68963476926
101928,8502.614555073675
98862,9569.817901410745
87759,9685.951954967833
101810,8529.700585867362
104902,43970.49142986667
101361,11309.714886640466
81707,20406.600026909255
84482,20549.4621359295
87358,8758.48246697373
103589,10553.299341120159
103675,10542.809959748476
76652,17349.1482439101
104101,12895.618085775477
94807,18387.018422157445
77325,9904.264264257316
79875,22178.243511292938
83034,11568.324914982639
94997,23743.362110659775
85209,8660.586636121605
88344,11888.198946238052
98849,8384.146520196435
80527,31891.22452849007
87245,16156.824500521974
83783,19962.33828499948
96515,10456.806026931132
95110,20619.601439667673
92177,25163.002740433545
94690,24602.89759205994
80340,13477.096966761106
80211,20011.08678075443
87440,15910.585456420284
97742,12910.312773064019
86586,17384.73176373227
98006,10932.591255104371
87613,9926.688876354132
76521,27180.472574974072
105734,16827.599906060364
87925,7919.1124325204755
94634,14533.64230039665
102227,9724.387279580516
85292,9419.930665257898
76921,9983.431653259513
95158,20120.444207540997
95582,21915.185658191567
105636,25614.933526267127
92793,17263.77753396603
80981,35868.03918669961
76421,9479.683566782564
87182,7642.774746656605
93677,19100.768595856753
92969,19393.30789841072
95005,14562.449562946402
85337,8523.466134763494
90477,14404.176757440304
83508,6778.164550742319
96886,17518.997508508517
104112,15712.211708777706
93923,24574.45957979756
83338,7876.538588578958
77100,21753.498754210494
103801,10571.0119002964
77772,22744.873797162232
94352,21776.054100133762
78360,20713.339642052408
89986,11978.479539229618
97654,8312.413371185166
90295,19310.74147817062
89180,11097.663638046964
82039,25530.941849242052
79485,14541.23746495793
87606,9992.823460721283
99574,7114.373297013438
92198,40347.61722178656
83529,22584.406932535225
83789,14438.666285884436
106137,20728.345508389095
81731,18497.709634968687
82668,11408.065588738453
95865,31906.870240644403
103389,9545.169149249052
98482,10132.908514172153
83775,11631.032132984832
98846,23021.629897480438
79233,15744.712646572616
93254,28383.441113824123
84246,8637.841040208152
101996,15212.563319564188
96237,17465.74819852451
104216,14795.909165782808
105667,26885.49024241441
78813,10831.02056673175
99270,10229.978910565911
78588,18551.89867035979
105552,13500.874368677942
97164,16935.44111438791
84342,13718.093954249782
103688,16106.275601883443
77484,7149.907305288675
94326,11718.165173646044
81254,29553.157475752967
90674,15007.696611127489
104261,9871.221217133887
106636,13805.31695802769
83188,18457.185479985677
93725,19094.82905676467
91349,35265.63907490274
106973,8665.751652891975
89671,9650.360943101863
92830,21832.97164372907
105964,18341.987330255535
89696,23392.385883795723
99813,11879.145741644608
108159,43626.58228601439
84988,17364.793103135104
84921,8891.499203136744
93609,27554.325121833303
105751,11612.74002768571
92102,25106.834263690685
83130,18576.462039388985
91136,23670.059210239328
78276,5280.772213111835
108370,24421.369913689625
100384,10559.796874407892
84940,10908.676353176901
91942,38309.10931840425
94454,27437.851017986202
100909,12006.34208783742
87701,18876.929554761744
104798,16567.820482253104
95263,22435.81922692211
87121,9925.997851373737
93095,21580.655288774833
85642,12882.931801362363
92656,12640.55734617722
95617,36001.3169457584
78219,13188.100819050662
104179,18063.801135897484
106438,20467.717844217237
87196,11917.581799712741
90335,18185.382838042107
82059,18166.354250171684
92365,18316.847375604313
98309,12053.363723062052
77684,13743.038061480172
89823,10330.324749010808
76689,16395.137071670106
98279,18915.79331806195
99892,9608.574058633745
77342,28618.88263536688
81074,53369.912504908134
101487,11936.578570203736
79070,9385.839574666528
95231,27683.739639817733
102572,4735.715777459267
99529,11803.125856119063
105996,10518.650150534037
100780,8634.503268694336
106814,11474.668236113575
85545,13968.528206544603
79630,18134.209235683535
91145,28791.851962069282
84823,11771.507144347637
84954,10396.41553691084
96658,10314.218296525483
91360,29131.709722980835
90452,11979.755156052448
101820,7602.024321476903
81605,23802.51628840669
95895,24729.65881504452
99378,8447.230732806163
89327,15329.772756216931
97326,7917.780359595966
100777,8701.091022065644
87405,12413.396156684183
97627,18542.2319834391
107458,13140.466752102697
79060,16108.329474622973
96136,14229.027483583393
98257,10218.975355195285
102335,11441.639569833016
77850,10282.258259507425
102160,11251.265612428251
102379,9404.533323627384
104579,8518.029497979576
105614,22215.775426796004
100113,10976.965743625533
91032,20087.085585895657
84428,7643.237069282
95075,11120.961528913842
103736,11325.01683622135
86290,12174.204031346282
81511,30892.33427791772
90680,15803.72960980048
108256,16272.281840002215
104529,16940.95437056398
105190,7886.41100585549
83963,14580.144594553263
82386,50075.36045634367
96710,8353.464318491906
83474,9568.188818356344
85539,10483.269738915336
106439,16346.270337827698
102158,9082.295861077373
88822,12882.931801362363
100881,11208.181169287316
76677,42964.70092545252
90178,10088.165944718927
93735,14527.30558391801
84662,11469.51318415054
106182,13182.618317709026
83398,13570.45221359815
87992,13679.626676606482
87968,8788.420485038909
103912,14832.494316721448
93375,19448.449776537793
101226,7987.6628057058315
77949,26231.58809815021
85607,6747.398762260966
79522,19179.69134493999
77739,9315.79556303866
83123,7121.837516686135
98241,14305.349221391789
85653,14461.904887486271
103346,10583.663945816923
93933,24606.565655927185
103652,8702.767311386588
101032,14737.438127706284
95245,36017.9468595873
87397,10978.46464618859
104051,10583.915644385783
88815,13201.682353234693
78834,38622.5143489404
86348,12042.571131951867
102205,12041.11771047388
85638,9418.763575063735
84036,14191.044037150687
103627,10555.694059827456
86641,10523.901745175552
76954,19167.332026871994
96042,23689.98850928987
79230,22043.80596633595
81240,26046.780585671495
98464,14593.939243681789
93761,19164.43266803741
86239,16333.409740983398
106231,21617.26085565342
94092,27492.59791412659
93651,25334.929561593803
102239,13366.737039780946
108216,20651.87562351996
87035,15110.290747086008
77754,22807.162897251477
102892,8951.52377855842
104205,7547.025125209238
89539,8633.783976883606
94276,17903.464915714656
78405,13997.164299235728
82829,11551.52109032571
96653,11120.074871444065
107768,9506.886178588002
82557,11507.454208361725
79190,14541.23746495793
83639,19126.742758225504
106302,22845.716664216037
83161,9987.419372746263
101839,11965.059396048304
76769,31749.89505707958
92536,25106.834263690685
105981,11571.172137241001
89644,14748.410443845818
95175,24605.65107433047
95837,25795.63557939683
81282,35188.231461228286
92231,41742.70883250895
85287,14369.47739468595
82582,12588.942731233012
82666,13215.876287716632
75999,11520.756684824077
81738,22028.95112623348
87020,15991.391166405372
93066,25100.982406499425
88496,8047.785870370009
93297,42327.31831993038
82044,17986.494466165037
81673,22047.078722891092
102694,8730.035995951923
89509,13266.297368373856
95965,25168.694389685104
106101,22737.833727385212
83569,11301.69592203292
104718,23241.141050073646
99492,19014.996615615575
81091,52718.93954174071
91028,20043.303966005027
87981,10500.67649348568
91801,16531.868238145318
102243,8053.0197788548685
82445,11904.532119268411
104094,8191.846530918388
94745,35595.79270751926
90106,11325.255460692311
89015,11968.271616355245
93183,17259.30176093861
84610,6988.620406267782
77055,21726.117547449277
79194,16576.485241435796
91155,26806.274562021736
86569,14559.993561922856
82485,8871.918182422556
88760,8388.203583520979
105923,8606.56033408336
78686,30997.379758059076
88814,9671.799901480152
82320,21864.322895537982
102937,11884.2918826698
87116,9496.474951082417
90494,9963.601665908136
106037,9041.229168478267
81698,30825.31714501016
108120,20972.12782379507
107501,13761.971124842205
76407,18673.188036184743
98601,14451.996302583693
107872,14774.242585879752
78176,15379.94413150866
93534,46271.34905009793
91839,11976.51957673674
106436,11771.69603879081
82935,13280.933324767939
84674,15978.041439878038
83479,14186.74152415943
105047,21638.374906488236
103698,8024.862050630829
99614,15510.549135025884
84726,10109.271978767665
84695,9666.253775457097
91147,24191.580056645904
87076,20041.0322656847
106200,6581.176464284952
94496,20022.005246063218
105826,13505.675238288663
94976,13983.369163242829
86380,12537.393929687396
79211,12096.2248221369
83213,10978.845852202121
84355,11426.433754441494
108034,23068.55359919352
106948,8310.709422168002
94995,25334.929561593803
101963,10244.144358747279
106550,14795.909165782808
85682,10495.15806551938
98174,12965.772866749116
105423,8684.242752444123
77341,10667.108411534735
83563,12050.530225007704
80177,23065.51848967185
88183,12576.01338084261
77520,18303.69851575868
96601,10025.26703038321
91964,25549.893749856197
86685,11972.952969963297
83039,13710.503513503729
97785,9384.73848987474
95814,13691.267846183733
83452,17253.802317755566
84518,20416.73491349345
102194,11004.188321398164
85247,11009.3764035181
85418,6361.315012699026
77908,7794.383466133904
92033,20039.197325339723
80872,11828.982885044583
86635,10500.67649348568
79420,23071.005808196904
98251,15006.802354949943
77158,23274.74139102181
89969,19466.414111283633
85928,8392.689601389926
91375,63886.273358544335
80568,24137.699037085098
91041,18268.0957970722
89322,4880.036800043763
88057,14240.930993171312
89486,8635.195371051486
105977,15345.46401724866
88167,11920.24832015148
81115,46262.50365042484
91486,12170.397876193581
100782,17605.502921285402
89320,14014.977606006958
79784,18026.031759854526
89096,13958.575073465438
78264,7395.707902388593
97581,19234.537425094673
79576,28252.819199013407
89259,10100.310597363896
106745,7978.648175966982
92013,21943.574830661753
86678,13801.696273873229
102324,14127.575700561314
77632,34435.53856709834
106887,8667.163047059856
78950,17027.423205659827
88191,10654.067798041726
88247,12578.45191101594
94345,17064.673012201874
95349,18455.41141162918
93901,29061.058549615685
100074,10565.439307469689
85164,11207.596180681365
106172,19343.56033664135
108479,14799.987201551996
101908,17359.564534567602
87385,19984.1112783781
81494,10785.500737109038
81977,7373.303062912611
108330,11418.987608714127
80073,17289.591724670066
98716,11182.577291035786
104170,8066.5555188184935
103992,14480.339081798873
105540,19683.12692981272
75987,11306.412350525494
99496,10140.005363579854
78765,31117.662813835028
98564,9523.508914265676
81895,17655.01949985115
100955,13280.14433714604
77153,43989.147621338976
103888,10504.144659115507
105921,14399.759156289107
99660,14828.911361407094
78579,26815.463163915323
87023,16270.646580977515
95879,16173.624760807561
100433,11195.616501053686
83011,15021.452968579812
103255,10960.36268508183
75978,18935.27142550666
102295,10975.204715832857
92099,12441.786821983702
80985,24723.06451304783
99556,8334.44651177177
97124,9913.40813931468
81386,23347.17798253276
92818,24658.012689912925
76413,9900.007129845295
99585,13272.294598101447
98093,14075.167327259564
87527,7897.223519919766
77911,26231.58809815021
85090,16032.15711243746
80843,15604.87995586141
107096,8191.5196638605075
88042,13374.702101652094
83948,30387.821960769706
93242,22751.935340575787
83677,8446.50937207106
92864,12129.61646524498
100323,10571.0119002964
81042,17996.862806953042
89663,13842.959995795276
85381,11516.22408162339
96699,13829.08097896494
92422,25172.284749067552
96880,23288.172186333857
88530,15979.820906078465
81438,22978.632847326233
83484,6436.289592312863
83637,16717.564533487053
89092,12888.662632376776
93732,21822.8323181523
92925,21022.664252650935
105183,10474.972966207799
98369,12325.160592804059
100868,9862.663432514957
82430,12035.024823709762
97604,10067.164158356702
85474,18173.611337663613
90978,12881.377588254238
97258,20209.419451372676
106720,8003.54109666287
89418,11428.738402864017
83154,8200.732104258772
98671,18290.84291103235
105356,17176.00469773703
88880,13968.528206544603
84275,10027.62329924737
93184,11815.40413309951
99811,18859.72494101018
96995,14799.915409183011
89700,9649.493867620808
99390,23112.180140914406
100504,10243.277140867664
80427,19033.940016451616
105125,18830.594496836544
105652,13038.835815574814
82706,11196.405248602785
97831,18456.78695992222
79865,42785.82394927545
78586,13486.147386091303
85926,8142.118599447308
83961,14705.777098242123
96313,17540.471967163383
77556,26231.58809815021
108155,23241.141050073646
77590,24782.59456525322
90192,14512.496592548074
88094,10978.46464618859
86737,15776.307027605535
107509,17144.332655919927
96960,26162.00323684253
85495,27987.672356514016
80902,19349.872929982397
87998,11904.532119268411
93672,17698.14781776009
101245,15395.47411745362
85802,23041.001825686213
76378,19392.387362227106
92576,25621.593788903432
80096,18076.786457155868
103064,7119.635428727079
101782,14210.455161173153
84729,16977.89088432972
78010,15614.042324831586
76995,9718.48689015923
83407,10641.283289314655
86858,9945.040260159243
92623,21789.36001300292
107680,22688.87549507615
77324,14923.452951537298
92312,15644.145596697997
95266,16837.530023052634
86907,12882.931801362363
98403,10095.899123509036
77236,21946.721132320105
98098,11539.878168902287
100392,9339.07592451815
80696,14676.316914638775
100083,12515.16081035579
107500,34765.66194894226
98415,15510.549135025884
89111,21003.739664109908
97813,12437.2737362965
86818,10320.677874221783
76368,13339.58859369201
92461,18882.197206749206
79280,15523.21546583122
94481,12277.502084787176
85233,10066.727636167603
87051,11477.07448347537
97596,19253.616135242548
84911,4355.466767596286
84923,17481.76280129762
100105,11839.344751803257
100360,9602.478881205516
87548,18189.857458035287
106839,11997.450953700809
97625,9300.318681087061
87757,15479.453485538557
91686,19198.74107118234
98789,14933.896492445323
101190,7511.511756978011
88070,7274.963208019726
93252,17729.850964849225
99741,15970.606219878226
104820,7373.303062912611
88169,12396.11926823463
77198,9202.113632518407
93558,25152.420653014102
82381,20714.051966038933
99874,12060.271010481305
80727,27999.133665292375
93762,25196.097224884837
82928,7671.009722294345
82083,23073.885545878922
102681,13452.987519586304
84592,6888.848531711979
90373,23231.63741779758
100741,11173.194027729494
80833,10286.970555422153
91415,19760.194679851546
98086,11803.125856119063
88138,12340.230636882876
86387,14367.215570948516
95134,51762.998732960725
86392,17902.28491897698
91440,23835.16237303344
79877,10855.483067055718
85439,12674.52493338621
88629,10270.99989373102
90541,17075.972763612594
94365,20989.44902163316
105625,43578.14048047305
100340,15931.476963633368
78761,13663.157982380439
89066,10497.436640624821
92418,29131.709722980835
90530,9218.968286327114
91595,24474.093857644206
101516,9381.948500838693
93518,15826.682094600936
93676,14948.865237854201
77432,22006.05938013531
94585,16851.922372589048
96358,9504.659999468973
78159,26121.901668830036
93872,12003.30175048666
86968,11009.3764035181
76425,19028.85422123052
91431,24139.733218179394
79862,27857.273242082785
86839,12449.35708307185
100378,12557.132322648637
87028,10708.922311643399
81612,25575.75735175734
80822,22483.183299696546
79272,47454.659458595386
76037,28754.566545121404
94336,13548.754442820396
95900,21771.870193252063
89645,9387.029680972892
88068,4395.438040783959
78067,23206.193765884982
107703,13167.429990716048
106822,12525.449276058784
82155,7007.321713010219
91564,33600.67461878808
107241,17471.730590347397
79829,23071.005808196904
82574,6737.06051399389
93529,25072.997346656473
86196,11830.342109296906
88887,13836.049970783251
103822,14243.357373297877
97431,26576.96329071344
80655,18584.430236515578
104352,6669.09834940221
95983,41687.21270840864
90231,11502.567311399132
91426,24628.44259130979
96804,12907.434984569969
91789,18389.031933896138
91063,31550.961105356037
95672,26654.757166828378
89669,10474.986885036164
105177,24968.33461761773
83317,6344.575502429016
86083,11097.756848136354
98558,11826.400217339893
98497,16121.915949705204
107910,8615.656769239213
101650,13383.395972412889
98157,12709.257890796376
99234,18185.66760185218
91943,26398.576512904576
99237,8240.918568795792
86413,18207.722969895578
85589,5852.813327536736
83028,10351.86132611122
84633,15656.618372282024
76000,14248.671728469704
100519,11909.435125005677
86940,12110.250758151607
93162,24613.376082088456
98061,7735.157598443053
99205,18067.039103106847
86507,7330.022284908369
91613,24772.727124049303
85308,8756.800268435276
105270,22946.896280515706
90212,8210.816431975087
94127,6935.652476317534
99422,20913.56907477153
105583,8667.163047059856
81264,26167.52373422119
96205,9669.147181856099
105242,26119.92715834851
91770,21871.015463643344
101725,13554.925269280711
108296,23289.400903896196
82556,10704.374654967158
93282,13577.7396368883
90749,20729.892910631912
101708,11479.571238214385
98952,11084.447470557514
84008,7651.367469824286
104420,26691.84591022055
96406,8226.756197634573
83723,17290.667260203467
97143,26188.32202478359
97025,11568.879669209517
81322,67032.04301942466
102314,11740.532111203112
79427,7108.563639776543
107605,27606.93274386079
87036,7136.32920058849
91115,46928.15216889748
107095,22359.95763519222
86726,8822.224715277122
89311,14445.282445271028
85612,7844.197125775303
78297,9436.833632952847
87140,14342.064031174863
99815,14965.045536132813
99814,11104.232663314899
79285,26130.697633254767
100846,13989.738645505904
83155,11317.467473798088
94858,24658.165672136965
85781,16883.998085958257
92914,20485.107100288016
98443,20138.103107675168
92134,13519.62512797237
102425,11927.35277931713
100338,8502.614555073675
75995,13829.844083667142
96586,8633.783976883606
76467,9342.907529896995
79386,23257.54713371037
87549,8337.092180928435
79953,12359.938903887616
85516,9472.332042021884
102251,16637.764259686905
86747,14325.439048174121
96255,11552.963943182956
102580,6494.772210820209
97573,11099.065567695337
92803,13701.725042676511
103185,11893.991305036418
93477,19919.09794538311
90488,13851.731197844427
103256,13322.119292587622
98259,9670.90899013165
79168,18241.030729633967
101416,11328.068014510287
84088,10618.337895453067
105807,23241.141050073646
107132,9236.545990993334
101505,17269.936786339993
96102,12586.849692915875
80342,22518.618749916288
83221,7439.702371673936
87186,15894.944744715489
89162,13280.933324767939
100282,10790.401217635435
95292,25722.061618899974
95878,41735.50865565439
81326,12020.65505706729
88518,10018.6513830848
108243,29402.961717075337
108026,8209.197690745754
96751,11082.834391769344
90571,10814.854049509626
76767,21492.973800600506
87910,11291.841613150742
108470,9831.84680825551
82634,7119.635428727079
92666,24656.2051092786
96690,15431.007377219901
102493,7897.553940738975
99491,17013.5324997192
94959,17759.285323710006
79015,38859.59964599181
93400,16240.434345039203
90577,21401.486999012723
83608,6485.248065899534
101527,8987.64132572181
99227,10187.941902934905
105333,14479.970499700454
98720,11571.428291305432
83359,7013.955824679744
95498,16311.925497602706
101019,14078.177741811829
86045,10382.038030096435
87546,11956.08530920014
87526,6613.588450204479
83304,16739.207300108475
81244,25720.613626727736
76248,21113.813072984936
90107,14409.96625515736
82584,8229.401866791237
97783,10937.46157242335
79048,12357.165813931164
94531,17366.245562984474
83872,9966.207545338066
95726,23390.542033526457
107362,7492.207893091706
88562,7643.237069282
105680,7010.062552022522
77859,10397.653604267964
82802,8647.493747755376
100220,8139.301883403174
80149,25611.294840212326
78826,7990.185750868443
92081,19202.3914080563
90008,23623.923020973853
86319,14782.499854394395
93624,26408.1851332287
92325,24596.641113107013
87857,18163.758015583906
84996,8671.845326298358
105536,7442.589058500882
86209,11699.46690338613
96095,24539.660727176335
78426,19013.769534965406
80287,19407.34780051942
98154,7452.222151256608
84049,16631.37677701763
99005,14978.068736178811
101228,8689.53387722688
79488,39972.271771270134
95378,25118.996010006707
81740,14511.672100726588
101394,13632.2830828471
102736,11020.822028373568
75993,50692.22521785981
102322,8746.948080610968
106248,8152.269795632419
94377,25736.082419633633
102281,8502.614555073675
99028,11843.066593320687
88725,10984.947714962056
101290,9006.083701837266
101436,15539.366829759612
107395,11803.7077251332
83696,11862.625006842529
87319,12573.488761231272
77845,10469.341528480889
94163,8002.495294317096
89778,16002.754177526262
81251,8922.394955538239
88855,8505.327486686028
99680,9664.373874756491
94593,20986.230204606156
79028,40122.129472196415
100784,10474.821169859986
90856,18637.40137365395
76836,18935.27142550666
105944,14841.037147661456
76844,17336.47165063804
85377,10119.009925852608
102613,10549.558284185889
105832,18613.263623293842
105173,14035.99897111115
107270,7868.697492737162
104605,19094.557501909265
93776,23947.195260120625
98145,10138.742319014294
105384,10290.921747270457
83797,12851.413031565648
78439,8163.773989376866
84850,17659.946777840672
81348,16804.7153556967
81586,49133.99188577435
97554,4998.764888025344
96691,8384.146520196435
100073,16418.265309588565
89195,10083.747419975718
95919,17120.060204607147
78872,5286.288644654971
91100,26754.005278488585
80008,18171.364993736886
89155,8192.949485537765
79002,6909.155901346054
80103,16170.355084112463
95722,23396.15297131489
92248,27477.843806001292
104759,10472.483557194504
101435,14148.639663781792
95367,25736.082419633633
93611,25180.856136001126
95610,24574.45957979756
87950,10854.354974294407
78095,17703.36598226711
78646,17351.21626141122
82091,20680.69938148335
103774,16024.624271238732
102660,8064.226538358493
92256,24606.565655927185
102733,13976.368789406637
95698,17463.450782745058
103008,11793.895481637235
76310,29723.341786995512
102230,12804.124455471507
108434,7218.53476043012
103325,6060.564671339502
89871,13232.083036228243
84888,11705.27281454896
94838,12463.692137468102
83744,6608.799215096475
89112,12744.378901314138
102043,10802.364387220037
105254,9787.839052335887
77814,17016.844281876787
92390,12129.61646524498
106879,17269.82103226914
77049,7992.600993575423
84476,12360.349251221496
81372,20678.99614990523
90236,10334.193778723238
92132,18737.376842767975
92240,21034.979084501385
95286,20895.08716993784
101750,10617.31981254678
88817,14870.82067910546
81131,25962.728516859857
84244,11759.307862564418
100801,10979.842925645964
95844,18707.392647219753
83870,11341.408206492242
88723,10620.835186469321
81243,22861.159816181273
100385,11866.752096026985
104717,13318.604305090066
91235,14783.508996121698
96520,10059.803458322087
93381,30298.87174607243
80691,23413.314741541482
92000,24888.691951992034
107035,26239.924726134264
102138,11943.314536082467
84605,8407.828784950949
79297,38472.217488174676
106336,26543.93297359559
94253,24236.138938998323
79716,24182.281309752885
83444,8407.828784950949
106618,10499.988492396107
96175,12586.849692915875
103007,11793.525920950842
83413,12551.423363672922
87204,15111.214820227044
102288,9238.139492647393
80637,29269.7325832441
102156,9421.924021982308
99444,7843.668775578319
88292,15746.150375217627
88382,23039.678258045387
83149,13790.240820764946
96173,17128.33591168506
104005,19117.173445993132
78097,11481.982247441683
79949,19193.161337310554
93089,23619.352593869142
86142,10503.509994048889
79736,11906.504464192138
76052,19346.92247393854
80534,17338.31985874491
86998,14805.611037446432
92690,26974.818058009176
88656,9774.10216964471
94395,21771.870193252063
98447,8693.377971325497
97701,18609.426874994424
92140,12917.204548691992
100562,8502.167459460123
90947,14614.765250865375
101174,11929.930265758001
82150,37832.62975143657
82220,14015.390330932863
99327,6473.508229232262
98695,15689.403901269887
81373,17700.72093321981
92571,8468.444671549432
99568,10068.486251646664
80774,36688.710309047885
88548,16135.305045621013
89214,17465.74819852451
104968,11109.534754832213
76079,13510.17570447621
106643,20145.752703249764
98760,13646.245202535
79377,18722.760244916582
92075,28486.700893001387
83689,13454.121583574033
89321,8769.908147804943
101772,9978.426354100227
82498,12160.554778898644
100293,14189.141350608923
82360,18609.35518353598
98921,11789.801444422075
78949,31013.716330342726
77501,14135.317980715821
93322,24647.31204350583
85827,8545.298936635347
76428,16452.387589013415
105249,25150.07360427578
93940,25634.19369475177
85259,15520.092800761104
95570,29370.038389815843
87993,9751.43433155859
99558,8283.84061217597
91277,23963.070433504756
93825,20188.460799772503
107121,28245.227775205458
104959,14498.764293540278
96364,12556.752254864152
106601,13125.415565763567
106375,19226.82613730724
79619,10870.208923408218
76473,12082.53906122834
88184,10428.874924636097
92530,22304.35159544471
100669,11566.074356798035
97656,17405.973222484346
78071,26132.739856939363
89316,12566.730692324825
95061,22142.33283726547
86189,15087.108741577775
89553,16511.175986760252
93106,18480.60124792002
92968,12883.854774200241
84025,18600.031505737377
107972,8293.20515904946
100646,8354.568581017606
94107,47091.22780458643
93865,14364.434327053194
96199,16660.689285272598
107397,24638.197233687362
100882,11934.001083762865
104739,15237.130715901392
85360,16190.701814801854
85630,17552.725574415123
91862,23208.740342300967
107207,21695.603241777382
97162,8416.378349547369
80025,27180.35942202253
102082,10553.299341120159
85267,8409.24017911883
101929,17614.6057551171
101500,10767.866753872313
79709,17654.570125061164
93972,12019.721717238748
103035,13909.884904897312
99214,10891.844625085881
90020,14405.679385259888
93078,34185.768228769615
91474,24444.71217948977
104931,15378.488694753483
78728,23405.546544702338
79185,12194.498355099831
103871,8355.015676631156
91303,28486.700893001387
103205,17609.488485585054
102796,13357.659950315705
84381,7105.680018542683
80694,6854.457239183926
88412,20160.75030366563
87437,7871.498377702058
81938,26070.85752008878
87557,8105.894439727754
84227,15596.297588035774
94972,24589.651741194695
101329,15221.205515301743
80069,23099.60087966072
82432,7105.680018542683
103399,9694.882451444135
77538,23530.993630238157
83684,12082.485037869325
101430,8326.493122022408
104322,17580.330770635945
106856,13306.45875004598
83084,9868.618311973136
102179,10908.74892933306
91752,21771.870193252063
102244,8953.440175152235
100903,8061.190060165195
87128,14447.536032652979
104654,26125.365686569363
98265,6725.39386937552
101764,8604.901743151715
77753,10152.676812060394
93483,29456.40337830769
85586,7675.22168834096
83436,25610.206758279157
80395,14666.852226765455
78652,24735.183844865463
92985,9083.79216657354
87343,12006.802893346223
94390,25150.68022407152
94485,28635.094226379068
79564,19008.586470598937
106104,28194.071907943933
84557,11612.782244319276
105524,29057.535914019714
96622,24224.331911992926
85389,12340.230636882876
78029,45210.324403086524
107904,17138.491511277774
80526,44932.51698287955
102233,9048.520530077263
86058,14309.587079464118
76614,27228.577576558102
81334,44071.810110327526
95043,23528.137114392233
80400,17623.503624175413
100114,12166.974758902368
92049,24533.051830509718
104070,9709.021893113422
95487,8360.561144324363
80402,22808.77546811104
102682,11068.550692145616
79747,14478.602492397375
97331,15632.993057330197
92573,24626.10552613791
81827,20136.88556541829
99721,7369.707019189052
87560,22592.018903104286
101447,10991.10227126811
89027,10725.763569211293
100905,11523.858582639332
86467,12588.552102633024
90523,10076.94982479459
77588,27010.38342643336
79946,23252.6933838293
94096,20194.745987492643
106481,7824.8534000788795
100694,13044.79186348754
91176,52273.80065003696
106878,8008.473743969283
99871,11488.424017010397
77534,8808.712717233357
102006,11641.904606563887
93356,21784.37586674696
85788,9927.111394819663
97108,19725.11681484507
93129,17510.765289068728
95168,36417.3108994952
96578,14339.650329238426
79570,15482.928434242209
96604,14732.175770998854
76367,7632.364022095698
105065,14219.50711949865
90635,16074.768491680572
107221,15759.274313565053
80375,9914.60822183681
94421,21512.052324707754
104009,9520.202421309652
84804,15566.637303180301
92074,26775.665183181787
103678,7223.962199729498
102350,15328.357137570505
81690,16331.798025982858
101817,14414.171392684064
108275,22696.595143707007
78030,9967.17199061083
91570,21755.642266678467
96746,10045.933066905873
89748,18679.579099701125
107889,13784.16783760234
88402,17387.685968709204
107789,15851.420661647217
108061,26031.427200484577
105143,16247.856182579664
107488,20521.178435811227
100812,11792.286835683119
97830,14106.719768565594
100664,13383.395972412889
80071,22988.44131022572
104550,13686.505221015545
99466,10134.875060056702
93777,15904.587070090158
108105,8667.163047059856
90322,12064.508897962607
101860,12592.937527621756
104129,8057.9533266528715
77381,14747.478402166404
76946,31487.708660164903
91556,18623.347409315367
87190,10857.950219314953
107647,22007.175370320114
84177,12045.676093171378
93266,25356.32948800173
107341,16333.237268922121
92693,29131.709722980835
101292,10304.767085663692
79651,17249.346015627383
81654,12303.445960399295
89688,10689.208844764795
107423,14711.500138311243
86626,12403.49172950117
101633,18592.673091290875
83827,8694.106147295344
106678,17598.098777229483
93756,25126.70693971216
84185,23387.757711405786
94867,18454.399745351322
101062,11791.387021920385
76567,31010.068709963925
80522,19017.187328925356
101932,8708.905805765864
86016,14230.317530906736
98609,15313.247626031014
84081,10227.44413981562
78446,8440.951521438303
82074,24235.535545167266
108374,30295.500168917522
77895,21040.507812567048
93416,17852.407499123638
89357,9472.980142914163
106786,11614.142584224523
102766,12532.631236849425
82233,10248.741845456552
84115,10504.52489591789
98073,11554.654411886548
106198,6403.620316805413
100335,17268.73450226551
82169,14646.687039682494
101191,10769.615295704767
94584,15387.910025017443
81980,18188.250054703345
93574,29475.335288269973
76934,31016.824803176547
104181,22663.333536756698
85205,12512.69873770603
101304,11933.13400828181
77927,46011.79429962612
82028,20722.80943280901
87191,18712.6749565468
77713,8567.2926571435
100414,6991.904659995739
94287,21374.991742281247
97941,8137.903013066725
93702,24522.88178096805
91433,25781.284565053666
92420,19180.537974133276
88433,16572.870385827264
91656,31681.565409093193
94313,24794.24156397982
91218,15910.667823088173
104418,19170.884661763623
86375,9894.139250536773
97556,15356.74631021415
94514,43073.195548347474
79165,34472.39263058718
81780,17500.850866342993
105424,15641.336440691786
77427,9578.470848523752
78626,13597.62616408076
85465,10673.612064132982
87616,10043.615522519176
101667,13285.71979643501
84226,12949.53828716641
104737,17648.92980959426
95041,29464.719926099606
84070,11598.77158552481
79071,12467.513955618782
98688,10233.277080778811
91104,35557.75793590705
95301,14586.527957413997
82795,6338.02705824332
76606,16585.183103569358
94708,23848.697750598683
82934,6814.97175276805
101243,6320.671302199273
94629,24486.233904860794
88235,17628.480664071165
78913,46369.774485268754
94480,14445.317869603192
77005,10580.61425382419
95511,24591.72018572338
88879,12372.246312008967
78396,10824.225410536284
99977,13758.461577184058
87602,15229.156582045996
105439,17297.307902792356
91094,18272.36091965198
103575,6014.169985656004
102840,8079.074184037476
105367,8667.163047059856
91884,21652.92274539172
84572,10103.373040413686
96544,7701.84858649821
94082,35603.89697340155
95510,12175.306448975613
85718,8407.828784950949
92527,19966.690488509754
78855,13891.365553073734
107521,18114.768138552754
98876,7919.53700186294
98440,15998.695845797885
98714,15147.309888624768
100643,11884.2918826698
89570,7546.065674468908
94168,32107.724469558787
93299,21771.870193252063
96033,21937.66233376477
93742,22278.66369219144
89946,12042.797319596293
107741,8289.853717801769
77268,13411.823525136855
84848,11982.931991507177
92323,25068.755355793644
82181,30885.208421916836
102252,7855.839127775821
100240,11831.306670576862
90422,14378.01667268774
103145,11671.105065519158
83333,10724.46802531221
97103,30586.871346303087
107379,30875.069906034943
94694,24602.89759205994
97339,30472.075011624347
93104,24635.217123413004
88194,8831.661222966533
81954,22463.239435972726
96391,18158.074755653903
76563,9244.50641951224
97630,17098.859121336947
80201,26251.020073090538
87854,9592.3202695164
102312,10980.991933809975
93848,21784.37586674696
82542,8087.907804201471
102300,14788.687938700006
97229,10451.4932746625
98907,23070.78782927082
81238,12777.923904260431
101377,10388.88327839084
79109,10655.869539286681
88044,6361.315012699026
91950,25175.164486749567
103403,10421.100520617145
87611,9914.675252052139
98169,14597.888758713776
84352,12933.704625346305
91787,18272.87118751015
85668,8447.7616390625
91287,15901.98389648092
80289,18026.031759854526
80647,23353.28912328355
90612,30896.455657669612
84941,14384.054846725705
85955,8737.46120296689
95019,8718.771256943017
92685,17722.81876970052
87156,10242.63089813353
98300,15203.972813435916
80737,25690.202094526754
92849,23577.113404389318
87490,6831.593097530563
106168,14982.07267657205
87014,16660.07079220094
95822,17955.891103830163
76797,12467.83555290081
88416,18545.121292009193
99974,10553.210167516268
79248,9950.789132185397
93969,41623.69105198607
104746,22066.859664042553
101092,16027.770346106776
104076,19725.33199800247
99087,9523.10474386339
93808,32756.065360350378
80849,30177.916319594893
93870,30213.07296372392
97218,8447.230732806163
85690,14151.542363659728
82581,17375.17318977132
81062,11950.952489294647
98925,17515.26573171151
98116,13526.611662155485
78229,13645.83594344018
77717,8871.03920610704
92227,25153.204210717926
97525,13884.161160681211
92015,13750.103153911237
93168,17385.97806381001
76841,18258.943918953377
94920,19871.206568954978
95188,14118.236728458704
91909,37049.06321438298
104631,11725.927032139563
91186,23198.180939006947
100465,13282.95211347304
79253,18775.957030914786
97133,10244.48845029719
84758,9662.284042995523
83113,10110.776117478055
92012,25655.754085649594
97730,10021.393405159528
89579,15796.93067495898
89670,10769.054034158184
98105,12082.556633708202
79497,19146.367035949697
85954,13201.682353234693
90314,7774.0735405907835
81052,9983.431653259513
78531,11217.13100229951
97791,15782.736305700944
77746,20615.730053267904
105318,21261.412654235053
96956,8063.6762861558245
84493,12891.436844876283
102164,9867.336031391693
84640,17439.91375988257
83292,11090.566788639264
80446,27169.40314191782
106883,21264.29239191707
96822,10314.218296525483
99282,12260.875825658637
94359,14162.003969661733
105084,23480.106337755646
85908,13562.034306105386
106431,14478.602492397375
97313,20515.33521188906
101268,9669.147181856099
77989,15904.354941815163
87682,18999.10946532203
106611,34416.63305962447
107890,8665.751652891975
79578,22839.05242244895
92372,24702.809399126996
93915,19586.00014629953
85425,10005.204328824484
80577,11635.738351406208
87561,14325.03329659042
82120,12469.046721647259
91633,17692.20452653258
96970,8210.816431975087
103356,11791.387021920385
89416,13866.254753333884
101155,11523.274462526879
104222,18372.55974831428
76104,11354.722509727348
108362,12440.659284641284
80616,42867.35395730991
98659,9299.003677235076
76470,26081.67473137896
86501,4612.300450972139
103166,6991.413654941095
80799,16508.62010339735
103699,12136.714005805161
97005,24659.6582949621
89375,9666.65794585938
89434,10472.046171206006
103114,8801.856340663931
99021,21537.398588127526
85368,6762.422706525455
98207,12325.160592804059
88420,10673.612064132982
86225,12143.407805304481
107761,42418.00699953641
83146,14910.574429847968
97834,8635.195371051486
95729,24678.605479916765
95480,42363.143578988456
76736,21734.936561838378
103683,13247.822132898254
96410,22966.480003304776
101570,10255.034482156481
81039,12403.587312148486
82813,17611.720384458135
88704,16647.12267440783
77926,13596.362763501238
89560,13559.926881118012
98902,13896.401753409435
105164,27642.713410360084
108109,10474.972966207799
84480,12334.813769941284
98239,10179.744254062676
82385,23414.404165983033
91637,27492.59791412659
85732,8018.270634532608
90790,7312.16462370374
90251,8775.225531527689
101246,7318.2270478989085
92962,20876.218060574512
75988,21431.618968092487
106880,19736.57498861316
89844,13804.877154078278
79925,17667.40381407427
76282,17932.086444800923
85648,7079.956327100163
95507,15474.365724731595
96605,19245.03128607468
90201,10809.50712947527
93506,24606.565655927185
78490,9664.202180679473
106831,17997.239812254025
78101,11134.653487306123
93059,36001.3169457584
106820,8667.163047059856
80839,20288.194889851984
76695,14241.448027325285
107678,9870.14167675055
77084,10157.89463723893
107856,15680.204259882237
104446,30970.80301730346
93306,17394.49978122976
76610,31010.068709963925
94451,17811.973431518138
96510,14741.987654771989
84861,15714.495497214739
85787,25004.288137831747
78201,15381.02497668024
83353,12576.01338084261
106485,13483.993631076966
98115,10682.394217758203
83852,14239.89460980616
91320,21913.912296036746
92427,14994.829208682067
83851,13664.696894463552
92011,13540.787973750917
96043,7403.847570238907
93535,18873.054764465593
80183,27156.71494133631
99075,14558.123686264276
107932,14244.986717010568
98968,15258.45947410073
83350,11592.19787075622
77983,16799.599387118957
104722,19735.678681578942
101213,13172.07671794355
99670,10531.564523828363
86163,19420.189442213945
107969,12293.424527551562
77875,16565.188054886403
86254,11264.644840848385
106709,14262.828921455772
79732,26174.627722666242
107841,8033.995963994747
82222,18146.334258508505
82020,13514.37396631302
78930,23524.878211412513
93446,18254.895480336763
82880,11319.979239544442
85724,7905.210380121352
97629,27145.386149767517
106635,22950.142391727582
94103,17841.11051260014
83051,14939.68132137853
85087,10503.509994048889
76917,16570.25497563723
95037,28486.700893001387
99867,12728.858961768716
107425,26278.706820630676
85753,14193.66797372337
95099,26980.076583232487
81950,18972.742483711943
87493,10849.663669049829
84035,10370.778951675758
98743,13563.942335950884
84532,9911.383124782
106827,13508.846238861086
100006,10081.59445416193
108013,22968.73073130229
102898,12562.30428876552
93509,20015.786422256
89759,10966.348452133418
78191,23045.790109082587
80286,7078.961024249989
105908,20137.32225706183
85325,10496.83976904992
86177,7472.021865347551
86780,13272.263558684856
82738,9945.250471814321
78918,22401.772920759027
79161,28715.6187903397
84004,8671.845326298358
92541,28383.441113824123
86047,12949.53828716641
106538,15431.007377219901
96648,9884.867781561768
101018,10408.550942472348
97019,21532.45036826968
105288,14293.440303365713
103441,11936.578570203736
84757,15978.041439878038
107069,8667.163047059856
108356,27433.777522235214
84436,9914.675252052139
79898,19175.616199962515
84703,18209.333240827684
101219,13913.679852539211
99858,14528.260881169077
77333,9905.845623312109
81923,12403.587312148486
85116,11133.38177898406
106149,12652.191711435613
91228,22221.751389449983
91512,17852.17557228382
80878,19223.53907452139
91229,26703.684654242334
99181,8514.210867149102
97944,17492.62279596709
78314,9477.618724914764
103087,8233.873191426108
98170,10919.075276520256
86475,8230.813260959118
76501,18804.23258866134
87632,16153.10494259499
78342,21017.42901159641
99723,15504.459273184459
87620,14802.659508021907
108111,33950.22067655626
89385,9914.675252052139
78604,10415.163447037055
87199,13938.03144993205
106661,11896.670689456289
98162,9986.257900955146
95522,16020.322887775583
76276,13082.036340427341
80135,23059.950969516198
98199,9299.003677235076
97771,8752.698159012934
80509,43130.875549631666
80570,30892.33427791772
102070,15639.912786319435
87513,16121.26167427513
92822,14301.607284639222
85443,10838.310563335648
107258,18874.023355924925
90876,20411.015381750483
105021,24867.24433680272
106246,11305.503293769114
102213,13977.717367480425
102502,8550.919387677279
97859,11547.983123227687
90858,18439.24065809731
103900,10138.306457690593
101159,8119.174204912103
79882,8586.604035973469
107307,15085.365263374937
91892,14552.715155514592
77992,12475.59966603543
103300,9158.348844365628
76540,36408.37819612303
103225,11322.80470215361
93202,24602.894384164363
106035,8179.060802887846
80459,17528.6615269896
90377,9131.571937180403
94302,22305.23512728024
107598,15795.933930570669
97476,23479.485233864332
96871,14019.886087619796
78543,15254.796044826011
89215,9913.808176571081
87251,14009.487072132995
94113,17945.89548278333
89499,9669.390667215519
104785,14042.507191421437
87775,18863.902870750113
91882,24602.89759205994
79256,28226.184834177817
100717,11240.742091528988
104470,9862.06187139713
98732,11439.771118002884
82547,7449.338530022748
83776,8732.587523310398
106546,17102.99889121211
88539,14218.59073304392
83929,15790.183381010596
96026,9664.259348688101
104011,14026.581054681194
76131,14438.666285884436
91826,28486.700893001387
103999,23071.433336875536
82675,18187.899846485503
94439,26718.776349728687
96307,10869.935952833152
78033,11945.9011594546
76854,14387.552756031744
90036,9380.011626158048
103891,10857.059024043463
101263,13291.746939868033
91712,20990.160510146656
80856,18100.92629003427
95058,15270.837438695846
82735,11127.174611946879
82588,16569.420955960963
80775,46421.8471473539
104524,10881.457375531607
98431,11995.257393423213
82272,26111.224156834603
80152,19294.49155116392
99115,12114.45019366924
91591,24805.240106290945
84573,16018.212571929262
96777,8053.0197788548685
95331,17777.972302523292
87492,13288.768474532917
78031,18285.717706198757
102367,13294.640782953951
105139,22413.727913841612
101793,10246.11078382943
82312,28241.03684115739
90663,9667.925716704955
97827,14362.551428217117
85812,10671.264271605469
93839,20096.257959992687
92711,18282.532221753194
90705,12397.293829066251
105089,14801.283396918947
97946,18906.191762742248
89744,17665.148041260152
91047,22660.844782310203
101166,10359.97770714488
101641,9540.542445194353
96865,10321.315145933184
76615,9395.492282213752
107736,17595.5217735112
101285,13505.212208616387
87016,13197.538435010445
99919,9320.454996698458
99314,19171.621065477546
80754,27139.021714802326
94215,31707.54502586061
82552,13997.012276486932
79696,33261.43754963225
87903,11290.177520344949
77373,13226.18811200744
76494,14315.595163510317
80003,23026.218588243417
89000,10958.122791430937
93128,24613.68273269813
107992,8669.037999380811
89029,12761.232775956509
105461,15854.167296539477
95945,17407.11168906601
103106,14674.036647502026
96246,22963.23389209291
90428,9650.360943101863
88909,9847.204714790203
85222,11999.276057946086
106888,10526.037601727472
103117,8327.634172944041
93022,22284.1138257978
103375,8265.616889930512
93229,20063.17382124165
85603,8234.498696729603
89869,11221.5917929077
102338,11149.165608463707
82631,12395.62935888293
102687,14419.319320512346
82001,21626.38942782936
80204,26114.47026804647
76279,27157.54589736985
104066,19726.242305564472
85918,6368.400922122601
101590,12793.260334543751
95375,20274.748096846528
77897,9390.873526399788
95209,21967.378798288377
95921,18490.41183151183
105769,9853.13953774851
97833,20536.053878093706
106557,20146.73664805135
80274,17658.43023893767
91786,23480.360182912995
85350,13718.093954249782
96217,17395.876917917838
86429,9130.892644135532
76233,18772.660584757978
98782,8035.579082723515
77064,9654.180782615013
82904,19185.365472914553
101384,10571.0119002964
103541,8632.08820916033
99625,13578.912267224678
89436,20133.690427903817
92889,17660.255384503325
78390,42300.07734138656
80649,22562.577643541386
78894,16424.293697620746
100312,17597.774336507195
78222,18804.23258866134
91392,24619.836159059323
81452,9826.875704761522
97819,4355.466767596286
105008,9870.14167675055
94993,24607.370953049336
85430,9945.250471814321
94075,37709.10301277863
81246,22821.467732702975
78432,18282.836076699205
89458,13708.804003430085
86520,17902.96888972082
84594,10680.674447716003
87131,8684.242752444123
103493,13483.426348804129
95302,15592.428085249101
105156,20739.66204914281
101489,8147.477112595574
105619,8356.460319766215
81460,23648.27814005866
79311,12559.112405718031
107401,20819.763456485274
106068,17532.282966799175
82033,24866.74713765158
93749,11386.138356042147
80321,22986.09518331422
103609,13234.088658595805
83443,8217.289695929296
79664,18962.627417043936
91263,20113.906336013795
80368,36056.531383828806
82178,16514.23846588303
77812,24134.77689133174
88159,12008.959858253289
107356,9870.14167675055
79312,22645.434444176677
81185,31529.07061351485
103927,10979.842925645964
92977,22195.166451599554
94013,21993.462770320595
78601,12835.378834116102
103250,10278.383650508915
90673,9650.232474684262
92757,27548.638226648738
86876,13819.116957238366
99148,11851.669510931291
77972,10796.958799747716
79854,4882.116109429301
97128,10933.978043733836
108059,12155.385727748439
105613,16797.829722703627
94727,12054.323868950707
104783,8301.27389700708
89446,21236.635210621687
107306,13316.008211116634
94890,21771.870193252063
94080,10220.417005187377
81720,22747.956373844565
105157,19736.57498861316
79438,43130.875549631666
95275,18235.697631971634
86870,10815.357448081315
86336,13968.528206544603
95031,24579.227868335427
76727,28229.06457185983
76416,23074.117455650427
95523,24614.72706636063
76945,12460.865502928276
92733,19970.374452519107
87625,14897.678301013031
105282,16799.14978236697
76798,20857.05073752702
93061,19183.13292470825
99449,8228.167591802454
88177,8469.608794086374
89115,14566.296531340082
97192,9669.147181856099
90003,9797.66965770657
99544,18198.769905860147
95661,26641.299340582504
86502,9997.225878696274
92299,22777.02727879482
92164,28620.157286937276
79415,14188.735346430034
82793,9360.750070710226
96761,14667.768325764466
95372,13220.8672232292
78310,17498.042858807337
84611,12365.780671117245
79039,10645.385264726965
83955,6555.105934922766
103422,10988.52478482724
98290,15510.549135025884
89786,11117.333048962148
88966,17951.8091661822
91692,12635.856690407096
99720,13332.739579916597
92291,25995.79545380833
104283,18476.739375899182
77907,28770.92384969802
80667,22601.591987432304
83714,10376.782588445134
81499,23403.0949860516
102870,10588.466261792179
84245,17537.59949641434
96709,14071.977141239327
96985,10314.218296525483
79739,24135.005199666088
101167,11200.413796778643
101412,11342.485998560338
97207,12411.16425756322
77022,12444.700287024267
97267,23241.141050073646
89310,11201.173892709035
88525,8351.968985035444
100951,16301.725030715035
105401,8273.401373189652
89558,12963.058170272006
97593,21544.8228155899
91993,26979.815568355712
99362,15506.198955364885
86021,10472.046171206006
80590,27139.021714802326
76881,15754.432168084168
97173,11011.739470339426
100208,14792.21217483788
106111,15583.687068936326
94771,14569.32887944678
86006,9915.079422454422
83246,14315.170120950128
81624,12528.65346358544
97158,11026.696371587197
90839,8160.8019096675835
76730,8499.961378343529
95912,27625.985395207827
98742,14365.055732581923
85366,10671.264271605469
88971,9602.799278547993
91073,14571.780156913355
84276,10992.81218099891
93643,27451.217055800655
77674,16671.619572882973
107054,15611.962890701503
76029,9521.415200712152
76703,19684.209983336277
76951,26129.860119257348
92952,24596.083958003088
101165,14080.221487539748
83703,13280.933324767939
102514,10991.10227126811
84274,15913.888311406978
80933,14543.618728165871
89802,13445.420143515534
95459,24606.565655927185
88242,8647.493747755376
80337,20795.159677581694
96758,18484.127969056986
81706,12029.309748857777
92861,27531.923887355046
97057,10742.584095662676
90369,10230.36067437226
77587,17285.516642480383
92265,18160.01386181814
91500,25098.987294041428
105511,20786.454807739963
90137,12554.417462078301
78339,17882.96335529502
90208,12201.705795480248
101548,12590.663476451635
79969,23404.64630234156
83047,8684.113737323189
106469,14584.461587019761
83513,14184.879579842178
79652,10158.663405687688
93970,12067.592504805045
95655,20274.633448936816
93966,12486.03744505389
103174,11369.966329111992
92732,27411.791092716077
104052,14841.037147661456
104427,14581.604182756724
81504,26174.627722666242
85835,8409.24017911883
85265,10960.926408409417
88872,8450.73353229659
81581,23073.885545878922
87525,13288.768474532917
95242,14083.139589529721
84066,9452.402335523004
91130,38479.60545742066
103798,11378.875809861187
79777,8483.637243145826
96975,14827.662002121495
98657,8782.4244976996
89241,12132.512378470907
94846,20985.574986316835
100346,8635.195371051486
102570,10183.746360976904
86462,9919.9266819727
97934,18908.803856616643
96947,8214.277230696296
83667,8386.792189353098
84928,12823.261167052688
107956,7077.95390219461
98949,12338.057061500798
90998,10963.47430764961
97708,8725.852178847334
95416,24243.858170564192
78313,18930.99565960419
78886,18795.12331781396
104031,21261.412654235053
105160,30885.430957385503
103659,10991.10227126811
82200,17654.570125061164
90814,8573.31659538629
85367,9989.439092100385
83180,11754.309253081694
106202,17206.35790665481
78450,18093.012254360827
99063,10141.088609538378
83877,6762.422706525455
103411,9460.391699780263
108533,18462.934200124033
98123,12932.588799792602
106850,9932.2737320517
100148,9867.41732562793
83012,6855.182642918193
82410,12368.837745789859
81994,12285.46237329949
77099,28452.555429439024
83281,18821.69915401951
94288,23732.62453657633
103702,8643.26115994343
105076,11695.440708328033
77642,14745.604673363827
107183,16277.22594218014
106615,13306.45875004598
84149,10708.416994582445
76911,16121.498038863154
104162,8229.253871675166
102563,8516.499605621138
98356,14858.824356908179
90601,16155.74870100134
86307,12812.141787009354
83892,12782.08071949544
86128,10396.41553691084
92836,14478.602492397375
77569,26655.125647894507
108327,18462.934200124033
101953,14206.001662067725
105792,27182.106334102315
97726,6929.706507443761
86652,12195.983863248635
84446,7191.544196301443
96826,15487.19879639765
95460,22216.54184613631
86352,11764.671956029408
106793,11118.896389727428
87778,16879.935720441543
99950,7804.58071358639
104088,16963.34517791688
92232,14152.441907944702
94143,18247.62864200682
87874,10242.63089813353
83793,12395.62935888293
108182,17568.70222593319
102804,11667.567686217644
97509,18393.109678934066
96468,10806.871624647418
85388,14622.536076436703
76856,33515.56100075935
106114,29029.756969021488
92900,24233.2592013163
84771,10578.556208132404
87714,16900.25608362998
80892,20961.334470381866
91592,24718.5947221305
102842,11605.90561129974
107139,18247.460741257444
94334,17283.09527412201
86768,12360.410602217464
103414,14475.8743162067
92179,26380.849592931005
106474,14180.622017272864
86309,8637.841040208152
91109,12072.783859651363
78133,21942.341996648138
76963,14265.181593392816
101391,10079.849127039453
107342,8070.306016359194
105184,27454.557162850724
104693,29224.54882748298
89673,15200.980436957012
103903,9675.626074630194
88947,8218.122451915771
87569,19953.829771030214
76483,28618.88263536688
86102,12819.57572259656
106452,8433.754159436474
107976,13467.250905536326
85216,15776.307027605535
76812,23294.463853385914
90905,21647.24129690905
101716,10549.558284185889
106450,42938.359616282665
79930,5830.49615387767
80812,22991.321047907735
80862,19212.578146142176
103996,24598.35448730139
93119,18080.913070808052
93986,13965.911962873399
90226,13776.663956473758
104841,9122.823161089718
77115,11535.262248118674
82162,42468.90665447503
88176,16218.394522184455
96807,18613.63094943845
87893,17229.796467675093
96864,11980.801427956747
81129,15758.402613678829
94158,12204.486605668371
87268,17101.61103661657
101545,11008.255247652305
80322,13650.378383254356
95591,18790.768309430947
97284,4864.702734377437
76503,18028.441801157
102457,8502.167459460123
103358,13541.252807974452
85800,9496.474951082417
77892,12216.595482317534
86918,7035.896592215838
88797,9666.65794585938
101581,8217.851575634066
99941,10120.538033170644
86005,12252.694579037085
92601,21608.020345898243
77922,19729.025742814953
107005,12440.659284641284
92729,18268.0957970722
99740,19175.097289369478
104686,11978.416991917233
87339,11459.92299821187
86577,11246.261800671384
105913,41195.63691410404
87402,17587.40521381197
88287,7103.360212267351
86544,8227.648070071209
87671,16590.312408536203
91204,18209.384614653638
99618,15140.188487114317
93596,18065.309316655123
100194,4359.110711321178
76820,26193.121863457785
78350,26171.276343181973
91114,17729.65312525508
106403,26125.365686569363
77876,15837.135360295688
92321,16505.92195425142
93803,13615.972018544171
95007,22304.35159544471
93540,18272.183107747347
88267,8105.894439727754
100770,10240.693465863355
79033,32181.694651233553
105481,18171.308580954472
92645,22269.021989403464
91504,14785.622488551062
103374,13866.299200115409
76555,26128.027517723927
106876,20383.7077005689
83008,6778.164550742319
103085,10046.009577432813
108288,27179.226596420296
78153,19751.951535056734
101104,12587.57165468902
86300,18169.369851355565
83596,12150.08118938136
92918,19454.16642318102
96263,11569.080056551162
95845,24611.03901691658
82174,8668.33307801383
95636,25155.33753177523
87859,16133.76974876989
92038,12170.264513719074
97965,12198.345573927998
99236,9949.138718290538
102581,10991.10227126811
88484,6916.262563845537
76734,16841.48947606913
107756,9170.138842257862
100368,14469.179834407927
92542,25060.95582356936
106507,12649.916623614508
94713,13511.193088223656
86830,10135.910015313288
105659,12048.623344545083
103299,10549.558284185889
77388,36940.338719742285
93171,25085.685547237976
95564,24473.880527883382
92209,17729.850964849225
103068,7840.864767387594
101008,13294.640782953951
101098,9986.659536429415
100297,9739.904894503115
100668,11673.331484563823
83587,11802.924998734037
103730,11173.194027729494
80300,12019.411941304053
90994,29375.994413622546
84749,11063.432491864021
96883,20531.127360915085
83643,19113.4519561472
101307,9890.060684212329
96979,21637.43080220087
96090,20008.866159565838
82603,11439.250184086306
79091,17206.889634859726
101959,11335.348480229577
101554,11176.02909158512
100961,13898.255573405306
82778,10055.364664595532
98924,8006.239587832878
85086,8822.224715277122
89149,8251.849856556968
89443,8550.845563512148
88608,17469.275890007375
108064,22842.11930023888
93913,21442.12094181406
104833,17297.307902792356
88819,7975.955623076624
105039,18659.666994698924
108163,14441.710758200496
78429,14159.42268147455
100022,10449.90516147779
99243,15805.198083486213
96715,11389.623927706667
88735,22961.012535355338
86496,11607.45622348923
90642,10221.872179803897
98358,8332.110761249214
91268,25277.121714662662
106457,11140.715021561777
87063,12593.904738785035
103942,17112.45868714122
101823,15262.22761128534
104919,6916.262563845537
89192,18457.185479985677
78525,17713.74547895438
82948,14413.46629099204
97364,13964.866086212278
77638,17569.567172007202
94939,13307.508326747851
102799,12832.510069944392
97063,20062.145815866414
84889,12760.266683493406
91197,9057.053186201956
83936,7076.077403016127
88850,5570.229054083122
104781,27136.569505798936
96341,10246.977859310486
77784,14323.43620216814
79500,20082.722415634056
85956,9641.953560520493
80268,4941.548697409001
76575,26170.18691874041
88273,17362.41383203869
96863,11079.238450303845
104149,11486.73591433145
95323,22867.16860123946
108521,12454.751411526255
104891,27682.40879483211
86333,7308.90591042977
97441,34422.2283287677
103963,14409.600346195903
94117,19915.68376355145
106930,16860.629723970505
96478,16844.07803032858
93273,18302.602538201503
90140,7639.632393916602
101752,14031.2154976449
102564,11067.794355855063
89449,9438.883188232217
82080,17422.94540572466
103168,11154.43976896557
92400,17722.81876970052
89829,15251.02402350991
100294,13360.001788687432
101914,13320.668060237645
91223,21158.644989490713
107925,21261.412654235053
108124,7337.65542819453
99736,23341.559696374574
106222,7895.914680662444
96843,8035.579082723515
86576,10753.875417282658
106802,20812.738403407668
101331,8128.772745669024
76847,12312.298349017055
82850,10984.592765257423
107284,18502.377396375072
77599,17486.718881953075
96827,20583.526431777038
76080,16253.64551800526
89213,13790.240820764946
91332,24551.263476817352
91930,24939.513006979836
96005,14228.34778113462
94637,26851.125997892763
76949,17282.31510812486
93336,21949.366344765127
79792,19460.771514151813
94859,26920.945664296927
87815,11532.310579859552
100994,14262.437528114555
103939,8756.674759639429
91674,24611.03901691658
81166,21716.626063903186
105292,19645.27468468813
76991,43012.12808975027
100176,16023.92333631049
100118,12137.209456096136
94700,20116.27038420627
101432,9459.77269755244
78373,14325.629707526508
82918,16563.362562565417
80619,35680.05071579335
98870,9523.508914265676
99728,51977.00008073438
100347,15968.982208770934
94871,23253.160817090982
76922,26143.17671670359
102057,7030.967250443194
106406,23079.52839940976
81647,36787.42257584595
86232,7832.609885575024
90976,26701.11761042104
101053,11203.105102870633
87392,9689.570998793464
97377,16543.59501649052
96652,18373.28984147196
88212,12558.794418297155
106859,8058.03073613212
92678,15037.62576302792
99554,8034.941597145235
92531,30199.749864258425
84190,11070.013831799099
98562,11194.251852870115
102014,11778.161608179491
105663,12972.1819446244
88795,11229.351563825101
83227,4437.721851695266
97436,7680.076556445215
101846,15921.139711792466
80332,22999.750490157152
104483,25437.090171280037
97675,12204.310023886866
87703,10168.396594434122
105829,13406.231450100853
97495,13818.792423363391
97230,16157.578470656797
99232,15506.198955364885
108036,7344.137776182607
90470,14098.34094157929
91410,24609.70801822121
87856,10944.40293841273
97072,15559.168273668629
98581,10683.634635938022
96021,20151.867444224063
104873,20979.122059264595
82366,21799.922010896484
81093,11280.413049642559
94091,18283.653209955042
105502,22130.786607279093
81212,24453.995801070803
78477,17779.3272553806
86344,10193.476236010305
87337,11776.595555095164
83364,12748.017828215407
105029,10932.523523697337
84927,17818.085375876653
92467,22957.281826656472
77390,22392.142307551087
91159,18160.14469655387
86919,9738.88372832789
87364,14637.35390091714
96009,16649.725411541793
80050,19207.87536838782
97335,22821.578387596233
82533,9891.729681834846
88494,11612.782244319276
101773,7648.949003680532
84410,15621.596245804283
90583,10387.631015769903
97361,9728.087278731353
101276,11194.304154357882
92452,18310.593320959935
107354,10212.492232564453
78584,46679.82794684618
80128,22061.109173722067
88645,13196.828915666225
86622,10643.970182764091
81676,22483.183299696546
107409,26251.009681473995
101162,12133.074001771629
107883,11618.31703535414
84824,10503.509994048889
96253,14440.637091074223
80764,19829.56466240925
105145,19715.915045867332
76292,19880.718807107332
85405,8016.50282897843
105373,21779.88801399056
86540,13856.976302222756
91362,24690.213473161413
90075,12273.763011990857
81886,9344.459907402652
99080,8385.557914364315
105235,13837.127964472229
96437,18526.741846949153
83205,12861.981640915974
94569,24689.933378495236
92687,29364.320289116447
85951,15924.619355141676
84977,11435.09311561527
86143,18897.44665539534
81763,12278.439721928917
92970,18138.87548364321
108286,14039.724667013526
99395,9734.043647911569
81779,25540.59718426469
82131,17249.834974593512
77833,8684.46280311038
91949,39147.02858935401
84571,12392.496368071692
81403,34092.92968902299
86275,12323.465907426966
98103,9691.415280982004
96519,17054.485472286397
102141,13384.819793951054
95016,25054.98318104288
102800,14497.42011145173
102275,11768.712325148275
79437,22400.89578651865
99129,7682.696829948005
102738,11936.578570203736
88502,11397.06153025684
83847,7470.6684392878005
82098,35701.3867398815
97608,11617.158803888815
93635,52159.29466406277
107415,12947.623890220155
100604,9644.823154463824
95825,14775.243991366067
89837,10657.845332618319
90563,12642.701514423628
87183,9945.883534886594
82030,15836.070100743571
100952,8447.259382484552
88907,8833.153982244874
108136,15884.408634231786
99824,10114.137327166774
108052,19570.17103661033
86157,22584.406932535225
95635,25644.548855426445
76024,17969.6591015215
92449,14261.90444569593
101870,15401.255938571574
85896,10755.559289060904
102465,9393.566098737183
80302,12441.775156130987
104316,8274.81276735753
95294,25072.997346656473
106995,43754.872052225444
86510,15881.081197228672
87250,10423.013274475405
86483,20628.1883959176
83417,12404.963445153608
99580,10164.226114867597
84527,11275.140040819151
86193,11493.67455082427
98832,15920.478151719464
89427,12402.68455415648
105172,9832.783761755281
100800,13766.212342272664
81313,17360.929656738732
98110,12240.196158911673
83944,12360.349251221496
91420,21391.23864789221
79842,22997.920952436787
98350,14535.21609255968
104288,22689.439960442916
96086,19870.07435508143
78566,20809.37179788196
84457,16057.879415047602
88685,12413.396156684183
87157,10192.043380664683
82023,22989.475693182052
95492,27948.69788708163
84139,6546.784945429979
89309,22584.406932535225
85676,7884.311750152815
94553,10948.463161166423
90271,8036.954224430179
85678,12421.95712795082
86238,10494.565039135612
104335,13867.94373708036
83609,14779.333510593646
92930,21034.979084501385
101478,8311.766234849345
86537,8792.723678770453
95350,21602.68003910248
89176,12368.837745789859
89383,11009.3764035181
81369,24512.410091301965
96749,9669.390667215519
95414,25106.834263690685
91568,30177.531094843293
92425,24678.767670882735
107079,23219.981325495362
93550,27656.59477404778
78972,20809.37179788196
80719,11050.243468116927
92919,22176.92024720156
84505,10782.023606163802
103401,16329.573420958397
97516,6022.012689523139
91738,13055.793300322219
81664,13486.020682643893
108017,9860.597573452926
94154,17191.68126478046
94015,24311.089335589168
78990,23050.419163959938
100198,8648.706648138517
91258,29275.04814754404
95886,19864.76807537633
80048,51488.64394862038
92615,23730.492891021255
92333,25016.565902929586
85637,8234.498696729603
100681,19804.469043291505
86280,8601.855224756502
88934,10496.215148521756
102926,14053.414290953244
88415,6184.975084958034
108063,15431.007377219901
103273,10551.953002893186
79468,17481.03551595574
91285,15590.69826224623
99111,9201.984214196917
90686,9669.390667215519
77458,18935.27142550666
103540,8148.250391331114
98158,12917.404525193204
80240,26054.89428835439
93032,17845.14337713512
92380,14461.412114916366
91853,18067.35985027772
76049,15485.632450852281
98852,19411.947093877036
79019,10651.830666128937
78009,13936.760082491963
79038,13038.651774531978
106404,8667.163047059856
100619,6488.720930758387
82348,22999.750490157152
83844,10112.019691281464
101370,10579.922888882653
82900,11163.662641484727
77014,21937.348383652807
94704,25146.523863386064
105395,17667.86201791156
92471,24651.507867723885
82964,19389.825283504302
80223,54650.44229401782
83523,9202.204193396803
84395,19422.19760821976
77474,14379.41092092784
94649,8347.449398505252
79826,16556.118384359717
81786,13492.344957120511
106749,16240.650352420773
94115,25542.544878144607
103835,9389.413023018466
83617,13292.635761533711
106555,14440.637091074223
86868,9911.521311351884
105245,9922.278203420552
107495,16589.479927082364
79571,33118.510727015346
100328,14272.17405138484
77453,26125.14778004191
91473,22420.16387229936
100493,14091.439675076175
83383,8534.141434391564
96482,18514.670359036838
91509,19477.743241847693
92051,25148.67232563472
82251,15348.31390378631
76054,10826.3648064769
105927,6300.672393718784
89426,13487.391974160146
101006,14282.386111258857
96504,17508.780284306715
89053,13280.933324767939
102578,14149.12945962296
104576,12719.135890638765
94137,21114.856537524825
96387,11575.54770394235
106040,17180.762282298278
79795,12060.682788744629
102216,9855.445293581215
106933,21268.786784929962
87217,13826.472891883826
98953,8031.390378519539
106935,15818.595563489172
108160,13155.753679704876
86220,13292.635761533711
81017,15414.15577459736
90319,10647.034788670684
100847,11345.05796055726
79811,17826.895103419643
82324,28229.06457185983
79204,23060.81562118762
76561,14325.629707526508
90313,14409.96625515736
94271,18253.319447731206
99090,8567.245840891315
106261,15445.1646148753
95699,24681.231606630263
101624,8860.892931470738
92096,14733.026951455171
104402,20648.76984517232
106877,6482.52094478163
95341,24709.545634210797
79252,19501.298394392288
85039,9229.954201205548
95172,17755.07784349955
91340,21406.775691009112
91584,18584.254936916983
104972,13737.200923236765
80896,20037.307885626586
93083,16203.324226978371
90855,9669.390667215519
78320,15079.29616035884
98584,21511.267463640866
97117,17513.606535811236
90267,12094.451499592371
104276,11437.933778352224
93771,16609.385815677753
100654,13710.35514574581
84833,14824.56428379493
79006,30995.66905949874
98734,9523.10474386339
96686,22966.480003304776
81262,10899.959682335013
104374,9520.202421309652
87939,11031.90754935616
85868,9927.02059331774
105505,6030.245531729512
87999,6470.060609061818
84535,10540.06357934625
105765,15431.007377219901
77591,18935.27142550666
83018,11421.011506943752
95281,14571.580443492187
104629,16572.279483573016
80247,18610.82158609158
98202,11658.518834018849
89361,13974.045804997371
86384,11074.719134435605
77923,14572.325768486764
86901,9685.570881556936
101827,17692.664272561877
101756,8514.42713848739
77041,24934.495547103037
97753,8393.15553342537
95848,21202.553078806784
94827,24600.265827512827
78247,31472.9694089099
87132,14002.392725055674
88911,17586.75858844465
88418,11940.003584240367
77238,12319.787485135532
88359,12609.223746469379
78818,11068.820666041114
95395,17751.905762227358
103416,11993.686529430672
84747,10741.385023552648
101608,8086.862376990939
105437,25372.788688399825
76320,14399.759156289107
98937,6474.452652875826
78233,13330.907902036497
82250,16557.32885363818
96164,16921.776199950396
105298,14841.037147661456
85892,13280.933324767939
93834,14269.591272094827
84717,7105.680018542683
104176,10554.317511763149
95319,41531.42978602544
85002,8407.828784950949
91460,27656.59477404778
86992,13790.240820764946
76228,19606.85434113336
105611,11107.15754549889
83256,22594.83276368742
88943,16327.992070193937
77394,28111.998232866634
100873,8384.550581329077
92464,15789.132758665977
89315,12266.392763236736
92773,114863.2466760933
82489,9756.368380540367
76219,13883.69712305085
102904,14232.892525936253
91039,32217.611581349207
104890,23177.856402002744
99922,12460.654354031736
107007,12327.023143709192
90649,8036.954224430179
90166,12210.018690876257
90837,16100.25500329768
84748,14369.622899011087
101034,10549.558284185889
80579,13483.993631076966
103124,13280.14433714604
92022,6240.1704176667445
103382,11658.45631860599
104089,20326.327505859495
92089,21665.78917951391
106395,30942.895232791587
76012,15458.051798371582
90152,12831.05443385282
85524,14412.910501652435
95337,24401.079202310983
101744,9943.826044525273
105820,14571.12818480259
100587,4359.110711321178
95224,28467.66538452353
88607,7445.5516351877095
105741,15879.59332085208
100550,11317.41517427897
80543,19207.87536838782
96731,9677.879161783882
94235,28471.198433232104
89536,8827.554961185579
104062,9953.533466793482
79870,10572.822920036515
90961,54124.30408829377
104757,14187.87267014404
78702,11899.382867401655
82823,8673.25672046624
76387,8747.550517769878
83860,11295.276049966733
97853,8632.549559510864
96491,30884.36476284008
93018,15136.084612401515
105464,19455.4614260557
91589,17685.329623417554
81040,12439.32303185807
101726,6655.52862985683
89843,11282.161351986846
82306,20206.0647724015
102706,10652.656335195707
81905,17392.940445402724
99194,14301.626865026206
84038,11339.257503503573
99179,10132.908514172153
107945,13306.45875004598
107187,14663.804118616054
106729,16565.90592939895
76009,11610.82175060728
80160,10678.719969023972
87798,6916.262563845537
106779,10758.579687066916
87694,15739.630862935079
83225,12261.801436168169
82371,22977.304425934177
102154,10391.241565632568
91905,19848.700524089498
91831,19382.43718677223
96829,16430.474769493074
100724,11683.365328468815
98429,14970.952306126837
98046,15373.779796302755
104025,7475.45496894323
104930,16667.760806070524
97711,13545.732224367877
87985,4612.300450972139
102005,7732.679293304005
93141,25163.002740433545
93564,18709.894809893533
77719,21797.85843894604
99873,11183.585648549693
87053,15273.405658322608
96789,10314.218296525483
107871,18372.55974831428
107192,9859.574831508922
79928,32762.81610298596
107669,16943.04793234649
79401,26124.571784360876
95320,27965.349782057918
94864,25067.305697404918
80654,22577.353914870793
99193,15027.219461096034
84375,11740.248390587856
90211,11886.74092404797
80720,11280.413049642559
91902,15667.509208995401
82275,12400.64714553388
81465,18227.775365641388
93508,20891.938987168476
88780,8230.813260959118
92268,26051.579958067865
87172,15788.704162008784
106818,8057.9533266528715
103457,16062.682782844238
86080,15136.711994072226
107319,14801.283396918947
104533,11695.440708328033
105670,26239.94611118317
81801,18613.63094943845
86611,13292.789778608681
103251,13320.668060237645
95313,30312.466519284542
83324,10083.50383950552
106920,13306.45875004598
93607,23437.994734398188
82902,12746.60867319333
98295,14201.062900044517
99592,9544.074883867144
83209,19166.55182053483
100342,8786.35368487813
100059,7457.883500580896
84964,18182.95051078824
101150,10793.937881829657
80834,18883.653044687246
94660,23705.106529890658
86817,11469.51318415054
82881,17346.46768547479
92477,24602.89759205994
88843,10676.109355149236
88409,12949.53828716641
89464,14691.646297339657
84554,8431.464750661167
107456,17734.668199619577
105815,30885.430957385503
84223,22174.10612566886
77230,34217.63984374328
82653,8289.119049509194
84903,6881.093319536081
96636,17006.760200730798
92293,24412.458391778087
76243,9494.40264274382
78795,21652.32769641859
77946,46660.81775757593
108033,27421.22711944406
89601,12461.229977092311
90606,19306.60396120193
92249,24565.392777980145
92624,17736.746238652122
97695,10651.9076228523
78743,31096.507070157215
99859,18463.24035925059
78302,18589.31494610116
99986,15262.22761128534
81908,10659.105690201304
85440,7439.702371673936
91412,25168.694389685104
83964,7080.579343279749
77867,9617.315535087406
98287,13012.297700104908
92675,9789.986736543642
93893,12230.643706697902
93828,25160.12300275153
107502,14183.549228262074
93726,13885.674169397818
93097,12983.941451466295
107762,19499.678144184432
93545,25280.15801239833
89831,11924.060354741781
108065,27935.641340704446
90388,6371.053498234163
82017,26174.627722666242
91025,25483.45131581728
96293,17525.912149253145
99187,9826.34599081861
98283,7651.367469824286
93590,16146.93366965304
105510,8435.946261130623
81365,23583.50997439232
105805,17913.279439144135
95866,47174.259693323416
99079,14550.974134409662
95673,15380.060648195471
99311,16191.67145529749
86145,11153.2087024581
103531,16309.907555641365
108261,25226.221267851004
85582,7556.224773400794
85281,8165.79333266555
92591,37832.60688549185
97180,31300.164229510607
105998,13651.855621603136
101355,11807.096942444208
104286,43994.169612740676
86703,10318.399261451412
76535,9525.331776479523
86181,11602.18870785322
77004,18561.502803305237
99367,15261.918895895098
106001,20059.692527453444
93179,26747.952719928806
83031,11588.095632114491
86572,21385.16447870764
80350,26070.85752008878
96375,7734.846257411362
102219,8502.167459460123
100942,13369.763899183698
82949,14398.009273010508
104083,26111.01318610369
97140,13844.501915879302
96421,10388.135655848102
87075,16780.97991599017
106419,20747.754815135697
93602,19956.13661639012
77222,8808.712717233357
101712,10769.615295704767
106666,8191.846530918388
87295,11090.566788639264
89044,14812.913777661153
106433,9759.198656267426
94575,25880.0707041397
107025,7758.026973959874
89318,10193.245878666712
86030,11210.856142667006
103483,11860.798367913767
94536,17355.01946493495
107058,12959.956118784532
87031,9914.675252052139
100119,11289.387344093733
105938,10608.723215363128
89724,18619.359708825265
99480,9523.508914265676
83017,8857.403995861632
108355,8191.846530918388
94711,19045.28028406151
95759,26832.36020175526
105168,10283.30532297515
93791,21797.269656222183
85850,11418.057558804627
102333,9428.833462731713
104407,20823.290123820563
98798,18928.922421229807
89284,7647.629113096008
100823,7347.391811910031
80514,13845.207146150535
105308,17364.793103135104
104612,23173.114632850902
89638,19777.721720615944
93794,14859.34228077148
83933,14701.474352268186
90413,6068.679529875915
98929,9728.136989844761
90959,17551.408903692485
83414,11097.663638046964
82228,19438.65258992609
88669,12041.31746364787
106815,19152.73201622107
84567,10269.028884972857
91328,25155.33753177523
105740,10549.238143653287
96452,8036.954224430179
76038,13712.860138850914
99940,10177.466827898896
102377,17269.936786339993
105229,19844.354506151853
82158,17889.754406406057
104844,18462.934200124033
101203,10549.558284185889
95222,19922.656943837665
89529,16171.001529389305
103230,8303.394088583818
100692,10826.887550340334
99821,10662.50885050988
81086,22601.591987432304
89399,8777.259033631706
102445,8005.529614553815
96444,10757.705289896086
83485,11401.412628823733
93778,28885.973673203338
100464,8633.783976883606
99865,11026.645245003325
100107,13672.396508017346
83973,17494.874748443148
92032,23353.45044699668
94017,12164.2916194214
76046,11224.12855783005
77816,11891.523346962254
76743,28277.340701439338
87201,12360.349251221496
90652,13721.768317500133
103448,13357.736975133219
93642,27529.42324507691
85409,15990.692290202547
99777,8433.07696842811
92216,14745.774334683261
96269,9975.617695612162
94298,17748.045648350846
106667,14398.684304959785
93716,48636.99855567703
95754,25326.35817466023
89379,11902.34006463886
95970,19923.53317524554
81911,19260.942406433278
85652,23401.946255564988
107793,17518.997508508517
96389,17500.536701810684
80000,20141.77521360014
104440,13752.670613751412
92029,36256.764125159665
93473,12471.861208423534
90350,18391.530271497762
84947,14496.249591501666
81870,13447.173267043783
79936,10576.794487216863
79910,18150.318116435363
93467,37287.20183274088
80387,31246.38201605311
104360,11383.65416346835
93150,25786.670483601443
79119,21978.065552051652
104462,4943.833939926381
99548,21514.220283897546
104024,30295.500168917522
83480,18446.43757679794
92501,13988.23464754879
86740,10219.302646611994
82165,22780.968659204696
85963,16133.76974876989
79487,17404.32662752533
83245,13661.967654037446
102193,8305.749797399152
95449,25704.185673941563
99413,10012.29712595977
77176,10081.760940142456
107260,27454.557162850724
94187,25549.893749856197
85664,14214.529426468029
97886,14155.540133546057
85384,12839.59520753688
81228,23019.8471292544
81930,20979.54240630895
106627,43615.49646678281
88081,18533.054687124746
91651,17059.545656371494
98067,6390.037310248097
100814,10991.10227126811
77028,46380.90236100562
89853,7136.878736242735
92951,11612.291172706739
96866,22569.402556293706
77498,25097.32134124311
102959,10408.550942472348
103546,15384.46571185053
81127,17741.370535985163
88867,10447.68236814904
90099,10230.36067437226
81637,19878.3984054439
101995,10275.410007670002
92382,40733.429712867764
99078,23333.1097045958
93118,21902.635471380814
91524,18532.866501967674
105674,10290.536536820724
78943,6873.081048550525
99513,14555.15273318096
82972,11843.803274390728
92438,27406.895836902415
76466,18656.91543408391
93315,24598.724000302926
84637,18227.19537577024
91553,13526.495734623486
92093,20986.230204606156
89774,19216.51012883014
86455,9915.079422454422
81999,23073.885545878922
83211,18118.098210702326
102893,8305.250180443705
101347,16309.907555641365
102099,17269.936786339993
108532,16847.662694454448
94030,27771.82008158325
87114,6886.316691832994
78523,41680.722645128386
89274,17665.985603573383
103663,8225.52178026183
98104,14516.077223610631
86952,9989.439092100385
93621,10059.808019397808
90898,18405.985523167303
88902,17524.167812880096
99135,15825.702240721952
96645,11955.37444330371
89265,8535.066929200511
88536,14401.435723567238
76788,17545.787121583602
96496,11084.522428389822
83580,12219.194116542232
80060,25135.32423366906
99910,10771.328609950757
94254,24670.739697542587
98982,10935.437936136415
101182,10404.89329163935
104497,26050.412926712637
99215,15244.76098485525
102237,8551.154201977874
105340,20494.678848928997
98398,8098.189086889964
82895,9493.109823925362
84880,6888.972928547172
76633,21672.5276137822
98237,10676.59989877609
93475,14006.970889797532
93644,11783.861956823232
83331,12360.349251221496
94673,39084.48447553082
93774,24210.565549298914
94872,18712.779085332706
104642,30267.527018285262
105806,9870.14167675055
93351,18977.557828119367
99440,16304.339016412025
77434,20695.679757345188
78382,31782.70940715446
76269,20357.56181365887
94221,34565.59778358211
101103,8708.905805765864
92917,25750.675186213713
83521,13164.13262471707
83915,10339.889536970808
93502,15795.965124321629
101013,11936.578570203736
81762,14750.542273877178
106753,14847.14725841475
101173,8454.258429085214
98602,14009.696264908442
105397,10872.641954822238
97067,24078.083118711133
101378,12670.568152292972
101862,13360.001788687432
99039,13380.855594209157
88393,15764.935836282326
106130,19469.974763397233
85828,13718.093954249782
108231,25791.43938906688
104898,16755.44510183887
93112,16204.255062270295
89768,7627.527740309938
84354,13625.9258007218
100168,8516.499605621138
92834,14364.897330097043
99208,11859.388729683264
96108,13844.715099742478
80163,11494.185458948274
105455,10844.530295470586
80323,24872.617659544405
84714,13860.19771145577
92348,24517.87405819672
83603,15804.703542624762
103959,8729.248674192731
106728,12430.894271951403
78696,28673.668267761463
94150,24883.432634209108
105629,21464.479987304578
97037,16132.631069289731
92850,20143.05925920311
88432,9201.412802378769
77436,17918.69334490943
76469,9967.819982230973
102030,8295.277239128756
87669,11343.866335723935
79981,16295.283199606967
99662,12323.999525483445
78260,17710.926340396367
94555,22041.65326625152
84628,15054.971853309245
87955,7119.635428727079
85130,8637.841040208152
76417,26125.14778004191
86241,12748.017828215407
84603,8635.195228667528
76645,13536.011805672753
100195,8353.781259258412
77467,26194.310363327648
98126,20207.018379862304
98081,12322.569971549885
81234,28167.02859717147
87717,8388.203583520979
79724,26360.968526444827
78643,12322.234871842344
93113,24607.889211970694
100597,14211.01368780528
91190,25113.583170642964
89351,11965.096731265501
78056,26234.467835832223
76053,11749.051547367202
104592,11580.39157253711
105891,23090.740271129736
93731,21676.91336105226
90123,8385.557914364315
85669,9379.539463590165
90040,11172.236234770198
103624,9867.760736479999
82545,14225.682289548517
101212,11040.942568084529
76510,10388.135655848102
88673,10279.69263419061
107913,16110.947279254124
76619,17252.77382463472
98461,23013.68133114985
88455,4950.5363748183745
94543,23054.77313822086
79082,24372.924697882267
107039,9570.547109458574
99565,14370.619615697571
85597,15723.43444739961
90908,25394.738412881357
103741,9725.307487579332
101177,11173.194027729494
100246,6340.183458615006
84497,22288.3353868114
79003,12096.921992813835
78075,28163.72317614905
85527,12146.062474148168
99400,8254.361314454283
83118,10843.48523643957
106176,19735.678681578942
79864,23028.808536986533
96609,15498.867278817934
77968,15976.510313818544
105349,9514.506415993646
95787,19431.653885678035
86759,4423.775421926812
80898,17224.66383876245
80948,14430.905155490422
107151,14399.759156289107
85395,9903.712113430962
86612,11090.566788639264
78951,26231.58809815021
79546,14438.666285884436
83345,22176.74410384609
107224,17203.999203684798
104509,14565.27575001704
77088,31117.662813835028
88988,12120.52509575795
79061,24662.080359566073
89758,12636.326640869134
79439,46490.64310447153
96411,11631.032132984832
102234,10211.269480598845
89720,14521.062494227503
99600,11857.799483754954
101235,10228.589195236711
89235,14753.801126708018
96214,30586.871346303087
84205,16518.607216834152
106816,27427.12919701806
90934,24070.03328318123
83597,15534.22862119534
90454,16322.841871716097
82998,12044.242914377031
76772,24168.660198055553
100571,9117.590148282234
76400,26129.860119257348
107381,14637.35390091714
93102,20011.999597182497
97419,9959.121713402534
98844,10111.303826603567
99354,10237.312005047896
90811,13445.420143515534
98152,14208.723978331966
90157,11167.535579000074
102629,14425.215125622884
102111,11194.4301836555
100448,10588.466261792179
106531,10811.287655706908
107493,7430.384413274619
87471,7709.635433298182
83607,11927.10037104564
95488,27685.80366504636
76205,31005.68648902996
95394,21226.62943384163
101050,9041.95124682235
98680,51977.00008073438
97176,22057.805438970943
104530,14722.302126359036
83396,4561.877573217214
104984,7143.332768207968
102081,8334.571781659533
91955,13500.291048368823
79996,44684.19359938518
107833,17510.765289068728
81342,14407.973865999249
104936,9745.842328471166
97105,12504.840601977852
96834,15606.270272600068
96402,14901.33397709978
106575,10912.810416568367
82857,8547.245286194264
105504,13124.913820041753
88261,12568.661785342112
99175,9523.642297004733
89160,12443.47958293144
83875,7986.329933551536
104695,14162.218932688329
84189,10849.360069533033
86024,18200.37951882073
98475,8387.750016058464
79856,30096.457644013928
80385,22991.321047907735
78287,17109.123354130887
88807,14125.069894637603
86288,8913.317340305794
107610,18979.9644551126
94375,19462.595683703006
83385,20052.9251682744
96627,15595.833642093674
101257,15526.730312280197
91915,14149.137118137034
97986,13495.444380465573
80806,18459.73939157367
96930,11620.650230878104
89391,12876.19666982633
85423,6854.611857049925
79397,32367.39570642026
102565,13288.016899331333
85590,13608.977835601268
81920,11367.377061372617
108098,18156.716279618253
91230,67923.3499453641
108021,7046.678965469991
102554,12917.933638765458
84182,10405.320460458714
76770,12126.616535022853
77856,14657.171972480739
94249,18076.596921004435
94729,19871.866519159856
77171,15097.097913313863
107487,20184.815409602303
78766,23105.128942359814
100849,13248.51505076305
97721,19994.91552988402
92837,17926.58349714234
83099,13733.47500587907
102521,10949.103339459682
89738,9934.016033895945
84234,10854.354974294407
107428,13743.796479539193
93895,35612.59127023843
95662,37691.94659776545
80328,15822.547964699961
103054,13716.75032556618
104950,7405.678792933164
93125,24618.578823996675
77393,46202.368267559454
81178,28313.348480950073
77207,26231.58809815021
98648,11729.03591225471
106065,30294.078563813593
85228,10919.573057276932
92787,21787.659756627545
108462,19127.130925080255
102896,12147.54858771002
78301,11469.656897445006
92584,13216.810879614888
96414,10314.218296525483
101267,11506.77420563341
92934,25317.94622002435
80206,12275.672226034196
76657,10486.82902070448
99365,15579.254448941794
96142,30388.336328915444
96484,10314.218296525483
81767,23168.109916862006
84926,11887.352867395733
84961,10791.66441177835
97487,23341.44760724334
86753,8388.203583520979
76410,9704.060733602382
103512,8975.805011870674
91899,21873.820969205604
82404,28229.06457185983
84598,19131.268108487162
95115,20066.283022475687
92544,17684.715233724073
94011,21599.781466392018
77265,20061.303920488917
103378,11551.160554995013
83828,9438.525116774532
106142,26327.008259737984
76564,27214.21926033619
93718,17234.175934085204
81110,19477.37236762366
90753,19266.013367936495
86557,10018.6513830848
90778,9669.390667215519
77313,18013.139011467298
103914,11803.414182621495
86688,19008.243076337614
102878,13481.947672657116
99734,12717.32142421325
91581,24952.767686654115
105434,9871.221217133887
89221,8516.875283466048
84974,13957.908969503655
101055,13749.97886886588
80952,28167.02859717147
80861,18283.435464951748
77446,13435.056310645627
105345,15431.007377219901
95204,14233.722556653609
96228,14163.497735071205
100840,10956.918123159903
90096,8269.164955979453
97213,26060.047268344955
84188,10374.290388843781
96571,27145.386149767517
77068,17380.438648184194
90711,13968.921935769946
89855,13791.602632554243
104858,9955.840561628926
95897,25736.654385480055
81849,22940.421705228826
106143,9399.530994468656
106333,20317.77151373562
107165,22717.668751704816
77133,9968.031030187325
91788,24619.93921165105
91418,17709.853248090094
100158,11937.16269031619
96982,18613.63094943845
81275,22988.44131022572
78741,15054.445175771609
104961,11074.022653357297
89332,8212.05070696387
77546,28277.340701439338
90860,25235.707471464728
79924,10658.261942170326
108433,14538.963210131345
101702,11936.578570203736
79340,30884.36476284008
107333,8414.349127964784
107963,27454.557162850724
89408,10058.15509475922
93686,17252.588483479874
96129,14796.410466520409
106156,26286.298897528126
87515,12081.117759689272
92980,29566.40983752938
83982,10358.906005743107
85504,10334.61858924391
108354,10518.650150534037
97260,14827.662002121495
95437,23625.286858860152
88483,13521.12789359506
87959,18457.185479985677
93858,14478.602492397375
80968,21843.389274253772
85754,12295.064578039815
87723,15880.167256799565
95880,31906.65745435637
106868,8623.087791576116
93138,10860.385942551631
104747,13267.423186509615
94889,21400.743454736923
84681,10847.821924932945
98538,8254.361314454283
77073,27196.110116278705
106730,19645.27468468813
79208,24560.069720974483
100127,12395.435677415431
99655,9540.17998476997
80695,12399.196204704755
96818,18584.748919221172
101382,9216.58634064744
81239,16977.154209052565
91299,24234.87206038378
83005,13280.933324767939
99363,12252.58206987271
76302,17190.515250796318
98317,18074.454160982874
93829,67904.08233882487
94188,22544.056968086643
102190,15205.481201865534
94901,18276.612763456957
80495,23423.323591981443
101373,11838.108757658034
76822,9818.020957292021
105052,18959.952608109845
98580,7308.90591042977
94567,16840.403704425087
95144,12317.085818610924
95559,17535.04165675988
81580,38024.61309584835
106874,20825.173544511126
79121,23377.51696314335
77257,16923.075711446436
87589,11130.1398596396
84579,11680.459631859288
95950,18282.96502877907
92510,16794.78140153185
108139,18552.55696993897
76182,28229.06457185983
88687,15026.995970999556
79244,20113.886758424935
80690,19196.9874018149
86259,17060.94447054887
76977,11920.219262740053
95716,17227.479853136312
97234,15472.456871548651
102608,9890.060684212329
105976,21804.95636249893
86505,7980.799643865516
91220,28294.04921135746
96558,10314.218296525483
87444,8811.74393413238
87498,15952.940748907598
102631,18758.9025922544
82185,19347.093648407288
99403,23123.154941130648
79515,38147.436747452804
99088,11507.230231754958
76226,20704.586197400586
108382,10474.972966207799
85313,13810.660609044093
94499,25072.601157530342
99934,8304.85797515631
82376,19972.123108145563
107765,30964.050976469396
83605,7846.314444734982
77701,16247.604038448902
94028,17802.999856381535
107523,10192.291073862727
90650,18678.376815626645
87414,9402.80471232405
100055,9909.941638915154
90566,13824.445737606724
77944,7740.677270501927
104365,27088.994780265588
100010,15753.88956133326
97116,8330.431891596034
92053,18285.63516721942
89028,15680.446520947473
97021,27145.386149767517
76667,34549.171624151706
88020,10503.509994048889
94877,16958.96900326993
93946,21389.793711517
107829,21261.412654235053
78257,26241.73230362002
79067,18792.97014722727
77650,28673.668267761463
78087,68743.99117797764
106695,10104.999944487952
94630,10808.991850894437
106256,6996.1165412126475
95601,17474.642303748125
105796,17480.56819806555
102585,10549.558284185889
87265,10503.509994048889
81014,23403.0949860516
79536,22923.99637671614
103430,13431.633959777972
95642,28717.083421967265
85927,10641.283289314655
98965,10140.098573669242
82285,18610.13939676023
88076,7871.723521324537
87977,8671.845326298358
93013,18298.527526584418
86356,16926.890371830825
82657,11469.179516850201
104960,8276.919050898581
84159,13373.90239878388
102831,9344.2194612654
99907,11007.73000796414
95588,18241.076728926415
87604,12876.19666982633
104688,7886.41100585549
78457,25498.478254604615
89007,16248.80711877694
104449,18618.857918821137
97888,17891.38759763537
83178,10122.404323512385
81940,19906.28587111395
103932,10387.354787620283
93309,25162.84197038754
108001,13502.558372232077
104771,9911.339852584195
79382,17845.672426950987
85883,10774.089779909888
106425,11390.916688495787
83165,19503.517667933178
105632,19346.257455268114
77132,26117.35000572849
101743,8725.224786364908
103628,14231.610027746201
90647,28104.359551056725
84997,10054.804143109086
91158,24685.70496761966
102727,8323.150651058004
83926,18433.477236381445
105492,13500.874368677942
84091,9127.058839465224
90093,23623.923020973853
97013,7737.359686402108
97421,8725.852178847334
93503,19393.30789841072
89921,9576.55731738454
94294,27150.19026421774
88049,7088.042679439027
87152,14623.307400263486
100030,10536.239523322363
81887,21942.847957835547
92813,26058.96151321248
103849,9677.879161783882
81370,15447.299482078806
100077,8411.47129204402
96215,14215.647037294912
99477,12429.325180732709
92453,29987.875445386093
79103,19515.974808771218
83988,10037.955898493708
82753,10460.31026711659
88096,18791.808997185366
82591,22954.226163244366
78600,9333.948696801122
96130,17631.984278027376
86532,20253.767093275103
78212,20029.60687086078
103099,9669.390667215519
76517,14271.417814561126
85372,12421.987492510827
87192,11435.139359951194
89912,12562.97060106117
100674,15291.91623184652
78362,14063.736432729038
80234,11839.632794824205
103492,10950.209061263948
91876,14620.723797548317
99906,17269.936786339993
86556,13936.495764624291
95439,21608.020345898243
89552,14378.826965966533
97510,20008.55216053915
77027,20922.880700117003
96651,10943.310155020674
101124,7119.635428727079
81564,29719.90422052428
103834,10574.752957230668
106120,14541.23746495793
108302,13926.575081509072
95258,24586.877270856035
80241,9129.954513703324
103079,16029.957765619087
107671,20805.96129567362
105451,10299.068201106094
100581,7909.6282548584195
103200,11486.41889589753
107958,24407.018831506455
80508,18374.76013290373
86519,10503.509994048889
106014,15754.54899714223
88647,8564.27947896429
78370,14293.630501306425
80157,42954.969819392354
78549,30023.433142589914
78346,14541.23746495793
102025,11290.676126420409
102642,11936.578570203736
101566,12754.448384323117
105090,8441.351778497527
102879,11993.686529430672
103116,7071.52994559206
108181,20245.032447285183
90077,10756.061872714183
87209,7870.891864884791
78488,24358.519602028013
80235,46291.10014347609
100754,9841.823817669345
105566,13306.45875004598
92772,23607.35060456144
91123,33469.91989234469
81751,35568.25169964834
97826,31663.20062620581
79668,19146.367035949697
93067,13690.728721923773
102583,11886.867794492066
107690,18169.915625082816
87693,10841.190315206526
80476,11232.329042103976
81846,46256.339819084016
104885,9980.205710522305
97224,14536.961436169453
101301,10478.952338294654
77468,24509.144277872685
102865,14731.231500330707
89933,19367.377278504136
80064,16138.264320315571
102316,7870.2781608030045
78861,10561.828370054069
96856,11334.619944974906
80901,27169.40314191782
93880,8381.886131655852
93155,16640.87655434693
95490,27149.316662203826
81179,11117.46753815146
105515,36981.03772095309
93763,29267.58134245589
79292,18527.928858860563
79547,44741.69644212454
76889,17582.19279166645
92884,17667.939278961156
100959,9003.795452859193
103931,10632.74092020067
87109,9326.844783033212
85670,15507.300768104087
106941,14590.94346094798
82237,23359.179524038154
95369,14570.37360431082
104098,8274.81276735753
88392,10067.360649844082
79992,11856.376528689347
91429,21080.394805315173
93131,16059.878292533052
102287,8665.816438337557
93988,17580.886753063165
98533,17949.555644961616
82402,22988.44131022572
100838,7377.259357777534
100418,4712.435241173
78723,17421.777005066433
102054,17431.14636382348
103873,8128.772745669024
102429,7493.4363134268615
92423,17739.63121003115
100306,11752.301226758615
95398,26371.51188803465
98509,7705.529758372691
76571,17154.81765578109
99096,12252.58206987271
79974,28243.916578839406
86070,11967.056592024233
106407,19514.559238254937
107921,4633.1509481816
99358,7711.671799243667
81645,23413.314741541482
82190,28354.15795665305
104692,22453.533223084087
93221,14561.911418852536
100438,13025.08002158379
91444,18027.881404025113
81053,35413.65746787305
91363,19605.499481821003
106954,19648.052890689036
106654,19509.366430973965
99522,15233.704463731001
87009,15907.253893417821
87909,12748.017828215407
77419,17476.261326067288
97652,21529.957575194043
99779,15510.549135025884
85584,11090.566788639264
91829,22194.86936231442
88101,18192.434261561575
100556,6795.509694070804
90352,11268.78184066692
83282,12825.643779629923
83007,12409.261918565024
108313,10472.139465644592
78810,9824.603967333838
98828,18657.795047591055
96114,8385.557914364315
79191,14749.081866337961
87297,12686.520352943291
95877,12215.226419513461
94139,31906.65745435637
100850,8865.445012506847
94945,43146.44018948706
101089,10172.931552125654
105691,12716.917887704154
80668,14261.90444569593
81214,29604.072697529227
87518,15188.04251252124
105030,14572.325768486764
85923,10650.448078479447
83311,16262.345766601506
98855,10132.908514172153
104159,8433.754159436474
82779,10426.281289288645
107742,9037.074111627144
105468,21698.38284078717
80455,26174.627722666242
86388,17968.04084513078
94821,50778.6482914428
103268,10425.319296757436
102051,11307.04178428415
105353,23270.608088981488
80456,23995.362944819593
100987,11777.902282941915
91198,24661.968986977157
85153,12404.90766211582
103654,18859.395109243997
108172,8615.656769239213
86497,10503.509994048889
105311,8274.81276735753
83207,8337.092180928435
103088,14089.315255727653
80581,26752.102812503148
94590,24811.32314719987
92857,19304.944552054676
104990,18560.335927367454
106022,8843.92216298556
105717,16271.867381556864
93403,25175.164486749567
85166,13392.1769332429
106430,14841.037147661456
99092,22418.224992858566
91093,15188.280692521268
88851,22351.119435265915
98289,22319.124908332305
105096,30942.895232791587
77047,12120.8599882242
104430,21823.20236408908
89790,6477.900273046271
95496,31402.655347654865
99397,11668.166710128693
98691,8226.756197634573
76750,23387.005373360575
96768,14626.066922877506
99671,11609.031887533898
100893,15262.22761128534
96376,4612.300450972139
85359,13280.933324767939
85526,20476.703606113893
99471,7061.742172749775
100718,13483.426348804129
100408,7579.354441109773
99396,12466.882917992792
88571,22209.627915918114
82056,23403.0949860516
95339,31906.65745435637
106966,43712.62925719887
87419,13864.310227901293
107951,12238.922658971105
89086,6887.841160113792
81863,44675.34985835148
85352,10927.30814091526
107573,14478.602492397375
85160,8414.248657017139
86447,12157.107904505794
85129,15860.362799805484
81978,19009.441904149982
76538,20050.68056299107
96475,15779.665458329955
81872,22543.468299824286
100975,7640.743755428924
89846,8385.557914364315
76813,22756.093951350133
79861,13430.210758214535
85807,11496.572909088422
100520,14338.593555805712
83614,8283.84061217597
101194,15910.219950614137
78639,26495.297496355462
97237,9289.23895289296
106299,12224.633563938234
88307,14763.29246915468
85314,8801.884230231348
105736,16361.339977231257
80065,9351.369475756588
92131,20014.986974285435
88644,16931.82745079465
76738,10781.764331082097
105697,16271.867381556864
87316,9911.253928662265
98209,15510.549135025884
96229,18159.44205387622
100262,6778.164550742319
100999,10228.589195236711
107614,9870.14167675055
80838,23182.29846102121
100986,14422.600910433197
78593,25495.649325088394
100441,7785.063307609737
82682,12116.299452629662
78999,28618.88263536688
93261,16074.262075745022
80075,34640.985678585515
93655,25097.143342172232
100596,15383.185998797775
104232,26110.724681680884
91804,28632.845487518778
77995,14399.759156289107
103787,8354.568581017606
94205,18872.158457431375
85358,11297.853536407603
78658,12554.556389829437
104647,16269.442716395088
76044,19212.324908722887
76998,9888.619409479099
90687,18143.35563660491
88724,22780.350605862783
89881,14272.462627627052
77162,17784.273995628762
105640,13300.580453698254
87663,14541.228582011114
79472,14052.51795118193
105402,8343.55840645467
93024,26148.913450331635
88764,11138.205144246602
102845,14033.362255869193
94779,19044.430043672874
78682,9915.510332150718
95089,46291.10014347609
92437,7789.539956473044
96574,10004.716596975239
80215,12086.474561002822
103217,10232.254619795967
96957,24669.80250043191
77332,17476.11896119432
88904,18201.581802895213
85813,18032.707612665086
90079,19178.261735754142
106345,10513.519847010884
93236,20071.416347052535
77551,26170.18691874041
98682,12451.339797954779
77482,25898.893628831294
106734,24959.99726341796
96167,14560.201411097007
97901,9523.10474386339
88753,15744.928825075694
80085,20295.98620263474
101127,8965.209461979759
89915,11418.315222446723
77818,32548.96384256994
88216,7439.702371673936
88372,14547.806832359463
83811,11405.760940315926
82936,10293.17776640878
89742,11113.779260094796
91673,25118.996010006707
96257,15105.033487693605
87975,13392.784371187332
80305,22052.976199998277
103204,7834.260145258835
87651,10351.86132611122
97692,23761.574291162447
79587,17493.506495189322
78081,16866.07075329303
90382,22657.573288992902
101784,15218.166660587425
86751,8637.841040208152
83746,9779.956105837819
107367,20597.29065575197
102824,10985.20430543796
88861,9074.78537251065
81296,15235.61639730604
93069,22645.2662921706
87324,23030.48200498657
80156,22997.628725031085
101653,15334.634823880531
106220,10511.553301126336
106598,12454.18020338311
100402,16072.08336414574
76609,23421.87471488515
84956,12156.243250992826
95576,24607.370953049336
99581,9683.412693284676
80485,25494.2798740716
77166,26170.18691874041
76018,8498.549984175648
104735,12424.34364782859
93333,13950.167382325613
99795,10946.260887129512
89839,11500.398607119489
82759,10485.978682302288
78936,20392.905418753966
85749,12874.666645201887
103893,7597.954334274736
80488,18575.11738479982
85554,11888.385144652128
90240,12888.987471285565
106288,20202.37461289152
77948,8312.947559567465
102329,9606.705964329449
100162,11852.697189215623
88576,14862.360699889823
94039,16260.683606323564
94453,21771.870193252063
87879,13201.682353234693
82862,17310.030689619176
102535,14469.179834407927
105231,14112.428671401867
101295,11801.792929486654
103639,15419.21923225844
100996,8954.674592524976
90885,8773.52931820237
98058,8369.678438373903
76405,23841.65413684438
81140,8524.375726102264
106762,4375.671185718779
77805,13571.68876221575
91903,26775.665183181787
103506,8708.905805765864
99841,11091.662132152624
86237,8279.85796660838
76010,23438.02639113651
90547,18221.895886562343
97073,10018.664725924582
96345,16935.44111438791
104803,22409.009976232406
97547,12166.792237734013
80566,28846.329253688567
76686,23527.106658246874
76532,16344.9519614722
95342,21684.29526487317
89227,10642.781736511608
100141,10987.657709346182
78308,20300.61541857306
89064,14528.473473681672
80510,21671.779261852444
88585,10772.427380710269
104610,15871.063508806443
82104,10535.180300609562
82975,12326.325275372921
89065,11884.562593316079
101733,8385.557914364315
96657,17512.194685919192
86410,13864.310227901293
97079,13229.859565726934
99980,10131.09633065227
83405,12383.972079023928
94937,11887.843062354325
88990,12092.467803025203
100897,8372.26886519033
89852,8383.111820311142
79720,23704.516544298545
87573,10242.63089813353
77570,45798.21215208811
101535,6881.948034696571
106853,30567.532573575805
90614,14331.043368468409
99883,21584.888554006466
90053,13648.338308066319
85345,6487.759513430038
107848,8547.430200999737
93445,27313.011017795434
80275,17131.308495476223
78979,12556.87777928165
102516,13990.003043989649
89258,9187.843833765068
107117,23473.39570467971
106721,8502.776674075792
92982,42771.24613195792
83496,9920.949397156157
81803,67003.42848459094
106993,17693.27401793922
103294,17525.848775104572
94098,17299.083952406858
77532,12475.59268032472
89286,10037.955898493708
89501,7753.83063837454
95186,19094.82905676467
92283,25175.164486749567
95290,15639.181161624814
96893,9368.343866697216
100971,11252.999104563878
78080,27903.365289590536
99131,19148.237543808893
108281,10938.767624648059
100144,8084.719703828236
105273,12078.366407802276
87851,15248.423967593566
108128,10626.312619916409
86420,8386.792189353098
88534,11358.43449539768
91836,21558.531534803362
105068,10518.650150534037
89909,15251.02402350991
83912,17500.991650868575
92078,27441.604882094372
97169,8079.251879480659
89505,9997.34337080636
84000,11827.537902314534
95770,20300.32257767163
96966,12245.090741165122
99958,13692.250768343136
93263,25160.12300275153
85201,5363.500506750483
87858,11965.096731265501
76733,10077.382767971552
95475,17491.49454669171
76959,14467.282160791838
88587,7322.805498203437
106240,15049.35360719729
76297,23088.350515478935
96655,13520.120468838151
97329,8013.857159821766
104459,14795.909165782808
86218,10296.843062393893
92652,24596.193546712777
87708,11592.19787075622
89003,10376.782588445134
77758,11183.734830916648
80355,7365.756417297147
102381,11525.52594983742
102034,19765.643527833963
85449,18073.879698856606
108344,8806.409938350373
103231,11942.258361062437
88619,9936.657636297356
91294,14478.602492397375
91671,43005.480595437424
89398,16132.73950874041
97449,14057.310639099784
90985,19139.314067855623
95931,27798.912954230003
91207,12640.55734617722
93227,46397.503160492204
83380,9599.904370211778
88517,7106.263392987775
94074,24628.44259130979
83286,14637.35390091714
78621,21781.95460688805
78559,30996.735254044168
95517,19099.299400947693
90301,12208.622081179214
86982,15935.361168860629
79155,9395.492282213752
87645,10705.894973927287
94734,20985.574986316835
80776,9834.914378552976
80191,25996.108713152695
81665,19157.928709265972
95409,24870.154061104182
107275,10294.808441567957
88752,7836.195955814014
85344,11524.340434771955
96113,9290.665973539835
89564,14721.343457247609
83351,13790.240820764946
77727,14325.629707526508
105427,9678.870834008394
86511,15801.388421045707
96465,10321.408356022572
81345,22987.06228957565
102204,7755.583670922902
91518,47471.16377696455
103030,8516.499605621138
77586,24661.327041743112
81802,19179.42625041112
97913,17446.114208703963
106159,19455.4614260557
101107,15096.772920967653
77988,21342.251455601006
103558,10408.550942472348
107080,9869.274601269495
103080,8756.674759639429
81729,33829.9148918112
76576,11548.488292607297
81302,28229.06457185983
102815,8305.250180443705
76838,98337.43411982968
100835,8367.275355658423
92600,24228.648391613657
98836,10132.908514172153
107734,10041.478677242394
103146,11523.274462526879
92838,24618.578823996675
107210,14015.277632655258
87193,7333.205615119142
80803,23030.326743372618
99014,26839.68015039104
81317,14418.706813109016
105975,14795.909165782808
91289,12378.27833646162
102427,11523.274462526879
88770,10017.888227043855
93130,17675.879250340124
91428,27448.12775937827
101880,12036.7150004861
96317,14442.569667090445
79846,11365.599032034888
76152,26231.58809815021
98591,10132.908514172153
83409,12845.012074478473
98307,9522.237668382335
81931,46240.35804895569
90083,9383.024869191891
77773,14656.697963844435
103635,9312.692952086494
90621,9388.50012072641
91055,21812.04270188682
82011,8749.043991638486
84194,8217.948119000697
107360,19736.57498861316
89868,11972.609683795074
78774,18263.278839303635
98229,12328.455223586383
78895,17267.68134518677
104821,11933.661154881016
88829,18213.931266403317
103561,11674.445956779364
95077,25060.18396886007
77218,8945.902871098218
96894,9237.532295297804
102467,11930.514385870454
80026,12354.726444987575
81904,28445.44917428208
79212,24288.077279844045
76081,27199.123420525135
102446,10995.314642896097
92123,25106.834263690685
99505,19401.999768198442
90701,28049.817724789955
94131,25079.209356185427
98499,11842.495224200436
87292,10471.229240269064
101982,8354.568581017606
79507,12262.605439272664
80367,22123.667893911716
87303,8155.552093590994
90939,19926.460909577618
105990,21676.658219985322
93538,25100.982406499425
96747,14034.61831896296
96705,12353.432041833457
79540,20085.257035849336
97104,10159.08866130026
83406,12857.888378983127
105299,12278.439721928917
106722,10135.035179065226
105452,11566.389733014517
87290,8159.847430404853
81467,26047.115448783807
105170,23398.11429977813
93330,16677.307102197166
80272,18879.361992766542
107730,15819.837029564418
96010,22821.578387596233
81845,23790.643283534057
80811,12301.74726576016
83571,15990.230878315953
105322,14078.66517494802
77762,12418.087463233858
102039,9462.307407938146
89712,8329.694198955316
89635,23539.716005300244
95445,27415.88503026061
83168,11717.363347827688
97583,10526.699893282614
90719,12877.342260985346
83437,20672.00050367013
95182,24241.830588249875
85203,18169.418179767148
103788,10991.10227126811
82303,15503.352711628726
75983,29994.24133779454
86812,9158.321913745312
81841,28860.952243212458
84828,8024.503998939718
93783,27568.288604905258
107916,25482.71172686075
87430,9731.898586961419
104874,8667.163047059856
93137,16530.649318034477
103047,10184.728958567764
102110,9281.073099088933
91435,23440.027085800495
86558,16049.022550012378
95141,25683.788937488505
101513,8149.647029881255
98883,9366.233609336228
84488,12298.21955973905
77317,26171.276343181973
76345,25314.067630635407
91779,23577.113404389318
76882,14230.155468337176
90888,14384.40170013997
98663,10312.274783707233
95756,21322.87347013539
92853,19062.09677148966
105681,26229.13588914682
100628,11286.124207593077
93663,17856.088334799962
92183,24039.25351350389
87635,15714.495497214739
104386,30858.991950777698
87388,13257.801207511791
77217,18934.06914143218
96722,20417.13011441243
96916,15559.168273668629
77168,45226.90620156225
78963,8980.53068064211
93780,28889.685649348503
91677,24241.830588249875
98082,10235.774371795065
76229,14478.602492397375
92338,26406.43552717815
84178,13257.801207511791
106784,9870.14167675055
90742,6470.060609061818
96034,15308.79287575938
98064,8447.230732806163
96973,20970.846746539984
102048,13244.660243747747
106484,12444.888023451442
105759,14445.282445271028
93589,24635.58587968337
99057,15510.549135025884
80757,15614.042324831586
89636,10091.618622007427
83495,7860.402378144127
85277,9985.30635435928
91843,28610.083509435535
107118,28043.97348139352
100387,13617.754077580212
81885,25413.786965155385
105369,18013.083803246605
103588,10960.36268508183
89859,17232.713785028518
99533,12398.874027059617
107533,14822.770420599785
103667,8634.624947475377
92303,23786.880775432874
98400,10140.005363579854
107283,12200.111171104776
77352,24932.158481931165
83662,17439.91375988257
79661,16766.856067771238
102007,11796.727407830858
97793,14230.995666990098
106968,17413.561681236566
91632,22304.35159544471
79763,34753.07724550255
84785,11147.976534005507
92155,15952.93347289191
76625,27180.472574974072
107370,10400.684510996636
87638,8268.403099020949
96040,10104.387618077399
97299,14732.175770998854
81301,16871.127709832777
83192,13280.933324767939
105291,43677.62823649317
87135,12717.487777491488
75985,26231.58809815021
82125,9983.431653259513
87636,14018.935988393574
78783,26241.73230362002
78662,6929.706507443761
87134,15466.528277853366
89451,8210.816431975087
100098,10571.0119002964
88589,8076.368258246798
85831,14132.903740862288
101724,10451.515862901751
107345,12865.151927940333
88336,10919.573057276932
105588,8351.264688048504
95273,19930.11549220513
101163,11268.912797640793
77479,7157.378512309141
80339,22727.823284424747
86561,14356.961001874044
90365,13506.402314846166
78103,14478.602492397375
98617,10811.582935336019
77621,28673.668267761463
91901,24591.72018572338
93087,17990.77362470439
82739,12576.01338084261
100953,9866.93275825449
80117,21948.90404127121
84174,8278.359189314502
106828,18486.13101058959
90803,15865.721864672381
85910,11965.096731265501
89576,12397.996250230633
106572,20804.79513157951
88570,22281.300559682844
95066,22567.37641137976
101114,8359.395916533069
90936,19448.449776537793
99197,10114.137327166774
106363,8383.546878257945
106495,11608.816563394474
77516,12093.941229022541
88093,7384.754514597099
95483,15497.902546375004
93513,54803.83583000459
102348,9661.74536774761
104779,10357.773931904252
90381,17000.254448995012
90866,16906.82994456217
76005,26194.429755905872
83160,18209.333240827684
105547,13475.61414418332
102598,11945.306567787246
104485,17055.187959105682
88186,8132.528295328039
100958,8004.298963925912
93967,25014.877324752462
93296,17802.999856381535
102906,11793.454756554132
96380,17580.237819673788
93298,23577.113404389318
84722,11090.566788639264
76718,17093.769739326824
80056,22991.321047907735
78850,16011.981067194467
100715,10221.094598721285
97058,29768.446001068784
85906,12888.662632376776
102477,8435.928537873106
78624,46366.328636470535
104387,18051.357904270575
104252,11374.24179191412
94178,12089.453308404976
106337,25229.49536669277
105385,17997.239812254025
83119,8230.813260959118
76930,11818.185032033529
78083,23857.26917541717
97868,26222.314991810774
81081,6027.5291210662745
102325,9866.952364587603
83604,12404.90766211582
107825,6286.455468120487
105577,22803.266415927228
107308,10957.80264693987
103876,13316.805663974914
97378,21552.846272319723
89508,14388.720879277122
86933,11881.514794257562
100033,13606.249974015094
84820,14239.044895354342
88884,10291.423484634994
105458,7832.185604545177
103164,11100.758619565036
101838,9669.794837617805
97811,23862.595008243352
93826,24614.72706636063
86364,8692.687175566252
95317,26471.113151307778
80613,22943.055328589806
78372,27454.636389991058
83283,13791.880737294707
93249,25011.137220662047
104303,28598.869591449195
87973,26187.677491686572
89997,8385.557914364315
103013,8311.766234849345
85570,11793.04254952149
102979,6731.429469842506
78598,8083.73334242724
101402,6014.169985656004
87313,10368.25408483983
95505,17532.050653879156
79319,21981.319656107524
95230,25077.1141603044
91808,17813.204132802435
98678,11640.967285296701
84270,9963.904703025946
84932,7734.846257411362
92433,16647.19895395485
95944,20985.574986316835
101180,13707.091955542193
82624,17520.441557186175
80920,24607.95543228604
99771,12166.199588826992
86425,15838.713601663821
92191,18855.572274021342
85940,14869.45940303175
97391,14569.178438740226
101341,8330.970990596896
76066,14269.505266095197
93226,21506.04746523291
108367,8346.675598959544
83144,11839.632794824205
82764,11904.532119268411
85112,18192.434261561575
97167,12962.654926377434
105808,8920.990152264574
108416,19815.074472309367
94695,32359.610269807476
100332,11333.039893161602
102829,7892.205880722238
83817,6977.7887235476555
92304,23751.254597853025
104385,9567.829591460635
77858,23531.31393858681
104454,8004.77317169768
100292,13963.981874857365
88759,14893.774353835624
81746,16568.085840888776
98246,7808.602028174059
96680,9669.928220356862
84163,10661.537074360855
98135,11694.947427137908
75975,26171.276343181973
92064,14130.251854466624
78732,18124.887721835046
99528,14600.139696655127
97651,10111.11185388013
88195,10784.414005018392
85398,14777.594187852166
105940,8365.014419011959
83822,8500.236877617624
79148,18768.384818855506
101011,14128.84301005441
91642,23577.113404389318
92277,25072.997346656473
78438,16139.444067146957
103126,8502.167459460123
90247,15442.255500263747
105738,14089.908365280446
91585,21771.870193252063
99313,8694.783822086823
78484,11837.41518114655
91221,37678.22480241097
102068,15262.22761128534
103027,16935.952633665835
79594,25614.56968806022
78290,15370.057089021202
83059,11959.674786123469
94542,19953.86205241673
80450,14387.071069097521
86055,11941.097790969157
77128,17296.838791694558
78459,19606.85434113336
106614,8058.896199477119
100580,11515.5312731608
79200,18066.526964538883
90988,17450.536537334196
95354,54024.815973281846
95524,19374.194660961344
89514,23392.385883795723
100494,9866.689272895068
80365,27116.0950371981
100498,8632.549559510864
94820,22305.23512728024
95203,12777.923904260431
84845,12406.009568348944
103726,10892.495918261286
78164,8092.964303261502
85894,11082.937151587821
83974,10351.86132611122
100042,7577.79712042197
82641,17460.429672012662
89331,8753.4335546175
104138,19954.870036563672
84136,14389.5299069075
93037,19036.47823385561
88791,10452.722466050387
102077,10278.502971945616
81882,19040.06240864254
98035,10682.394217758203
108194,20163.790054036363
101297,9261.509257666718
98938,14534.856787119585
98486,12033.821904775727
83293,9921.184808396387
96404,14792.227430516135
90115,17000.254448995012
100205,9772.593937296439
81271,17392.940445402724
99430,9776.983140629103
106622,21207.095171070847
80213,22937.953782501943
106624,17176.00469773703
89907,11923.197168214307
92178,14752.544414728714
94849,34659.79719724888
83585,9661.08747087383
85742,9833.871758993087
98510,12465.626217896855
95629,29458.59714525509
86114,11284.93339007879
104028,22049.313101084208
78862,12441.029793552227
100720,15262.22761128534
97302,8384.146520196435
76761,12359.32147110757
97918,23013.68133114985
95704,14036.188833536864
108116,43556.25241269557
101381,11764.979846027672
95542,17341.353626451502
89609,17022.937811772626
79374,10612.375025515596
97399,13838.658057864364
79350,16103.64434421991
101700,11195.616501053686
76556,19082.092526995784
85945,9915.079422454422
92706,22069.310275402575
98698,15374.288975946456
98683,14838.544962097576
95706,28498.274763363483
91170,28075.966061796615
89870,8635.195371051486
105665,22130.786607279093
76774,12643.7027002917
106996,11140.715021561777
100111,16693.7860490637
85146,8351.178276453647
87623,11358.632134474316
106125,15554.742821922957
81146,17592.455707296784
82472,15174.517005415839
106621,14440.637091074223
92229,21569.595753475965
100574,10949.103339459682
93325,22268.579070273376
88820,10489.358832916618
95448,24606.565655927185
94293,10652.785753991746
83682,13718.093954249782
82826,11172.084111565731
78729,14397.39321648852
82431,9917.506721368276
105701,27454.557162850724
90828,18094.74246033376
88782,16633.86383573599
90765,21405.118977966213
89779,13447.060060045294
93973,27603.584160729577
82915,11991.55523358897
107131,15871.337738512162
78143,28618.88263536688
101557,15131.502731316714
81060,18150.30899554794
88032,12798.482940925356
102913,10980.991933809975
84050,9771.838424997479
97797,14786.612056012033
99183,7106.263392987775
81588,23825.18388221365
89819,23330.926408759664
86947,13366.669476552566
107568,27088.994780265588
92085,13576.914811512102
101729,10068.443836339684
89417,12524.63312261148
89797,10067.788233711502
89349,12253.53343993945
86040,9681.360686020304
85454,10567.596749749908
78374,20480.368054495648
84084,9974.09951163015
88370,14051.793903868667
99555,21521.08137104171
91675,76368.19232756637
87112,9138.943298618906
96235,18942.11241354305
98203,9554.053667443075
77675,9853.495153783966
98775,9549.538812921379
81614,28167.02859717147
102391,11930.343432929869
77097,16714.429833166567
80494,27318.84067339737
91050,16747.463111101137
90412,8063.6762861558245
106318,14256.671372200315
88976,18209.333240827684
95898,24915.87304458194
107839,22806.92313127231
83737,8248.481498723528
99929,13794.304588249173
85736,11106.96901006918
100856,10553.299341120159
85708,11105.249759085167
90131,16877.438490661156
94568,17898.567887329125
96466,23747.835152734042
100117,13285.71979643501
87585,7381.529629060015
79106,9242.645729430735
80237,25155.078088423685
91302,26911.94910633996
83945,14562.449562946402
80650,25842.03328288524
95104,14086.757492144145
96677,7904.78468603278
100682,11689.129863915143
94464,17527.133218443993
89293,10442.605010790467
102107,8354.568581017606
92219,28116.038339457024
87853,15749.605970136427
95391,19921.774128050078
102232,8954.674592524976
83035,7886.432001159944
80636,10533.153129116534
105398,20317.77151373562
103291,10549.558284185889
78340,15468.112039845566
107130,12438.831308123003
85694,12120.599855003462
89901,9650.580088812587
101501,15899.205753480204
92797,45722.63766259883
90279,14409.96625515736
92115,27599.309347283375
105910,11695.440708328033
105226,16831.73522503444
94797,24618.31737542027
88857,17368.51935882902
91374,17748.045648350846
106841,18171.364993736886
90283,12478.075464185149
95421,21771.870193252063
102374,6200.454341741099
93581,22799.68754725097
77463,34432.41703231265
94949,22225.62432664921
79220,18598.112192925295
82822,19213.56444370055
107897,8025.684517634409
77398,46383.5163821478
99943,14987.519001594617
101334,8156.146841453574
78664,13514.76099553968
98917,23019.807180043743
98320,12371.654593243396
86414,12119.78859051315
106690,13475.26099934374
103656,10553.299341120159
82816,14428.59522327874
92595,19975.732781138428
89058,9914.675252052139
90981,25567.528687445996
84545,25176.030518641805
85121,10901.110806702258
86786,8006.573348363653
104318,7782.176137833025
101816,9972.599865305203
85525,10982.711710121534
79169,20723.260462561702
90473,8019.435398512515
76459,25381.019690869492
91881,17751.339233412975
76343,12092.467803025203
99475,6363.377577745229
76756,15073.814716315579
105158,7863.127689479777
82355,22978.632847326233
102382,10976.965743625533
102739,10243.277140867664
95595,27661.379831440914
92655,18977.114734610932
93230,19340.486956226752
92502,24286.27852499342
78020,13895.957712432795
76077,12367.620416697395
107845,8363.453275707323
94272,61985.66930016744
89239,13280.933324767939
81657,22145.452347863033
79605,21250.57931536613
92466,20538.880827039735
89062,18995.175286964386
91866,21374.991742281247
87629,7366.026342956308
94495,17736.765605593857
108301,8256.089661426486
97893,10138.521565232806
88636,11764.671956029408
76642,11681.587040373877
97723,11024.79736823651
99689,14093.313781480625
98669,10140.098573669242
107547,30857.92575623227
107324,19735.678681578942
96837,6673.747071142547
87607,11528.843860181707
77412,25297.733552578702
87012,11277.963281251128
106509,21483.0122953673
96290,12515.243148342197
98997,17138.027130951563
80784,14270.205570249178
79231,19753.108231770017
99071,12918.040034950625
95343,67964.79298459996
106067,21261.412654235053
99385,22282.83232635649
108247,27063.961008037284
92030,51049.077130312595
106907,13593.021799646938
83305,10849.557595651633
77537,8411.896184242085
94191,24888.691951992034
106218,12234.083827525184
90895,18551.949156486455
87733,13826.472891883826
85938,10503.509994048889
92778,18393.47354943886
104351,26168.824134178583
98023,27077.296170168465
100496,11776.341769093202
99703,18908.803856616643
97963,8210.816431975087
107514,13762.282747443125
90147,16256.7428406459
78976,13712.860138850914
87951,17321.13294415113
87689,19256.52128653758
95720,22710.134310606034
81362,10161.87007486877
88028,8037.5872663019
101241,17268.73450226551
77282,16325.075733186655
87318,10587.63835527912
95832,12441.786821983702
93146,21597.881020321474
105053,28206.61846342572
106782,23241.141050073646
95641,24413.240948627004
101467,11252.999104563878
78487,18428.784155674668
97221,10246.977859310486
88550,15793.714805634929
102969,12376.638737794103
91727,25175.164486749567
102790,10587.58382151567
90218,13337.649386782168
95243,47148.11581781911
101112,9873.91161977641
85231,10008.16845134
108368,12350.781018948748
84764,7088.042679439027
104560,20866.29206186804
88854,8448.908821083549
96342,26225.19472949279
97363,14446.754513935393
87222,9915.079422454422
85750,12876.19666982633
99457,12272.395830031039
105834,8055.7366908987
81230,18087.28902268027
89905,8520.296767887388
99107,12721.937970338395
97725,26188.21887859076
103383,10932.651222480996
101881,10707.332199068023
79274,23405.974723733616
106126,14536.961436169453
88014,8070.023625756224
81379,23789.553859092503
76685,9521.415200712152
81756,27944.08773005768
80382,22319.56319547614
87661,11950.928517238433
103160,15025.211426415653
81893,28207.100809349766
103538,11937.16269031619
101780,9606.705964329449
81384,21237.587928321354
106350,26239.924726134264
92907,17807.70907323106
99538,13187.931001736406
79214,19891.27078641079
101909,11376.959802228947
107864,17927.57722237759
100524,10549.558284185889
84466,14441.710758200496
105389,18432.977596723344
95621,17635.7066691252
85294,6873.835259613907
101831,12399.519622537768
104539,19736.57498861316
97418,25633.96408732213
84417,14230.317530906736
87082,8501.926854071891
90484,21265.435729713845
94455,17717.447608811777
88204,12449.926885274765
102964,11860.798367913767
83265,14306.52480801021
79644,26116.841390405076
103662,14865.309259610278
98160,18774.67840889408
86602,19134.543011945447
96773,14675.281772748402
106258,23108.135083527515
93161,21755.642266678467
84913,8062.848762007336
93566,27777.224128932838
99048,11529.40866154351
105009,17082.675248593598
78907,10135.442415166437
86767,12157.107904505794
91280,31602.48513356572
80284,9955.57431966738
90664,15007.696611127489
82570,12460.508623015357
97344,7628.744038710832
107585,17493.506495189322
88462,12275.10538763537
97190,9986.31632546164
105578,7469.841459440317
100275,9941.630991845552
101818,4932.795545372303
96900,12628.179871793747
107149,19883.570333116862
92413,25168.694389685104
79385,23413.314741541482
86389,10642.781736511608
95212,23022.954652755347
76373,17091.703360428553
78959,21771.554222048748
88737,6385.672860861582
92016,29097.364911399425
86224,23495.73277978697
82578,10752.228131435515
97155,10027.153220492943
107701,15431.007377219901
100516,9140.45056713681
100278,17269.936786339993
88637,14778.961520189248
82527,10503.509994048889
84753,8227.237467208111
103714,11930.343432929869
100322,15137.559773194826
86770,10408.986577720265
81754,28226.184834177817
88214,10978.46464618859
104113,13461.733143321435
104421,13914.989641316399
97736,8384.146520196435
103535,8801.436983542051
83206,14854.175731342917
106330,10415.944907668174
102339,13448.002409948584
87709,10799.229958252994
76492,19431.639053601666
77728,18159.98503161685
80481,20839.954798298742
103158,13194.620917493277
88892,12858.604179788834
100388,10571.0119002964
92082,24515.51262606431
81236,22975.753109644218
77042,11317.01938085041
91157,24383.155681460397
84392,14854.175731342917
93436,25464.093104163003
106487,23946.209428469127
76638,10748.896361106536
100756,16238.733526303096
89769,8324.079216601225
107047,24441.081101983855
107482,15510.563234002851
77672,45226.90620156225
88137,9271.711643010294
94234,41900.60689769823
100690,9937.116522764902
104730,16757.13936740671
80889,42379.5781285861
83038,7484.32877509223
78952,9725.90271651916
108324,23405.40635280915
89723,14343.845251318202
84963,9452.402335523004
82834,14870.82067910546
84141,12344.054107529182
94870,30228.953999381523
97980,17550.156105001537
84101,10338.885226617353
103187,9890.060684212329
89617,14815.737440312834
107178,9753.68148214343
92448,24461.358898003054
105739,10204.985620001353
94934,18776.52614759068
106422,8071.909128362196
84357,9008.15561280943
81219,18087.470888373842
96165,11605.069976819606
89437,9984.937627054578
107434,23808.32936280033
104751,12980.606894553615
79869,42529.281351537524
108255,19735.678681578942
93706,17214.571472948377
77694,19787.389709684365
106112,34944.884099832816
79750,22549.05296074445
92715,25745.69103995776
91183,25996.172945105995
104425,14392.345974803982
91695,17014.42597755908
107783,20547.013500224904
80023,26231.58809815021
106551,10576.993399603038
88253,23509.771191970674
89867,17340.188164702715
83678,15951.431440045648
105660,19367.604177895602
88202,10036.160403306272
95119,26552.60054108643
108260,12274.04849250368
83078,7765.800519577735
82345,22940.421705228826
83217,8468.978551261353
87850,12660.915771240454
81035,33225.393732563265
79575,28255.698936695422
91737,17701.173068413893
87829,13272.263558684856
83729,11260.45922154713
85611,13960.053749612449
98402,9523.10474386339
92385,14468.794825696692
86408,12437.517902370826
86059,18738.160967753152
95741,40435.769298148625
86739,9467.624979526012
78929,22819.244073489986
83842,7712.871967434108
87907,10333.700581780211
88079,18027.76226890082
85643,11560.344692045333
81382,18132.695259753356
83493,8993.262724083603
93460,35568.26131108557
80412,26019.927404681675
88171,8386.792189353098
99783,15221.098945020669
102777,11703.132570023401
80663,23413.437059721604
77531,10354.778256750846
86865,17840.08746584313
78461,18783.526980933115
107352,23016.955656229613
94120,12044.685766532213
79496,21583.824386345368
80515,35572.58329661902
91344,43080.70696365511
79373,26197.595131123024
96220,9215.39721867138
93246,47486.443475065134
106908,9514.727169775133
78245,35462.54472350364
94731,16498.716250914873
90402,7980.455540317712
76206,46369.81654177404
98559,11182.924211716268
88796,13191.920522194232
85816,15908.182925904499
92649,27457.42417987169
101935,9661.397753619285
105463,18679.29347406118
87365,10239.771218544925
95227,27598.39401174583
93234,12066.863055072223
85937,17967.629348669954
101266,11394.881916406344
99571,11664.986455946484
85700,6376.649078365352
107102,12138.773465477423
89204,7662.556298644479
107013,8245.822419719638
89174,13836.049970783251
105413,16946.68605767831
97676,7571.785061027549
97236,8275.992049907361
103159,17269.936786339993
86515,11524.172872396226
95748,18332.181644969718
103941,13592.348991565443
86393,14263.87278870146
100154,9229.942243929952
96775,13662.04344941409
85975,13373.90239878388
80620,17949.82471947221
91545,19548.46375755963
90512,9970.24231296571
98423,14534.856787119585
98191,11691.508573380566
92713,46663.95611727071
106242,18462.934200124033
96941,10255.466353878848
91711,18092.729464001248
93194,20151.301785013995
84431,19207.30266828417
106092,14028.600090862881
77699,7029.733599599253
107042,21695.603241777382
94581,98676.45584513989
94719,29131.709722980835
103203,11257.480560076408
90527,14487.011537947987
105553,8433.754159436474
86257,11090.566788639264
108539,7492.207893091706
80580,18179.60751954777
100564,8707.331471863612
107330,15668.521739020383
91726,19710.059005993047
102084,13375.397908931027
87088,10468.806351186971
106757,34358.28161857221
77040,11061.936999759468
83253,10389.678808764309
87231,8229.401866791237
86913,6795.509694070804
100372,7129.103293749863
104194,27386.2809204811
91979,12449.479203951987
82139,13928.973925149503
82434,10192.043380664683
95418,22694.288703974355
76862,26171.707855112203
76939,10569.04072152275
86454,16987.1686541149
98632,21503.73832508735
77936,26234.467835832223
85823,8801.884230231348
88035,12744.378901314138
90469,8210.816431975087
77882,26241.73230362002
91663,18147.94104628687
84326,22158.428122154935
107834,11686.419373091054
102220,13506.286079730156
105246,10405.972270737064
107828,24859.399333746383
78808,12411.874302947026
87428,12483.992911825746
83186,9164.463346458473
83578,15357.611614093785
76948,14751.237761907218
78241,11944.631347096754
79743,52384.29591067482
105523,8368.139082824691
90957,9034.078252358106
100382,10525.69264380119
76105,13221.849501691026
86104,10095.970843911306
101922,11991.488819452368
76554,15144.76096968385
106985,22608.19639545568
85689,11571.884263533533
85008,15801.388421045707
91965,17332.568062247017
76366,28433.548538146424
86191,14781.828720772433
99663,8384.146520196435
96285,10244.144358747279
104099,16277.353834155105
99056,12231.144281621206
84374,11343.354739201874
106354,25203.50372886541
93698,41622.12267989148
96634,9376.523694979007
84156,11098.882675760095
108084,22871.22470324956
87399,11916.107665063486
105466,23398.11429977813
80586,29553.171211013665
92580,10793.939047037215
101845,7129.103293749863
84566,11033.443844192725
90141,9921.494064284998
108378,10742.584095662676
98277,7714.615879136448
95092,31906.65745435637
104064,23071.433336875536
107637,8676.439029122186
97365,15859.762839920266
96955,10321.408356022572
95760,13002.45182485121
95872,24597.922259241623
96240,17341.502231138107
88163,16265.688888803208
100611,18357.86250691348
78881,20727.7085147134
101061,12952.228990991664
107426,11595.858366094175
84044,12377.568112729308
104552,6781.943031037922
94780,9891.433946138726
91863,67997.09717178954
100864,8668.703568360836
81237,20118.571598354407
82136,12282.334790317507
95905,13882.863334445956
106384,6991.093930559435
104293,19730.518071466944
81454,22385.462476318597
107302,17427.083087088165
104291,14740.092130188514
82868,17311.140994939997
97858,10316.184842410032
105855,17341.502231138107
93166,17173.880480376534
94741,24980.495243524765
90290,12823.822873935944
89573,9919.356710204502
78623,9234.853711965014
98815,15215.828464851147
108391,10449.40148228442
84762,10472.046171206006
91318,21600.293998503792
79163,17355.01946493495
95977,19256.342764147863
85867,10086.24010071485
88322,8450.995389940004
79623,21833.330387259706
98269,8635.195371051486
99650,12056.932984379891
107902,9869.302957653914
105941,9336.819633936642
81949,16375.472561940052
79343,30020.00255807021
107578,15986.385518504085
99489,7108.612847922167
85577,22289.762107311668
96815,10101.99202379128
101625,15262.22761128534
77737,10781.039244176065
104092,30970.80301730346
100181,11340.197441127279
104928,6808.890190865149
98913,8385.557914364315
91602,28479.996116364342
83876,19984.1112783781
89307,11295.680220369017
94093,29125.4522027709
90665,12130.505826441035
89424,15100.606853854957
89966,14411.59525228454
87512,13542.000427330015
93925,17460.429672012662
92819,41622.12267989148
93100,27300.405827132166
84387,12045.676093171378
102337,11289.387344093733
96351,8696.405269040324
84790,12745.019749762074
82257,10450.917951349347
99957,15298.861250599424
88917,12553.627845058789
95068,24302.68021997401
84509,12628.2157753288
91624,25059.6404887466
97851,11138.818027442234
88699,16612.007159650308
100216,9663.855178285818
103752,18520.432695216048
86444,15314.027792028164
96692,15945.19893245268
99855,10147.591484618055
80299,23413.314741541482
106960,7893.39988110269
97471,20137.759252291173
84560,6743.7596992062945
102670,10219.30168334688
89279,8458.582094565201
101965,15115.415742665944
97569,9524.190251221535
79614,26124.571784360876
91772,26749.463629662623
85007,11689.053107951448
106561,18462.934200124033
75994,26055.570420080225
79691,23403.0949860516
89364,16680.80379404066
78875,12595.152364457574
107066,30885.430957385503
81507,25812.570438478586
95249,22041.67710713299
87015,9989.27990277149
91324,17463.450782745058
76752,6991.093930559435
102171,14006.892450254534
101910,14368.05302997329
103619,12272.4489438081
100128,11088.753450421304
79404,22999.750490157152
93180,25060.62647599877
98208,14626.00569289798
79595,21917.375165782018
80232,23089.594147771615
80698,23082.314988128343
77442,8148.277701750488
89295,10498.88997224612
107982,7381.529629060015
104260,8044.985632161269
107081,7086.859776270283
84397,19772.49763512234
76341,7610.143859234812
105837,22601.591987432304
87758,14875.139858242612
89085,10588.57921261946
85464,6979.912500604592
108404,10513.519847010884
87357,7731.612782473693
96567,14399.759156289107
106723,7367.1075098786905
102198,8272.933157221722
97673,13136.776727451572
94078,15156.402182089918
107507,9495.431511129023
97681,8226.756197634573
80033,9909.779815419794
86656,13292.635761533711
77797,12424.923422002257
107699,22132.09332541316
86945,11151.46006269502
105222,6333.2782467476945
104904,10957.123479124544
79731,10419.215152993507
79205,23698.584437337817
94275,41611.0368606599
83219,9090.742282344885
93926,25126.803726766924
77804,17465.88518201348
84512,14797.947805255322
77215,10650.466935400429
95226,25697.819747159036
102992,7127.969614953552
98108,12466.100513305819
80629,13536.017868606106
98788,15578.46239295611
84971,11242.819367843947
97484,9711.649946537096
87887,10638.920205639983
104294,43926.701390568276
84316,8353.548175506197
105685,19144.296836381425
84866,6747.54507601775
108412,27495.101802829748
83463,16192.727349641606
105005,16604.020643191456
94134,33345.66087844419
87832,8450.73353229659
106089,9493.763053133025
90745,9650.360943101863
93579,8360.561144324363
77750,30988.91296628612
101618,4938.311976915439
101148,11884.103043365765
91084,18454.61473779412
87106,13718.093954249782
89045,8323.340112013459
100365,11295.807351459953
107100,17691.88614999157
89836,15133.576867767062
90463,18609.426874994424
95908,23902.710445640936
105700,8287.309285648693
93105,24711.710204195933
83244,16221.560597356423
97603,15319.377871982939
93616,24607.04999141983
94245,21578.348281755036
90752,16312.343637805581
99594,12462.032080224446
93068,28620.157286937276
88443,11469.51318415054
92592,22761.282330074486
99796,10174.289080084385
101588,8148.250391331114
89633,16010.5277231921
99577,15133.05943237706
97165,6671.377034148882
95686,13451.112667832746
79266,22061.886359135464
76351,18935.27142550666
87457,8673.25672046624
90220,14815.737440312834
87855,8251.510299036807
79818,20202.16819182649
91024,23940.360907592538
97908,15368.17676898213
101556,10772.210658869624
89750,9585.448968358422
107781,17658.859468870985
94151,8480.97386487849
103214,12022.998777819173
89012,9354.064096270777
80997,14282.297110429363
90002,12842.460316761564
88243,13064.936023125852
77631,14428.311316069354
76185,34224.714393906586
102767,16447.96746213681
96776,23648.960137151436
107630,8068.568146103438
97550,10854.98088315974
91871,15858.728870194687
84499,13796.867573201902
94523,23670.059210239328
95467,22687.518686328785
91735,17648.578250682807
89874,14363.26785284919
90168,11544.041289203724
76765,8564.646845602878
92590,21750.658120422508
100529,7761.020415672025
99330,9538.362818535492
92566,25028.99543055819
85303,15884.162572648005
108401,11983.962025863435
107621,8067.193004396774
80471,18641.13687592953
85478,11593.898193282586
78386,18935.27142550666
105016,17220.14764132764
76807,13461.098829252793
85036,7829.812166923033
85428,12056.770770303796
85783,8636.429646040271
88510,10798.504454167018
89262,19984.1112783781
89136,11660.05138499049
77193,44200.80613803781
88928,7846.314444734982
85930,13292.635761533711
93387,24346.315067782012
87348,11426.433754441494
106766,11080.714120432087
94358,16480.428148077754
81582,14632.526558879532
87880,11589.224761993544
80554,34088.71177143697
103295,10571.0119002964
86265,7906.983927995528
85650,6873.835259613907
78496,9481.804060330518
90155,6916.290911712461
108366,18047.631648576655
95435,14306.52480801021
83433,14357.607457003065
97917,15501.978297857142
80755,16275.979540254177
106070,8071.909128362196
80354,19467.17994182317
98453,11603.896420375848
100106,10993.957325670746
90408,21145.47431845587
83615,17946.523196792343
82425,15657.875003824924
101993,10551.953002893186
94522,20645.504574797884
84782,10642.781736511608
108223,16209.147904713871
96160,8635.195371051486
98432,15510.549135025884
105363,11081.775973533775
100535,7450.381852708826
86591,7112.877609997962
104667,18168.881345726713
90913,19209.03761728646
88935,14434.639903818039
104570,13387.391054882446
83610,12876.19666982633
92006,8216.543074826843
86169,18201.581802895213
82827,10002.933493420576
86592,10944.749404985998
87212,10977.765550358961
97120,13848.39364339774
77359,12521.515288407592
104752,18462.934200124033
97296,4941.548697409001
76528,18070.97409873096
94678,18207.847618293137
92677,16653.04119403332
79068,17200.204234867742
79258,14131.250804716197
85903,24007.75075947664
85139,13295.195784468486
93427,17661.693848787738
83820,9891.484017322855
77286,23530.993630238157
99210,7330.467417800604
87068,10351.86132611122
83423,7246.893659580756
104277,13526.086511373667
90679,15058.702744715096
87218,14551.701390603732
85604,10581.013666144816
81045,27156.71494133631
99525,9716.045523699033
102332,10637.768676720176
81248,24107.6486702567
94626,31875.106089274344
102031,7854.7001950056665
99240,18908.803856616643
104198,7373.211037083439
103296,6412.380338695667
105530,20858.702105374385
77830,8955.241361237071
107707,43748.07830539972
99875,43028.98172111127
107727,9427.253083658428
86279,11431.367087274872
78738,17231.18373596039
77514,12110.749650766063
83235,10469.212670642799
96964,9315.778078603465
95157,23916.245823206176
84407,9991.768619031902
107930,14322.243619807612
100103,15262.22761128534
97895,14579.622925572625
96823,23212.07222618994
85448,11294.408974485676
99246,14360.116654816939
100586,15276.184780395693
84536,8933.88557466251
79744,12486.151687730684
89433,7063.174845863455
93466,15649.264561496931
80628,36203.74483465674
105144,27182.106334102315
87407,11116.979557554143
106295,27427.12919701806
84239,17249.66083794145
89362,12030.599158004368
85099,9917.506721368276
88071,7196.641694704961
87696,10503.509994048889
102512,13471.575743988022
95911,24602.89759205994
85069,8215.770514520591
77710,21735.931378449895
106234,14220.974652839323
96338,9669.390667215519
76534,27585.68825639694
91330,10504.019209311926
99229,14454.664560774581
79318,14532.528803501269
87465,14637.562783709955
85327,18057.287243579736
85601,17542.38780855224
84287,18230.773888702653
99523,13313.575467859611
85692,8470.135030329451
101573,9169.713535132882
97295,10826.9031036161
106567,11779.396064202883
76031,6044.032880276869
96219,21591.13843107139
103153,10957.785198640959
91126,25160.12300275153
106188,25708.610611537602
79174,12791.120217241882
102013,11692.143957768345
104603,13473.782323196727
94006,23751.10939923587
108326,12031.474536148147
78483,23527.106658246874
85801,15767.293819071108
93295,22238.433361674404
107744,12853.112290469613
100171,7391.61177232267
106558,9055.649492143843
100806,10979.372283561059
87732,15302.557551355987
96227,30885.430957385503
92111,19935.910477857822
86147,10784.687745432404
89519,14411.59525228454
95271,24478.762536768936
95264,26974.818058009176
102294,15262.22761128534
81966,14817.089040629775
103012,15642.062700882143
106989,15153.826547471668
96772,17381.305333943248
102972,8736.590707434832
96306,30586.871346303087
108418,24729.354689592074
78045,8912.138873809952
88095,23172.725376693194
107561,19730.518071466944
81795,10192.147226838078
106736,19570.17103661033
89308,22584.406932535225
92852,26906.440539592975
79486,17488.133139360296
102942,11523.858582639332
104342,12058.355628070438
92242,31714.52497181328
107000,16361.339977231257
101869,11765.89486836484
103744,8973.11306323547
92316,18312.24826243114
100386,10949.103339459682
93123,38373.72971322989
79755,22842.927278432013
103598,14507.409128302525
85309,14548.070389196093
99062,6986.650835543941
106747,23015.054013029272
86675,21882.96598209088
78833,14446.103593886452
77194,15005.889736987287
100977,11916.958100951608
80837,18601.185674753284
89253,19127.998312129595
99368,11439.771118002884
82058,17353.89292117498
88519,15648.076474090418
91242,27575.992777267576
80897,24511.18837708116
80505,14230.155468337176
77645,26231.58809815021
100818,13288.663986586305
101021,8551.154201977874
80028,34419.10679398201
105669,15819.321579520101
105092,6655.698066197025
85973,11074.719134435605
101110,19258.302703915047
87926,19145.565373750058
102411,15294.472620777144
86210,13052.676618251919
106999,9775.428364775935
86228,11386.071920759086
89278,12442.909780728527
85460,11114.159069566269
100527,6652.503757190955
88852,10376.207780541772
105762,16330.749224510866
100149,16029.957765619087
80290,18645.922422586977
85953,7844.197125775303
81492,15604.87995586141
76831,13391.430710389395
106123,17639.36544866239
81945,33618.06221914172
96796,26341.20150235581
83848,18458.799315561617
76568,19998.478223560345
84777,7121.837516686135
85159,11625.97625170815
86943,10503.509994048889
85719,10837.494032887464
90325,6357.7723063717085
102061,10908.74892933306
77924,18930.99565960419
85093,8781.415369409724
101892,15399.40578533343
100848,11368.786928167638
98725,30165.74319036728
83883,7822.590024845203
90754,8395.210621911541
83803,7081.097580890054
78486,12191.112741238034
82705,10465.377145628443
81532,21250.43584907239
108285,25774.103715012647
83833,10849.360069533033
98263,18616.453661208612
87000,14502.917587353557
80673,25996.108713152695
78206,27180.472574974072
105718,7534.099577621954
93533,22520.215991691857
92133,24869.817115052178
91065,22662.282346189404
87899,23226.49884512336
98017,19183.39139240806
99570,11599.72196924623
85188,15389.987859727713
101319,8475.52487520484
100142,11171.491836671765
100019,8034.941597145235
96598,10321.315145933184
81397,21101.002421084242
89238,22946.79413958019
95758,17706.310938604278
91540,12807.667558438347
88474,9278.084123012362
83465,14321.551349048372
103092,13035.121805020266
84968,13850.620632556347
77523,18935.27142550666
93366,35205.03096752853
90815,17896.71897063824
86902,10588.57921261946
98479,7859.734330003008
81068,45563.71848502106
93005,11968.644707246202
79216,22479.91084104861
87027,12051.945326966958
97332,14797.706661887358
76700,24980.504111157632
92098,21771.870193252063
90564,14614.76655562598
85106,21393.214418165117
107907,20749.54145422246
84142,7323.624636712253
76304,26919.994963681576
83000,10425.14133356676
89782,12964.552401202696
76184,6928.540405208899
107539,10162.060082103859
78236,31017.890997721974
82316,20428.381464591268
106526,8667.163047059856
94138,20190.93399883939
87340,13468.764215806803
79516,19521.945479764956
77411,19602.672919312005
86680,9914.675252052139
95225,15691.919147608669
92224,27313.011017795434
94791,18426.748928978446
102989,10978.414447369105
80765,18663.640226024672
85393,23211.677212896437
104860,17392.785567476356
102484,13431.633959777972
103672,11734.319105156135
82448,13752.6744955449
85479,11886.449661491279
94775,26980.076583232487
98729,21514.220283897546
76893,17391.295772366477
88144,10288.265634056326
92369,13188.738363529708
80841,20892.169186923315
76791,15459.974482813415
91845,17079.128451804507
86949,10472.046171206006
103913,15328.357137570505
85869,10500.67649348568
76426,13026.703524159519
85214,21621.472240931518
95332,21771.870193252063
85821,15824.384621610938
79430,20325.48580147685
104573,9870.545847152836
105788,14438.666285884436
104867,9701.266110027205
106367,27566.374478648802
108241,15431.007377219901
76913,38608.97289654356
78712,31518.30271122033
87769,10098.233397779475
80169,19261.57430664716
102028,14010.48295413465
102001,12115.644892383407
107798,43567.33823192715
80044,43501.79564587717
93757,17249.146161345896
104233,22950.142391727582
84195,11207.596180681365
84096,10075.174870280529
82336,18123.501873060974
90423,21390.750105305222
81769,17518.997508508517
79650,15528.970550684346
84837,19135.104123120782
106303,12242.319022652126
98551,23835.906693821016
100452,10571.0119002964
81161,22601.591987432304
101116,8571.04584545379
93465,22212.590666015287
92749,37745.881049958254
86281,15382.993381459426
95586,11580.936772362922
78235,22349.837936852902
102754,9669.390667215519
100017,8665.070649458272
102637,17159.42327620588
98192,14415.626486407516
96683,22530.594995609157
103968,11839.344751803257
89159,22169.91857274056
77752,12095.996269901572
78526,20723.965856475425
108387,20317.697855704944
78659,20029.37290133168
77013,22680.020757559618
106480,13712.331101273388
93920,23549.09080998191
92912,18268.916289677498
79044,47619.755622015015
96831,4941.548697409001
83502,10058.15509475922
99420,6575.921742270344
93785,12145.315977228081
83739,22042.706310505702
87018,19227.654118041053
93773,24606.924536048104
101674,9841.823817669345
91655,25400.167962220203
104412,6482.52094478163
91636,24401.079202310983
91101,17119.651481153727
102437,11290.676126420409
96958,10314.218296525483
83934,8694.106147295344
83372,18188.285111191453
107296,17254.25278826575
104909,19735.678681578942
103886,10237.007696148912
98858,10132.908514172153
86276,11101.239243895152
98148,14888.366262920998
107294,22803.266415927228
81812,35470.28337296275
77997,14268.905433188853
104626,9774.87102361913
102424,10305.977407205626
84992,15764.935836282326
86867,7079.956327100163
93370,23625.286858860152
90804,18248.591352572195
76001,10161.132082688455
85691,11780.216373301164
76328,32235.101070970082
79143,12507.882571673505
91356,14074.48134286842
93553,18557.318755845372
93673,19105.876181787997
108239,10366.339253085484
99923,11872.250381580867
81616,23405.974723733616
94433,24241.830588249875
99985,14010.69958744809
79648,34633.91112842221
91423,36962.19377241869
96581,14787.908251378984
93321,53854.1471977103
89736,14617.57076260835
82722,10924.043749878905
76093,30163.326703183222
82767,10320.322394889907
101615,15262.22761128534
96585,10244.144358747279
81552,17567.34864104554
89656,15807.035786602786
76301,12467.83555290081
80683,46187.04192580804
95638,15968.625523175417
78343,15030.679447090875
81495,23277.775170414472
78517,12063.735486916474
91764,16309.235223939208
87050,22882.938226986975
102877,15071.251991895462
86844,10431.73030008689
94535,13551.348342407604
80871,13200.942007005939
81126,10789.671216675559
77182,17592.79932280862
89335,13968.528206544603
99612,8671.656121317152
89041,10734.97399345923
104165,12452.736530371778
79096,18953.944847726754
76051,17986.36001870284
99599,14536.722770716062
107763,20304.408240031495
106646,10601.135118674538
88985,15229.156582045996
107109,26168.824134178583
85110,16900.19786404485
96907,14478.602492397375
106806,12401.131819859558
105409,10152.31780024598
105449,17269.82103226914
104042,20932.257530358296
101299,11929.930265758001
102434,15453.1037490518
96363,11617.158803888815
93918,9841.46174194513
80842,45098.2898406121
91578,19194.113850485777
90458,23877.2425773582
82186,17492.203400091905
99767,7655.202380351389
96898,30884.36476284008
77755,15970.854742410718
82958,13836.049970783251
89248,8234.498696729603
93452,12208.507297015809
81517,10532.706611858113
77919,20764.147160425713
97110,15769.833337118203
107317,8044.985632161269
106102,8067.193004396774
93034,24596.2452839271
103446,10975.204715832857
82762,23501.42402305981
77365,17999.51660597425
86634,11092.533334523812
93109,29365.47542519469
96094,7829.96421641836
108191,14399.759156289107
82667,11977.530429360022
87953,11464.395866239032
79188,31274.851523895722
84962,10732.18491955816
88377,10460.409298881636
85942,12102.204528690472
88278,15328.842176340198
77743,15610.175196271568
98341,11383.188579606045
101197,6557.846744299624
102838,13601.132940318208
86885,10189.032748340756
87648,17403.272078858157
78995,17202.493799974898
81374,18881.34137054947
83829,10503.509994048889
86073,16068.286270113622
82848,9401.930836922193
101727,14469.179834407927
89929,8744.571491250745
108534,10976.504437359174
80592,26053.06908863667
96292,11564.02417527448
102569,11458.954259572225
84692,14799.377284633627
84531,10054.804143109086
100173,8716.417162688009
90263,11164.004884147638
88489,10673.612064132982
83941,22281.300559682844
96621,14414.691392878187
88427,12095.412662872805
86625,11348.248449980469
82798,16787.274252316034
86084,4567.551979468497
93058,26547.616394830475
98527,8671.656121317152
99786,12447.63178421219
84132,9915.079422454422
101160,8277.44821457115
80396,36254.578801239004
88132,16138.497458131787
82835,17673.056508108362
82959,12731.285660867166
97225,21842.409635212083
85463,15321.86062803362
96733,10246.977859310486
91820,12109.271492890342
105870,22805.413465824826
83255,13288.768474532917
78899,15823.481799613428
99812,15164.587425806192
85798,10676.109355149236
85452,10411.135091261913
84706,16956.422288085556
104289,22946.896280515706
94785,13511.273801928826
96707,12535.824674525282
92847,26648.9121542312
96054,14084.25776423326
77986,60778.35786648639
103435,8417.952405941545
97008,14827.662002121495
81650,26130.697633254767
76920,18935.27142550666
100479,17531.59076184969
78120,8498.549984175648
84761,6727.598666984602
95062,24075.071520748686
83102,6654.528208094011
103872,8426.757491772398
103816,15975.74645160402
85672,8037.5872663019
102125,12328.39614134592
86928,18177.121289288032
82814,12887.96006737812
93167,23577.113404389318
97674,9393.345344955695
107400,27753.681959886133
92669,12544.881778106992
78046,19912.634589196467
85703,17364.793103135104
104265,18309.467520958926
107786,13306.45875004598
83707,17271.281578509374
76858,21479.869173068535
94147,20426.501103553303
87307,19168.822353344774
90594,18042.43581110837
91305,25067.305697404918
83302,10296.516398801443
86173,18285.487997486838
95811,21209.77287794216
79868,16925.502541685157
105265,14598.618942400753
107009,7668.895697073715
107281,19494.74993756093
98848,14480.423770943395
84222,15194.797199778968
98808,23030.650025899555
94002,25168.694389685104
83985,16395.28307959953
107772,17871.472246129866
86564,10791.66441177835
105241,14841.037147661456
101060,11807.381403631145
104362,20527.212421186236
77441,9587.278205624447
92827,24567.06196575615
86523,14578.994957145062
78695,29019.395411626636
81392,17937.434939297687
104823,26232.01562682884
93521,26201.293445221512
107098,16273.512619049106
106011,24835.33489939061
97032,7852.547809142094
88646,11904.532119268411
82014,26117.35000572849
88034,12030.988388661199
90561,14753.139645090707
107888,12383.714800640231
106249,11925.640990046726
94608,22305.23512728024
78134,17991.369247637896
92898,32866.18876826346
97031,12069.264718526518
85220,12409.7601682808
104973,25136.46487899266
104081,8433.754159436474
89865,8385.557914364315
91706,10788.932158366955
86089,14601.70003376656
98736,14594.311835441209
83238,10296.516398801443
104237,27660.052746869336
106990,9427.253083658428
93432,26515.588767540903
85280,18071.980780746544
79909,17773.406358414337
87698,12360.349251221496
106059,24347.348823444274
91016,17639.027450667225
80180,20232.231410751043
90006,10556.956495952714
78122,20983.013614109386
99672,9523.642297004733
102297,10897.57086577476
76047,10166.917222054126
106296,15702.251407971586
79989,28210.411381321785
100843,9881.511674213914
89014,15914.64889645953
90568,20430.85751582688
79905,21967.26106233267
90643,19687.296232796518
100729,11110.550746847015
97084,12300.197492697234
100984,12658.059537542344
91475,24602.89759205994
105531,16224.410498020035
78482,10114.376311395343
83254,13280.933324767939
85217,8684.242752444123
102974,11937.16269031619
80040,26057.509892562503
96077,12869.425752952386
89073,10280.573768293967
79118,26099.04346874317
107565,9870.545847152836
93486,17654.77920804311
84670,19712.430770360188
81104,19187.658843553676
97867,17851.934488805768
92897,15405.73136640613
96592,14837.460412629867
97864,11563.523032264482
83369,9490.650007086122
100471,11885.156536182767
87533,11842.129461696897
93111,18398.059073268676
99979,11943.314536082467
103340,11965.059396048304
104434,16641.74385885526
78515,14293.630501306425
82046,40335.16338934871
100572,13261.022578516817
96382,12556.752254864152
97575,7528.83059247382
76210,25553.485516864836
96628,15016.501562584182
98232,10140.098573669242
92457,25050.74119018005
103665,14024.491545366289
107838,14543.618728165871
81165,19059.917538154332
97719,45091.93445577709
80739,14432.085133107856
77593,9460.958988577919
84766,15145.995859244244
97274,10106.804344876853
77281,9933.413927627453
90347,8383.111820311142
77555,13677.295309475878
103246,11682.82626800312
78404,26099.04346874317
107745,19259.68116902108
77017,9769.048247427281
107995,13170.527748479542
80982,22531.349409894214
93844,50186.78834234072
83606,12108.727151356916
86904,12506.531698255969
102616,11774.498878306258
81768,28241.03684115739
81464,14540.463502452209
103309,9125.711930781647
92975,24694.095526877616
96156,16568.085840888776
87770,11459.92299821187
99632,15468.451688930141
89924,8642.79299011254
77573,17032.565490310993
102968,13478.394343073314
77822,15835.059655106666
77725,11819.571152682767
100787,11049.032440167179
78013,27211.339522654176
94440,23823.733614259774
83938,24862.54643791682
81204,20683.718874997172
76519,28673.668267761463
82172,28209.980547031784
103592,8385.557914364315
102003,8502.167459460123
104259,15569.698082055682
81120,17205.270776003104
106207,9870.545847152836
86710,10023.320845812306
94024,48228.17591092352
88164,11077.078226608393
86667,12593.904738785035
98371,14979.125815679537
102344,18357.86250691348
83142,12518.140867646915
92532,24096.70164538308
98345,8994.05951790165
94565,17263.9383576444
106223,10069.686126775097
104831,26250.068931604077
96144,8365.168861655133
106634,16285.796614339719
90623,7776.811418625484
91275,24607.889211970694
91547,14638.810210547152
86390,10051.136658695345
101986,8509.765078521175
102994,10960.36268508183
85291,10673.612064132982
97430,11569.080056551162
106209,19742.456391977787
94798,85929.20346081382
104565,8613.43464621953
93679,14850.789319504936
93960,25172.284749067552
90063,8160.8019096675835
80038,30857.92575623227
106513,11564.0752878333
77267,23061.616268781163
91539,24884.49760868567
77973,36410.584814609974
95999,10314.218296525483
78036,21479.869173068535
106191,9673.42166342746
77480,14753.036971638436
82656,9239.599772171434
93916,17378.947351154467
95975,21815.587491115
81550,16018.698053143944
103221,13803.881667148598
84062,13586.798435247307
81584,16027.669305231231
99564,12844.90257136114
100276,10069.387266316042
81308,17574.380836194247
85519,12360.349251221496
80114,21043.928745570218
83911,13373.100164687667
101879,10960.36268508183
106626,8421.079192131729
89009,12335.56561296082
81989,38094.86816231978
88197,10986.697365956454
93592,28113.789600596738
103290,11885.156536182767
96988,10686.4510599516
106777,23226.952505914443
88922,23994.627885533147
78224,16534.149526161847
79643,22093.069097579366
100066,10549.558284185889
99132,7819.944355688538
100610,11157.730520858338
89409,15444.53785330255
105675,21460.808363206594
93304,24646.01357219899
87662,8722.598635912611
99433,8522.507133553232
100011,10148.675030497006
95327,24682.441248243882
90169,13820.403422724568
103978,10979.842925645964
95238,26408.1851332287
96242,12217.691904355092
107917,11014.690748825526
92639,19422.815027071614
88936,19842.11309301774
102923,14377.112514471559
87883,15514.75869965522
82670,15838.79413322671
104229,26787.493990907504
82031,20684.820660458103
94197,24215.176641177768
93921,21389.793711517
96030,30884.36476284008
106335,8207.786296577873
80671,15010.702291117519
86723,27568.078066532184
79293,27109.81430427768
97549,21842.409635212083
91837,17993.524094290526
86437,16356.118408535101
107577,23489.75793049725
88419,10043.615522519176
80746,44650.7045346778
82548,13280.933324767939
102711,11977.174641413692
80682,22103.20122665503
93204,28520.186400040562
99582,17330.557560542693
93195,29364.320289116447
89626,25807.185994812226
84713,6621.672432927153
103182,14987.519001594617
96954,20558.206999446247
81758,21166.06579300237
91938,14248.767610285966
92961,14104.328561516715
89533,23064.505237257894
86243,12199.122270641645
104482,16549.066799341865
83198,10069.550097511577
78284,10149.136958186224
101133,13169.327218994127
94339,21750.658120422508
88631,8337.092180928435
84364,14769.485631750795
104341,14478.602492397375
84650,10189.371929993818
91140,23376.305796176326
88889,12396.675253663765
98085,11834.119436091867
78796,11819.080957724173
80524,25343.104321607014
81309,7126.172158624025
87410,14434.639903818039
96810,4423.775421926812
89982,15827.260586124672
87326,9779.324700718838
79722,16361.339977231257
86367,11469.51318415054
105368,22417.006547537192
92505,23315.024293056653
103000,13385.03588894265
85052,10429.251011402417
76497,46330.50787159609
105312,22729.02903423389
89705,12591.060788418503
104999,22453.533223084087
107876,26239.924726134264
76095,19897.18300747292
96723,23705.20252483291
91593,27248.39052819315
85772,23166.303063375315
107199,9915.510332150718
78256,46354.60616054845
78275,26231.58809815021
87582,22322.969467315044
104231,10133.476208750406
90265,14405.338947522678
81793,17909.7276762617
90526,13528.545271495654
99086,9718.620118189327
92743,22206.435467570154
95412,13963.647233110778
91146,26157.3981947432
95923,17888.30539213942
76021,15756.229016883282
92858,15471.01808158868
90984,33737.976217854724
79158,9847.842599807678
90318,13454.969604586187
91747,17751.905762227358
96641,10104.680478114562
76202,12028.75285920963
101040,13383.395972412889
78797,27223.18177470758
84745,16156.824500521974
76942,12358.587391572171
78980,23527.106658246874
96662,11580.265178632462
107813,26122.806896030525
93431,21861.609297644187
86915,12879.098162222346
105102,30885.430957385503
104447,17009.764301915384
83183,14395.090184985966
78917,9730.506894479364
99336,7178.85948825828
86883,10677.016438868653
104155,12790.501599468076
89989,14417.864762645973
80406,23136.137396971393
103151,13281.7842536758
101077,14406.373662474742
80134,23006.6164131326
79090,23835.60247164613
93482,52532.18579206751
87205,18171.260655107406
81295,42473.21884101471
89726,11641.677378625025
107842,6352.8276092588885
100351,10949.103339459682
78392,18938.917727587013
106503,11684.061837522784
103982,9726.188242222348
89276,7661.871751442821
83143,12892.018897993577
106521,20459.96640628477
100841,9368.31494346802
76990,8379.134597445642
108466,19011.634236709815
94285,19458.264354468087
76323,13689.709740942933
90868,19679.290356445803
100631,11948.146220901865
76196,10778.528301331808
98387,15878.654319708434
107494,13072.51225041247
107439,12244.41394043695
101458,15453.1037490518
78473,11302.993736225488
107016,13188.979150406534
102109,11167.532925093086
76537,10785.82665544899
106523,18005.211143651803
86340,10374.290388843781
102486,17233.474193409318
98993,18569.562116393052
79358,12434.16655439337
79906,10998.016228703393
83932,8210.826608364323
95064,7981.678534193149
108339,19433.00563309068
90489,18227.31620816096
107984,18900.131566531745
108096,26256.833028303503
98313,8226.756197634573
79508,17658.43023893767
94289,24401.079202310983
104393,17902.340878004026
108220,9870.14167675055
104795,14083.011723127318
93178,18203.195928523484
106079,43615.49646678281
89584,10318.205897080426
102435,9455.49625107062
91967,41872.77444101001
107618,17678.644017242703
86862,9928.185824356762
87991,10079.383131233166
83618,14910.574429847968
90089,14815.737440312834
90681,14462.455708765263
85562,11965.096731265501
102934,11730.285488448051
78806,27244.215117862732
104615,23270.608088981488
101221,8551.154201977874
107067,27609.795384066667
101807,14469.179834407927
85952,14524.993143294003
99387,27308.63479152651
106135,10608.723215363128
90522,12586.849692915875
80068,23071.005808196904
95046,41223.24272718404
93546,23730.492891021255
97202,21888.95849153225
97567,5997.113035860177
79963,20109.511290630897
84033,16411.532710992396
86538,17501.374531742167
104104,28379.112553298975
98033,7856.815724430424
91989,25050.74119018005
102114,18357.86250691348
102507,8885.480689440747
104663,15361.219216294741
90772,9388.50012072641
102250,9760.116444009684
78758,9697.751952240515
101421,11052.035404656051
86744,11681.385383934046
98916,9940.652352585766
86659,15884.162572648005
79853,34583.240891281785
102463,10160.385486689798
103827,11933.13400828181
106662,23241.141050073646
97291,7365.390716368324
108516,8838.009810021944
101211,10584.391424292793
94947,17867.90644173692
87948,12361.35652524478
83719,19521.996183548767
105186,9234.471276365412
97592,22242.29223974456
79918,42747.12122261154
78137,11514.562283636162
78859,9896.45450432627
86082,8647.732575444
96316,11617.158803888815
80327,10908.988335419297
81639,9850.103057482977
76145,26119.472227489194
76612,26778.534592196593
99606,15905.916484727024
101120,9239.158802950671
98540,8209.405037807206
99667,9058.082988285742
81038,21865.704153628798
77521,15965.303179518585
83408,7737.105732505954
86905,9965.657279064539
85997,10931.536879725418
77009,16289.08949386036
103958,11839.344751803257
90392,12166.389278809562
94800,12206.04901031128
84391,6888.038418085053
94843,22412.990885105173
85555,15547.717192249229
101453,9866.065682773433
86686,8341.61359217888
101665,11462.436219595844
101044,5274.061421265399
84230,9111.744992610726
88440,14891.4404938566
103253,13821.942363838298
102847,13284.592030002801
94381,41622.12267989148
94229,27582.870475444626
76327,34435.53856709834
97717,20534.291992975457
101291,11793.454756554132
81877,14478.602492397375
88927,7076.7055370760445
77137,23854.389437735153
105325,8274.81276735753
79368,53394.52336899091
90769,15251.02402350991
101376,16790.34602140793
88733,16602.789430945977
104519,13386.178217660949
79100,10603.470723740695
85667,12147.647065106721
91111,25273.069435599376
84474,17486.551113435522
102166,8514.874234100942
96711,17973.84783772616
103102,9831.414785671344
102519,11600.178142440833
92508,16405.12159884803
79560,22999.750490157152
79530,18591.445284678815
103272,8514.874234100942
86935,9771.838424997479
88977,19384.132622418274
92681,14553.313755647583
91978,13014.332100380383
81144,23212.07222618994
98005,14546.167534173457
82716,10481.40687432541
83371,10094.294279824862
95566,18933.988236100024
87240,10147.93130002091
105593,14580.144594553263
85457,10503.509994048889
89803,12561.152593614337
107934,6985.593503668353
94736,36174.63653096184
92865,18579.47465907824
89863,11840.424015611132
101109,9965.877593440693
100755,9867.069711499602
99015,19961.789319868236
98439,10435.751586640945
84150,10184.136056612455
87593,12383.714800640231
83830,8636.429646040271
96778,12166.792237734013
93458,36271.37992638821
103141,11741.733534275423
78576,12968.604789979587
84582,9740.576355784808
84034,15808.860519513293
79223,22622.54807077619
88574,19093.330832351276
95914,18172.444891573137
91830,24222.41260299836
76682,15867.3927983288
76091,18910.29456117736
86187,9716.968256254384
80571,21717.863007580796
78015,15458.051798371582
83392,12363.211172860823
82103,13596.362763501238
93859,21777.54461116959
76290,6616.395918933701
86539,4617.816882515274
81288,18567.49406365306
103599,9614.58459502352
90430,13608.221445464938
89392,16221.688605079888
98963,8341.36681645292
88846,12695.582820550773
90966,35278.974365070884
97360,9403.293086784688
82496,11105.631630936363
96630,17723.55051485888
81712,19954.005241799197
105871,14836.959111892267
90926,13596.362763501238
81443,19715.6127093847
98173,15146.513486272428
90309,6616.47207143834
92444,19867.2891838383
80136,19886.171076241342
95739,14266.028876471188
89153,22996.767881425567
76376,12193.7928712811
80884,15186.64114533515
87395,14865.822832586078
85338,4947.065128952137
103345,9948.904307184883
82351,12397.134306746319
94598,35772.78914904949
103500,12577.219141516682
90717,9697.251405708974
79512,14627.169566441677
82283,21229.344128668505
85192,6353.361123909647
81490,17345.352053893617
94793,20644.730282190805
97046,11605.469600079015
78567,33805.40758578998
106928,12698.75341618307
102478,10404.89329163935
99213,11601.68254531165
101949,6612.597588480586
102151,9669.794837617805
82627,11991.55523358897
90239,9934.016033895945
91840,24608.90272109906
93782,41622.12267989148
97384,14792.227430516135
108322,11251.263146327334
97638,7106.260366339216
101508,17609.488485585054
77475,23527.106658246874
106194,43647.80024467406
76651,17904.510516956732
104133,21400.27882448217
99030,8633.783976883606
81824,18150.43169239932
83167,22176.74410384609
92274,24053.75954651022
86068,9681.764856422587
78912,17515.874758434267
88363,10691.986505153605
97410,11079.475744911026
77823,17171.21014325729
98879,12053.947762015758
77043,9730.181703539869
93902,14381.945454766646
82757,12050.350898237606
90417,19467.444970631193
86645,17898.567669204687
105708,30841.611665148783
79365,17095.431186759775
93456,21784.37586674696
104676,12986.586217039545
92775,14746.311613397806
103789,11803.414182621495
98176,6826.341219281821
101278,10174.04584561368
86112,17439.91375988257
90579,19233.136825336664
102615,8224.582928114898
97093,23068.27352465756
84373,11845.048730353717
97755,14786.612056012033
100097,10549.558284185889
80866,23015.65180499163
84693,14312.716709737775
103077,8447.452584777975
93079,71277.22840136682
97533,26232.459197280583
94217,12269.060970571834
106019,22735.11945154128
107836,15545.808707614113
84471,12882.931801362363
94600,21872.78193706972
94349,18390.5679458542
95132,24777.98644183223
104772,26423.45440874649
92560,18481.41559326931
101638,11666.703032704676
100523,8121.785516243314
82090,11261.879668636884
95816,21089.865048796055
88689,16138.071991686113
82540,9016.88400196842
81643,17494.679170074192
104880,17027.11865746258
84922,22275.651816611626
97849,8385.557914364315
107366,9885.00296723526
89303,19948.307773711993
76547,42415.39667228973
105055,21327.30252572982
104312,8432.342765268593
106500,25323.682690259688
91096,12118.920239257623
92671,17736.765605593857
95982,22180.115178577158
105012,7629.853432696783
108232,27799.555284043206
84668,10234.142403565169
104903,16794.256672012754
86487,8263.06611587489
102860,6506.076686802433
93205,8905.853032024726
78221,16580.35707954109
91931,26039.03416235577
81589,18881.990278209058
106873,17601.95889110599
89482,12747.901047346453
98459,12729.720622719044
97660,9661.672018822399
96409,11569.080056551162
101480,6855.6291797863005
105862,4420.734579355954
90363,10643.540779250705
96433,11547.346639196092
76970,17129.22664680062
96689,22996.377522810926
88899,12967.167127200111
87559,11229.278316191878
92908,26468.003403067232
105211,12224.285351981966
96729,9669.390667215519
95854,18388.471787552335
93767,18621.771376709818
90545,13033.510100146283
84005,9950.789132185397
77380,20357.88207445332
105877,8433.754159436474
104706,28451.601172380255
89994,11505.795238979645
90227,13083.664844591493
89814,15995.518018137373
102539,7735.944384624396
87753,15170.079813359094
102038,12562.30428876552
76666,9851.096142742403
86698,6847.09866019552
97368,9660.358766941268
79416,22442.85425990161
85147,17488.254583068887
80148,24101.546632842772
96579,14793.691251095635
89817,11790.879435248895
86431,11344.81556090135
103566,9498.564726167791
89355,8388.203583520979
97349,8635.195371051486
92618,20446.73914992301
98595,14301.626865026206
87502,12417.002941915342
107954,11290.94602556332
81470,33121.44804795031
79848,27156.71494133631
96373,11609.298715629762
79599,25049.788137153642
101454,11776.341769093202
92802,23994.550986433278
82725,7705.529758372691
81084,28313.348480950073
90130,14673.537095651138
91985,13674.596462845047
79528,17069.088647562065
86359,14412.910501652435
95724,18310.593320959935
102527,8923.234356498004
87032,25165.886313172
78499,10166.22619707373
107980,30885.430957385503
91005,80604.15487382557
100196,17567.558219330287
102797,8225.74788948804
77141,13664.270295099774
92109,46291.50816614275
96501,11608.047086519886
83865,10503.31450121039
79122,26231.58809815021
87979,18069.186583014784
93237,25001.043372607965
99104,14368.311231104348
95095,17620.67236932464
89412,11009.3764035181
77440,9800.091158897018
84127,9938.430057187868
103842,15409.52108585402
89806,9557.679049672757
98894,9981.506859604253
88126,12494.009719935886
92809,18458.383127192403
106076,12076.222028331324
80110,20706.357204092586
95396,14410.656212848839
103003,17283.40103209725
80123,23648.27814005866
82441,11823.253322645633
89990,21279.547706521997
92936,21574.592273890503
82544,9825.99175738872
91339,89683.09311323131
103929,10549.558284185889
102389,11836.102988822957
91128,24606.565655927185
89752,9658.849437670226
76840,6854.022664677098
96514,11683.404255447947
98706,15223.83394310019
107602,10518.650150534037
103844,11043.619503271695
76375,14371.569882270016
80401,14049.302346350609
79030,18418.303857079707
105766,12525.74597291793
83033,18810.431165297792
92521,12302.508323257554
90836,14405.338947522678
99168,11236.341520012507
86363,11950.051677633142
87320,14402.150861642953
88185,11264.65045424089
79290,21889.67433225399
88091,11215.060244868995
83838,6546.784945429979
88099,8233.087302561722
82824,11612.782244319276
94204,13521.77333099585
107723,10466.008825034034
93691,20193.169280213875
99317,19176.897447218802
107105,14578.994957145062
106351,19741.761062077632
82970,13790.240820764946
107261,7854.142196837025
76679,28310.46874326805
79464,17573.298575487242
91312,25103.12293926527
80546,23073.885545878922
89220,9916.725682867513
91796,25575.118649202435
106360,18259.531065527925
83027,19847.596472990386
81553,12455.79527496638
79124,14272.60029952074
82590,9891.079846920571
107515,18394.454838598373
87964,6425.1658076096055
79995,17539.331185498162
101022,10549.558284185889
78580,24934.495547103037
97644,9668.523591734463
87603,18177.121289288032
85091,21029.742695368634
85155,13850.620632556347
78402,9966.407558732735
92603,24619.800556679867
79788,18716.920138137204
107769,21268.786784929962
105117,10865.607327291451
94619,48447.71118612321
76808,18204.88341706844
89229,15796.289542591165
102592,13841.358235030997
84597,7369.374725048984
77146,26241.73230362002
98794,10331.547903835964
100453,9932.455003503124
84075,12404.963445153608
92090,27440.840510630183
97646,13418.371372513708
84071,11426.433754441494
80924,22978.632847326233
91167,26761.438898852233
92607,18165.242618848086
99654,14016.510558167101
108195,9496.971573999574
95150,25150.68022407152
99921,6330.905692572823
83768,18965.23730361279
106095,9684.359744599584
79380,23002.163893763554
106671,36441.32549714086
91757,27540.352655859548
84936,13280.933324767939
77970,18935.27142550666
103327,9263.127692610738
102169,11724.991376613449
103207,13115.832716291914
81602,11128.41215284647
79975,36162.79924076802
102385,18144.515804033545
80726,22975.753109644218
106953,14502.917587353557
92929,20022.185116737015
96553,17878.796708635222
79654,11734.309557888148
95376,18287.97932410495
96667,19962.247767610083
83421,9934.517661124308
107579,17924.90898454128
89108,18790.07171630006
79958,24548.341605635735
101980,9246.138823137222
85178,8694.106147295344
100898,13243.322029074408
94926,11932.478488302626
104484,11890.799535341717
80250,26244.612041302036
79639,44763.57689517033
84385,8398.09511875683
98249,14693.137666699937
94803,46302.18596270767
99178,11546.988459981256
99706,19224.745889556994
82493,12659.04042490237
105868,18462.934200124033
98807,12167.450986166703
95529,43753.395268560475
93580,23577.113404389318
91437,28512.295877405108
87804,7071.52994559206
92901,19377.25328855796
77177,34435.53856709834
78856,13316.031267571174
84586,4350.689569280318
85230,12564.153205883955
83215,12334.813769941284
78610,14662.40500739418
100081,8925.4740379229
105716,14491.287246401502
95022,14078.034977139314
94225,10633.689433948628
106371,10493.076893982712
76850,16593.422412625205
108514,20471.209396895458
80352,39312.70167902514
87930,17439.91375988257
103564,14528.073334540797
79881,43130.875549631666
86736,12230.854442838476
83661,16184.463599064826
98853,20007.058004111208
107158,20732.54958283313
96809,12217.691904355092
84048,13294.515064224717
90608,16247.757931076323
89134,15796.137037932807
99321,10652.295559033153
82452,25143.653795183
80684,22975.753109644218
99699,12592.039248075367
88449,8527.472060789172
76962,14285.043774375097
105626,17918.247779814472
78655,27580.292454546423
97115,7782.952574154559
94865,15513.940908822788
85675,18279.537922013176
96671,11921.091719973583
93365,27364.56819208389
105188,18045.06357543991
97713,11571.884263533533
98996,12420.15709401872
98329,7718.63770866522
96091,10314.218296525483
101010,11032.428360511023
87169,15535.681250894682
83760,11764.671956029408
98511,15521.569429854551
94233,46297.54418801641
92072,19864.10712006303
79796,19072.055798849586
97619,30432.514544355057
84419,10503.31450121039
101015,15454.74372608814
81132,19524.538882022483
105597,8257.461607530167
99139,12601.137965847185
93116,17945.900084278
97838,13552.161975498115
76627,12120.8599882242
81785,14352.262872615569
97645,14548.070389196093
78865,15987.980372643688
92152,28382.81011500239
106432,27454.557162850724
81609,24266.320131946457
85585,17911.15044014426
79017,9524.745135766578
105666,8068.568146103438
97664,50587.39425509836
84418,12407.153123791311
102163,8320.694442856795
99675,9523.508914265676
82132,22978.632847326233
89488,13515.170630425917
95516,17276.058605265905
88542,10112.019691281464
81995,22056.382332081674
81065,18278.293992446135
89542,10038.594020187234
87184,18654.88726976309
87194,16317.102157515945
101981,9452.07310673561
105620,7820.097144795153
99094,23333.1097045958
101950,13320.291142320692
93488,31714.52497181328
79632,19171.291982970102
79299,16879.653978541926
85438,10391.220362446782
91006,54149.76167654814
78636,14306.52480801021
98590,13038.356917408215
97735,14159.422796722316
103694,15262.22761128534
97890,11615.193106400366
87646,7088.042679439027
107953,25535.533440855983
103882,7906.054323381937
77900,17117.336526636573
101991,11948.146220901865
90105,8385.557914364315
106516,12453.06230501811
108415,9427.253083658428
78853,23126.43575849216
98196,12068.01271298495
95738,28714.746356795386
89535,21386.033324970715
85467,15234.977591299574
100920,8550.919387677279
97314,10246.977859310486
103461,12278.439319710928
104907,10990.903770455518
92168,20154.304165592286
98077,11840.426463895783
80593,46490.64310447153
76915,12539.823760173174
106919,27617.763124831363
95592,25063.063706542085
105772,7740.669083827044
95614,15047.531727952894
92550,13518.385255079751
92495,24712.484205444856
84341,10835.012336596552
84600,20111.91456233861
92665,17402.394709551932
93922,15175.619784140436
88129,12393.549644106943
82700,12576.01338084261
94492,11771.261494361324
100974,12392.912537321776
106554,8524.76951248089
107785,20653.63750863821
107443,8667.163047059856
105470,8274.81276735753
99750,15258.45947410073
94633,19960.164503333526
99429,9412.170237575157
88790,15887.135614443057
104180,29619.28769344152
104589,28391.659108780757
106704,17154.90335414956
78596,14097.63895099002
102083,8051.007151569925
84507,16278.530760624142
94274,22242.54027549039
92588,12266.972224418367
84344,11988.776778928588
99818,27135.993297069475
76710,27756.379108092107
107923,14015.390330932863
100470,9002.672292316405
102211,14548.669377470416
90030,7106.263392987775
90852,12126.994857398684
90222,11280.413049642559
105952,10321.320298760951
100876,13549.059068840454
98062,15510.549135025884
100478,14737.438127706284
85486,8480.517148709489
98292,10062.467468451967
86160,10316.23155175287
82468,23147.691181784932
76728,15986.857407378855
97277,24574.96400233319
107553,15839.789662680607
100325,8633.783976883606
91775,34292.15956986587
104326,28794.438953025794
102909,11930.343432929869
82173,23067.759696985035
96281,11447.038955715361
92426,14806.225685976175
97724,8495.579514471492
84057,9305.63503598964
91020,15386.257445135758
100095,15244.10525950378
81655,20619.52944409998
107220,10325.08708831441
91626,25150.68022407152
108469,21622.24727893394
94037,29463.62999766118
83530,7706.326621787676
84542,10339.016476428118
85634,10030.443838164585
91707,42363.143578988456
81934,9209.57154623475
94960,9938.430057187868
105778,21085.31033955424
83841,7705.529758372691
77242,28229.06457185983
104694,8002.3587162199765
89706,21966.47272726659
88670,14398.172258753382
102492,7303.13257470026
82971,16022.571510867168
87256,8736.93646707891
84642,13280.933324767939
107437,27995.07267467965
94640,15004.986243891291
96089,13837.127964472229
85018,23267.53863042231
106576,20504.354358743036
104158,9397.123323475174
98002,11015.17862236434
108045,28196.951645625948
105890,8614.237336367372
103298,8514.42713848739
98977,27068.275969454047
100431,15262.22761128534
81100,16564.195474108554
85300,19173.607325732413
77518,12108.172164325193
76712,13152.798510640132
87545,9891.079846920571
86848,15922.55850733131
77647,27173.271608475297
92094,23171.598268443402
78540,9882.992918573253
82957,19256.61503245597
82768,11797.15071634268
95875,14085.34672493897
80705,23625.122462218715
76746,33306.778653210575
93222,17661.693848787738
84494,10585.861358007336
97557,12086.239414721937
104969,20827.244482412654
92998,15479.184732653503
75991,17662.375958533063
78217,14267.732390513254
79176,42449.26994954457
83261,8637.841040208152
81177,37835.47644374163
89681,10294.227026209644
96968,12964.062273250283
82896,8200.732104258772
108357,15614.042324831586
103421,10574.752957230668
87971,13679.963952642243
87170,23213.725179650683
89941,23226.226483262893
104046,21270.314795997238
88894,13191.920522194232
82638,11056.493029659074
79213,15767.16319260307
92902,22731.981753906057
79282,17294.033289345818
86331,10661.774987386343
76336,28313.348480950073
96080,7763.793935500806
86990,17510.765289068728
87762,6563.144642622156
80699,25997.19813759425
84711,8637.841040208152
95297,20192.171334922772
92828,17528.009461611175
77614,19943.58384261552
106565,13248.041942572092
96874,10883.789249156598
77145,14357.470175780069
80473,17854.151160661662
89438,15827.260586124672
98442,24529.48804035395
106213,21264.29239191707
101442,11788.689466288466
79337,23225.258144497777
106021,33950.22067655626
88638,7771.428466352568
77383,9900.007129845295
88452,19508.371352392525
104464,13730.429980653485
82639,10875.43378980969
87305,14193.600537023442
93172,26408.1851332287
98857,27255.832017616976
90873,19774.830972259984
99679,10114.137327166774
78104,15030.678794123849
77770,17979.0704654602
91351,7967.983831951599
83700,10587.63835527912
80548,31452.95909917713
81163,22062.11946409455
84140,22126.263568659913
95479,23093.084048327404
91705,26995.325274896943
97722,16543.59501649052
88383,9954.60753564845
96632,9954.260125680314
76496,14429.485369658903
79062,26194.642799829577
103519,9866.93275825449
87592,8409.24017911883
97668,21937.66233376477
77969,10572.822920036515
97610,28229.06457185983
93889,18539.019958342036
87792,9046.614730698198
95078,20126.421408503425
87575,19411.94691640306
78804,12340.624835944567
84242,15963.054041312957
83462,11823.457686377562
102260,11192.879755352422
102635,17483.616751073572
104460,13671.381513812275
100463,11016.364747834916
77272,13838.988506430213
82246,14408.672873329224
81472,9359.078618538731
82420,12175.159737897056
91586,23577.113404389318
91099,21118.786843065325
103536,13448.550161748786
105169,13475.26099934374
93837,23486.679610136594
93958,16807.225031034297
86124,9885.181255581261
97448,9669.390667215519
83040,7503.005967071149
104713,19736.57498861316
101549,9893.195706239805
96018,12267.815546129494
91089,29275.04814754404
105130,10884.0830740026
84720,15626.158397726555
97182,12376.270269317092
81653,7630.683447567688
87522,9678.353861510424
92754,13880.308041894417
77510,6782.577679869761
94863,17709.03173888222
108414,13306.45875004598
102393,10980.991933809975
81528,18463.062141389477
78983,26231.58809815021
98051,15140.188487114317
93080,17645.17705237095
92657,15946.843775731577
108070,16280.065065787265
96990,20721.593919646813
83301,16639.82076113034
88459,12789.177568903142
80158,18448.82840814234
106913,26286.298897528126
91119,13530.899357949436
85522,8034.036047676203
87469,12541.315529181305
89620,16019.958634406306
106903,6290.3427799943
104183,14541.23746495793
107015,14826.845462279485
89120,10503.509994048889
80555,26127.817895572753
107037,43615.49646678281
83340,13292.635761533711
86654,11439.56495171412
76116,12110.749650766063
108208,11157.815527889745
99790,15510.549135025884
100950,8837.141715813745
105495,13285.970985184631
85317,12882.931801362363
90114,24405.72945059849
99322,19394.249442154847
77185,20742.840249120698
99412,12146.944818868573
100021,6544.366324422867
106020,13316.008211116634
85234,15975.233181227064
90059,26259.88813552094
106902,9465.597107425385
106871,14719.446855928847
97784,22274.247824456987
96140,27145.386149767517
103840,10994.5414457832
99573,11313.26643346588
81967,19368.920512365698
96124,11013.055611116295
80245,23076.690394954316
90896,28456.54447183949
100257,11678.166998717437
76759,26170.18691874041
87022,13045.195603403075
90758,13776.663956473758
94073,18609.821626891167
104837,12370.297773853401
103025,10549.786425886172
91765,24619.200427350024
88352,12174.730910290766
83826,13957.908969503655
106648,15431.007377219901
102967,13791.177577170947
88989,8637.841040208152
90846,14363.106401392706
90232,14035.142810388015
95262,18771.058309965094
80599,7961.888440047661
93353,17868.81708666735
100230,10551.953002893186
104516,14712.339247734251
76127,13692.419977694139
99603,10140.005363579854
87441,10530.000621692901
98607,8630.75667916878
101385,12093.606613480968
84028,10985.246634524266
99900,12804.773226213767
97880,27008.302805500472
103005,9869.736016313227
99862,9523.10474386339
84899,9403.110682477727
76129,26573.830335060313
107674,37704.952637071336
79058,20764.147160425713
103161,13483.12030984359
77525,18671.4261510665
89366,14668.28793460023
76529,18748.635020742153
78121,45180.13439520773
87960,8671.845326298358
76468,9889.689722718924
104029,14745.929133040065
78294,28673.668267761463
93269,46280.42234691117
76124,12944.240600687292
107551,18462.934200124033
103953,16071.692501884007
103212,10943.34086374327
77337,18987.937973471027
94095,18181.70555879275
95358,21568.208956178267
94772,23197.58995788428
99318,13256.7289386508
96569,14106.687453489323
91669,18470.683964416134
95240,21022.664252650935
79693,15349.389300807445
83100,12108.624400756662
85506,22281.300559682844
93245,21771.870193252063
81444,12810.83710602149
95558,21566.700517072688
105709,15614.042324831586
80796,22946.383224751364
97061,4355.466767596286
91452,21771.870193252063
88626,12789.177568903142
92700,28491.230579847404
80109,18256.1552253248
103649,11799.649884117902
95545,16169.697581484848
96879,19622.653437485325
94580,13956.241564059415
88361,13770.035481200843
78094,22075.19349271471
82831,14869.524483738509
76965,30926.863580633202
89246,17476.17259689147
91844,25356.295929780743
92122,18845.195369723093
98944,8992.64234309113
101088,9531.37116524115
107119,9870.545847152836
91603,33340.42121541808
83339,16032.062322047987
105408,18071.980780746544
97091,8084.719703828236
93822,18363.517139492775
96950,10051.179237828095
106461,11587.56968444693
79538,28229.06457185983
81813,22374.27885903451
92640,27195.682035917544
107376,22961.451571659014
88834,12609.064205292236
98532,12787.573762370592
94957,21719.261489190616
84884,12368.837745789859
80124,23052.8132770265
92048,25334.572086815984
90244,7528.83059247382
90103,7553.491398518182
108009,6757.197357140397
96435,7453.805307469746
89475,12979.699466565911
86286,14206.088150066875
100193,8358.24597107808
99733,10677.603710677877
100561,14086.450972003837
98626,11999.825049802383
89177,13017.065386050193
80294,10756.061872714183
79134,23071.005808196904
78603,26910.694972534475
108528,16286.57678033687
79147,19924.488862226142
78538,7120.5942496567295
105042,15891.515038251473
93560,17757.43281132679
107122,12028.246608567635
107336,10321.320298760951
105831,15826.337975297949
92973,20082.358565938226
79087,9378.56007514442
86806,13280.933324767939
98787,15711.18747045488
99838,13469.008579155106
105442,18959.83150128947
101659,10221.659970588611
95085,23730.492891021255
89893,10881.10562750825
100412,11204.849603254765
78433,13425.444743643508
90887,14605.698415815852
87783,9964.141771975994
105572,10654.223589232914
84065,19982.40405755356
93714,27437.416234374232
96148,9669.939846026291
83771,8938.184173144951
84970,8070.023625756224
88859,6973.806778214595
104620,29457.024864666946
83749,7158.371164910557
90174,10100.309403694706
93947,25050.74119018005
91462,26838.643261443565
108075,8049.6548365791405
79113,24987.01687597829
88445,10402.13482295163
81311,34419.10679398201
100633,11361.29863372635
92904,24606.565655927185
83091,8212.05070696387
104657,16876.451339159554
82910,18995.175286964386
92383,18785.433353598004
93424,7008.1310233239465
79891,26067.506140604502
98961,8410.340242848266
81502,31816.43794960896
99035,14461.22255609268
81371,16109.677799134257
87333,10341.238552776473
90353,6373.342631497795
93258,20782.770722919675
102053,6019.68641719914
86713,11333.933370463967
97203,12503.94759842395
92794,21771.870193252063
84293,14003.620871692738
91672,15579.909333486281
87085,8637.841040208152
99300,35445.4490385922
81242,16584.612990400205
77834,46327.84316449275
86864,13952.542753075853
108332,17512.796551148214
93461,21915.185658191567
85198,39353.307552064136
75974,18935.27142550666
78679,17292.73295400362
97060,12494.601306121525
89300,22377.27521415345
97682,20590.702803239634
86664,10571.228052792096
85169,30332.758566474175
82930,18150.421330673416
104583,21261.412654235053
107212,25063.314467145923
78128,13200.697433269432
101395,16015.531410215039
79984,16646.816142768075
106844,11686.419373091054
76507,10607.781254697411
87935,14442.569667090445
81796,18138.950193469667
92942,18637.097529815488
87848,12013.948365603597
88325,14916.499469943261
91296,14044.245672512572
103415,15619.832766528762
99038,18966.086702520824
101080,8354.568581017606
102789,10305.713929447498
84656,10609.104342058816
85716,13402.934635357691
90233,8395.210621911541
91097,23670.059210239328
104466,16246.040664008071
85061,12267.891556217919
92535,22249.418167746026
82437,15036.976618090193
104845,8620.308090862347
99353,12829.242252843296
94273,46270.66551926645
84080,17387.685968709204
90877,15449.193226759988
77883,12855.398684022784
106394,18144.811041877885
103042,16682.195810784473
105388,18498.39183207542
93490,15731.908134289015
102852,14430.570311812853
101859,8516.499605621138
108113,18146.757162634844
77290,30995.66905949874
80341,24112.819511459602
84286,10313.782453163134
96187,17349.983541459704
100716,10230.947482478441
99682,10111.303826603567
89827,13579.74529122339
82053,12157.978935026062
101135,14189.141350608923
78574,24952.957296580287
82541,17021.595071257616
94530,25168.694389685104
107277,17807.227070956706
88719,11232.08252317425
95962,27920.79138101815
89249,10942.897011727548
98786,4353.577400518833
83968,4612.300450972139
85115,12092.580147749964
79741,17543.363764633843
81050,23528.22492008167
106955,16726.87540612885
85572,12368.837745789859
80604,32512.840292147277
106115,18949.167169564083
76213,13719.625690929894
92026,46282.43486932951
91397,14714.745879104998
105916,13495.265713838326
100938,18506.2024292737
102187,10408.550942472348
87434,11681.385383934046
99959,11020.938651455113
83438,13115.575748256098
77840,10087.170540756339
100930,14737.438127706284
94925,17877.477449745405
78494,13772.304089036748
102418,9866.512778386985
77793,4375.2994337686405
78383,22941.570530735822
84216,22169.91857274056
82610,7822.590024845203
97544,13829.08097896494
92549,29423.087448961578
80538,42523.54235100534
90890,11334.488712199947
100299,8770.3179047296
89902,9412.426711303495
105561,21989.948754285208
82364,10503.248061304228
78091,9996.956358612388
86023,14906.445195811604
79752,21868.287742467517
106315,8665.751652891975
80934,22317.899703247647
78782,26244.612041302036
76471,21743.25131534819
87418,7643.394922234063
76891,24514.181563835493
102628,7600.042331180633
89363,8323.095765701242
89237,12161.526955441075
80257,26117.35000572849
102857,7854.7001950056665
76201,38705.152072038945
104887,7765.322491394839
102310,7805.984902396955
78714,51871.695193177
89302,9969.460784625613
87676,14892.307702786296
90321,11959.18048390979
85244,16864.54669999251
101913,11429.540317492581
87086,14220.028975305187
81974,19915.368004710384
98075,19183.39139240806
80870,18093.212700495387
81556,28421.09172465373
94722,28486.700893001387
83840,15841.795312330476
100809,9783.842659803262
77101,16688.5347653226
102172,14094.968643416578
86373,22099.213035237262
77540,11564.555333184315
86271,16605.274542205483
77679,21734.936561838378
99807,14597.888758713776
79126,12327.562799272508
86337,13338.985986123576
87496,7423.12593382034
83272,14345.304682675089
103495,15262.22761128534
107915,24731.579248003447
82213,22830.253203193057
99461,11213.237998205543
85797,19031.253223229312
78898,14021.946289829222
86463,19043.871380356868
108138,20073.61436208932
88417,30336.029145048178
78694,42312.22077047703
99802,8637.387472745635
100250,15408.422927075724
83482,13298.685347089166
104457,11787.17393817819
101415,9530.701670344062
101767,11965.059396048304
108250,19725.33199800247
89772,11330.014948893215
91127,16067.016721390915
102887,10717.30235271273
90756,12389.668230892425
107554,25227.151282286675
103731,13506.286079730156
92317,15309.10560440073
86805,11612.782244319276
91722,23996.129568335014
85026,26141.492535017453
77478,17765.511220545566
82027,24542.386815531474
102742,13383.395972412889
80198,16475.679289613236
94907,23600.85278241496
106738,10511.553301126336
99797,8034.941597145235
106456,6485.923595585787
82741,6831.7732051162375
79172,26241.73230362002
106696,13308.098666575741
82422,8409.24017911883
83924,10496.83976904992
90599,10020.92462785511
108095,20317.77151373562
91777,18536.400884929273
95001,15715.048580512683
80408,32961.658423206754
87330,13718.093954249782
103361,13415.548172378974
89641,10044.856562449995
90618,12987.78456237615
91679,25054.98318104288
96844,11513.73224565717
94418,21771.870193252063
97002,16742.04997027951
79748,27455.642245029212
96355,14806.009801353006
92347,17704.728631001548
81569,13261.22671376401
106924,30864.275213707693
85270,12344.054107529182
99622,7766.539413577438
106843,12190.15616484899
80147,17374.13866597728
102181,9359.967603479447
84710,7481.425519837552
85189,11304.239671826075
99281,22194.89294157718
101130,11462.824730401537
91554,20161.309355319783
86116,14925.6495855334
106899,18079.204259108265
84516,17782.28673538599
105422,27642.09459571608
76956,10584.82951853706
84006,7258.406967726787
81453,11369.516187705503
104850,17485.601737650803
90867,7330.022284908369
97154,12377.904056171214
102088,13308.564111369653
96019,16684.64617580013
100300,8512.742898782066
86459,14541.23746495793
99304,11691.248481561921
80630,18589.215356577486
82387,23822.30414453163
91359,28304.295648066272
79123,9807.166945597835
103324,10767.866753872313
101086,13431.633959777972
97170,10089.718820864562
91834,11996.536968879314
85238,9370.139994846524
81942,16326.856038775377
90971,27661.379831440914
87864,14578.229115997969
95296,47471.16377696455
91427,14176.917041741171
93697,20102.275451428017
107694,26229.13588914682
77364,20098.069220360085
102144,6823.488482905763
83410,9863.040007747059
101560,7774.137797089666
84775,10919.573057276932
103879,11194.301295874156
103933,9867.88018642998
76344,14404.827795038715
82119,18549.579263965228
102130,11675.87035578482
85748,8372.42431816457
93769,22330.856200083275
101775,8354.18350554658
94613,16042.729793582701
104021,26286.298897528126
98175,16661.872079719196
98477,11664.986455946484
78185,11327.935756167495
81576,18893.33542755565
84854,6361.315012699026
98361,11819.942807219588
81390,12164.469227380167
80911,67060.2177984957
89407,30332.758566474175
95981,21750.658120422508
79131,9521.415200712152
96624,11376.589179846069
85131,19076.45796777079
76436,10253.430632061269
94111,16236.622444133205
101518,9626.00660820163
76588,45239.70293640924
82353,26231.58809815021
96186,8635.195371051486
92735,18024.722182304296
87271,14779.333510593646
88968,8714.750073644
84154,10006.546687797298
93692,24792.994908963406
89484,9843.010989934972
92547,24472.35315946451
78689,11913.971987982433
102058,8499.308520186638
102579,16604.218054159315
105825,9870.545847152836
96154,17667.40381407427
102183,10991.10227126811
85976,11292.803038348588
98679,9523.508914265676
89612,9941.471153108849
107988,20388.31210476686
83362,16043.808637779355
94251,17667.325440797766
97018,15157.901762816207
90329,11628.491269535925
104604,26048.526520283427
83742,10504.52489591789
99447,8635.195371051486
82194,16912.935995108553
108351,18315.092211040344
105314,24731.579248003447
97351,12498.011532367413
105861,16566.359376936514
83010,11193.119157612431
91447,19593.929370967224
87619,8684.242752444123
91870,18907.303214683256
86543,14214.872183343483
91484,16451.30174111243
100659,13383.395972412889
104491,20306.454865094256
100779,13398.400140415186
100935,9439.793041386976
82331,14571.977301482224
105140,26900.223242471864
96349,15190.173602316669
82664,22619.107324204884
104532,9987.602132826036
91854,25745.69103995776
77003,17867.43083979474
85137,7838.843249982136
94577,27625.985395207827
85461,10371.74677116527
77550,14647.371887686984
99095,13487.917489607913
91832,12864.400244644452
85920,22174.6090908514
79766,20401.38632138349
103839,9485.469461785236
98167,15614.042324831586
96684,4947.065128952137
106982,7420.220288744229
93524,24545.499599118793
108310,14399.759156289107
106569,11211.935737920889
98088,23835.906693821016
78890,13313.322478232578
81559,16977.186933388162
105178,19058.84147844998
90578,10287.036966712556
82299,19167.80043029188
103885,10993.957325670746
77488,10314.322186919138
96669,23341.44760724334
78344,24752.960171537477
79405,25009.592057129717
94620,30347.061947738985
96836,17357.758283484927
80212,12390.889903151015
95746,20903.107711017587
77363,23857.26917541717
76866,31096.507070157215
93847,24608.90272109906
105175,28151.47369102017
90010,11518.82998684024
104429,13459.425165268447
91160,25100.982406499425
78906,16223.56803696386
106414,26065.655020187685
86910,10577.912367606707
105882,10513.519847010884
107238,8606.56033408336
77102,17674.806315301976
76704,9004.360975905354
87083,17374.46937125255
79057,26241.73230362002
83270,10618.337895453067
80561,34591.82557818286
88469,4395.438040783959
78768,14351.507684506665
83574,11072.863660435094
76771,26231.58809815021
98589,18915.79331806195
93091,21777.54461116959
108358,9859.922445637249
94601,24606.565655927185
76151,10971.16355031466
87442,13034.780152895937
93531,21590.59796164966
89771,17954.209267912378
85803,18309.467728542906
93147,23465.987520308412
105196,8347.666764679618
76171,23526.78634989822
90616,12007.75333940274
100032,18357.86250691348
92905,31331.207108059552
95696,25060.62647599877
88913,12574.875253572038
101504,9888.834361532066
92241,16630.44509463213
99822,9578.558002643827
87745,8100.22663801256
105827,17691.88614999157
106620,12277.040821124556
93497,23781.500059979047
89250,13753.327875513496
105581,6691.647981099028
91076,14059.523380679855
83506,6876.701275722073
100635,14969.09310681777
91828,36357.40976399094
76039,9737.922720839291
80685,14230.155468337176
97571,24209.68327135992
87425,9914.675252052139
91662,14093.809933452443
105161,19961.35361703732
81006,42588.50119441908
82888,14369.47739468595
78545,19293.42102374257
102922,9138.588542810832
96198,11117.46753815146
92979,23566.35401764665
105623,12030.119280390958
82195,14230.995666990098
76760,11496.381871835194
79305,20683.718874997172
107942,16436.216131190908
81981,42431.05293480031
100135,10551.953002893186
84307,8673.25672046624
92628,25959.60384539298
103304,11854.485447167917
89421,8943.372236896708
103645,11936.578570203736
77164,9889.689722718924
88451,18376.553498362504
76488,12908.308574002462
92835,26267.688631289264
80449,14460.748316572888
97408,20164.53100731002
99256,17118.2037582882
86205,9909.280393817733
101002,10773.898663596028
93390,17417.007972516658
101654,9752.541836957882
90595,8397.40272360569
94955,24647.31204350583
93871,24209.738300561647
82164,26081.05591673496
99373,8384.146520196435
90148,18679.579099701125
83210,12392.27953134451
81726,14246.314938062827
78041,17586.910732492273
106229,9915.510332150718
84209,23044.309483736262
92225,27732.63877455413
91878,12640.55734617722
97878,14442.569667090445
77435,17479.06663931323
91180,17736.765605593857
100272,8529.700585867362
94228,20287.669334147246
80549,12722.546683433207
99566,8557.799014782817
85829,10094.294279824862
102693,10969.732588187826
83322,18169.369851355565
96980,12138.59469680636
101844,10649.84800766334
80791,71569.17608620228
107384,12209.47199113502
76193,15757.317649696613
88605,13122.704665219067
95910,27119.33918338351
101217,10783.73050453328
94833,18176.16036549463
80221,19818.42302609704
104479,7431.775406187259
94405,29275.04814754404
93415,14291.71902296857
82460,17437.375002723606
83009,7735.157598443053
85429,8540.444070411027
106034,6481.497352033958
88406,9568.278558057316
81623,26119.72112808709
93605,31706.361513155283
103670,15408.422927075724
100409,9630.568108881595
107237,18462.934200124033
101669,8733.236843564739
78854,46561.92053329672
94034,24614.72706636063
101096,6214.684714748761
98417,10114.137327166774
76874,14308.460592203995
94954,20001.06337338009
83137,18963.211645208186
94653,21599.781466392018
87567,18073.879698856606
78154,16438.98211878134
84461,17465.74819852451
85686,10585.861358007336
94342,17337.57158335449
101392,11936.578570203736
84192,17893.506643326422
106701,8529.755831932578
104013,18679.29347406118
82745,12450.808315421826
103973,8128.260903815657
90409,12876.618175240366
90651,8633.097848505478
87413,18926.931448246527
102121,11523.858582639332
92145,23049.664953909218
107141,7758.613606368199
83230,8223.114808678976
78553,8507.682665247301
83939,10368.422654126512
104875,20123.04375871236
78129,34433.77586275494
80313,23095.57096193473
85535,15652.91520875209
108311,15237.130715901392
102292,17474.54733381695
89716,18945.63574084319
77046,63765.87335496032
97611,13928.973925149503
93038,13895.319712863271
80503,16651.886302793748
79132,12919.277875476082
103759,11902.884319009385
78960,13625.218117737364
97265,17510.765289068728
77855,15425.964148034576
97371,14084.224401779726
94297,18532.36658823797
95653,10145.6982034439
95891,24593.186780345506
81947,13820.477289818919
79702,15825.265471157158
76463,26234.467835832223
98065,16081.522701475384
77154,24401.93429571818
77348,23527.106658246874
80987,16453.31574759702
92207,8484.795952962058
92983,25168.694389685104
80731,8464.140537802472
86277,19117.62132700062
103051,6737.06051399389
82013,18558.369239820488
78814,42358.03490329317
80153,34866.71027175283
94618,21955.98868251452
80059,25006.484666631695
105557,7993.81325449951
78860,19743.1467411207
84849,11435.139359951194
96896,14787.908251378984
88244,7969.852518244557
105984,16769.425895390763
82644,12576.01338084261
90970,24678.605479916765
98810,19159.718795517525
85184,19117.62132700062
93723,46286.22973476098
105049,12180.140769374424
88554,10791.66441177835
94996,13877.185763596663
107689,10518.650150534037
81575,42929.75434407375
106988,10518.650150534037
89894,25781.98020847112
81703,17181.04572314541
90718,14640.203297268159
99561,11812.5634377007
81269,36460.41145263256
103069,7884.311750152815
88952,12518.608245248208
95295,12055.10360042275
106589,25697.289826574044
102918,8862.776505344264
93669,25140.31314071602
86144,12717.487777491488
98336,12160.488378181764
96891,15733.560758997952
98576,8305.838123845067
86038,16130.854181489602
87511,11106.96901006918
83642,10705.894973927287
99964,8354.568581017606
82842,12789.177568903142
101714,10976.965743625533
99439,13816.793105438946
108487,18159.49514767119
88965,11090.566788639264
86445,7244.6026168978715
85916,8371.09251122244
85616,9632.203586328043
90865,18998.92209530198
88634,12153.12683680275
108094,14455.921491727495
82654,14990.137726636654
81401,17905.04809503079
85163,21417.36898303573
97623,9669.390667215519
79759,25996.108713152695
108230,10511.553301126336
77757,28313.348480950073
83089,10195.853386191999
92851,25163.002740433545
80656,16139.017296442833
86019,10503.509994048889
100887,13913.679852539211
78011,34521.53003882828
96398,15548.383685029277
85254,8021.1780427458125
95254,21861.88586643479
102320,8899.039842951732
88408,16048.480254507225
106594,6974.937327006736
83849,7413.5577192870705
79313,16539.642557085917
95010,20029.470948524948
105546,18601.826814366523
81884,17854.358112174115
106088,22500.418675378358
100892,9660.754912097598
84487,14633.974791799896
78004,30304.6054170277
97446,21426.72416230437
93170,17291.480309633258
83208,19558.926321727773
88728,8673.25672046624
91300,19921.478749204147
98637,13571.883173273307
107267,16027.69598908766
89956,14389.715399057144
77052,15754.231315395667
94583,13469.871551959845
91424,18868.683733837282
104774,8370.33118451884
93699,20161.429231899212
102986,16025.729029202746
94176,14671.723599096837
95618,18971.1069798324
81622,21626.38942782936
91273,25691.325715179933
102725,9067.303541603189
90479,10287.036966712556
79835,21490.755096894372
78909,29776.815517036168
99437,11819.942807219588
79890,25257.30869700399
77662,12424.354984598505
90320,9669.390667215519
76278,14633.12704311378
80029,18132.695259753356
95797,21844.65804985801
95356,44271.77581258092
101962,9003.795452859193
85810,14779.333510593646
93588,12544.042653208493
85679,7553.526766865532
78286,10771.81725309453
105233,11619.198465501202
98613,7870.258823013072
101314,13281.7842536758
105749,13421.948107545297
106103,19735.678681578942
96678,9366.233609336228
85003,14850.54801887478
78035,23526.78634989822
82443,11499.325140674007
93373,41982.0920976039
99857,9523.10474386339
82450,8112.194315837375
96256,15679.41489466021
95924,29267.58134245589
81425,18162.000734357433
87252,22099.213035237262
100379,10893.688925403636
106316,9574.797356118253
85879,17443.06304236191
108334,9870.14167675055
80243,25494.2798740716
84504,10503.509994048889
106064,8341.877928092083
96443,12338.304617501295
99020,8385.557914364315
85068,9467.624979526012
105374,8044.985632161269
101946,9750.370131434282
92945,22142.33283726547
79338,26034.0484428247
95027,19619.615755474064
81488,43130.875549631666
87754,10281.474728858306
108454,22307.4833916394
91283,21408.11093698914
106232,14795.909165782808
78368,26231.58809815021
101417,17540.310089485138
81479,23842.51560702418
94527,20591.24027093026
76897,25929.08727992788
84107,10472.046171206006
103177,11930.343432929869
88043,11525.462567259312
93710,61945.78872713079
87679,12033.389770309734
84644,9438.525116774532
79097,14246.44089540501
98030,21356.956594469037
95131,17848.84123748161
83593,15887.135614443057
82532,18140.686042511785
101675,10994.5414457832
85118,14887.213957835136
100813,13237.388194641637
88693,13870.697728642566
85819,15107.180619130922
104337,12371.808629845671
102104,8668.437111296938
107526,9882.064471347856
85600,14536.961436169453
81771,21695.61849078268
98339,9523.10474386339
81855,8808.712717233357
85755,10995.161374607746
87321,9997.478653010472
101819,12418.195362750344
101569,15922.153089431287
94538,13212.095746404915
104142,26168.96341870312
93830,23931.719258895835
82076,26092.640696452432
82721,23226.49884512336
88982,8637.841040208152
85055,10029.523540855329
101426,10984.431108325061
101136,10895.110788750368
91939,11996.917578151593
104368,26163.362756813658
81513,12307.419723054772
76394,16682.46877582973
92054,18431.39004301098
94663,30052.029995164296
106117,7365.756417297147
92528,24566.271943948526
79929,22991.321047907735
81579,33885.3778986576
107328,6916.262563845537
105031,22880.882838662208
100819,8502.614555073675
87353,18417.35018768944
77698,21711.771603575824
77157,8684.242752444123
85947,18851.88086342791
92761,21166.301966098574
101344,8730.035995951923
76877,9945.986304431854
95851,11120.961528913842
84319,15167.269740109292
93218,14278.501314471017
83770,13546.798455670045
99753,9132.541517465736
82062,20198.51487713533
78053,31518.30271122033
83901,11056.493029659074
89826,11087.220807736774
104171,9866.432889328118
83906,15295.875303890227
86819,14198.189509408065
88150,16306.94507895148
85289,8229.401866791237
100567,4861.263697024351
105930,11494.58476733906
107244,6759.740643672288
85900,11426.433754441494
83184,11411.88905938476
97034,12668.5754847286
82506,4363.53752811866
81182,23073.885545878922
78619,8461.153054625944
86046,13280.933324767939
92798,14400.36765724729
86595,13288.768474532917
103854,16274.415974725585
108504,17503.301217478274
77451,19488.3127749292
76665,24705.970509845843
103434,9576.55731738454
82338,21874.77922837023
105189,4504.569376333756
94512,21694.422735291486
97542,12076.222028331324
83343,11919.431930381052
77274,28673.668267761463
83810,15555.78266051621
90850,14859.284368886178
79688,16498.452189149997
104038,10514.364013159895
100468,7347.391811910031
81010,18179.970750192475
80372,24227.94292556995
95979,22268.579070273376
89813,7088.595025531712
96873,10321.408356022572
87267,10287.417779293695
83327,14286.55937011096
92095,23965.047416763584
84723,7079.956327100163
101561,10612.62502461844
77409,7472.0220724459095
76480,18395.027603603685
97632,13193.572115387418
91990,24995.835882303843
98020,18473.03013332365
81375,33616.68599740236
81903,17473.072014379934
107050,21264.29239191707
84920,11063.432491864021
108180,22419.26946693504
94696,23003.715643107564
88215,10023.806302433997
93276,18235.948802630846
80359,12403.587312148486
88717,4353.577400518833
99702,7871.165344390392
86283,9410.71509266738
100037,7076.100393450737
93640,25134.406487400516
104313,10041.483855773013
84666,14849.45066706852
93000,26300.49947157369
77512,13615.50644332036
85094,9756.444109530894
77184,17527.733129267406
91257,21634.33961239679
103957,7974.964761352731
78533,26117.35000572849
89080,10463.739848998403
98463,20282.172095963277
89002,10843.56754245394
87542,8559.960204159963
88641,15642.116606688938
97972,8262.089974280687
76363,17716.079188976768
93821,25300.665980438174
93549,17117.51550033378
86037,12589.794526493433
79563,28229.06457185983
100014,13803.881667148598
98717,13571.491375517633
87323,11853.07856894536
101054,17269.936786339993
84408,10644.691464595395
82692,11355.106955713829
91513,41611.0368606599
92863,22195.5136678149
90666,20242.632674609635
76919,36507.217967216166
91549,46302.18596270767
90300,12058.097578041596
106228,14438.469806998177
101551,11088.753450421304
105986,11888.778857573965
78520,20570.51484097926
94130,27484.089984039147
88980,11101.457179806743
76245,20791.235053241315
96800,11212.487234992328
79591,24636.383481377492
94738,24875.754899142354
103275,10079.849127039453
82981,10503.509994048889
102017,11610.37033213226
85242,10465.721638800398
106488,12019.083802992813
80606,17976.396311739707
100861,11180.408968670416
93103,18405.985523167303
83680,17990.393222752766
95926,20990.002188862465
84955,8790.951058559058
102279,10549.558284185889
90285,14819.330308806917
86735,16415.98796774608
89918,8228.167591802454
100914,10398.74160235949
90315,9410.164229375889
98805,8329.529022946019
81572,51395.550542369034
85263,7076.077403016127
91962,15640.226889341808
86328,22821.59093309558
79610,27889.638707156544
96570,6922.5944363351255
100929,8502.167459460123
107784,18655.4144520393
94269,15902.763045930831
105574,19134.333873732994
76572,9568.298524732092
96249,15247.881799985647
97897,13927.707095820975
77625,15510.416532643654
102369,15458.042694712218
84079,14760.785631075392
77866,16768.40544177389
83806,10708.39226494354
107540,16433.15550095308
103244,18137.878429857956
98859,24551.028326369073
96719,15380.028376829378
76235,46196.28173695003
76348,7987.156657061055
94323,46280.42234691117
96314,14478.602492397375
77439,15396.222493111327
88588,15878.307011467552
89516,14508.193325951142
92199,17093.479156853857
81669,22999.750490157152
93600,24685.83175574621
105605,9870.14167675055
102501,10404.34435833837
105250,19735.678681578942
103132,10533.204451667285
76914,31519.368905765758
103063,10947.49904579305
85636,24474.14257925802
95703,25588.477452993568
95014,12152.26533641551
91855,26050.80661559375
89326,14854.175731342917
86878,13392.1769332429
94159,25752.6538707416
98939,19028.254460618322
106603,28036.034235240855
97683,11625.97625170815
105057,15409.403683584984
82551,8037.5872663019
95156,15773.514578291171
96663,11613.47316675938
103966,13829.94149784361
103721,8942.486315954598
104581,8432.342765268593
99601,20052.145500347582
76271,12488.620357060576
106578,11955.772663547421
105436,9759.60282666971
96180,18605.151109091956
93214,19047.41742077581
83950,11274.936244616063
87436,9981.877705341309
78008,28673.668267761463
96396,8872.578238680957
86423,16637.211397062452
97519,16588.573841440782
86137,20473.458094839123
94515,14541.23746495793
86264,9541.597339178425
93856,16657.7782659917
89370,23258.147554032614
95869,24656.2051092786
108411,13727.965222050925
90193,10766.304428567515
84817,6728.778651287947
100719,8708.905805765864
82801,16917.343263264283
83103,19231.15238434803
103950,8731.910200504111
83927,12835.468845591115
96442,22601.591987432304
92599,12926.466818155433
105284,10665.753685511927
89963,12173.494610801425
79117,18025.57354568348
94001,12104.454734846498
90520,9009.439704727045
83344,18359.747857015573
104811,22999.711684760172
81567,7365.756417297147
102778,11666.703032704676
90439,22897.191314383635
104220,11536.626159660502
102961,6660.093487904055
97588,9669.390667215519
78049,8153.713158058128
80076,16028.519899050636
83466,9964.06504745273
81941,19175.616199962515
105786,16818.01568485892
91443,16602.735637159898
99961,17373.71878258697
96323,12432.47519528343
107235,18252.313376584814
108199,6649.77663607305
93938,24075.191238258245
82727,18216.223495382455
78548,31017.890997721974
90362,16408.368744514326
92257,25182.754745786995
80015,16445.004013254726
93724,25139.06379510423
88826,19162.836269414023
80051,6878.093615317086
90219,21269.912986320407
83727,18254.30620530429
90139,15767.735075492566
101189,10837.596909103926
85435,14869.524483738509
91933,24883.432634209108
95135,8285.49428327213
80576,21613.2704203307
97289,13827.723344156677
90225,15803.72960980048
77958,14103.282140522955
96218,27685.891155601235
83747,16492.134145843986
85699,12392.496368071692
92682,52262.67277430008
92129,34463.02899348862
91533,25017.9735640523
86503,8682.655031790286
107555,18350.468279676086
98751,21528.075606511236
88145,14720.700910062404
104214,22626.075260903526
80027,18754.591444234866
94594,17722.81876970052
105978,8435.946261130623
81202,20579.082440942657
88343,16677.964670433532
96928,24666.92276274989
89639,10760.762528484309
83427,11887.843062354325
77241,9626.968242634632
76837,17692.32858954189
105316,24887.233536006413
80915,14285.225593655574
78226,17018.295514226764
98367,14590.94346094798
99268,12566.76995448397
102336,13549.059068840454
99355,10156.382917275956
92728,24915.87304458194
105261,14168.454742646378
86321,8810.055519972797
83913,18802.232737695078
76582,12199.443369392187
80624,13144.996716467873
105804,12229.589091563126
101229,9606.705964329449
104782,10513.519847010884
91859,39147.02858935401
81892,24049.521172086188
104257,15656.503507142295
89995,21329.37808433143
94721,24685.70496761966
100123,10571.0119002964
83121,8043.005747081165
89621,9664.373874756491
86608,12576.01338084261
106922,8204.223767754378
96146,21842.409635212083
108383,15839.597681629832
81554,44550.91241339438
101538,10108.478382802941
105248,15595.151852529736
81033,23081.76409686181
107312,14824.06298305733
85588,16124.011805952427
108227,8340.76627066558
84017,13396.715671378384
101028,10945.82748840104
93019,26443.516639828802
84359,10841.885771284607
90602,7664.81158095522
102834,10231.515818678798
85284,9945.883534886594
78749,51277.668108985155
96892,26479.46962061943
89640,12292.611906130094
102773,15262.22761128534
105779,13358.791096095709
108453,17405.973222484346
83162,10586.728433488392
89704,10349.04666078381
96488,8384.146520196435
81546,13701.77863546426
82108,19210.415934272372
96784,11855.519449208441
86526,10979.657288200666
81220,23058.05615368386
97126,11158.292342800783
79954,26174.627722666242
100182,13560.835529468019
87058,20111.831661424658
95026,21149.814026890046
96334,15723.866234393376
92636,23153.92109687318
89131,10140.414157942938
78145,9743.411631430483
106255,11614.142584224523
84691,8276.420755402794
83425,12537.673228095457
91526,21784.37586674696
81170,15986.339521279442
93766,23493.757739531164
89183,13516.208496863817
87644,15799.251606850275
105559,44052.34812508882
91968,13880.77127927981
107198,10949.427567896524
97030,10738.279436695242
96512,20779.905617214485
106506,9495.431511129023
97240,12436.703934093586
98164,8996.876901940133
79782,9915.257938287701
102498,10408.550942472348
86052,10710.247473914864
101070,11942.258361062437
88461,6550.232565600423
94238,19898.70480423939
97040,8614.35433619676
102861,14012.565202576603
81516,42598.11039988641
98512,10111.303826603567
91654,28113.789600596738
87837,6747.398762260966
97950,14555.91077680542
91492,24602.894384164363
86374,11975.367203512411
103671,8147.459011095873
99254,21366.47958609498
96920,23077.582829462106
100733,9275.173604982649
101602,9399.252247600789
101809,9829.229605544162
93626,34162.63258813508
94707,23771.520981951937
84718,6986.650835543941
77357,12110.749650766063
101735,11260.983315917585
85009,8149.392418636084
98213,14280.215663804982
89068,9787.836107442186
76270,13709.522597622243
84608,13280.933324767939
106582,10376.84947133077
102112,11998.300760506621
79840,20719.10563485265
102362,11669.618825794134
102074,17174.71249967957
78050,20570.331400685405
91002,29217.21789776593
91648,21814.98797548101
90182,15211.270272767399
101732,12834.928077363807
108023,20516.287218496862
94586,18613.68040894494
91189,19967.073698258486
95199,20967.931649895672
78510,10159.08866130026
92551,13890.713959017296
92368,19913.531602239193
83335,10023.320845812306
82609,11105.340253709854
83471,13952.542753075853
89455,13205.462490851925
84982,8333.935915506738
106978,29082.668574818465
96399,11601.374597017446
82526,12156.820529857656
86743,10350.733118625572
92104,18875.636931778106
97862,9732.096488645298
99211,9393.345344955695
99118,21353.791385513483
97657,27629.519628539423
80627,12439.32303185807
76293,16268.951214582832
83108,8251.849856556968
93728,21771.870193252063
108295,11682.974811169128
87957,10397.636224436028
78627,19653.728380063494
103227,7205.961208360547
88115,9617.478147648028
89694,14366.524191638558
95755,34580.674696705995
100889,10373.49858210368
76859,18505.634842583608
80975,20298.60100934005
104878,10828.347924811793
105859,17655.205547017184
93283,23478.955770295408
76217,9735.995805070555
90731,16103.42881770963
99826,14014.1524431721
84180,14423.689810886857
92500,21372.654293568216
81956,13543.01615160399
100508,11776.341769093202
78336,10238.405566431227
98694,12744.378901314138
92486,25723.62366537144
77134,16805.804009426414
94264,17930.976479058576
108210,7033.743930380601
98310,16414.778628891952
76260,30926.863580633202
89623,9374.536374623529
101737,14018.714605314333
97665,10089.718820864562
86041,14926.156986646827
86653,10763.36510804767
88423,14637.35390091714
103407,17269.936786339993
84654,16307.607164572175
77143,23857.26917541717
106392,20653.63750863821
86347,15191.737829864242
107230,9870.14167675055
103693,9545.490612668942
82765,13280.933324767939
103894,12212.909838886653
105668,11101.659502612203
94216,11470.49775654705
76250,25352.805134525654
102466,7861.540686328538
91919,16146.453786218692
99138,18915.79331806195
102850,15092.705608005972
79094,22934.32929310724
84552,9962.272310141705
93668,18240.302067975834
93389,12596.680416394349
84312,10339.654406523772
79379,23882.172512245066
98739,9524.184284246727
91448,16121.64212537017
89834,10076.94982479459
105359,7553.154986847853
100267,12475.482024601504
89101,15804.33349847988
76904,18575.786084904426
76664,26231.58809815021
102621,4355.466767596286
82337,22601.591987432304
94266,26792.658687179646
84994,13280.933324767939
86246,11963.983253540327
96923,9579.381893327112
107661,20648.76984517232
92401,19106.662717866224
96296,14251.762777463095
85114,10332.885072164763
83081,10497.459745786895
84948,12541.315529181305
80292,18368.85314646309
78938,8362.127275521283
79942,21253.181912968463
80899,26228.341986938336
102476,11938.818926073409
90589,11811.430960576903
89944,13810.830351945953
106241,19725.33199800247
99835,17115.961161543688
98665,11760.366168735645
96516,8034.941597145235
79065,17018.295514226764
97070,12235.851696350974
88721,15665.068480191705
100311,9952.52781443449
97912,7668.105115849932
101514,8646.428766210342
91763,18207.353976572518
88488,14438.666285884436
79955,10153.724157672405
105677,8823.64206110436
99297,7133.762150147286
77377,11709.587762899333
95552,14096.042802724447
99704,14536.961436169453
82097,44605.66284721994
77067,4829.556794830522
93326,16144.83943203767
98258,7015.51719100252
98900,15254.330240064366
101474,10379.595766501006
91945,18254.895480336763
78816,26143.17671670359
95208,12492.515705576969
80788,16917.22821507657
92446,11852.401628965312
81929,21852.792544336142
101068,13483.426348804129
105116,11535.262248118674
96828,12142.823435616516
102272,7934.060523103913
89347,20197.007609256005
105201,13546.277837851481
94146,15903.05289029152
105641,8433.754159436474
94416,25081.443556375147
89152,14872.706605569612
99500,8311.305681830087
101711,13179.247814391316
88178,13938.03144993205
94259,23403.085568919258
90380,15904.15255930222
80659,45657.25861363819
94687,14403.58984400191
100447,11523.274462526879
80895,12447.36462287807
91806,21091.90198644356
82758,11079.453622898307
81850,15636.748588992283
85521,9202.681134977109
92432,18176.717550347796
78318,49974.88535361798
98804,14978.068736178811
84403,19189.86015178839
100979,14392.842011173392
80559,20039.684063285215
104553,17551.945408417967
90570,10894.221782810515
108278,26167.73470973703
107134,10511.553301126336
84351,15174.502753691446
105418,7878.12367154851
93910,16684.428042545722
98231,21424.6365733321
100789,17609.488485585054
101332,12704.920646231863
105715,8667.163047059856
82170,12181.003765692709
101526,13763.728396322163
89070,6484.55802262938
90429,14661.256231682051
91152,21563.274052118515
82374,46302.18596270767
81668,27455.642245029212
78914,19257.73640430488
105239,17335.007964212116
107483,15237.318753084548
83354,14230.317530906736
105252,14580.247547197896
93977,17744.873567078652
89807,7824.650507461239
81551,14228.950442033509
86311,10709.58350506696
85966,11612.782244319276
83878,17611.71838756145
103342,11165.576047244516
102398,10574.752957230668
77021,46390.67228857823
82755,7877.74868628999
88635,7837.963761368192
105457,13596.78571839705
106552,13560.676048136744
102641,13425.748426675473
77582,21781.95460688805
95453,50778.6482914428
78388,7526.159334301482
99772,14630.509333381722
77990,10384.217570144596
78944,30992.56058666492
88290,13648.693336334685
90011,7838.634640580979
89540,14439.148109556572
78904,21804.74527507137
91379,16264.769459632736
105750,9387.37848073585
95603,11801.070971961088
92481,16842.92254790926
93463,15839.347057639343
88974,11466.706273294792
77787,14119.413386968386
101389,11259.506259599972
90559,27068.742806341077
90421,11242.239833487258
107190,26229.13588914682
87506,12141.943859764619
101147,13998.848970813364
78096,26170.30923692054
99840,8226.756197634573
89677,14409.96625515736
97991,8385.557914364315
103556,8965.327545931425
101327,9076.187788211862
108008,20780.330035710827
107752,18765.92689387685
94554,20057.48353883749
96408,23341.44760724334
93573,24979.270322293964
83674,8865.15116195481
104503,30884.36476284008
93082,19988.130477701325
101841,7859.734330003008
85143,27186.893868566473
76781,9288.20092096785
102153,12202.88071480155
97411,9014.83128584484
101676,9606.705964329449
103176,13288.016899331333
80879,22988.44131022572
79695,17479.272971740236
106987,35426.860714623384
89095,18791.808997185366
88707,10212.626834887551
79935,10554.695783895138
104678,11698.056033873965
78644,8148.277701750488
101947,14127.575700561314
85390,18290.80176815636
94121,13515.221504646417
80525,24205.432281204663
92964,24297.386595179338
81982,33487.04449626368
93804,19207.37221297951
95574,24551.263476817352
81710,19582.973467820364
84452,17439.91375988257
94410,18287.97932410495
79137,20756.483643100895
103270,11070.781849597519
82736,6762.422706525455
106741,15625.808144664792
77630,12107.496107831339
100426,16571.60920668953
107231,11571.172137241001
101001,13862.374751077195
95067,16971.774827925707
107197,20747.644135851217
83522,15661.501216835308
80239,9753.43342012764
106389,19198.859846796193
99072,14908.654522613326
92779,24050.879808828206
107906,21695.603241777382
81289,9993.908788530178
101206,8502.614555073675
85646,8388.203583520979
95202,25697.819747159036
96423,7709.635433298182
106597,10263.500907799189
97601,10069.387266316042
76974,46013.18436452475
80171,26069.32037468439
78391,19453.08988861263
101424,11766.220615201486
79548,23403.0949860516
99083,10294.684794427694
96204,26188.51110599646
93318,13752.796243379518
85745,22769.76421307003
79531,43119.78973040009
106411,16613.816562280663
88431,11795.620800314431
79827,15759.213980083186
80860,20013.499758936745
93114,25064.4259597229
89031,7435.099878543552
105755,15924.741588208137
81286,11556.95797303385
94641,21034.979084501385
92196,7910.344180367454
103591,8367.275355658423
80497,9987.602132826036
89672,8632.280355558536
80800,19196.349986444235
102146,8997.446471992258
106675,23241.141050073646
76780,19869.73886638286
79880,42632.41880630616
90306,14451.506887059712
102271,10562.930068774764
82996,10543.44541928005
77929,23527.106658246874
86610,17420.442678790507
85316,11069.888167111305
91134,12514.220146195428
87377,9914.675252052139
102946,17363.29079026152
105420,11451.067001181114
78375,19787.389709684365
81157,6968.028206338087
93430,19945.228200333935
90671,14409.96625515736
98881,10079.552992464258
107152,12154.521074235467
106056,10911.595482073952
86256,12613.794571916356
88692,7540.209236312175
98622,11705.693011059086
84068,11822.184727717357
85863,9915.510332150718
104131,12975.972571678958
94296,10963.47430764961
104177,9816.39803397324
105126,7374.595686463818
93360,25638.667055741167
91059,24398.199464628968
100015,10141.418869194686
97027,8842.28900304844
106300,26283.41915984611
83539,12447.713010210566
87099,13836.049970783251
90692,8393.514426851723
107313,14689.051214444917
81341,50170.98949933561
82901,10380.528125770794
85576,14793.62862611817
98646,14542.218019141468
102552,13485.508067169274
84874,12849.720703009865
104768,9870.14167675055
87768,6752.3945796602175
93342,17810.03205153024
87241,12238.881495781112
103615,10929.253907043903
98526,14319.30661647363
107464,12031.474536148147
83357,22209.627915918114
103171,9890.060684212329
100341,11479.571238214385
104547,10933.495891498547
102882,13518.521741683844
107531,22628.83269193186
85433,11617.838125595958
78435,12512.850161874596
106094,20643.126801993993
92625,85975.3135034416
100319,13663.57107100898
95937,27598.39401174583
88915,10369.160797773486
87681,10680.674447716003
92428,14434.026344210157
85427,12839.59520753688
105372,8556.812832595466
82482,22281.300559682844
95178,17813.204132802435
106881,9858.203735351575
76562,26231.58809815021
103710,13321.815376460963
89109,8234.498696729603
92522,20190.34180958877
84821,17706.956300113485
80597,23269.873697857474
104040,8667.163047059856
96115,12548.35164877045
82818,8316.978648701577
90316,18639.356607447105
94385,17751.905762227358
86823,11935.638499236264
84842,10405.320460458714
102995,7320.130664920417
85397,18951.193413330097
81427,10720.267333897506
102461,15354.377071661294
77422,28310.46874326805
102354,14999.785402103049
91822,19442.558020348282
87427,9914.675252052139
105450,15301.217027899072
94789,13145.570807513875
106631,27421.22711944406
97004,10316.184842410032
100826,18784.782361160836
97915,17127.406873465217
93253,25168.694389685104
85776,8457.656200327992
105562,16253.920722257293
77560,17564.1345273592
82659,9948.758270281427
89531,16599.175479580095
94076,19026.568292601478
98457,11691.248481561921
96163,26546.29242144401
84779,12434.418700364944
104551,17156.184899351443
79934,17662.48885071936
84896,12400.984862640053
99393,12132.373234988838
82051,14580.144594553263
93247,14501.358389311185
86929,9913.808176571081
106943,12991.652776797917
79979,22593.244818521445
80912,21568.66310717506
105006,10294.268549817827
94368,35387.86021224043
81871,20892.169186923315
90338,11540.342471521313
104271,14339.650329238426
89984,8387.750016058464
105122,8433.754159436474
104308,27895.008393491305
92941,24906.086451778978
87433,18723.762275718964
96289,20573.701404231095
89130,11135.514538522746
77233,46358.688666037175
96895,13964.866086212278
90364,9354.877351095629
76283,14291.400103919823
77689,21474.941455010943
98366,9706.389781095393
78025,17996.88139501764
96644,9730.094878658043
80641,26231.58809815021
80271,26196.256693734824
99003,7553.526766865532
79756,23533.480429533774
76981,11539.432727685198
83320,12821.711619949898
96797,7703.992933870332
86350,10351.86132611122
107535,15978.865668918235
104370,10054.558665762846
100740,10495.710885205379
85851,10503.509994048889
89132,6368.049661931623
78746,20168.624381604
88999,14795.333590065635
96416,18613.63094943845
88921,6888.972928547172
101078,11907.069839280955
92447,22980.022910309013
77960,16317.952384207569
106799,14176.443008637933
99888,21106.906661486486
83252,15790.183381010596
78645,12340.624835944567
92233,19442.260573695003
104026,10707.085405177771
85148,16059.265175202952
107726,15243.187757779504
93331,23142.098661665004
106236,18005.211143651803
95282,12547.808383214819
76222,25562.713012184475
84158,6472.29962346658
81857,41130.71301956318
94698,17974.968451065837
104680,9894.061160971522
104366,18096.296381946042
82562,15834.076372613452
89753,8570.42222111687
101937,13483.426348804129
76600,17983.7924576323
102683,9030.108490254255
89245,18291.86080334231
99902,15137.559773194826
106525,8142.630183687659
80738,29912.134037020827
107909,13019.452646035248
105939,16560.561960743973
92485,27313.011017795434
105128,18823.639739767026
103147,8354.568581017606
96539,10019.424705666084
99656,9540.871009750366
89755,19171.541160752233
88400,12271.790395545826
82968,20662.485672482413
103521,17269.936786339993
94755,27554.325121833303
82278,27214.21926033619
106205,7371.611305744903
102677,8303.224922943386
103577,14396.943530596895
88365,13255.487858146213
93543,13807.963829103996
103285,10988.52478482724
91445,46941.02768937736
86676,10621.910866680495
108086,12501.335862077105
97671,14030.670735611002
85193,12234.431277631613
80220,46252.00274674426
107824,14018.935988393574
87246,10092.460827832416
85080,12393.549644106943
85470,12892.018897993577
93453,26436.19297726003
87214,10251.047135652714
99010,12076.549667556224
77246,28673.668267761463
81671,17601.95889110599
83651,15844.597064996398
101085,8252.598331544063
86961,10784.414005018392
99154,8283.84061217597
85563,10586.728433488392
98972,19107.941901032988
79331,18364.559064817764
100112,13794.304588249173
92540,17649.708148230522
102135,8539.496088764603
104980,19783.9634582961
103442,8156.146841453574
104320,10384.217570144596
91208,71257.66651838018
82486,20367.183443973205
92052,12034.533172853224
80540,18718.628736629114
89228,13176.876147781672
98960,15635.567280348787
86821,18484.509553995787
95220,14090.285061787095
104196,11138.183482306149
77934,43661.88635784184
80965,13249.90958985941
80864,16944.102456201275
90303,16999.045442327224
100396,9855.608050096742
98226,12054.11615551724
107713,10015.370224737233
82199,22937.953782501943
104715,26253.889419156014
103412,11535.405341143896
77224,9024.846747752941
79149,17240.653893371848
79332,22233.006470720746
100094,15262.22761128534
76280,31013.716330342726
104668,27055.159871788117
106239,10736.266567935209
106918,15371.724653039306
103738,14398.855795628378
99768,15141.137042137216
99895,9322.793939392383
88553,12182.821885892134
106781,11543.71527147743
104339,23332.524553828698
88198,8548.942237083578
77024,12010.828974267637
90492,16115.317342752602
87383,10861.92493129383
85194,6762.422706525455
100821,10240.918853625933
86207,8760.093443317966
80736,15023.673064174709
85035,8458.761663983696
77847,9903.007428061552
102444,8482.221151355961
101635,19835.723156597614
99639,10332.223273817015
101365,8304.85797515631
106612,24078.956710078954
89655,15001.102757608258
96679,14571.12818480259
107353,37848.325557302465
101805,11335.825424300334
81804,18958.99962136805
106783,12031.474536148147
101047,13383.395972412889
76164,34765.141549249456
106524,9716.24404099988
104745,8687.999680118595
88874,12119.56893852769
89206,6376.649078365352
88602,22175.500343790703
80458,22987.06228957565
85756,10314.733144189859
100972,8330.970990596896
79897,33487.8799752333
85913,11554.260387466617
107705,25361.06363975479
102659,8616.986609937727
101994,11937.16269031619
104004,9520.202421309652
91171,52629.56169345201
100207,14127.675843512448
101431,8782.275781481298
92034,23617.166245230314
95470,25160.12300275153
79276,22991.321047907735
101893,14528.073334540797
91522,27623.9213699792
94047,19860.474300816662
100620,14090.972218110783
97405,12097.899741018182
89277,11255.908757705916
102728,11814.807866011568
95665,53838.379315876
93861,13713.226443477995
77779,11839.885405593715
79844,24689.031472416806
102549,10597.807117099077
79764,21687.899367037342
106543,17598.798803585516
90127,12182.806587364035
78759,13107.255598744056
85232,13247.88318353624
103173,14014.56408464562
77690,10464.804292450306
78669,34549.171624151706
77821,11117.456244359984
96869,11612.930065078657
99426,11686.433590805935
86596,11538.316605752294
102352,8514.874234100942
88825,10242.63089813353
82595,18473.86966070669
79408,21169.771811634087
105771,18781.3751969505
92499,20068.881726837255
82744,10222.232662188588
104310,7116.462391796836
82965,11964.232077752533
108492,21261.412654235053
102748,11728.539526886549
105549,19681.961785336072
103794,14017.54453540268
87574,11989.65361853388
77090,18129.18138014232
77729,27180.472574974072
92854,19780.755299441436
82724,11982.719737050473
76843,8164.741007525571
95714,12049.06333219342
85077,13280.933324767939
100035,6544.366324422867
76694,9584.390456616387
86970,12221.112693614557
93243,24045.45112656067
95700,24602.89759205994
103907,10244.144358747279
105698,13837.127964472229
84320,10351.86132611122
91561,24378.262806009396
100459,8502.614555073675
106398,23489.75793049725
86911,4941.548697409001
102905,15031.628456824466
103009,7308.90591042977
76287,14603.124132424646
106832,11042.51114960887
107240,22961.451571659014
104164,8348.832705008557
96561,12450.848426899205
81823,13666.209371509041
82102,19240.216763775716
81420,23003.821091429993
79102,18935.27142550666
92252,16270.677579427285
91605,25425.614910721266
94353,24794.24156397982
76883,16167.307485378044
79941,21759.86000026629
102977,8954.943092449577
104975,24722.155425670062
86138,19135.104123120782
76309,13657.888919170442
104976,21369.116836354828
105819,13896.456763982625
103115,6915.619933358371
78958,21492.01407539734
86851,7846.314444734982
91889,15800.690440744453
96977,23908.878179164625
98888,13314.932585014609
87642,10791.66441177835
96835,24457.416095250937
95915,26750.254692113132
89880,11180.391496284956
86974,10498.88997224612
80793,15779.07015145235
95773,25776.300418797706
92664,12645.07524354579
108423,13163.777033892118
88073,15954.744323416682
97731,20218.7860918064
92705,24611.523352409225
98275,10836.820916708693
106563,8605.14893991548
83216,11054.637555658563
108252,21971.66060264705
90052,21427.689112002477
96839,18630.599055356794
87847,9996.250543817405
101778,15419.21923225844
90493,10967.089433334892
84236,8229.401866791237
94651,27656.59477404778
82828,8846.020530973004
84570,13765.30338455494
103560,8411.47129204402
105414,9571.387741198163
82874,9391.300302933465
94023,14169.145984481267
99936,10305.548469747384
97927,7782.952574154559
85922,17775.813205081944
92409,17704.728631001548
102547,8645.667931945201
98620,10114.137327166774
77418,26081.67473137896
106846,18625.43968764048
90794,15251.02402350991
102848,9857.929651048129
77668,14293.630501306425
87057,9200.546283446252
92125,46271.34905009793
89356,10992.81218099891
93931,17278.332239515836
98496,8036.954224430179
96762,15803.75722388001
77603,12983.941451466295
76242,11309.424702206888
77854,18713.174810568627
90496,9959.077034030688
89873,9668.594882772657
81047,28418.211986971713
81482,17324.890776109787
106630,22663.333536756698
102807,11189.680914766015
101397,11602.98634695939
103459,10830.157607808418
78508,28673.668267761463
87042,17902.28491897698
106348,22950.142391727582
90653,6888.848531711979
76159,19653.341010383778
87944,10978.46464618859
81531,26174.627722666242
107875,6526.691270611285
99542,12461.02605433957
107359,18076.556715292772
104564,11982.33505774309
82560,13179.29254859636
93591,23487.41392088031
103234,8502.167459460123
108458,8667.163047059856
79888,16303.347285554866
76419,20765.52791927687
106649,10068.531659908836
90004,7627.527740309938
93201,28520.186400040562
97558,13824.445737606724
83097,11090.566788639264
96492,7843.668775578319
78413,9836.087059029398
79076,14459.116350163698
87061,8829.933862477847
83665,12897.602958661832
97131,14789.613215326448
102075,8155.985052018362
99331,8228.167591802454
82067,45441.64184147126
85459,18164.517817099608
94510,37165.75603540153
97875,19583.76997325924
105176,11980.595731906822
89196,7881.775750055032
97424,21845.2893728941
92886,22566.623430669286
76660,10721.918338038067
81181,16478.64066101884
93133,16812.74763226555
84390,6374.7032445817695
107413,25748.029807637864
98681,13472.338812357319
86318,4350.689569280318
80893,27889.638707156544
106409,20562.437912656944
101539,14272.17405138484
107735,13193.015065915712
103362,10728.984595676273
95493,24711.74789291876
95573,19694.6382596111
81435,27455.642245029212
89730,11549.049591330071
104812,9645.08834891795
95540,12097.501627996005
105693,9152.881673663258
99879,12528.842284473252
105045,8433.754159436474
95556,22530.177307897713
105209,10474.972966207799
77262,37047.96291357652
88746,14191.044037150687
106257,30885.430957385503
86665,15164.43308020439
99714,17195.371120997712
86308,6888.985490710734
107814,12166.37646536124
104110,16302.101783000426
107020,9870.14167675055
99899,9523.10474386339
87878,10503.509994048889
107898,13124.231688790189
91803,23043.794661195774
91708,25847.222029025295
88131,14193.600537023442
94236,27579.247605488687
94787,25606.352107968924
88426,6436.289592312863
82052,20924.087678673306
81430,25997.03952354668
103458,10183.746360976904
87322,11555.206727455145
88030,10472.046171206006
94505,28215.49329563914
80104,10462.823603049945
92324,24611.03901691658
93393,18985.687219069187
101185,8276.795234806288
99944,10218.139369902317
91381,18174.958673434976
102720,8951.421049590253
80107,26054.158513078222
93006,25054.98318104288
85248,14088.377228570931
99068,12461.02605433957
76834,52782.886156032364
89377,15558.973477849942
101452,13873.049551259244
92548,34465.51176127153
100658,13502.329747415062
98383,51965.87220499751
77915,26129.860119257348
86268,7105.680018542683
80304,8029.724994489699
106680,14809.212518953787
101132,9062.13581631343
90092,21970.974963945977
100329,13973.061603140739
79943,13486.91438779478
104189,11890.53997504841
107250,20528.49984251466
105088,9758.33158078637
88824,18508.56571570428
89166,13255.487858146213
78748,17336.47165063804
80118,19119.321463041862
106238,30294.078563813593
105638,11896.670689456289
94974,15792.741228224566
78384,14417.97112622621
93451,17729.850964849225
98422,8330.315993259868
91430,25525.232029917686
77519,17664.288910305084
96946,16083.89742060796
98391,8069.042995935145
102809,7501.004368972841
82926,9955.970660426243
79108,17672.731691211302
96213,20460.84256895012
89205,6368.049661931623
91600,41687.21270840864
107292,23326.30354691395
90688,16105.115633656647
98776,7869.2722102225425
79778,15308.386475495947
106834,8274.81276735753
107835,19410.04191119234
99788,14755.877796569865
91133,24228.601893612587
82747,11179.843400544327
95651,17627.492425609144
90035,15013.997843077166
92821,13991.540351848646
93614,21750.658120422508
85993,12526.180944888703
94616,16065.990564225453
97987,14959.875136844905
79300,22988.616522473534
98588,9940.652352585766
83355,8386.792189353098
105664,20317.697855704944
106502,19988.160925576147
77235,20804.65683864871
101503,10632.74092020067
99569,21145.844798292226
93332,16020.877091278786
103565,10700.537144516247
98223,10935.588710890699
89090,10995.161374607746
101490,6822.176646435456
89428,10086.24010071485
82555,10576.057366990159
94744,18381.04115113771
97092,9663.611692926395
80994,22987.06228957565
99486,10235.774371795065
88556,10429.251011402417
105789,27427.12919701806
90968,12640.55734617722
87386,11074.719134435605
96239,11030.310228517144
98412,10215.229817869626
107073,11952.26844987133
85775,12342.756761184004
103494,17221.605944083243
96232,8387.689556275524
95146,20164.400875827883
101493,15453.652870598158
108369,20338.71856227174
94214,22806.0633963107
95377,21374.010806567876
80081,14318.235525532666
81186,16920.388931905698
100638,14176.65099130603
79228,16760.531603857664
83296,19455.178358701934
78663,12633.048913841674
90474,14643.824070045497
99746,14253.092238623065
80600,67049.13197926412
104132,16760.571264299317
77292,10622.845759978636
104314,10354.558719632652
92563,47205.960998635266
81135,19151.010311414506
83199,14403.036144387168
103083,8313.262466516773
88165,8233.087302561722
93492,12210.569194974243
80502,21948.90404127121
87640,10020.687575405305
95862,22681.666334638387
97106,12863.44218613993
88353,7129.8372455992685
99443,17156.66076487098
85914,9660.094613831203
102522,9866.93275825449
94035,22864.123904931657
82309,11585.224645466511
103845,15118.38513098476
82955,9446.322035613572
86039,18261.183907797968
76890,6368.105019988413
94862,17729.850964849225
89261,11134.780595365195
95261,27503.368174444062
76543,26129.860119257348
93805,17722.81876970052
79387,26130.697633254767
105256,18912.58725449026
103632,14017.237908948186
101647,9866.065682773433
90779,10068.882035021777
83004,8712.15410268569
82810,7353.969658028712
89851,8271.279976294849
95583,19048.993453381365
95318,11979.59702379751
96740,15474.002863493068
89999,11509.239800901572
101586,6979.052386218158
90205,23614.499198640468
100202,14088.82545988649
95896,14814.09440615454
78190,19304.535366881704
106867,10474.972966207799
103122,8316.668832819718
78800,13314.382986417015
98137,13424.077084428716
104071,19459.27750269218
80969,16348.202557212015
93695,16477.492773636863
79235,13321.953835773018
100233,10186.015189867421
103673,7891.155390659036
82811,10494.438276709581
106273,20070.308631153166
81714,14269.062597932509
76623,11647.006103976133
98396,9523.508914265676
87067,17415.649490601794
94615,24800.423791761983
91380,24661.968986977157
81368,17399.97264055143
100189,18530.58572011119
83055,12279.497358971259
104726,10353.423591049683
79494,20205.758725910266
86895,7481.425519837552
104253,43218.49443654114
80451,22071.93437164666
81633,27116.0950371981
85761,11421.657694048814
76040,9472.584773181505
86749,6435.8260512111565
97161,22980.48442921574
89492,8306.394160879783
101063,15563.59843271829
102557,9750.817227047834
99966,10955.583563554579
93615,39631.358056656376
79812,16489.106209410482
106083,27196.96507691234
91688,17716.47942260752
93348,15420.663033626353
95861,14581.499232615892
84278,11426.433754441494
76892,15089.97694167262
86674,10030.437708857235
76138,27271.307763849898
104974,15581.068374380391
102421,11928.256710349437
82617,13288.768474532917
90307,10005.895729854608
92258,20032.96226276318
90255,23324.643495163516
101498,16590.689603774692
80567,14541.59514561139
95321,24321.495738540012
86671,6205.284722312956
89272,10032.246588087579
78823,9833.190004941263
95185,22269.021989403464
98753,8674.570385401035
88611,4945.301418750798
108390,14369.625847410765
105366,18521.589379631692
80433,20130.53004564883
104145,12303.445960399295
90881,13970.370819615953
82596,8030.563420288879
85279,10988.183778236422
105968,14484.881297374635
84463,13965.843818567493
85840,7870.305224171847
78708,13861.407808694985
81642,22935.074044819925
88004,11370.720759297063
97345,26229.213086068714
106927,10607.100364883663
78351,12315.396377691803
91596,24689.933378495236
98390,13273.575193583312
80145,16126.662716426572
88364,10454.824934700368
88715,13860.19771145577
100449,10579.922888882653
92076,24606.924536048104
102573,11991.894923777001
89983,18954.082575173037
76338,23854.389437735153
78076,17593.298054868363
96116,14149.16893805452
76662,17700.95436065993
94194,36759.30798908244
105200,8168.1499960130595
95232,14739.688417560792
85705,8231.20488560553
81683,8292.568847906396
92007,33775.665046379836
101156,11680.334618570008
96857,8635.195371051486
91201,15273.163965974793
77066,7842.991945891737
94938,24367.642433832796
82691,12002.75489526963
108279,25748.029807637864
101317,9662.08877859968
91872,27920.06999938502
92517,20378.743971659234
76176,14399.759156289107
98840,19183.39139240806
96297,13180.156091597022
105077,15859.582633808332
108306,13458.166530393286
106837,10618.14858174538
80906,12169.576258568928
85979,18201.581802895213
100004,9900.942787225018
108473,19570.17103661033
77203,16771.51987736097
101523,17014.065646431834
91769,21127.785550933488
95403,24613.376082088456
83930,9584.159536782698
95272,26614.527958375456
107063,11874.331691530111
105033,9764.830509498694
105705,12031.474536148147
80224,19389.664108944453
98468,11194.251852870115
90993,19918.21838376673
89413,8038.613280796313
98561,17164.929184466095
88199,12146.403546387315
95082,14384.741936137865
96647,10246.977859310486
80307,22210.969897147053
86717,9811.91005700565
107754,26213.039069406645
92740,18310.593320959935
89653,12512.096144742069
83458,14875.139858242612
88918,5275.07041954168
80859,16228.605462381045
76830,35455.223177284395
92727,19924.986563043993
82512,11098.432747670753
94918,25163.002740433545
96158,10861.34755121845
97812,30432.514544355057
102820,11174.056864886026
88655,9502.69253970361
86512,15796.714096567815
84814,19422.553604420027
82832,17957.473356087863
86946,9370.207991458921
102885,8734.928889257371
86598,18112.599225387203
76927,46354.60616054845
83377,18766.8711417923
81917,23071.005808196904
92972,19998.515997835762
94932,15764.935836282326
76026,27041.584836437087
82383,32080.084253859583
95697,24709.077779808904
79489,24532.864543109405
102254,11212.09864863792
95248,25150.68022407152
99438,11408.495643191343
96002,23341.44760724334
107266,12324.289623274373
98233,11835.42382549758
87721,10356.634698793676
76462,42777.30806023305
101352,12100.675016899113
89118,10330.133631517361
91908,25138.877696484236
94169,21131.649915496295
105347,17590.619639182714
93347,19935.832138848356
107981,20155.355811219284
104698,17461.177418493367
87678,18863.902870750113
78945,10561.828370054069
106051,10162.30356746328
100768,15435.801782903158
78915,25103.018838651635
101837,6791.356954290665
79136,9234.853711965014
97035,10018.664725924582
78591,44297.74504998212
95969,25168.694389685104
84208,11096.03276598752
100228,8730.035995951923
97687,11609.298715629762
87591,14757.450943081436
96149,23907.11629404638
87736,17351.578075296384
87550,4941.548697409001
102052,10266.791409542573
78827,28673.668267761463
102402,17269.936786339993
79412,28229.06457185983
77865,33091.494919214485
107971,8518.117689498904
107469,17655.080405797264
97612,8238.051014034583
108451,18068.498557699113
91741,16091.994950519958
97524,9963.191096472285
88979,12125.380176938013
87740,16153.656985635254
98817,17515.26573171151
93862,15358.385451615772
99648,15258.45947410073
76643,14446.13322586629
107633,18137.467745371647
91213,24937.256118975045
90869,23623.923020973853
85444,13306.267561148621
104383,13364.295497836201
76870,18081.10791817833
79279,42538.33233521495
83999,7076.7055370760445
98596,10955.797113749619
86831,10355.40279517108
78863,31010.068709963925
98360,9287.502991748961
100096,11173.194027729494
104448,10654.156550891974
90367,11502.567311399132
103277,14063.926976869683
103728,9952.42871402161
84370,10799.229958252994
89978,8105.818543565454
92359,15031.878568204196
90135,8633.783976883606
87969,16455.95058542857
102318,13280.14433714604
76607,26725.219932679887
88481,12045.676093171378
98436,24404.006286433658
92888,61254.46193395988
106269,9969.787984315362
100538,10081.59445416193
106326,12359.938903887616
82449,7047.102921549492
91142,19102.16553660193
80150,24513.32467289868
106004,19144.767103524715
108069,15851.763999610555
87037,16503.477595219054
101280,9866.93275825449
95763,17364.793103135104
86504,12045.676093171378
81964,21895.83418774429
98685,12458.205075076497
103215,13866.606653715682
94922,30294.484800610815
78554,22723.65448160319
105764,15967.218666552182
87972,12364.80955524281
84358,10420.469656796893
94964,20768.547061094272
103241,11670.483479307102
86647,12845.012074478473
99158,14293.033529519225
85420,9914.675252052139
78077,19743.693964939597
107422,11566.041833717847
104022,19578.31752502684
79737,27169.40314191782
80207,14517.272598500023
80967,22174.087353939518
104178,14227.718678892037
81030,16065.878899811129
93015,17736.765605593857
80407,21830.453514690424
87649,16130.854181489602
76690,9704.060733602382
79789,21104.99186272779
82746,10095.909709619818
87159,14389.98729020648
105962,12031.474536148147
86711,12576.01338084261
90644,8039.293505052767
85786,8351.178276453647
107631,19267.08119772641
99617,9936.615330277393
96261,23908.878179164625
103524,10407.68386699129
106761,8361.501426430876
85261,10503.509994048889
82784,10458.171524658419
79866,10535.551262633466
85332,19227.654118041053
91102,18318.83584677082
86628,18608.377818199082
79673,32359.094809169004
83347,14449.650775132563
94145,18858.134392280484
106036,19217.858173752895
82287,12401.302188521478
88789,10189.79253883254
79618,34709.16706470773
94133,21771.870193252063
76165,16471.094854708965
101369,7300.331094236706
89387,8455.295127551357
76789,28673.668267761463
107309,14706.637497666217
91783,25483.45131581728
101897,6762.422706525455
97745,19223.59006726919
82133,42517.588009589155
91614,17605.822938853842
97308,10767.148280905163
95044,42218.857707327545
80363,24360.161495016164
87137,16726.778736031636
80900,9239.345411242435
81525,23071.005808196904
86772,10866.221010939978
104784,23270.608088981488
76211,24011.926512597292
88180,10476.231448761398
107375,16268.216020288992
87142,9986.31632546164
102944,8905.333316090135
99258,10173.040199564697
80209,12245.375664373269
81591,17015.436204486254
101494,9003.795452859193
103703,13541.252807974452
84613,12432.012912870028
81070,21413.575600322325
98675,20504.016414297505
90638,8385.557914364315
78215,18545.62348889254
104188,9987.602132826036
79525,26066.41671616295
95362,18225.139551168013
95717,12032.82873785412
106872,23289.400903896196
84301,12597.558875211718
81601,20506.386556752546
86575,8230.813260959118
100108,10588.466261792179
98140,12114.45019366924
80480,18970.34666299207
105961,20394.93116295643
88147,8062.848762007336
90426,10825.813255065274
92503,22668.134697879803
91066,23749.770547114742
103976,10246.977859310486
78267,18935.27142550666
99535,7719.547936885199
87776,7734.846257411362
108501,23957.295715791905
102285,8962.76230351811
105946,22827.93113084717
107799,17291.04672128693
90291,14673.537095651138
103617,10588.466261792179
97086,11551.888495746265
108058,18640.305094699812
84663,13257.801207511791
83054,8713.528226019804
80706,9694.296011470655
84885,8866.340533192313
96741,9669.390667215519
89018,14547.375211213686
102962,12148.201619559597
107208,20666.996740679348
87254,9774.10216964471
90928,25168.694389685104
107211,13306.45875004598
104636,14774.242585879752
96902,30287.441490318033
92953,19393.30789841072
107082,26176.114418840003
87483,9927.111394819663
81493,20450.875306539907
97521,8380.54847030692
107168,50440.108865486545
94004,26408.1851332287
87794,11097.663638046964
99172,10140.005363579854
78673,30298.376175510428
77673,45210.324403086524
89569,18862.393137629813
95130,11706.091909760193
82941,12050.530225007704
106278,26050.552211237173
92295,22919.339982797614
100500,8075.128176253286
82192,42516.689478076405
103583,17221.59786733552
76059,10623.44771062403
105499,8370.33118451884
107083,13529.348605504307
99563,11194.251852870115
94951,14850.045739325617
103148,13666.134868121138
91319,12099.212367136557
93386,24595.75242559742
76109,10089.646890780587
82945,7459.8833605810705
101785,11864.000335997864
99381,6310.648022630885
87060,19227.654118041053
95211,27441.604882094372
91694,19923.53317524554
77173,46316.75734526117
82094,16785.584790412882
102120,11861.446199371845
91721,12640.55734617722
88100,9353.749912045037
101115,13919.210429545486
104595,9806.02592924693
90098,19217.71241290462
89595,8384.146520196435
82269,26809.187312308608
79900,20111.39621170523
90360,10770.593157281955
102462,14409.600346195903
106639,18502.377396375072
100825,8556.997689906848
79579,30294.078563813593
97198,10068.499766430024
78303,9623.199953359324
87680,8271.767889681829
78160,51698.985736296854
76168,26231.58809815021
88329,21541.58141290231
97416,15354.778706286463
93159,61796.575522607105
91927,18654.753256610387
90611,11179.779015351856
78641,30847.159814935352
92598,17739.63121003115
94425,24607.370953049336
91168,21389.793711517
78734,20164.063347883777
78005,18922.582235624926
93001,25163.002740433545
101473,13483.426348804129
81076,35332.404361022076
89625,10089.223027721306
77610,14307.436744576917
99909,19010.198921469982
84285,6969.133260114511
87146,12427.169132208952
106204,19741.761062077632
79047,8657.823730176842
101371,18357.86250691348
83269,17384.363612826954
79251,10670.781860772104
83976,22240.31386314244
102684,8561.98449065961
97327,10321.408356022572
103469,8962.489376225198
84299,15962.971031332112
99272,14009.696264908442
89489,9573.71039249463
83325,8350.07505565657
89423,14412.394081116416
86724,8060.792664921963
83802,13127.454534094079
92419,46256.481143007215
104989,10474.972966207799
83670,15799.251606850275
90400,10560.68553768872
107433,19736.57498861316
81641,30849.282532401445
103722,13383.395972412889
86632,11064.905363470643
93036,17673.52639815807
94398,15596.62358738328
84906,7861.247077743902
81280,33094.621170644874
104075,11696.009559029722
95998,26749.23604661758
100993,11365.587144527859
105404,15866.470070867452
95615,22103.77275276366
88828,9863.40451497546
94230,25067.305697404918
97101,31638.86948879535
102266,10174.04584561368
95269,12943.971321368068
87008,13292.635761533711
96384,19229.64677120039
81461,27139.021714802326
92651,32734.242339182812
83997,10503.509994048889
100143,15262.22761128534
86721,22657.229248165193
107348,11076.32669075608
99221,10132.908514172153
92846,19442.260573695003
101042,12054.272324913469
76663,43168.0533089055
87986,6368.049661931623
92959,22901.80519501628
86076,8423.973055951297
76987,12595.152364457574
76842,21573.96806270658
77966,9462.668547225756
86599,14009.704986521867
87922,10655.124881044103
90812,8384.146520196435
90897,18704.660532341502
86531,8557.19832222912
83583,11291.841613150742
81256,26053.06908863667
80343,16191.39229691994
102122,11204.394314277746
77334,31016.824803176547
102222,10553.728155571322
93883,18020.326833614097
101876,8912.3264785819
77602,9472.584773181505
88598,13845.401917203162
77524,23526.78634989822
96783,30884.36476284008
108041,8169.773621769043
93694,22126.830745201078
96258,20496.927922753133
97398,12142.823435616516
84225,19123.68368196584
86415,11965.108917357824
90604,10230.482074130292
103848,9275.173604982649
81012,12208.36540367087
94703,25855.438761594814
107406,9870.14167675055
97842,7104.104775124268
106706,8432.342765268593
81667,30863.209019162266
81092,21110.749727789564
97523,11206.337655449452
77107,25102.33473950626
100699,8036.954224430179
86969,4612.300450972139
100917,10081.59445416193
86251,8458.582094565201
86424,20555.366944395642
79990,11981.955081834865
86382,12439.146972243578
101613,8757.12185525298
78397,14329.207096586451
80111,13832.738757616427
88021,10960.926408409417
76832,16803.44802817916
78935,12983.941451466295
100446,13285.009038738528
100621,11692.143957768345
78399,8715.240934693395
108515,18837.581620913712
106023,9844.806173571302
93721,62742.66833086721
83647,9963.904703025946
94136,24706.281914835014
95847,24607.370953049336
107172,19261.421650159096
94458,48094.31023119876
94175,17698.689141569415
92726,22603.544468734097
80910,36649.41601492066
86869,12019.706106540949
81258,20623.920457099364
84340,13787.663334324077
100324,7661.652650163501
99428,6832.7487722754495
88878,13121.180291008897
78066,46365.69197978003
105935,18375.681170623477
87309,8637.841040208152
87656,9183.303157832606
83790,10583.894932925185
77893,6656.6587595448145
76055,19226.34502296641
99688,15368.17676898213
99661,11194.251852870115
93173,31613.428817040174
89291,8407.828784950949
107766,8368.139082824691
80369,21143.227368686265
84448,19374.560321837682
98481,7867.659555015182
96477,30884.36476284008
94818,13508.741612884009
106708,13676.048024522768
77786,18852.114505206046
77244,50088.27053522034
91199,18412.153046748208
101108,8376.77450631092
78967,16067.734918974551
106914,17968.06359606188
91647,22474.47807416292
91411,27567.679817367232
98766,20027.86845674911
105906,7559.654121582873
104682,18233.4597834178
78615,30926.863580633202
85253,10799.229958252994
103137,10406.061533459053
94662,23323.562864569398
104640,8368.139082824691
97535,30884.36476284008
80168,23403.0949860516
89005,13355.814827674209
99876,16381.026815340349
88741,8388.203583520979
88333,14309.587079464118
79822,10905.074926381916
108292,15867.692847331095
106845,12324.43903691659
92167,18295.032099077383
91226,15710.03733421139
95206,13519.62512797237
92166,40154.227124676676
102963,11137.645643229534
79527,46282.43486932951
94552,24236.138938998323
89210,11408.065588738453
78573,19747.71058443477
104073,11933.661154881016
98520,12965.772866749116
77491,45449.19783940002
103333,13554.925269280711
80090,21991.31060458735
98666,10233.277080778811
86798,12142.874561731143
81728,16563.023236717618
81606,12659.191145153956
84372,10114.755445022824
105528,7562.263213069571
107436,9500.791140708225
89038,10195.853386191999
102983,13876.67466531586
83135,10799.229958252994
98165,13209.00112603322
96159,10067.164158356702
90229,9264.840400077706
87710,14496.690673654344
91414,13721.510369585782
77961,17839.223633314014
101890,13483.426348804129
83710,8386.792189353098
92874,21130.03668486959
86534,7737.105732505954
98517,21420.288663316154
76174,28673.668267761463
107068,22950.142391727582
98050,14803.82386102072
98718,15826.930441973122
101964,13973.061603140739
96813,17588.209151071573
95118,16223.238328303682
91139,24717.09255074624
98838,6376.649078365352
98268,8635.195371051486
99553,12087.842022668965
98904,11167.667440604067
80828,26231.58809815021
100001,8305.527805829526
106691,20814.44186378062
108038,19567.328940935666
98715,8632.16807333666
85714,7883.72510943987
88475,18209.333240827684
91923,24986.93132060688
94795,18233.844707114167
79738,12331.310499256168
104213,14666.861671274779
89425,6599.379074023832
82405,16012.28669386098
101000,8256.267459821867
83819,17522.211741475774
103491,10551.953002893186
88226,12406.134342602538
102022,11256.680381125918
106889,8368.139082824691
98697,11439.771118002884
97178,9669.390667215519
92375,22420.22980905212
95917,27534.619877319004
96308,9529.316517228883
92406,14678.651247408963
108375,7672.224053012462
76860,11194.172469473948
82234,21923.56018367742
99593,11495.768687240638
82962,12112.789225825689
82016,13472.719401099901
86781,20215.119212204525
101065,18505.97263849847
95525,18975.206415658427
95306,25150.68022407152
77397,28770.92384969802
92496,15324.585965559701
102473,13549.059068840454
102927,17235.760175606814
91897,27179.92604104377
95554,13362.34063848943
97488,30246.689602370065
76085,9851.096142742403
84133,14362.130731996383
106369,20804.79513157951
92172,11367.85103851673
80532,13588.159107579402
96952,9663.855178285818
104627,27449.161361000202
87415,11185.612274219506
97047,11609.298715629762
87227,10586.728433488392
100308,8257.21178876316
105075,17647.987304702445
84539,12491.30021207125
92284,22405.24717617397
95634,22041.65326625152
86731,10690.217715048448
96425,12399.423532917373
96765,12420.222663187362
93239,9997.054435762739
95450,17416.232340947936
102086,14737.438127706284
103024,13253.668848560652
92808,24364.034475964356
99619,10489.818417019156
79704,19856.9976640866
99613,19525.871383591573
106854,9751.281732672642
80959,43770.92748718455
96020,16586.76673736969
78736,9326.632862213251
101207,14309.816484151228
89767,8385.557914364315
105747,15905.73547281215
77828,11014.039184300807
91572,24666.303204114058
88785,11449.029400560066
76972,21687.502729492942
76362,18989.140257545507
87572,21932.870103837573
82399,22991.321047907735
93833,19947.762820549215
94597,18177.48353711945
86551,10366.459475132828
107163,12260.860353637361
84085,12882.931801362363
93349,29424.24035767663
99389,18917.57220528605
80970,19160.048992359407
96279,13474.886918621061
95329,26552.60054108643
99228,14081.495617786053
90184,15044.914316380853
107226,16221.688605079888
80769,22991.321047907735
80742,17576.59801379397
93650,21771.870193252063
107530,26229.13588914682
87038,11194.408817741341
80146,28252.819199013407
94892,27495.477651808607
107150,13987.700549720666
77880,28226.184834177817
100591,8303.394088583818
80919,13639.921186761583
84533,7841.280309737643
82006,11254.354130526957
83592,18080.300275454778
77124,20705.316185322583
93924,19115.29656994902
95528,20986.230204606156
105644,13198.415983982179
85662,17481.76280129762
83079,12851.413031565648
106655,10697.928814730327
96517,11463.558751091075
80260,27169.40314191782
78203,12298.082412206084
104045,19402.30161144375
76147,29071.941401860306
94260,23048.91935008272
101648,14009.13752641491
84725,10498.88997224612
100099,10991.10227126811
79381,11050.243468116927
77511,11891.039112084396
78265,14211.642326463569
85496,10653.233666352624
77336,10993.36416166988
80330,30885.208421916836
97617,15716.44509157302
94477,37668.72572914939
94881,14555.643162670962
76653,98031.76315205495
89023,17368.51935882902
104965,19664.57395507202
79637,15647.296308093266
94018,18280.030732480176
76481,10883.24093871306
76139,15980.569728264283
89662,14617.57076260835
105654,17116.56098121919
101555,7841.555067528688
107636,15552.351035291138
99722,16797.922143079588
77887,28673.668267761463
83236,14401.435723567238
107964,20519.778771175083
108137,12010.508029031203
99718,18939.916578228014
86701,13343.005801875159
77077,18871.757184993916
88040,25610.206758279157
78583,15731.957451205675
85917,12835.246896044688
81283,18975.94772601526
104304,10540.294694876005
87081,13713.287774000788
87129,11821.944062857301
98111,9582.091428442303
76125,16352.624716920234
89395,11412.095000663634
105028,13996.689989645507
98036,15510.549135025884
78805,8332.110761249214
103101,12428.369049556428
108365,10511.553301126336
103367,15235.643691651678
79524,26066.539034343074
96079,26205.428074690448
104361,43765.95787145702
106133,31725.329220395655
88514,13956.617465800933
80511,67060.2177984957
90340,13244.773592386877
105563,14595.142573699175
85987,12691.612055450729
88251,20489.242993910015
104270,14151.944804330322
100820,8286.459515602339
91061,21794.536241925467
94348,21772.184140949335
106956,21302.267835961804
100858,11429.104147455844
81114,35480.7546149161
103100,11764.979846027672
87787,9915.079422454422
96168,20721.593919646813
107880,6862.411408726413
79423,9938.430057187868
96948,9367.44879864224
99709,9662.08877859968
92562,24667.915242340165
101684,10079.849127039453
99037,11771.796945320639
89129,14053.761067115385
78722,12374.634337160252
100854,13383.395972412889
94206,21481.119420071955
107045,8610.631470195649
102537,10117.637733784326
95597,46263.39397922405
88680,15840.140879875358
96439,12517.05994274003
95466,24606.565655927185
89104,6838.852984863244
88224,9342.419436764227
86152,10710.17322228721
98291,12319.184634727459
106901,17325.137355033676
81783,34688.37999189904
100932,9377.936095154088
81607,12292.52135415422
96664,16769.631735158197
87553,17520.441557186175
95513,24157.12414382788
89899,18221.895886562343
98891,18094.25095049293
107167,10938.821912328596
77353,8499.961378343529
106280,20857.43307655432
90874,9374.536374623529
101248,9135.81951663778
79805,26069.32037468439
106429,7664.144558198983
80749,30225.931342775963
100354,10390.944967034318
80249,17914.56623506461
108135,43626.58228601439
80931,20037.052565701673
107899,8067.193004396774
106399,10326.356116040815
92635,24862.79896718133
99128,10079.552992464258
83388,12040.206400282084
79225,30882.833444774984
103533,8516.499605621138
103029,12785.314053789716
107588,26251.009681473995
92646,31714.69212272819
95432,23867.891419320422
105377,8286.906312422718
104914,16736.987028246822
103692,7095.93600478209
90273,13769.426526634288
91496,12462.92549438339
90243,27493.147645888577
88300,13300.580453698254
87519,12665.083215372484
91612,21602.160970463414
101939,9251.915779531135
91015,25068.755355793644
90181,24405.72945059849
78441,14414.691392878187
108389,11349.875756561663
92627,18339.408324024353
96927,10048.515560442916
87730,10502.642918567833
89842,20674.604672128895
92971,17382.64284575944
85556,11907.496856600561
82669,17742.5133736313
96673,10464.200466499437
79153,34457.1981883345
104675,11634.182997696993
91062,23417.38117094855
93779,24469.780143151227
84248,22169.91857274056
85038,15961.125244203493
87003,12296.190269508923
104951,14805.6025760561
80530,10126.603064482779
83785,15507.550361965026
88812,8637.841040208152
82270,28286.86852869972
108300,10418.524642210332
103880,8954.674592524976
90507,14959.766806553827
108049,9870.14167675055
77105,20069.17129834173
86615,9945.250471814321
86494,7975.237971249966
103184,10069.959543362806
98599,21353.791385513483
104375,30864.275213707693
107205,30885.430957385503
78844,10024.518152785615
99780,19423.333724449312
88969,10655.111394900829
95137,37716.177562941935
102509,14369.61260763801
77745,26231.58809815021
86566,11224.501549216044
97877,16452.26974967888
101765,7398.660681712598
77886,8144.159216361378
90185,10367.844309359934
104203,14442.569667090445
85229,14805.635783922198
96143,15297.640292867483
88575,17369.299524826172
104096,12421.377307326042
90161,11215.615811080917
100702,11669.363335745915
91390,20092.08734027095
94518,19062.62270856856
95365,13082.645812007975
77078,13907.571537484124
103981,11194.4301836555
93049,25357.56427639532
104932,13009.638095584578
80929,19223.53907452139
84280,17041.386779631765
107619,8432.474732847482
96726,8511.998452794993
95122,12017.88206723925
96286,26161.036130581102
104463,9754.060930452066
79669,18936.827692339717
83751,10763.12483553555
103686,9866.93275825449
76601,19800.315160231334
78424,26234.467835832223
103522,17269.936786339993
96181,17658.342035432383
106896,20317.77151373562
103201,11464.14671723984
108472,22950.142391727582
96100,12021.597832675387
78149,38410.326541111564
99046,11594.395948416182
101215,10922.216027128638
95675,24651.847036028998
103753,11655.290122711898
102010,13121.964384801815
99789,7444.329574127887
78760,26798.30995767929
88270,13384.295876618968
77169,26231.58809815021
94033,42214.15659668632
96304,10036.688072240497
83591,10519.554156680239
80417,20520.892010404426
87101,22829.05281550262
91487,21777.54461116959
107256,39525.94375143964
81695,32150.39380070509
104760,7816.55040906213
86668,10500.67649348568
106007,26286.298897528126
94726,17606.033390773875
80940,27682.12907886938
94574,17822.36852192038
100505,10991.10227126811
86383,10588.57921261946
95683,16876.00761240684
79982,9709.324994468856
91488,39370.71179387858
79556,37420.64655834326
108183,17384.249572300127
93993,24570.10955136019
95976,29367.319645985568
98574,23281.851119694762
94825,28512.295877405108
88397,8029.246392508356
84250,16446.54666760483
98593,13219.459522740694
98330,8036.954224430179
103350,7858.592181886746
79640,15900.48667047576
88447,11412.018308179437
97515,17483.764480911657
99951,14009.13752641491
99333,14540.078842890682
88755,7222.695317534863
86184,14374.552286443657
79396,15640.69816420722
86690,12877.017422076557
84172,16476.263367448842
94766,24606.565655927185
95569,28801.049978896604
106158,13735.50432524864
81339,10720.267333897506
93286,25424.85342719295
98950,10931.359972080541
78868,16483.164083212305
100793,9888.834361532066
90095,16079.524888934207
77269,23438.02639113651
79615,22935.074044819925
104050,9897.772572051763
103961,13288.016899331333
105844,19501.195964550814
101832,9664.04767526613
102550,17269.936786339993
101434,15262.22761128534
101418,8362.578290033733
108042,14801.524540286911
107747,10466.008825034034
84521,8804.311935679363
97615,17191.57872490037
81424,10384.217570144596
99517,8633.783976883606
86658,18209.333240827684
91422,18299.36118981197
83839,17439.91375988257
95100,17705.590430993096
108425,11771.69603879081
102439,7884.311750152815
88840,11612.782244319276
90580,8367.521880412041
85770,8111.9051831193665
87728,18877.86758217784
89952,23392.385883795723
97315,18164.414013960475
85711,10350.4338647756
90358,14394.707593413943
102929,8615.051307096655
82447,10563.004379839867
100245,16892.3180667366
84784,10100.84832869924
76465,12566.446708769232
87664,12056.770770303796
105387,13310.886348032944
77089,12107.496107831339
81610,12754.577825671822
81058,17466.674104525027
77730,47547.08440039033
87459,23830.41179321428
104036,10474.972966207799
107145,15894.177078096698
82326,26117.35000572849
98946,15367.47326900094
107053,4858.032507998595
108371,14265.101217786318
99914,8502.167459460123
103049,17269.936786339993
108509,16455.271175514452
97598,24666.92276274989
79617,24498.038081579518
95140,18996.56497116165
90323,6984.951304085481
87974,21675.541550052265
103944,9866.93275825449
103018,15262.22761128534
87158,12433.796308651845
77669,17256.72734036549
98042,15258.45947410073
78268,38259.89618094107
90767,10357.75135148596
90669,14978.25494961534
81912,10358.200471115135
100120,9274.19779226907
102601,9890.060684212329
106911,10099.264725519548
85941,15822.610693093311
87006,21484.107996976185
79286,26128.280365473092
97138,11674.154420580002
90797,7625.506753635919
100707,10549.558284185889
107334,11933.661154881016
85757,10164.226114867597
85888,19127.998312129595
99962,26053.0100589704
76188,30682.588690222205
99064,19159.718795517525
77045,27167.671221441025
84655,10479.447075046777
107154,20977.36017414635
95840,12238.611846938638
82979,19252.76346032712
97459,7764.683658465501
89352,9373.768116545516
98956,18026.327367681937
96121,20480.23642881865
84625,12317.51589146848
98767,10331.547903835964
104355,19276.02945705786
89678,16139.237615801496
91357,28382.81011500239
75998,12856.036739861069
107603,13500.874368677942
86574,11923.134775903784
83632,13802.418665084633
89374,13968.528206544603
81663,12055.383144848032
85717,7735.944384624396
107272,12336.433604578087
106265,7711.980405448378
99040,15079.684327760055
88694,14793.62862611817
85144,16155.042745790604
86820,11972.162032900294
102396,8961.955919045036
87881,11121.481408864376
76603,11508.005552004532
100941,11059.762657048987
97580,18430.925108446878
106362,15431.007377219901
84680,6385.672860861582
105064,9514.506415993646
105522,14580.144594553263
82587,17443.06304236191
81216,27214.21926033619
77075,18166.588881248128
95633,17535.04165675988
97702,9946.985662685944
106735,10388.135655848102
78177,13990.157346250613
108495,8665.751652891975
100743,10637.948363467767
88876,6916.262563845537
101192,14362.399886973155
87450,12035.787831500722
87281,10360.293588041006
89740,18191.632145170923
91037,14152.441907944702
88485,18177.121289288032
103760,12004.816193272
108527,12236.154521158669
94564,25150.68022407152
96909,11620.650230878104
96759,14216.5667601202
99752,9713.022915548374
96075,17577.056272611153
93329,15406.790772796418
96936,27145.386149767517
98873,10003.515771354247
90863,13302.985394447447
76692,38246.59019110766
89812,14479.133786550654
82128,14126.413002704012
96066,8635.195371051486
95160,28189.31122356916
94923,18457.6258040567
79998,13340.194950285913
98555,18595.78051880674
84197,9914.675252052139
93881,34475.10639796713
96420,11547.346639196092
91466,12002.928050410614
102246,9169.126386529146
95149,25372.133681405237
92066,28486.700893001387
94579,39571.06068448557
81791,32150.623758663027
87929,9467.624979526012
79839,16734.913260669757
103708,15581.74115002125
78718,20066.349801834196
87840,17597.02687793959
86316,13587.261131316778
106118,23400.015942978473
87923,10771.267001638686
105417,19736.57498861316
95584,26825.407522427162
80187,7451.698676041807
96280,14732.848928146972
88069,7846.314444734982
102826,11754.691103495164
91166,17720.22198207996
95616,25060.95582356936
77374,27731.71558753064
101288,10421.637996230425
88801,14003.620871692738
100060,7726.390717973553
97336,12013.115431919667
79226,19909.405380084852
106287,12022.787877811195
95018,21584.73159946727
78131,15075.195373171005
84551,17983.405779984667
100445,7232.196801682003
93031,22398.418320274894
104415,18256.1552253248
82984,17524.167812880096
104242,6916.234686885604
86170,19710.99942280418
79814,20632.518651473973
94172,23980.193028837708
95530,46408.0921257841
96105,13521.38865386081
87822,8335.252128866998
78073,17060.68934582908
106610,19514.559238254937
99065,8809.990068468038
77646,51752.70363242889
86266,13280.933324767939
80186,11786.323261770774
102645,10219.30168334688
83453,13242.23863509237
93905,21424.007296034517
90535,8210.816431975087
103695,12651.368119622262
87488,15836.893473195209
84520,9752.016909422773
97541,10018.664725924582
93818,26646.810640132837
90796,21795.62825152135
92896,25163.002740433545
95577,17791.195445867663
101488,14012.565202576603
92336,26692.889415042646
98826,15559.519299975102
99527,14932.462288113706
90582,14664.84096190343
99787,19098.859244954674
107806,12881.730364763303
94108,16406.30006068609
96333,12331.48971453747
100710,13809.93870902671
94129,17270.840416450737
85361,14442.526837637177
86043,41571.10648779334
86833,11801.26598776545
94373,19085.81888275424
77978,22618.23552580979
96250,20456.180080696027
95594,24266.476794352104
96781,29537.831929468637
91860,26484.545773452566
91206,17713.307341335327
102627,8500.19598757855
89384,15657.875003824924
100945,9551.958338228482
103337,8740.913092054534
78230,16606.42607065121
103814,13285.009038738528
96429,15716.44509157302
81547,22601.591987432304
85056,31770.359677912413
107758,8057.9533266528715
81328,21116.139945660336
100775,9830.351006467112
82066,18214.144448629875
83908,18867.609400378497
105323,10574.387012833888
77492,12012.608800088427
107451,8067.193004396774
77351,8423.02239134759
98029,10003.515771354247
101572,7457.883500580896
94944,27625.985395207827
91179,25090.68867980659
97780,26188.32202478359
97978,13221.37906053672
104953,12439.418741721192
89173,19000.414112528968
103406,10168.253274744793
105570,7371.325714019585
81815,18152.13681356628
83095,12368.837745789859
92184,19975.732781138428
88793,11633.836339967203
81805,7939.949145969963
85794,15648.396179828782
97245,23672.268264482027
88691,11093.140874997403
98261,21353.791385513483
76495,21771.05414783173
100400,11300.67366837387
95964,30668.965528430825
101477,10221.659970588611
91345,19496.582371528053
76207,31518.30271122033
88153,16290.116719130283
96153,18601.185674753284
82291,12447.051592284479
99451,7655.202380351389
87965,23166.303063375315
102559,9031.954454141303
106147,10739.964543479908
77921,17905.398529962647
82334,23007.435036896222
108164,11149.817548122155
106096,9870.545847152836
87657,17996.54910112404
98448,15597.125890712723
91900,23748.932261037127
103220,10864.021529637293
107077,9354.985320777765
78197,8789.848836961994
101655,11336.51640110059
107006,10884.102125756814
101367,9963.382555233811
91219,25728.42912599898
92182,15722.951355252851
81544,16445.520781101084
80496,19011.94479805673
81766,26057.509892562503
96589,9669.390667215519
81711,20768.596761676312
94981,19384.743958384486
80701,17512.796551148214
83791,11094.283013069498
84832,13595.131552734929
108407,9983.431653259513
98308,14011.992203924456
101437,7741.103762637311
91248,25087.913653439613
104100,21261.412654235053
78410,26727.032209381818
98413,14529.59481257523
90060,11883.070124938258
101366,9283.83993264995
98709,9105.11497940917
102890,8546.51878200685
87962,12413.396156684183
79140,17550.133835762375
94166,29292.855016556907
105551,10048.987734051494
99518,11315.438469646351
101813,14037.04889202219
97443,25222.95101894891
89725,9239.345411242435
100115,15245.882281873679
91893,17721.381470078682
90000,8210.816431975087
82989,9964.790203583483
89359,14421.685283345723
91971,25615.794886648942
88614,8230.813260959118
104765,12277.080638266834
80918,20505.768164925474
91622,13061.726789880073
88210,11658.560506300291
82019,44763.57689517033
85200,16022.571510867168
81558,21567.404566169516
99276,11717.96449486521
81563,27875.306806343397
99583,8642.79299011254
77201,7833.171006570806
94664,21259.480205087686
99203,10333.01320333409
89314,12123.258964932731
89306,10939.976229455733
90716,15889.319984758733
84217,15666.77344413917
104655,17536.928993078654
92210,14825.031138419437
82528,7463.8213788140365
91346,53465.32991836877
88118,14637.35390091714
76132,16025.973160749552
101208,11397.043262598385
102136,9306.830706144527
77562,31017.890997721974
108283,22973.30090064083
100008,15262.22761128534
91342,30213.07296372392
107698,11092.064676331534
81538,10769.054034158184
99044,15138.212490181799
83163,7662.650984268759
105124,11757.620207612363
86549,14799.509566505005
91034,12129.61646524498
101853,8337.21742119024
99837,25536.938920582274
89337,8642.327058077097
107369,8273.401373189652
77529,14947.05213524847
78801,13104.326522094148
76409,17176.28796141914
98146,15695.346198728934
91565,42724.57464346742
107994,23074.530413356628
93945,27683.739639817733
99755,11204.400613348922
78753,26234.467835832223
79674,20688.28479080289
101599,10571.0119002964
81659,30892.33427791772
96322,9462.60801994523
80700,28229.06457185983
101522,15262.22761128534
93595,24417.01983776658
78924,17048.65197993911
102891,10571.0119002964
107611,14524.604385435483
78528,42461.4463948116
86323,14401.435723567238
103910,11771.767961883392
93854,19727.04001943076
88710,7088.595025531712
82438,26153.5215894552
83328,20503.419639709216
91690,21902.635471380814
83796,7791.846514586654
99904,11768.712325148275
100270,8962.489376225198
88422,8294.487094069804
102971,8854.658374570354
106161,8441.351778497527
91244,17475.60965116463
81158,19889.118625098534
98004,20674.58145277076
84522,9801.906083081522
81215,23150.577072118893
94487,19316.89674018636
78065,16463.629063723136
97766,11608.047086519886
86180,14227.718678892037
87921,8694.106147295344
76160,26228.341986938336
104197,8257.461607530167
100295,8720.522547863065
96012,16590.344444590384
95783,12418.241457672995
104527,26229.13588914682
77354,25178.596306589327
106062,10385.563497102949
84578,7705.529758372691
99784,15897.224511548524
91716,19463.436969975635
97394,15319.377871982939
97254,22969.359740986798
87501,17404.17604934721
95532,14541.549170288394
91011,21819.844941049363
106069,26229.13588914682
105103,13414.017641306862
84421,10980.769294611116
87363,6436.289592312863
108379,14732.28277344967
83268,11426.433754441494
94592,38466.45564348369
84041,14541.571792911598
88908,23230.10379872414
85932,19055.654712326468
96593,10095.899123509036
106195,8411.943025120381
107153,30885.430957385503
104500,15409.931338626888
85737,14084.224401779726
75997,9938.430057187868
79336,30884.36476284008
77061,40115.91496430642
88839,17717.185513915018
86859,8215.883422661433
101090,13306.744731821946
87563,10650.996969335878
107188,8433.754159436474
95198,18712.170883524057
86476,16333.409740983398
99894,23281.851119694762
88279,13707.855350857917
108121,13291.614474420832
99827,14032.623529447837
107457,30885.430957385503
96509,24068.659296377748
101858,10543.84222734683
93052,25458.277327126387
91879,26443.77865832461
107229,8191.846530918388
87917,10017.623501395286
82310,10907.34759544634
93584,17336.91206177575
94356,14004.670508836676
76249,45474.14486165601
88386,19172.157181022736
104406,15712.211708777706
98286,11741.028543547687
95310,20029.550945385105
95994,23178.67517088723
79879,23648.27814005866
97135,11120.074871444065
81818,28229.06457185983
108055,17514.491544762644
96474,27653.231849533284
104358,27454.557162850724
77110,8634.18160780074
95124,9937.584407193975
100539,13098.70520742238
102883,8538.10979298399
94081,11074.377350624169
100018,10932.651222480996
101491,12243.488127333536
89297,14193.66797372337
99337,21531.70758546473
78463,8023.041998025738
97799,15348.31390378631
92138,18647.418691554994
83715,12510.530571797623
90455,12180.642006774993
89100,10351.86132611122
79908,21923.34289325307
91045,16582.41274108747
78357,19276.73792117456
83989,11757.987992528788
83057,8163.447578824248
92472,13530.899357949436
77836,7680.295357428442
91661,24019.84310332649
103107,12459.644456450445
95476,24630.578887127307
96615,12556.752254864152
76337,51871.695193177
85067,13718.093954249782
95176,17207.711235251983
104450,23914.991148199293
104227,23133.40898081363
94327,14367.312675522486
97056,23908.878179164625
79775,18872.177140558368
91282,27589.11178476623
98425,14600.139696655127
79509,17635.1520506365
79798,13650.378383254356
82615,6292.780060050527
106314,20980.99215309984
88964,10339.211890209803
94303,12448.239827385869
96851,10106.804344876853
104465,12235.323328311626
89500,12130.266464464694
100482,10855.936213006244
102159,8200.709768800269
83242,9914.675252052139
104780,19712.852325667238
83902,9671.50692764364
88955,12045.676093171378
83139,7797.493500592476
88842,20675.281645209754
99320,9963.960308637435
81840,26067.506140604502
103216,8614.433437816066
80734,22369.02701359213
102743,16047.182474249605
76855,22125.32088012406
89866,15209.974077400448
106171,30884.36476284008
76530,9437.649060309299
77933,10238.001396028942
89304,12043.913300412465
77180,26128.027517723927
101525,14110.55486205209
83657,14477.712618471764
92832,17958.441693609733
102059,13382.741550662464
98895,6991.093930559435
87994,18284.274180990444
86458,11542.498747813783
95568,25163.002740433545
79603,23060.224262878764
77681,8671.517231090456
105596,16277.22594218014
100815,9059.840051514157
77113,46358.688666037175
95519,12187.55623625145
82180,17312.335212385646
105893,18067.656300036342
96087,8415.66005118502
102458,9774.825094748341
104637,15620.816079807137
78633,18931.006421232087
101205,10571.0119002964
90825,8210.816431975087
77280,26231.58809815021
94924,12486.03744505389
92185,27490.42861434876
101547,15262.22761128534
88425,14303.999105931913
95191,20046.598893418315
82878,12339.156625939819
87900,11113.73763820968
90045,7484.309141071415
85402,17625.933016193598
78124,16284.71727160706
100374,10792.254049761901
96192,8350.303052633635
108050,40793.6416126018
98773,7804.504717762972
105534,9923.614249234088
89256,12015.477233705977
102735,15893.721846322516
101683,10979.372283561059
80977,30885.208421916836
98983,8671.656121317152
91969,50716.773729091874
101852,16815.254603860772
77600,15164.1746855458
95813,14881.466030050116
85687,11956.954444712454
97288,9678.283332186167
76331,17281.066666075592
76111,18710.696007478535
84464,13159.000335014043
102105,11971.813517687568
92739,36759.16275006739
87154,14595.832524414158
76313,8475.844724885987
80830,17241.446780049922
107419,43778.48138737115
103729,15235.643691651678
93796,20078.843060084768
85542,8108.718352970138
89838,19986.73850013613
93303,17287.626459194555
86555,10993.26118889575
81471,21580.55398702372
97273,30884.36476284008
84529,14329.856107665055
86886,8877.033868822367
77905,46455.84614988152
78325,11843.803274390728
91821,24606.565655927185
79209,16989.59884045926
107729,9870.14167675055
88328,11903.667465755443
85466,10079.45772394018
105634,8432.342765268593
79780,10363.435451353178
107271,8854.181423933529
77909,19787.389709684365
81592,14756.319296177431
90946,17700.99683499523
96511,16606.235253822953
101345,12092.004162270507
94773,24593.186780345506
106754,42512.3999016082
82112,24989.380948217116
76758,26128.027517723927
99146,18417.495788589487
103707,11523.274462526879
84009,17439.91375988257
84288,13287.827186480421
107688,14667.265698701578
98025,15140.188487114317
94529,24610.228399936615
78142,16700.55290584754
98985,15255.01860262181
96366,15107.402478554714
96697,8595.47044581879
93267,16509.95206706601
98625,9783.303347255163
90111,13237.0316351599
94666,28446.22719757743
102390,7309.5931720621575
87799,8038.22475188018
101806,8708.905805765864
92319,18141.243306068824
82564,9914.675252052139
80431,32988.981880026644
90298,15892.199237460189
83570,8253.352898117038
85343,17341.502231138107
104567,20733.96401717723
107481,16008.823190682107
80625,19381.844546972286
98575,14384.634938713789
76415,18848.96834284114
95772,25556.082807109375
85564,16248.039758297793
106489,8343.563989317572
104520,11123.283396368133
85622,9989.439092100385
104842,25007.304295015758
81717,27169.40314191782
91720,14605.143919318223
93411,25116.137538663148
91818,32097.47797061945
103824,12641.952329270925
106453,14500.27712758163
96056,16996.351168462425
87924,12340.230636882876
76902,21781.57534739256
107200,30884.36476284008
98825,10907.285138395077
84740,11669.483483810265
94186,28479.996116364342
87093,10692.057726629406
90703,12193.989360741603
87711,11846.518717760173
89763,11312.299805672934
107087,9802.539913357308
97903,12323.999525483445
105393,14270.79652649202
77984,17571.805381647053
93270,26051.579958067865
83584,12067.98546501272
95630,22802.714372941216
92001,14724.882864633124
104596,13517.19454449575
108196,12548.778598099672
94963,13615.171308494304
103813,7782.952574154559
97285,10561.890049726328
102140,8446.005687942235
82537,6210.205748945979
105396,20440.168426174587
92363,20165.34795692025
87145,11063.432491864021
83808,9665.640019522365
98940,10132.908514172153
79334,21909.974600060254
88939,9913.292901214862
86108,12042.62567097353
107513,24862.030358845477
93992,14775.592304441985
77114,17167.6922836065
106247,15085.88287256299
106460,26176.733233484007
90980,24879.646715620485
91407,41509.85119440164
92716,14075.443866085261
94427,23673.88885734866
79107,36751.26160970647
97517,23218.427706628412
82963,10637.696127876265
95600,18820.407403722747
105627,22307.46398795282
94599,24449.97736665445
93831,26213.968987595086
77796,14446.31902799954
86054,10596.559379813627
103984,7734.460063349289
79232,23212.07222618994
86186,10368.37818158392
79993,16753.39702797308
106645,20420.730282943685
100923,11870.11148255041
79473,6748.375572115381
78631,10290.93704064825
98920,11033.668676644565
93487,17946.32631955199
89722,9974.81830568867
86489,12859.627608093051
77792,28770.92384969802
83434,19527.795783995938
81597,24530.72824729189
93788,26057.44121139324
105929,12285.46237329949
83037,12789.177568903142
96675,26094.494783603495
85315,26908.913164078058
88309,18073.905618041746
80642,18723.06286542297
85401,10979.752050198851
81449,14790.817589654322
108274,22453.533223084087
106544,8370.33118451884
91643,41622.12267989148
77829,26231.58809815021
78255,18113.89707760097
106408,11959.113554807627
96365,17580.237819673788
89365,13334.983105500864
98758,14597.888758713776
82412,14538.271060419871
103970,5274.061421265399
82004,26500.64254652746
76359,19512.973018401673
77601,17660.736308311058
87750,12897.602958661832
103263,10268.170244535397
103050,16233.406090230821
106203,30864.275213707693
107465,26247.763570262126
89824,7557.495196384314
83691,10824.488023310474
83517,11569.080056551162
87354,10371.74677116527
80631,44588.11281802484
88470,16131.634347486754
85074,11449.551990662507
106338,9328.787817405751
86031,7071.52994559206
77815,38350.826048169096
94854,27454.544442189675
92558,15071.457709041499
105202,8168.783437707862
79841,16278.145903797096
81027,23107.411507266137
81862,16501.7440723881
90349,14405.679385259888
95059,30537.237244035034
100279,10731.478654870169
106984,20548.144617151578
92688,31132.258955561356
79781,13483.993631076966
105426,25021.961041365827
76908,14325.629707526508
86624,8409.24017911883
77747,21385.412791236016
104911,33121.88542768589
100968,10956.918123159903
103235,6318.845938642296
79717,11128.41215284647
93346,16171.343217494761
81416,51511.16888642506
105745,15375.299175584492
89942,15089.14748821408
99350,12060.167636599173
77848,17946.229344370742
98163,12313.079784624264
79733,12029.79746658519
106417,11571.172137241001
98931,7854.7001950056665
79025,21141.74963401459
96098,23633.887388260642
89627,10565.86123709204
100722,8708.905805765864
89119,7530.2632655874995
106445,19736.57498861316
80588,17377.782583326083
91785,28486.700893001387
79294,14341.805800110398
105542,14801.283396918947
98603,14282.934860536794
103921,9866.93275825449
98405,18175.483973245387
79284,22645.139718846127
104738,13528.258693428306
104623,17183.23557582233
105041,10590.032284013425
107556,9040.252774229873
103553,16420.308795134646
88716,19977.005467386913
88844,8596.771105605338
87568,4909.705164860102
84183,15863.98102138092
104240,19651.37117486769
87404,12387.140864314568
95985,18621.771376709818
95986,15719.785652471064
102723,10741.958938492282
93713,24648.53581712386
97359,9399.0413502717
91991,19333.783366993765
77490,17924.634400072453
106975,9481.892980819246
98180,14587.822684140507
80465,9904.636015603983
98027,4350.689569280318
79085,9597.253909144487
92539,25085.685547237976
92267,24610.124435319864
87807,10865.98704370865
78839,10944.587406201555
102361,10551.953002893186
76828,15458.051798371582
105914,21470.3787465538
80885,23403.0949860516
89833,22555.322085893957
81436,10638.732211406683
94157,24946.48242342189
98733,15978.128141627742
102978,6653.537346370118
81455,19379.78000587167
88578,4941.548697409001
105743,12215.226419513461
94325,66991.42284072688
79801,22177.055336454214
105405,17826.98058219903
80670,22780.968659204696
91173,13882.863334445956
80960,11861.043033397356
80623,23403.0949860516
93516,14499.142190787648
101762,12866.307732819507
104665,13126.490519229588
93682,29275.70491369981
86261,10942.15638306764
97450,7368.18471466157
97153,12156.248533115207
82769,10687.563915016708
81781,12322.989490424226
108329,10554.317511763149
93812,28523.066137722577
81383,16487.090097634486
84306,8451.989740932067
78773,9915.226362691506
85809,12120.599855003462
86305,11891.069231305913
88701,14392.298442144282
99973,8148.250391331114
106851,11181.792439052088
89751,11292.057814484013
83788,7870.305224171847
80351,11428.287943838053
84894,10394.714626044173
97232,9661.74536774761
82689,18650.192936727162
102485,16461.534203469317
96093,12219.511047656295
78234,42419.905349746165
83402,11544.352863640599
96362,30392.411993027483
85275,11532.310579859552
106895,22601.591987432304
87163,14438.666285884436
94751,18263.085151236723
93542,19450.081373604324
77980,20667.891686370313
76166,9957.647130762225
89776,11186.17517320852
106767,19724.435690968254
84743,14706.906500303656
92273,21956.515896775745
97882,11807.194289200435
76744,15784.117500289103
86560,12719.30782083254
93835,16964.427173104763
94203,10168.396594434122
88439,9916.89532754958
96097,26232.459197280583
105131,20417.13773879155
100343,11194.304154357882
90841,15744.837486884535
90540,8514.210867149102
92762,23428.62204821933
107805,17085.330099519186
102622,10508.693905670254
108073,26229.13588914682
86061,18177.121289288032
92883,20091.820386288393
82290,8100.670576880981
87824,8386.792189353098
82554,17387.685968709204
102928,12981.604465319402
77420,13968.241139946176
76315,24913.843105775526
99825,8228.167591802454
89292,10483.269738915336
87301,4612.300450972139
103076,12360.724523022905
93084,27049.52613597144
96934,10003.453021474359
85141,7119.204695005096
101607,10969.732588187826
106992,25050.173634938146
95873,24236.138938998323
83341,10417.0740843097
78017,23311.122165514138
83129,25135.192247554176
92261,8196.32961939598
83824,17985.058527744342
86151,12443.022538557525
88105,12670.52085791799
101848,11929.930265758001
89588,8633.783976883606
93705,26424.557983692743
93017,17746.528508549858
77465,19111.483184236677
105484,10903.020285428465
76751,14251.762777463095
97511,14787.908251378984
102864,8962.489376225198
85858,14578.994957145062
94836,16447.639446635585
85250,8024.503998939718
78497,18673.188036184743
99540,12310.632059173218
97147,30885.430957385503
81347,31172.508001614704
95555,22357.27167767092
98074,16673.47406239086
104435,9514.506415993646
107097,10001.411360197792
92205,13267.220510028174
90822,13012.751388208793
93344,13890.952479030959
84232,12407.818237568667
105217,34423.29452331313
76013,26125.14778004191
102818,10949.103339459682
106541,10472.139465644592
87213,8388.203583520979
94119,18271.587415579525
105753,16144.387767801521
90397,18169.760374119625
87612,6671.377034148882
82789,18454.91859991523
102916,9326.356309874562
104561,9816.39803397324
105428,13723.988153327919
86677,10580.88270039454
95080,31132.258955561356
90113,10787.605810402807
77433,20098.069220360085
106180,20733.96401717723
101692,10969.62456437498
80466,9806.961340150461
99512,15258.45947410073
104554,11310.552075859368
89047,13526.021708480419
93888,25011.137220662047
89659,9298.05728218269
89920,9661.04662681086
86975,14253.605308049253
91405,26599.0000952532
83203,46033.369548146744
104338,17959.40111023706
91659,25079.993897986424
86385,11954.05162805232
81048,12574.466969835245
102880,9769.334751724358
100237,11930.343432929869
97751,8228.167591802454
85614,6775.930682838982
106145,11305.815259491259
105955,9870.14167675055
100146,8605.601510147751
107491,16873.715073943615
80061,18132.695259753356
94324,30064.272551076985
97114,23269.76698443158
106600,7115.492700071501
90922,23054.77313822086
80222,10636.865882510134
99356,10952.313585060105
92780,21149.814026890046
107380,10275.371523082278
86069,10855.202329849133
107753,17639.36544866239
97983,13225.758678871141
88082,8212.05070696387
82115,12271.684003345188
81634,17481.932181999993
89943,9876.341995581408
104167,11561.98027540547
91010,21570.621934360588
85004,12050.095144106659
96953,25882.60441393247
78632,10598.92902734456
76114,11540.523030709493
78570,9395.492282213752
82674,13972.003364693464
91196,15374.133878493636
93734,14118.236728458704
96031,25229.49536669277
102015,8708.905805765864
108372,24962.693477859288
98719,10140.005363579854
83391,9867.274242511734
97098,20048.355548700412
104357,19606.35792083785
93495,18131.055761806052
86422,15822.743963405766
99731,12349.666191358621
94144,18467.36121460033
88103,8410.936167208409
105199,23489.75793049725
97003,9664.04767526613
99925,10946.22615743925
92816,17060.514725509533
98472,11813.674952972902
91986,13117.203051742355
84152,8409.24017911883
87538,12347.645120508181
93305,19307.55969717048
104249,16778.256825547865
85501,10583.894932925185
82343,31617.53343363133
80601,33950.22067655626
99715,14919.017004521846
90451,27055.106241987396
98282,13314.932585014609
98397,19499.726071413563
76414,15761.104956038593
99016,14438.666285884436
85767,8581.648807341688
102787,11828.692455387174
101188,15131.502731316714
85019,11097.663638046964
79803,14157.022212194006
107582,10518.650150534037
98501,11599.72196924623
107021,8569.498629029287
82317,26757.503462901466
105678,4373.781818641326
77931,14320.957656998655
101619,8708.905805765864
76128,13741.190090418719
86460,15818.29608072339
106084,8262.03311772789
80551,22946.547554122713
77062,21983.076304574373
98406,15092.850021774617
103489,7886.3243774377615
107191,8282.410386418585
88549,12876.19666982633
85095,14280.844737568397
83923,11106.96901006918
87074,12450.985735344917
94031,24602.89759205994
99120,8228.167591802454
105824,14805.6025760561
82389,38583.46209573898
91994,17718.66072165149
85060,8637.841040208152
87412,21842.063883265026
94683,19434.018047884114
83069,22169.91857274056
77071,26170.30923692054
81406,30212.72044897253
89203,10503.509994048889
82423,11605.069976819606
88301,13547.779962612069
86758,17256.490273444902
94072,17543.15667463077
102247,9602.478881205516
101529,12016.97775657037
100738,11737.122198880828
101790,9900.942787225018
96188,9728.087278731353
98656,12229.244177556278
79321,17102.0203081569
80052,19886.584004883254
85150,14766.133306831378
102370,10408.550942472348
107503,20835.550125136768
76560,18673.188036184743
85319,10236.288124049217
89242,17561.62167653542
89510,9913.391488610992
104922,21998.25277251496
86937,10965.069079752948
107780,49135.729056297976
102448,11523.581857735213
89648,12770.471037402924
95347,21365.332707694586
97926,10134.875060056702
104963,14478.602492397375
92272,18455.190866500823
76618,20587.731206675915
87722,11503.371758585456
85560,11097.756848136354
92621,24341.29606970119
87712,11382.610133193224
91009,21851.082478824785
76199,13437.642966942676
99145,21857.082899116085
103618,13383.395972412889
106072,14392.345974803982
102488,11751.911019693256
79837,24311.650967209385
102792,15038.897204685249
86565,6801.349580137351
98631,16106.469461162198
106374,44058.16191913584
108222,7787.543884544491
92127,17736.746238652122
96068,15141.745206590034
84411,12035.787831500722
102143,10897.996469441034
77502,14329.999732055509
105514,15396.443017639183
76896,31016.824803176547
104868,18535.412095990916
99686,15510.549135025884
96721,16979.6045066855
93026,17664.974651303786
95961,19346.897797584053
97465,13829.08097896494
86075,12768.755178061769
106946,10845.95135794262
97605,18369.045775396047
83156,21734.71873717155
88123,14910.574429847968
106817,9329.72861437256
103245,11169.28267451018
78564,29797.010799735457
81879,21856.985126407282
102330,12782.275817276557
98866,14838.544962097576
87178,19127.998312129595
83106,11826.751679361045
78280,9594.025981563975
101161,11225.918716676517
96047,16290.707131361434
93044,12575.16791556867
90176,28104.359551056725
76585,19513.631759994638
99524,19157.725289573522
97467,23270.608088981488
95557,17364.955458033586
102816,10219.30168334688
87141,14511.619372404393
82602,18443.6639664743
80108,27723.863494440586
77871,11354.722509727348
89910,9388.50012072641
76255,10509.529982373051
76231,46358.688666037175
87089,16286.57678033687
107635,16576.485241435796
80916,23076.690394954316
95179,28486.06989417965
90694,7086.323807542504
87504,19115.77725254948
95882,20073.32106276655
82944,8244.810079261339
90862,6364.3188490015655
89494,11554.47954902707
81196,24052.923726089255
78258,21780.192721769807
98420,11544.912626979074
84051,11507.63369966979
97011,14786.612056012033
97357,8385.557914364315
82683,9974.532314325323
107472,8516.693244272825
101033,8411.784465334398
86376,19135.104123120782
97773,26063.431111568632
76448,22651.826228155955
94912,24121.125253190097
100444,12968.571483533207
92364,23319.648101026225
104206,25437.323698239798
82384,24877.222765078015
78524,27196.110116278705
82825,15201.425584958446
81519,21681.81761583176
89462,8210.816431975087
94783,24602.89759205994
99101,8385.557914364315
102363,8566.937093046456
107901,13881.761520311264
107950,30885.430957385503
94631,20653.256835561402
85176,8637.841040208152
93934,14841.22580363139
99621,6305.110289414315
101616,7233.8271056230005
86156,17807.014349966226
96327,9252.691353431019
89538,14689.907354913508
98236,18089.440225629813
92253,21036.314170189507
105896,14626.00569289798
97333,15115.290050480848
83166,17763.741365013313
96224,17631.984278027376
94462,24473.09055643115
82796,8694.106147295344
103597,8962.489376225198
99905,10381.225182831235
107349,10822.901378522887
76754,17116.64734371383
90912,22491.116830733266
108289,26455.54621327928
94106,25040.604411948385
86956,15637.347534145238
82492,8045.833257993955
81747,10612.375025515596
89144,9681.360686020304
85256,12245.221379967119
85342,9896.73808716369
108054,10129.716724200538
94681,27592.904891233728
86244,8337.092180928435
81028,22975.753109644218
86773,8464.368331305504
108431,21261.412654235053
102839,11084.948743647901
77700,10676.161243538469
92967,21771.870193252063
91982,20029.069429984545
80639,10376.108313774677
97770,10830.59555443254
100460,14398.855795628378
100531,13477.46779402821
84508,9922.00298129261
103706,7208.623562473457
79723,44439.83739472087
88897,14615.691196154163
88695,12743.635272292542
87380,7780.876179885621
76070,26352.823853437567
99342,19019.46997660497
79110,16456.527996704725
89341,12102.987044923386
90330,15886.56308024662
93894,24341.919071768683
104137,6779.0661697438
89113,11328.012400998194
91150,16473.34119331597
79621,26127.817895572753
86822,9435.545443401676
104869,11807.65275792386
93874,16732.797970453277
77606,28313.348480950073
96981,11324.22893037419
88437,10987.597795349857
87834,14296.967569951916
98923,10132.908514172153
108118,23460.390226519154
94447,18398.059073268676
99454,21133.433895553746
82144,16456.97703029191
83494,13407.74876507049
76545,15328.60618239906
85852,14007.235863200818
107056,21558.2830199679
95419,8312.666752817888
76570,19681.61124151197
91325,20164.4661004445
98990,11809.675724042905
107639,12437.42032977
100232,10975.204715832857
83318,14547.806832359463
82277,35604.46160161401
105198,14359.301704828025
107660,17807.227070956706
92349,24376.602734566073
105445,15396.443017639183
98333,12886.051142428028
100919,12145.879676372451
94295,25067.305697404918
105853,7966.671822578439
100457,11885.156536182767
77726,14416.057804869333
96027,10016.444273810723
104201,10472.139465644592
105205,23098.30284721748
94718,33558.972042371584
96617,12556.752254864152
81405,14305.288068767246
98642,14529.094790934367
89156,13334.983105500864
104916,13842.315830495649
107696,31634.071131769786
87902,11018.135960414926
106870,9870.545847152836
106153,12015.425800071163
85108,11090.566788639264
106590,16143.05711608691
97948,15986.101168303312
77144,26241.73230362002
91535,11952.26844987133
83900,6264.882129128249
107374,7123.595844593998
106805,14797.205361149758
101971,8229.91808905774
103690,10195.796718825339
107830,12670.480150951784
105302,17016.350328273194
90504,11668.212370392932
91865,16780.27965177655
107204,19237.68039763685
93231,24606.924536048104
94654,18232.597409484784
107435,9870.545847152836
78616,30991.45199111417
102268,14398.855795628378
81320,19126.796158297715
85005,11620.642332578329
98032,9523.10474386339
92938,25103.6946716485
76177,9535.693004993771
83869,25064.85430309705
85806,7112.41466777528
77987,13273.445313168417
103802,10833.201183931018
104020,20317.697855704944
93262,21988.148414449654
92988,25397.816259515443
84434,16526.961827403145
95648,29374.786451073716
77947,28310.46874326805
76135,12318.846294834524
80971,30884.36476284008
105584,8843.92216298556
85530,12399.260135901779
106515,12790.501599468076
80686,17418.009138367943
85040,19133.20154255101
77404,7821.776494761774
91234,36417.03769132131
99225,13233.956895597983
88808,11459.92299821187
89948,14866.151580036927
107161,7769.308271448942
83683,11295.182504410948
83709,15975.233181227064
80256,20188.37555155856
83504,12876.19666982633
90112,10529.323862943724
93042,28456.307673970437
89466,8599.776112271078
103405,15808.85300324962
86026,44336.408549559535
86824,13790.240820764946
79357,30312.870095637012
78812,9843.441870314982
105364,14869.37672276029
105744,9748.631811025796
99819,21422.03524174851
91051,20078.843060084768
95688,21374.991742281247
102174,15527.965275673278
91914,52445.76871402016
86568,7927.727454015733
98761,4363.53752811866
101252,10949.103339459682
91406,17116.864800086627
78069,9597.253909144487
86168,22151.895518425004
105858,10472.139465644592
83972,15843.067746193992
107196,18710.563361889286
80990,14238.339479294022
101095,13506.286079730156
93806,22276.64674462974
104535,8274.81276735753
99257,12440.273527828711
94967,14090.285061787095
94257,17625.32964647198
100543,11713.286196750352
96277,20340.160280998578
78730,14362.130731996383
82370,19842.478723196666
86050,10081.903598445613
104245,19272.440679972846
89903,14818.351655502523
106353,10585.17377175916
90055,14388.720879277122
78070,20941.984803863077
84302,12153.12683680275
101048,11926.485703836073
97981,10491.206109285335
85001,13280.933324767939
79444,23868.56791721945
88862,10677.016438868653
90445,13478.608345806551
92203,41612.60523275449
100623,10006.741542641525
94528,14571.780156913355
94482,19431.653885678035
77706,23154.26910203641
100947,10960.36268508183
94367,24602.89759205994
108205,18217.728966398234
77256,19800.315160231334
88458,15857.753353416749
102997,8673.832324654295
88421,10642.781736511608
86001,14056.422488653448
97594,15016.156846963819
76992,26170.30923692054
92157,19131.28084426232
106018,9867.17347001144
85491,15110.290747086008
103359,8959.235833290473
101024,8618.019534818306
95167,27457.42417987169
93493,20030.4276425479
77624,18085.062908946897
76803,27167.521520398062
77142,18574.02419978618
86693,17684.911157055045
101755,9562.195745649431
82229,27156.71494133631
105220,13221.055764339664
81442,42800.704074098
92017,8332.110761249214
106471,10909.561061984958
86231,10984.592765257423
92036,22814.139508093882
93224,20766.421792226654
87139,11697.079263996346
107623,10849.410938403817
81066,26068.353268422958
97790,15202.510793173351
76514,14379.41092092784
85297,9973.399759820177
93020,13753.732969853161
88666,17537.2679583001
98711,17848.409964604132
107486,21252.217263567338
79363,17092.714832792153
88053,10239.797397570323
87127,13575.836666460491
104704,20758.42148416632
103808,8476.735806622488
90199,23868.895408447337
92950,71276.90826992015
92002,22763.58211396677
108435,12810.140028871017
86748,9668.77177853991
86978,8409.24017911883
79932,28121.30693059624
107382,8208.344230713554
82616,12200.384610478952
99198,24474.20756733015
96788,10246.977859310486
92073,17854.538460400512
92060,17464.971268794125
79559,7378.961214669822
105276,20212.88630440286
78536,18432.856314163084
86795,13952.542753075853
103739,14723.688458937242
105087,22169.373596757967
106499,18472.68635197651
81009,44658.091354253775
77053,23835.60247164613
104832,9463.714950772435
81864,14016.398417684068
102634,9005.51232777845
90510,9649.761271254356
103001,7906.054323381937
97323,23092.400306345142
77996,23913.60976243473
89082,14799.377284633627
106910,19736.57498861316
83882,10001.694423712828
106459,20169.518608097183
99678,8632.16807333666
92583,28486.700893001387
76986,20713.395474037785
90844,10287.036966712556
94286,12484.661622672014
85208,12285.46237329949
81224,22362.155172700677
85569,7840.288610503667
78152,23060.202660784733
93054,17816.91755488561
93481,19583.996110391086
99735,14608.69873990393
88060,15017.33959368039
97546,10314.218296525483
81083,26116.841390405076
100259,11165.115478099218
77751,14306.52480801021
105093,9759.198656267426
94991,18232.606202327985
91352,24620.510950403794
99901,14372.7631185094
83577,10993.89520215235
95846,27607.938085075817
89917,17144.682788854658
93394,17632.314976201196
102805,8385.557914364315
105448,27996.331418950533
108444,13467.750002807144
100862,9027.71768013806
95006,42732.384539967825
86446,8127.544231383908
90906,20118.80500442155
95336,25745.69103995776
94904,8487.81604281316
81105,14012.579495981001
78132,9516.636777331205
87302,10978.46464618859
101471,10228.589195236711
90015,12475.337554348283
90539,13958.411988427559
82418,10384.217570144596
79940,20145.752703249764
77401,34256.24707325597
79054,10095.622196553823
78493,38289.30517033811
87727,12867.76341792471
100390,8757.12185525298
86020,10564.521985100155
106293,24951.201787212394
105435,13668.54344144246
81992,27139.021714802326
92805,18275.978493123603
92871,20181.744675170037
101833,12017.73030887533
98352,13239.654749446188
98629,13409.194866478727
79700,14507.296815746624
99710,14301.626865026206
84526,18080.073571184756
98636,12913.98855812156
106829,15077.504980473095
99652,13150.46640551573
85469,11478.454443319024
82224,18609.35518353598
81899,27422.880060615436
94817,23104.12016051501
92379,25486.94894679894
94423,25211.1915443242
94010,27598.39401174583
84867,17599.328807137306
84679,15226.785497420502
103292,11764.979846027672
77349,13849.572701107229
77697,10168.71323696194
103017,6488.351112847429
79727,24628.88745741858
86490,10564.522315538059
101009,11179.376654833382
96540,15390.722642899997
106974,18054.98313169325
80055,22028.54672599127
102035,11523.581857735213
87843,9954.279807825633
107868,20004.389702670513
100831,7094.4803397224405
98936,11091.869096963945
96915,26225.19472949279
88473,17933.006432747687
89030,10506.918560267997
95894,20990.160510146656
92113,20158.19733780632
105809,8414.349127964784
99360,14315.52434201757
86746,8334.96193000115
101917,10054.503275575395
96687,11625.97625170815
101210,10922.216027128638
101146,10519.894976935646
104900,10511.553301126336
85924,17523.836544817936
90544,8635.195371051486
93003,21037.745890238813
98738,12319.184634727459
99884,8635.195371051486
108053,26176.733233484007
90188,9374.536374623529
91970,19901.54584410202
103257,8367.275355658423
83138,8496.954958504066
104017,30864.275213707693
105104,7076.910458364373
100054,15911.352036350137
87155,20115.750386445696
107600,12022.912422295494
80848,23182.29846102121
86709,15940.69477175523
106214,27660.052746869336
91963,24599.997206506774
97698,8564.656155499459
106109,10876.756719761483
88231,9306.827407586017
104537,8667.163047059856
99388,12536.834349347884
94517,20026.534809769266
76658,32876.991785340426
107430,21579.737079773753
87408,10673.10890124136
105971,12578.735690493148
90264,14371.762111173539
78434,14258.665594781722
88248,19710.020699840014
103386,8502.614555073675
87862,23987.015914964086
83101,13790.240820764946
92350,24883.432634209108
98624,7312.16462370374
97298,15098.941313530748
81919,14632.31949769242
80556,33396.33880371691
98141,14075.167327259564
88205,14187.665604609292
102779,15262.22761128534
99926,11643.411065778806
101484,8038.872882425252
102869,17512.5326812303
89043,12993.251211273722
92878,26290.380243803218
101071,13785.93906904676
106583,24964.3058000847
106819,8585.076907570265
79956,16153.072129645901
90659,17998.38460619289
82276,10756.061872714183
85881,19714.759240284442
76753,31121.703588872348
102970,14998.136124212853
93126,28383.441113824123
97964,11035.504025406583
81951,10304.556237619609
101200,12653.789876945766
96104,30885.430957385503
78169,18608.703869177647
90062,12234.35572371923
100918,10614.097896225063
108353,10353.423591049683
96642,19738.165879283104
104763,9551.463999103888
100926,14391.513010134151
107597,9824.836142130493
102765,7460.479914641425
85805,12045.676093171378
102162,15566.749144113559
82952,13549.205913991387
94184,46308.884185015486
87797,15093.91241993203
101511,8541.772661588651
107686,9458.408193228735
95366,12277.502084787176
78349,7400.3140737256235
100908,6594.745358238952
96196,8331.290246350074
107677,16611.99692190104
93603,20651.159996628485
99861,14009.977948900128
87456,15898.657042230205
82484,12576.01338084261
89252,15302.557551355987
104243,19842.64648605461
107181,30988.38211387986
90446,6779.657788520542
81412,17406.753388481495
86732,12576.01338084261
103972,11593.961504341825
102586,10219.30168334688
82466,12413.396156684183
84937,15816.065002895763
103038,15262.22761128534
104111,19736.57498861316
101111,14041.502353103175
107812,14261.90444569593
81483,11851.375807978366
81303,17727.883763090133
105370,15769.533272629984
80504,26171.276343181973
85839,14247.794683981
91560,17929.1361567691
92722,33904.38519859976
86115,17512.194685919192
88062,22671.238709073743
104876,11020.44768592075
98777,14580.144594553263
92504,21381.336001407177
94025,12328.994105896572
87253,11121.651980515084
106668,22036.185616151706
100007,10993.475292552943
100956,14460.961498217992
104055,14114.243552659585
83761,10105.770617239026
79429,13313.454003361332
104731,20814.500288525916
104125,10876.756719761483
95628,20260.188257134076
80913,22987.06228957565
85196,12102.987044923386
102697,14242.496957814126
98587,7864.231591867693
106771,14641.717771262951
90889,10653.505931805015
99697,10233.277080778811
101404,10204.29538475763
96283,10069.387266316042
83072,7795.403664921567
84053,12061.077412660876
92435,15591.324153699925
99445,11817.271529279173
94604,23055.554086534445
105585,23154.995727991303
106189,9746.529603189907
108456,28721.417869168872
107914,11542.583752994087
105646,11618.640788611408
99808,19233.2920784109
101337,13383.395972412889
94636,8047.2810944277435
100480,9866.93275825449
104644,27985.020915879835
96254,24151.263145213317
105238,23182.29846102121
99534,8258.269728623156
85285,16683.932788076392
82145,20651.5635764117
79604,17114.342762883745
92928,24059.45119576178
82245,22975.753109644218
100973,13446.227415216337
76365,9597.253909144487
79164,18146.31483803369
75989,15756.379639615769
96557,23355.751164920504
95029,8334.275697532026
107817,9157.606271254563
98521,9669.390667215519
103150,13753.309129077938
95850,14148.724678273085
102008,10956.918123159903
106002,15230.870372881129
106077,16789.952764654423
83367,8801.855999460566
97196,17576.495161435818
76566,5286.288644654971
104384,26122.695571038523
80692,21878.477497952947
101094,11679.211247045027
81800,19764.494820312095
86722,12174.204031346282
100318,15285.243862975496
104827,20317.77151373562
98244,8632.16807333666
94712,25736.654385480055
98393,9225.716841213794
80771,13806.065213560923
86607,15763.418628523264
80768,10550.157947195234
96949,17237.607348777085
87207,9914.675252052139
84629,10009.792579617068
76136,17154.81765578109
76644,7973.98987007203
107649,17265.091831024252
90281,16870.99786667807
108187,16680.889591023533
92025,40399.981048598216
99737,19159.718795517525
90801,14694.817344207539
100790,14031.2154976449
102558,14947.68345249263
98713,12076.549667556224
103633,9871.578383121314
101449,15020.734374134174
81515,25800.69826941239
98364,12127.242931465686
83966,12593.904738785035
99995,10551.953002893186
99150,46505.02009048291
86873,13257.801207511791
83731,22281.300559682844
80810,34419.10679398201
94650,16201.67657355778
82521,14765.707902018865
100255,9587.018240468129
80454,8321.475385397433
105154,12435.9191242482
79689,18007.810419683465
86810,11177.178359424743
82113,22363.623756370846
85929,10237.21086409491
77522,21392.96015507792
103578,6795.509694070804
102688,17269.936786339993
90791,16302.753299007074
94401,28354.28464931319
76740,15652.135042754939
81666,16981.926703928868
100227,6217.4437814050325
85673,10503.509994048889
108395,22064.45967561628
100214,4946.0561306758555
95659,24224.15368033924
80490,26114.47026804647
88384,11173.679035822688
107062,12095.396704612875
105277,9427.253083658428
79265,19425.38889706026
84984,12267.764178139649
77376,10464.200466499437
77355,22246.17786852811
86313,18209.333240827684
99285,21537.398588127526
98028,13553.364702664085
77611,14399.759156289107
90056,13769.426526634288
84773,8388.203583520979
99264,16325.239534997054
100948,16076.532727749875
82379,26790.371113595564
85047,18400.222044082242
104114,19638.816682286026
107632,14646.687039682494
93536,12755.042694116026
81421,30994.467337382677
104793,43505.790942191416
88141,11114.065859476881
102679,12607.686525144265
81051,27214.21926033619
101005,14465.692872326765
97532,9671.22498423605
102499,19170.317647886062
89537,11185.362727397958
93046,18058.542418932782
79823,19931.825533197352
98882,18095.71540709707
97094,18434.15439718861
82461,13820.3105322911
86118,10292.892890601855
89801,9650.360943101863
83127,13109.496459961543
107519,8345.009349839102
82583,8673.25672046624
103259,8035.579082723515
81152,18610.762612779024
106206,26275.460709418803
96706,9817.544542386402
88303,12522.183116341981
94241,24569.30213590852
95076,21837.49268468659
107546,8068.568146103438
78467,12107.305088844136
98304,14301.019583673029
95393,19494.164712794438
98134,15374.909682708667
104152,16396.020803172752
76818,18935.27142550666
84707,7381.529629060015
87889,13292.635761533711
104736,15136.687712744526
87844,14626.00569289798
88388,8039.599893586844
83940,12576.01338084261
99536,16640.53859730637
83313,16235.092578041107
89864,14927.241831386436
106944,14952.590882034725
105635,10015.370224737233
83110,10489.225985945544
78937,30926.863580633202
91724,18293.63820580282
94886,19312.899429372406
91449,17845.565037971177
81745,31090.90261105031
93405,18221.60425262529
99402,6376.649078365352
94317,13878.138018023132
78503,19067.53362749071
87111,13952.542753075853
108538,15431.007377219901
90689,9658.849437670226
84402,17910.25625037476
80890,20360.231968628887
101682,8111.0317571626265
81874,11937.861116448377
84259,6289.776223747987
96616,17628.241619789405
106173,6813.583757617652
102534,8492.367418962272
81629,48570.030218936365
104910,11478.419551435052
92100,27497.28850418901
98454,11834.119436091867
81880,24366.3279864845
83346,11104.732774846285
95335,20256.558235289718
106693,19854.463188459402
107432,10518.650150534037
82694,8694.106147295344
100199,11862.180217678477
107361,20424.324199486735
88659,10637.696127876265
84237,7021.326558835165
83666,11351.583256012012
104468,30609.775822924632
95495,14562.185980128992
84298,17996.54910112404
108427,10957.962604023045
88238,15665.068480191705
103836,14368.05302997329
87394,10500.67649348568
77799,9982.829012651357
97905,8791.037430860686
101142,15235.643691651678
103274,9750.87304538639
88302,10854.354974294407
76533,9234.853711965014
80080,21876.816935303726
105134,12031.474536148147
100792,11294.294333168467
81408,19092.98146930371
80410,19462.28664398306
86355,12447.713010210566
100954,9313.29966158196
93799,17252.600023804105
100810,10577.74472494345
80379,17243.38289082508
107796,19554.28819151951
94046,16226.150287780032
99931,13991.447102691282
85890,4570.439810707013
106923,13783.82256246804
98319,12310.632059173218
94853,22323.77190647407
91069,47205.960998635266
78790,8444.132215932039
92697,24606.565655927185
94765,25180.856136001126
102150,12444.999216711596
105768,11880.92604093905
81755,22988.616522473534
96933,10124.859104086743
92136,55211.109686475334
96082,6022.012689523139
108457,14805.6025760561
95142,24627.221979672275
85688,19132.07312156335
86672,12009.985926183313
107583,8815.225416286932
93369,23577.113404389318
97637,16140.661655724745
80868,16017.280889959315
102315,8061.190060165195
108428,16269.442716395088
99478,11711.238496630613
98906,8630.75667916878
96394,12092.949410252517
106032,16758.590599756688
76121,13549.6134818884
92642,18021.97144085965
94725,23635.609155258207
84528,14513.15603734235
104492,10376.207780541772
98456,21353.791385513483
102089,10960.36268508183
105274,7443.112634564192
91436,28222.775688800753
99127,7774.0735405907835
80416,19949.850071047185
83419,8294.21182615873
76209,17797.034800060737
91874,14442.569667090445
107892,14230.155468337176
86727,12265.120028555184
83096,7597.733910475022
107036,22140.319061086368
86096,11331.302633345738
89684,12418.904573271246
105301,10554.317511763149
79056,14415.38134359317
103508,15214.713926820536
102651,11685.481821382618
76605,11651.580313266119
99170,6409.586593729169
94850,14060.595966910922
78638,12284.35447860751
106031,14441.943273982499
104955,11868.37596381965
101565,11758.08992362092
105886,27449.161361000202
86499,12624.7843272108
91809,47965.1665983793
86033,10964.368692076814
90761,16316.303001627819
104168,20880.302035946293
88048,15568.962032310243
106343,27938.640534842525
96568,9668.255811438481
90082,28104.359551056725
85659,7829.937108182081
102950,10991.10227126811
96231,10104.680478114562
101781,16027.864902521265
103210,9461.31334634739
95174,9398.683270988491
105594,18084.267355271895
107809,21589.331521093627
81222,23414.83567791327
84506,22218.089463546938
83399,15013.807923172253
88318,13342.08629209245
106235,20459.96640628477
83952,11809.667672244523
103610,13282.95211347304
107273,19073.68720134968
102134,15262.22761128534
77708,27180.472574974072
99754,12247.469576449168
103372,11942.258361062437
90457,7691.099970398606
80228,13649.91818752383
105630,16880.33278919792
78448,23744.999195061722
86729,11522.94435588025
108510,8658.981949445248
79686,28239.538355319874
82677,14872.525643052924
94161,20641.291048907373
93064,12304.646566255802
103595,8658.453823505954
107257,8024.239157112877
81162,29863.29783633922
106410,8488.810278200921
97829,22963.23389209291
92429,22614.793122741456
90183,17816.408117537594
83816,14539.821493314568
88613,8458.582094565201
90025,9793.177097398506
89004,7809.786286348746
107997,18462.934200124033
97458,17391.295772366477
82737,8404.503663466652
101739,11942.258361062437
86766,11090.566788639264
77098,15825.770141560773
93598,22472.273901490255
108115,9608.475821672257
107653,22527.20079494722
94706,19136.559565204097
105344,9774.890811634592
87516,7369.567386111722
98959,9523.10474386339
104557,8068.568146103438
99137,8038.846853361599
102126,7542.348993740478
104455,11896.670689456289
104278,11100.42590760058
80331,23433.61598180949
90087,19217.71241290462
93700,25677.40286780816
108517,13345.86530790242
97373,16932.85238965198
83394,19180.72659546605
100989,10081.59445416193
82625,15803.727443544773
93457,13198.808841081634
103186,11768.712325148275
85133,10506.918560267997
101198,10950.496058950059
102095,9461.31334634739
99684,9938.430057187868
83595,12960.277813815015
76960,30926.863580633202
103015,7944.178204908309
91987,46858.68717479085
78825,25059.27312741475
87668,20122.241872348408
84826,15838.205606649813
92309,11352.619820676106
90969,19394.05792182195
92987,17721.66028483279
105317,15676.178315483763
93606,22381.936273299703
95536,35518.42298913227
92839,17428.123757309986
102133,9098.718752583087
105225,16180.924075129788
85627,9914.675252052139
79013,32190.006574271745
92008,25152.262685017173
80983,22144.29314257178
106475,24205.07719403937
99357,14301.626865026206
79246,20707.771587484953
83200,7915.333948120554
79656,22191.822619249633
99031,21528.075606511236
82780,16593.885831844756
88310,10380.528125770794
98056,23105.053146707316
77289,20232.60705111
105503,15610.830213946894
79198,23404.64630234156
93429,26475.163932394604
97172,10886.639285584235
105958,15879.878957414327
103180,4350.689569280318
85825,17400.876348379694
81725,29972.912619413743
86590,15423.533846031916
92366,24591.91606891693
80589,66913.6445696168
95454,18260.401234853987
104525,6828.626461799202
107646,7919.437361455796
99226,10502.531613653888
77273,17220.2621099219
99642,14366.19120906648
91195,24602.89759205994
98641,21133.433895553746
107724,16944.887186559186
89646,24586.85574142988
85873,11520.634752980433
81468,23403.0949860516
97648,9760.612423157583
85573,10380.528125770794
102394,7616.65165376384
77771,19917.44402374499
88122,11912.621527294688
85640,16239.839726220245
97560,8028.592659867546
100584,8123.304818619728
97404,11766.587291408669
82414,10500.67649348568
84609,10503.509994048889
100462,9985.467732556277
91573,13877.185763596663
94716,17995.264738080543
107560,23219.981325495362
79627,18610.31796476682
83025,13047.154088112164
91918,11510.927013112427
87344,14220.028975305187
91683,28258.107360930462
77259,11127.380160739023
95887,20035.501440568474
96802,15894.898669642793
103965,8384.146520196435
78110,11224.631228309292
99144,10134.875060056702
86801,10778.060805226318
88181,5617.606125891384
88262,22209.627915918114
85846,17037.218604908838
97896,15942.289887663512
92462,46291.10014347609
99668,17351.853386542254
89440,10706.079264341164
82867,22648.099460811205
85857,10416.02786747475
79583,32053.61930300083
103090,9879.924660210956
104184,30885.430957385503
100921,13216.475190564883
83124,14419.388298559985
93320,24641.69906422965
81985,23052.8132770265
89618,15235.605967957552
90086,9956.559242007183
80855,26170.769845433064
105114,9754.02157296582
92497,24789.60566103326
89049,10081.373452777261
88584,18453.107444216486
88019,15621.596245804283
80119,22137.90617006468
84879,19215.727971915985
99293,14285.312608815277
82515,13724.417683227732
97600,18309.467520958926
103737,12147.858945479235
102387,17478.040540458434
80404,35041.12002853174
105785,43661.61318762596
76379,18919.346610949022
100569,15076.866231437245
101553,11207.362749107418
105803,10779.911898770395
89151,11808.379007943544
102960,8501.380137700931
103094,8469.362118122592
92146,7765.139045068511
97802,11611.638646705009
102939,10571.0119002964
101492,11930.343432929869
84207,8396.444896900322
86995,10402.13482295163
90024,23623.923020973853
87536,10164.226114867597
103571,11912.590618166132
87529,10376.782588445134
96756,20351.09192586352
92326,18576.72850458392
97609,10337.531157756724
75984,16634.546794167643
80733,34179.97890759591
77150,8701.334228211163
102496,7708.273529651386
86666,16059.265175202952
78836,9051.376487906688
82444,10800.312979406433
104414,24215.919923451962
98585,8274.167338694318
85191,21566.364309887602
88013,12064.637145067167
78962,16037.627415923262
101510,17269.936786339993
103438,16015.035887898768
99474,11669.7883140899
87180,14774.93356885881
82983,18693.978899706985
87503,10472.046171206006
90410,19242.29602459676
98416,12173.179013935765
104117,8843.92216298556
84900,9403.110682477727
88565,15884.162572648005
93797,17576.806939694066
108131,43765.75106621544
78848,17276.784097323827
88151,14227.718678892037
85081,10076.899237513926
78163,12134.998588899543
106580,12031.474536148147
104638,11570.775243479156
103696,14434.623874279125
99589,10537.746777954051
79699,14112.209281142643
95129,26641.299340582504
102173,13778.85924068592
92811,22686.396670403254
84986,8229.401866791237
84162,14238.74263332977
77340,20341.593372508527
79685,31361.71206870818
81423,22986.09518331422
93745,18151.970653087265
101399,11831.306670576862
91611,22687.518686328785
76973,11000.99349001893
83734,23373.81127279086
79526,22181.45586785371
80087,8332.110761249214
102186,14398.855795628378
77640,26129.860119257348
105138,18282.241264671826
79146,20848.54886038892
91713,12232.216588475638
104230,26225.889777934954
101896,8384.146520196435
107587,28204.86074493137
76461,28605.260802616376
95587,25078.4530147216
96185,12359.061682280384
103181,16206.96211502838
107643,23868.32342422576
88948,9913.808176571081
97565,23341.44760724334
83821,10697.277805559459
103781,8541.772661588651
81677,44763.57689517033
107975,17156.184899351443
84106,10618.353490178411
93060,39867.491657258935
81078,20575.217660629092
106748,21460.529179910664
79264,34209.937947915685
84098,9640.148617546625
87838,20877.317074357983
102957,14088.82545988649
89353,10125.606479975198
85492,11164.269544515171
107957,25959.605177802146
89938,11236.594463752523
90260,9669.390667215519
89571,13308.8040566781
106963,11564.0752878333
97266,14227.91816143611
80413,8684.39419608321
86028,8709.729234107392
93343,25996.913822624512
105232,7469.841459440317
107755,9873.739367068812
107326,10027.471012131411
107571,8432.342765268593
100062,9661.843935726447
91477,26468.003403067232
104598,9119.24966062014
98614,8633.783976883606
104034,26283.41915984611
98446,8328.100904056739
103023,8385.557914364315
91550,22807.803109569482
81211,19833.861242795232
90619,9334.776019857189
91525,37013.881904263304
104422,21695.603241777382
93555,20146.061639781397
88346,8901.287957643328
102067,8294.146394633653
107051,19226.7289157681
89642,15835.059655106666
83492,17337.57158335449
99169,14515.805385624108
85964,10710.336386433273
85179,11291.624510057207
100677,6295.313956964557
85529,12855.004044544648
86198,10837.494032887464
99532,9304.699682551083
80443,32972.43850382459
93248,19400.178755479574
86958,16575.097578630157
77942,23294.463853385914
88568,17962.59033881891
81730,50200.07459687489
98884,10233.277080778811
82267,15822.421327755903
88088,13969.877582953239
89578,19071.255048772466
83568,18379.19186556036
85083,7711.980405448378
79222,17213.81934314369
82543,10503.31450121039
82611,4347.9029942675525
99708,15265.26002668884
97699,8332.316260844487
91371,27439.664973234518
101757,8036.954224430179
104417,10959.88799544151
99830,11810.745467402076
88477,15493.435312767466
104614,17596.777266245892
76098,24729.130706211334
92143,18367.596949529176
81343,26119.72112808709
77212,20619.720597201347
78262,46387.70557851126
95097,24491.45073735044
84440,11423.061055541531
96942,15816.900275729473
101584,9931.900144131638
77202,5280.772213111835
85173,17907.74753227231
82953,19552.798788298714
81151,24279.1558378517
104377,16734.28319957119
86697,4567.551979468497
96650,11870.900481129185
77031,18088.56285623764
82235,49233.2364319768
91333,12412.016716958653
103393,13240.8050726164
76254,16986.839224482712
101592,12532.8402696224
101865,10943.34086374327
90819,13445.420143515534
76941,7815.717869774747
91974,18207.847618293137
102930,15454.74372608814
96310,19773.519207576748
77912,21815.63343425295
108119,14801.283396918947
93631,16244.705193316708
76592,16845.21937111208
94282,29456.40337830769
77715,20813.868669679356
93747,17802.485358054553
94560,27559.41774146383
90108,14359.460439987382
102128,7761.37114035155
85820,17522.84856912084
79541,12246.166016447492
102901,13506.286079730156
102761,9197.225109973724
91536,21757.192911133945
82089,13645.987275810628
108489,8432.342765268593
98409,8632.16807333666
79151,13927.458501692065
95549,15587.69303975008
85472,7617.189430858699
82072,22677.11345773078
99386,15510.549135025884
92932,27492.59791412659
86525,15431.007377219901
99013,10603.514918444967
99472,10909.897744846592
89967,8220.469139522313
106604,23289.400903896196
91608,12394.484425777935
82249,20678.99614990523
85445,18200.37951882073
106905,22950.142391727582
89122,18232.589095307903
87056,17405.973222484346
98254,8228.167591802454
81697,26202.38254262871
102542,7844.166990973179
86804,13965.579537985088
92626,48094.31023119876
76602,45629.621664105056
87943,10587.63835527912
95438,21018.73394711043
95823,17656.892211281483
82403,71264.92636071803
79347,22945.764410107357
99419,15896.469467281433
88561,9891.484017322855
104572,9910.630930776884
108507,23226.6177860064
97900,8626.931118835158
89733,14248.28384007691
86211,6961.3843956911305
96713,17530.20364801061
107123,14388.462468358788
78086,12550.2031103935
100576,14327.971961699652
102589,25443.82903463674
104477,27019.43482507559
103487,14068.309549689679
79189,5899.630566967171
89098,14792.33243075122
79787,30212.72044897253
84294,14910.574429847968
79128,15756.379639615769
90269,11026.433898241263
78251,17924.04622257936
80572,10359.105885223837
75986,34412.322418130796
77619,28229.06457185983
105025,17658.43023893767
93882,26800.081449284167
78338,24853.767103569175
80621,31131.514010407387
103601,6344.937171083392
88170,13288.768474532917
102889,12954.21383628035
76347,21479.869173068535
106080,6764.707949042836
98834,18634.04209821142
76498,31174.14705813241
85104,8039.599893586844
87534,11612.782244319276
89883,7325.49698242686
88738,12315.1937109054
99252,17611.8620957497
102696,11669.90522634833
95948,22145.80570039943
105438,26237.234644276545
103463,10571.0119002964
100261,10885.411685190424
95315,22806.64467848172
104172,27088.994780265588
76502,29080.73830418704
91569,25262.88536505925
96071,15438.477602677647
105936,20609.79760610068
97089,20033.17249266285
85434,14111.603245272618
88446,10855.825687738765
93751,24661.552129526146
105399,11686.419373091054
88174,28091.037643257507
88555,8062.848762007336
102346,13692.250768343136
87144,10481.414264914825
101990,10980.991933809975
102931,11133.234855373566
108317,10881.457375531607
87976,13068.768129913376
97988,13419.88088548024
101822,10081.59445416193
82536,12157.107904505794
80676,29958.175541378056
91255,7674.770014177754
94069,16123.041343025998
91894,24486.233904860794
108147,14735.752506030442
76928,20921.17464698413
82648,14230.317530906736
79426,14269.945745896759
101936,12339.299811664427
107567,20009.84892340159
88776,15748.559556607543
91113,19379.84223705687
84568,18601.068303703792
78044,23666.02142537389
76929,32573.29497998041
102526,8382.912102823693
92515,12145.315977228081
90009,10221.872179803897
82978,7364.9222573343895
104437,13207.378609130275
101451,13456.538190859505
76325,30929.68543924331
89491,9239.466138678396
98435,12855.268674446674
92282,17384.977665158054
82209,14438.666285884436
88705,14332.280216753743
104679,12203.922343109058
84919,8590.1615392399
89998,19217.71241290462
103520,7616.3098050867675
106857,11566.041833717847
108499,11985.377123253998
78893,38363.49784710416
100860,11860.798367913767
91684,12233.026513199025
80617,13542.057837788636
76634,31518.30271122033
92055,24614.72706636063
83030,11375.519361166718
86154,7308.90591042977
96022,26574.083553031425
100336,18739.890959587403
92663,14123.133551657918
102884,8539.496088764603
80763,30874.0297614593
78329,8092.964303261502
87867,12949.53828716641
104353,26050.61687963328
94284,15385.532608009331
107996,18158.045013211286
95784,21811.91750203991
101298,13592.348991565443
95995,14501.358389311185
102718,9772.537299159776
93623,27661.379831440914
89585,16599.175479580095
77533,18719.92918865337
107550,15182.820418691828
87760,13960.053749612449
86299,5450.823446079549
83152,8990.925934060002
91322,34681.137301105366
91286,12183.292809621502
89231,14637.562783709955
80082,11839.632794824205
105518,9867.917433919325
100224,13280.14433714604
97261,12556.752254864152
99651,27255.832017616976
76487,10034.124546044457
76867,20508.30923639354
84574,11916.136860539478
92378,41302.057290622615
103934,10553.299341120159
108445,8431.108347895852
76872,19521.874285805527
76180,42430.991168977744
106906,8432.342765268593
76431,21615.42303984171
102603,10980.991933809975
78403,12983.941451466295
100799,8492.961847526449
104755,15533.000892974176
89602,30871.295406193545
101656,8541.772661588651
79362,17461.877287108382
102262,14674.139195980175
79884,9808.586335902924
97740,30885.430957385503
101264,8730.035995951923
76525,9388.569365667876
101988,15633.281696546546
102819,16099.493852037705
95501,18850.932225141518
82890,12896.879234982227
94413,18137.539485041172
77898,19884.818237636184
92991,18471.44204865993
82055,14010.239942840566
100865,13445.86387619419
107388,14693.42709097849
94252,21753.647613587564
105973,6631.844397853261
100976,15262.22761128534
106212,27553.749017037182
76078,8172.747622887093
79014,18132.085441309744
104787,9465.597107425385
92342,25356.295929780743
86334,9028.279183212262
94066,12109.271492890342
76062,8079.128581538745
99371,15899.217130514946
91498,21568.48017942881
86406,18107.7148470923
95531,25163.002740433545
93274,12072.783859651363
100190,15092.705608005972
90424,21219.453326972405
99089,15510.549135025884
94306,16289.433016076206
88209,8089.241916983021
90029,10169.363475744041
103397,9525.017274435315
82341,28216.49966887308
92358,26993.984366891582
100389,11936.578570203736
104886,19662.032464821765
98404,11851.742441876839
85100,16002.288598807898
84878,20497.737191174456
78693,26348.635278321475
91992,52273.80065003696
105754,7486.594383588795
89594,15932.459960837086
84756,7118.961883531045
91795,61961.82412124867
108235,10544.243100089294
95474,23021.50819568828
103485,8653.550844401896
107700,8432.342765268593
86613,12368.837745789859
85741,8673.25672046624
89372,10991.783913480607
79735,28279.040838340734
76186,14810.775847774348
93135,19903.908492066446
108107,7801.883137859034
95853,24999.26449382282
106625,27705.882730452973
94400,17972.694737379206
84893,12342.756761184004
97777,19355.82672578661
82127,23081.225563686785
102116,17448.241814491328
84330,22989.82191812638
105251,21517.039175205566
104115,8433.754159436474
93746,14308.100538056555
104982,17056.496500796824
105988,8667.163047059856
102562,6318.845938642296
100822,13240.8050726164
104409,25341.747880539595
80140,18220.911566194158
103317,11816.378790993615
96145,11060.907875746214
105732,27538.06182612294
100943,11752.301226758615
92940,13100.533844131349
108400,6416.2548216534215
108512,9831.84680825551
92473,37108.326952694966
99001,10132.908514172153
81082,26073.737257770794
108460,13559.040338222452
108169,14221.810151001204
106864,16966.1453028122
84685,19190.7205108457
77736,24932.158481931165
94232,20742.95629325058
89520,7939.906779822581
104514,15927.783971523475
87509,10269.028884972857
102802,10956.918123159903
91042,26817.429704727692
79197,26119.72112808709
76499,11925.2853079815
100082,14469.944425534713
91224,22134.17741088068
95303,16952.208314022817
96830,13995.703396640318
88064,14450.474646138775
81628,15841.815260140087
84857,8230.813260959118
82032,21833.330387259706
93316,24133.189466880263
104993,19730.518071466944
82315,19850.93016766956
95990,52917.683233252035
89970,23105.277571459825
93407,19247.17042525172
84755,15021.452968579812
84684,14799.377284633627
79353,34614.5223545481
79649,46226.745114483136
81749,25649.897369468352
107002,8368.139082824691
82546,18808.10933556002
97536,14442.569667090445
77580,20769.46875313037
95967,19216.324755739577
108150,7680.960668439461
98992,10111.64791815348
108536,10216.768964027875
102358,7799.508122305119
91856,28847.33404920052
93148,25549.893749856197
84957,13265.754903649922
95413,12225.726296121535
102404,11967.108716099063
91495,18279.73679829406
77953,20809.37179788196
87398,7986.773453992022
95955,17648.578250682807
93290,17961.54869596018
88128,9913.808176571081
88830,22203.979172846895
83397,11833.68300055711
81599,23403.0949860516
106055,9733.626659810721
77655,12719.760727208848
92106,24148.62893222204
96536,13407.520694251369
104575,14478.602492397375
105513,7763.559891571977
92308,16686.11557092729
82419,15195.115606671574
96473,15687.207636881569
76961,26128.442538198015
104060,43549.321010592
91056,17815.145512790332
87618,19769.803762253792
95253,24666.60592456671
96135,9669.390667215519
98015,9523.10474386339
87695,8694.106147295344
79066,11823.251437290697
95512,28498.94997776582
89234,19900.276712267623
89971,14436.704559944399
103750,10571.0119002964
94180,25168.694389685104
107947,19422.77664650277
93455,80350.60603590046
86369,14547.197734041032
78817,15451.874558521327
85051,8644.79808774419
79315,67008.08941964667
92395,26956.19857106992
82513,15135.914003986556
107728,7857.77381368661
90261,12182.806587364035
101064,14088.82545988649
79329,26521.4889366105
88998,10367.261813438723
102002,10066.485246646593
87718,10210.442303655622
87774,22275.760243744164
105214,11622.681994190716
103055,11265.184188467767
103543,16868.63834544372
104548,7123.595844593998
90387,10760.762528484309
83786,17481.76280129762
108102,13475.26099934374
101455,10904.275622930305
100577,15907.354953488377
97483,9565.616091091344
103056,11171.491836671765
78401,8095.401184846001
97400,9648.599545967643
97703,15652.135042754939
101311,10879.754419681627
87912,10810.545995216895
97168,9686.466295761986
100833,16646.46213353253
93043,28512.652593870636
80772,22341.170718684225
99794,7867.987803328347
78326,9024.846747752941
98710,10034.374586494649
92351,17183.165027555406
87356,7410.3329711411525
96926,30586.871346303087
100570,8766.621005905476
95109,24548.722930660537
85050,7530.2632655874995
84046,22029.672636054183
101466,17264.384322604514
90832,13393.174467796376
93397,25823.27198983066
107778,17465.74819852451
106710,20330.531580303526
83464,8269.058072415293
93622,18126.012559428764
88744,14870.82067910546
107378,17460.169065475646
83032,10274.094720976413
89480,27065.78198050023
92634,25554.877896112153
81057,7840.005682430395
102633,15328.357137570505
101794,10767.866753872313
78355,11630.745552504972
76544,46358.688666037175
77408,9397.055565466488
104451,30884.36476284008
89254,13280.933324767939
85412,16548.641348940448
97709,10474.819651348795
105230,23471.797353251393
87691,15280.7762641985
90722,14384.40170013997
86679,11097.756848136354
81418,30849.282532401445
76980,12486.374004737847
105319,12416.522719008104
80516,17559.762636428335
88960,8326.655004502352
82982,10606.794198966818
105004,17999.888507825966
78037,36401.4504087978
105901,20858.61892156003
77109,9466.275991819639
85855,11551.11755698784
107355,30431.92996407728
106193,10512.755455974448
97700,24666.92276274989
86150,11205.011593875272
76267,27944.765320806888
102096,11761.973693090811
102561,15024.636005958702
101137,15118.38513098476
92050,61361.998996540206
103878,15873.03831118385
94760,21776.85433950802
102678,11396.931669153113
79971,24936.116737283177
85739,13952.542753075853
79714,17922.58624471732
87673,13280.933324767939
107304,21261.412654235053
78692,26228.341986938336
107274,7878.12367154851
88686,8238.040609444859
90843,15007.696611127489
97507,7971.29937570586
92343,48063.851678116764
78781,10728.922051575231
84990,18963.3850802806
92913,31461.586632627328
92079,42280.20043479599
98507,9939.940769155413
97152,18579.36804054822
78442,40807.43872462772
79711,13223.902162158394
96643,12433.926427633405
105000,7453.317565443741
89454,8210.816431975087
102265,15262.22761128534
94961,27623.9213699792
76335,12384.878186066051
82897,12748.017828215407
94061,24478.762536768936
90661,9350.594675734841
78112,20852.416193735786
95596,18456.022983092662
94740,25019.583430380724
83287,8276.420755402794
96668,17605.50603526006
101834,17597.774336507195
77285,28229.06457185983
102545,13903.621615798966
96287,20153.62932934231
82156,71299.05787670685
87276,10800.312979406433
77564,13336.156388425385
105991,9762.512047184051
107570,14603.198007870378
94519,25079.993897986424
78369,28376.988328106916
92674,12176.0516694264
90532,21394.492763543196
85489,7832.609885575024
103660,11738.69288912392
81206,17730.71644367965
106764,26242.159832298654
97425,14156.555095783597
96393,26094.494783603495
84960,10332.449325070153
78993,28753.809855841326
85876,12175.105654550429
103936,14203.047074096145
84201,7798.265199222443
105098,26266.977233773316
85078,10602.397826455961
89886,14524.960173904008
81268,35375.5431419247
79945,19757.01802846726
97727,9402.254576333646
90636,9330.43739950909
80106,7390.340155677124
76947,11500.568587158286
83264,13958.575073465438
101532,8303.224922943386
91558,25033.128696216016
93311,14109.2596369797
101967,8355.015676631156
85725,11432.385474207234
104684,20317.77151373562
89747,11130.959256432472
105165,19413.210598435588
104814,14156.597992621566
101904,10949.103339459682
99238,15373.499125665274
80989,24365.098756837946
93575,12113.59294039622
101536,10056.637471074586
86847,8410.278312775446
99847,12584.272206475005
89212,8233.087302561722
93997,18310.84506401239
93647,24618.578823996675
87846,11617.158803888815
93737,18480.60124792002
77906,25823.357308386967
80648,26171.4156277065
102925,7479.425659837379
103709,13089.086473885729
86195,13201.682353234693
76865,9271.911553354717
83260,17354.077007343763
97233,23996.683317590952
104618,19839.798989198207
83879,7809.786286348746
104804,10441.525437715298
100551,9816.596240273966
90524,18175.042662264583
99669,18152.099904326584
102658,11067.30186605307
101398,14387.456598625491
103286,11154.43976896557
94823,25981.022786202633
83630,8811.946714976266
86079,7435.099878543552
102145,9866.93275825449
94270,32734.242339182812
105688,28196.951645625948
87335,18201.581802895213
89805,13087.684660343073
95093,31132.258955561356
76699,18091.36777728143
83187,14910.574429847968
84218,7648.50835703429
94153,17855.78662887092
91849,19625.083514517977
96202,15687.207636881569
90172,15696.990525185904
98759,9664.04767526613
86718,8040.269412083315
103349,10240.918853625933
93293,39089.91781616505
94622,34216.601249088875
93181,21400.743454736923
104870,9003.228737535495
83247,8954.6226270144
87566,10659.021165429767
77362,14678.904050231002
79537,21635.32031482532
85049,13121.180291008897
81402,16576.485241435796
108341,14162.218932688329
92193,20830.43219480668
100184,15262.22761128534
106252,7753.1756973829015
98047,14454.664560774581
105416,10638.732211406683
90872,26967.713450133146
100235,8962.76230351811
91485,21388.81277580363
90534,20576.441895135744
77841,14543.618728165871
105730,10044.119455615173
84175,12570.602393838533
103964,10476.523360917716
105970,38725.18941893276
99843,8330.315993259868
102012,9678.283332186167
76779,27167.521520398062
80778,18598.112192925295
106638,12411.422393203946
88233,11913.971987982433
102657,28181.307659404385
107180,28206.61846342572
108468,14569.178438740226
86399,10540.597616767349
85128,29843.51832466197
99868,6333.421020516322
100413,16969.123283061723
91125,20132.138055146654
80467,28243.916578839406
78605,9733.19381419071
90259,13823.553735873053
106759,11014.86270410357
101253,9032.653979243814
100980,8545.205222261935
83805,10519.554156680239
96745,7870.258823013072
90242,18102.057113578077
76118,23278.045795583002
98824,9576.656327522229
78006,17004.630599789245
100924,14064.165021524279
77138,68845.40343225453
87665,11343.036179754483
78023,17731.40513790192
96117,19935.47878242384
86789,9435.545443401676
88649,13965.787452547525
96792,9978.730807534073
79403,22988.616522473534
100547,10221.431576868454
106529,11320.871232980828
83042,11459.92299821187
80334,18519.137500895235
86589,9983.431653259513
101811,15872.727057107973
94128,18079.105534323782
95868,12178.90170217777
76244,26110.939892947314
88957,18196.870114565518
108503,14595.142573699175
84409,8181.580111077017
104962,26239.280094616635
105121,11019.342850681562
94389,12691.13189314337
105602,18023.591133274695
88289,11088.366201278053
108168,14618.389280617153
84978,18294.893000394793
108011,11251.96463961899
79783,14330.184521159312
89892,20448.3586044584
91748,22134.17741088068
105942,10087.044143323892
106893,12962.445527797827
85969,10341.238552776473
105403,12865.004829079817
80319,22991.321047907735
103010,6470.68511111015
76518,26125.14778004191
95598,12471.861208423534
101287,17119.036721767658
84475,12061.534354644737
87686,13049.429078479778
91202,21789.36001300292
85296,14865.822832586078
89710,13337.649386782168
108409,12060.987152696323
104660,13316.008211116634
91493,15284.9184250134
103318,10804.698745926487
83537,10635.216190036965
93277,18054.067988384406
91290,17682.54542186742
107127,13475.26099934374
87752,10988.183778236422
82613,13835.175284993094
104508,7996.196160360214
100051,11101.504519079659
84203,15437.38023451528
88624,14478.602492397375
99483,8573.31659538629
96635,30863.209019162266
78956,9126.855209657431
105839,17974.38006127621
92487,18310.84506401239
89382,10503.509994048889
100337,8502.167459460123
78640,30433.098270126844
99495,8393.15553342537
95580,41982.0920976039
85347,16155.436414358184
100050,13441.575217932206
97749,15106.442588811044
76587,26234.467835832223
95918,25168.694389685104
93823,29214.338160083917
80470,25722.413165627302
95399,85911.14082434845
101483,9862.208036904864
94776,24663.48214780177
97442,8228.167591802454
79267,22979.733652156036
82710,12331.742142314513
77473,18490.23102399746
105371,12392.910134983658
84991,14788.251195231438
93878,24981.947174350924
107126,18257.88628686684
90996,15110.442912744511
87095,11411.88905938476
80205,16568.085840888776
100043,8962.489376225198
84793,13480.42454210305
80403,12300.063386181791
88018,17939.582501339355
92747,26718.913109138957
104894,13308.098666575741
108319,26855.262017374134
99481,27900.669561396146
98270,14861.413081644112
88155,20723.069114925594
84565,19714.802145202953
80779,44645.66193357435
105684,30909.53294813471
106855,12966.771838446006
103908,10140.628544565745
100595,11885.156536182767
89822,21401.486999012723
100401,11851.706843199801
101037,11692.143957768345
96350,20001.594025238886
104191,19909.76467313443
87891,10475.140545130418
97744,14163.497735071205
105757,18983.830113719487
98966,15510.549135025884
91869,12072.699535993806
81292,15549.029326005892
108284,25374.29688657402
83092,11260.45922154713
78394,17225.117684979563
97961,14828.911361407094
77723,28673.668267761463
87317,8038.22475188018
95065,39441.52813493379
88227,8636.429646040271
108087,14618.321625524208
76311,10514.942748885536
100764,8945.460697756935
87828,10099.964091759195
77314,12401.459799827886
107860,11551.689364780852
100339,7760.985269555436
106165,7059.015051631868
104443,11622.002672483573
79613,27169.40314191782
92686,24608.90272109906
97493,18613.63094943845
78977,27838.537837189626
82933,12152.750114505196
80063,20698.415817468733
92287,21771.870193252063
103664,11290.676126420409
102185,12458.19322410047
94679,17925.395816159296
99024,7885.400908805922
99366,11976.380161367817
96554,13407.139273849289
95906,21969.279541188585
85623,11535.867813120185
84336,18108.708166158012
96560,14718.72539132745
107448,6478.763626507997
104118,18946.806574855407
88391,10298.95883794046
100327,13383.395972412889
89323,7841.675714610598
106925,24499.945797317
98542,8425.657556097902
93996,23287.120734430828
85103,13588.68172342393
76033,28028.828570366724
77213,18664.9152673374
98117,21521.08137104171
81109,35270.5983044666
78316,20626.744644416347
91021,25349.51355288792
78093,10237.757910669521
77497,11353.294601114563
83590,11902.496491825066
76126,18935.27142550666
90509,7107.349162301605
76454,13997.938016013373
82095,26130.697633254767
88625,11097.663638046964
100031,8061.190060165195
99458,8035.9676116396495
88085,9914.675252052139
91823,16195.991644923994
77735,26171.707855112203
91799,10433.085110212722
91480,11066.694162296963
84915,13836.049970783251
83688,10978.46464618859
102334,10072.952668377791
97765,12394.118443797122
99836,12560.419187449912
98569,15427.298373511703
105050,22130.786607279093
80826,22000.003405757183
78684,10238.001396028942
99123,12397.804704886972
96507,14413.46629099204
104742,20317.77151373562
93690,17729.850964849225
107606,12519.857820197461
87019,18169.418179767148
100735,10771.328609950757
101685,7511.511756978011
82792,14368.988125723221
100036,8005.817177396041
102607,8640.56979638843
97772,18133.33648968205
96207,18899.536077533197
100697,9592.288525090971
96481,23908.878179164625
89054,15453.652031706686
97847,17404.747464536464
87528,10532.886582386263
97145,9135.107804196996
95223,35139.43914213195
104325,13664.239648438697
93743,17203.406292401047
81914,10153.724157672405
79040,19999.82930931812
107030,13200.420320724115
106244,23801.348161769867
79602,33488.43243386082
107684,8366.72768865681
105346,24640.801779957426
100000,15210.237855829104
79001,8808.554843558526
78942,26129.860119257348
87637,14837.078798665796
102257,11194.4301836555
103502,10408.550942472348
84619,7369.567386111722
91129,24679.97360458252
98493,14014.1524431721
107108,30988.38211387986
101158,8395.651916040299
80236,20098.999814955183
105375,11153.246873517268
93002,24718.5947221305
91619,18158.045013211286
83965,14635.31487726059
94431,36001.3169457584
104601,8067.193004396774
92698,25011.137220662047
84014,12541.315529181305
91961,27656.59477404778
77595,49560.70777326639
88848,20319.30086541868
106046,12040.061038080825
99498,10132.908514172153
98153,6976.706279518745
83157,10752.80975291347
107475,10341.989469909313
100589,13502.329747415062
81448,13634.731522941835
102638,7987.6628057058315
104473,26239.280094616635
102724,7585.888840261885
99338,10163.57399509239
92431,7765.139045068511
84969,11103.760378339628
108426,4537.778211422744
103206,15092.705608005972
87345,10378.493501135788
102625,17546.71683985047
84606,10683.463070675309
99166,10114.137327166774
94408,23645.86661413122
94898,21381.336001407177
93658,29340.531400914904
98234,16080.776552325644
99725,12319.184634727459
103979,13502.329747415062
77277,15977.700847185277
84401,9931.730693250334
80006,27020.74267997761
78572,9469.005782820985
88781,10339.016476428118
78546,16134.01533907438
103829,15294.472620777144
79159,49987.27051763839
104502,12842.818702532055
95125,25554.877896112153
80804,18134.00632532802
96580,27591.488507245085
92059,16636.139482388553
100530,17431.14636382348
78079,22756.093951350133
95036,15853.620422849504
91490,19142.514793265796
103310,17454.555211638184
88853,12791.876981120171
105948,8433.754159436474
93744,19923.926289362338
108518,46085.28241201507
107733,15819.79063857823
106813,8433.754159436474
98343,15384.161476589312
83056,11512.215829930265
105721,20858.61892156003
89165,7797.493500592476
106402,13500.874368677942
77252,27890.56618302853
89194,6854.532469447987
76777,12340.138251936436
90569,11082.487545017968
93912,12190.457974428098
96848,7909.354709444073
87355,10978.399308176042
80539,32140.687099463776
105351,9734.552307092132
108019,8288.172568032742
91331,18487.711999851774
80814,12303.445960399295
95951,21325.826048226754
98392,8786.35368487813
99209,20203.224105694986
86085,10588.57921261946
84678,8212.05070696387
96534,11568.879669209517
93665,24949.900681387815
89832,10684.968072695649
85079,10763.12483553555
79425,16115.62607028082
96052,7025.003590512882
96599,9900.405730600485
103705,19804.57171404296
78171,26231.58809815021
92005,18143.471410760525
101323,13707.904842290387
80398,16914.650165775784
82123,18071.72830197219
90262,8225.52178026183
93300,15225.446176153313
76795,11533.163516794726
91043,24538.03597676567
97362,16492.41150341822
98969,10083.860501467534
104826,10344.42819584827
84329,7782.563420269743
97976,14761.192967591012
96904,6644.656368812793
88148,14230.317530906736
94895,14854.852777894333
91122,23396.022789640898
108145,12175.534975586232
85476,13271.998817907725
97564,17064.207767596952
107770,43615.49646678281
106947,20306.52852312493
89548,15541.093766045235
79027,17248.151201279226
96032,19472.90406129855
100133,10556.64002900925
83191,12459.091730966833
82695,12897.772293122387
79273,44657.72747532022
95667,17376.174363569444
99578,14552.55256547984
84492,9014.0905097994
92353,14119.147898650355
106435,14801.283396918947
86655,16619.189578716774
106651,13069.6270964227
90268,9669.390667215519
98311,11829.828181897368
86971,8806.508900085784
88573,12157.107904505794
93189,27110.520558973112
87244,13293.522551437629
108207,12114.431106675394
95819,46367.78394854475
105846,26237.234644276545
102372,10115.850516260993
83616,12963.721082618225
92411,21750.658120422508
90395,10978.18831246624
104613,13934.984452220162
95808,24489.496973746383
98662,11794.292975974526
86066,12731.285660867166
77454,9742.774145852201
80846,14620.80850671848
89060,9665.640019522365
91975,14741.483644665192
84011,11612.782244319276
88315,14227.718678892037
95692,23158.328710187852
98373,11783.566543769408
97283,24035.774408752517
101495,10724.733744713165
81770,12156.085847434557
87458,17358.43430799669
102710,18530.58572011119
81205,30864.052678239022
97440,13615.847471420382
82618,10213.687221445953
104838,7373.021382848915
103606,11885.715709135828
91507,61228.74003361935
81463,16746.45925764683
76741,29741.29808454628
94422,20150.100241381868
99543,11986.785205521712
104044,19886.558541509585
83284,10618.337895453067
100834,17269.936786339993
108440,9859.922445637249
96881,9662.08877859968
103925,9303.368456340577
102881,12849.503143113492
78690,19128.96833714811
78052,25002.412029169274
103938,19002.069708241976
101271,8831.377350986357
76924,19265.80753390552
100415,11813.277303110468
78455,18935.27142550666
102811,7218.068369143101
85154,15089.409411805875
103761,10996.99590203016
77732,13314.382986417015
85957,16059.265175202952
96779,21871.117329104833
99061,22607.350121491323
106028,19900.181092545303
85889,18980.78149583714
97539,8306.394160879783
100890,17062.707092428864
96058,17502.433394295833
80216,18159.040696088116
93045,18427.43959014271
95789,14750.836053333474
89368,8997.433563786764
80917,21874.17971273624
93323,26980.076583232487
103669,12285.519148071768
81561,19017.33976446589
92214,24980.495243524765
86368,13329.783655629297
95070,21036.967691283342
80730,17427.286745480786
105647,17625.983826940028
104707,27454.557162850724
80353,20074.35739259547
98677,30190.07432777775
89445,10984.380608529136
98332,11096.624795964515
95929,17565.90182696082
88970,18201.83853827974
81272,17576.752951998194
77963,16841.57211398893
88285,16112.671732165616
88924,11620.642332578329
93562,28432.631156022173
89463,6687.867927287274
105407,15830.560119296175
80944,23405.974723733616
108099,23977.25031561355
89199,7487.489510245529
82756,10187.762727340536
79573,15262.327397496343
98847,13251.808644692934
100966,8250.100567848416
108500,27712.729023337848
103830,11098.722037955711
84043,9914.675252052139
84550,11866.358622578804
83946,8500.630665959245
86287,9945.250471814321
77598,9597.253909144487
92893,17394.49978122976
106936,18187.48295976823
101123,9893.375481695522
83943,12359.938903887616
89197,12063.299098956351
80185,51683.68441754886
82429,14802.124430238713
95864,24369.97949900467
100750,14127.186047671285
85497,7099.245651116833
99469,14629.707645958237
87667,8406.594367578207
78681,42802.16601759717
106579,13495.144072549809
97388,10370.847196247889
82487,10374.290388843781
80635,24959.55867407169
96378,9669.390667215519
77827,26231.58809815021
79045,28847.005373820048
95229,21236.771490753476
95387,16155.730199891652
101754,9092.211358903072
90728,8626.708389807989
77618,26132.739856939363
79390,39971.34328151687
79449,17336.791417357337
107826,22980.868418674294
87026,12035.023011918707
77765,14272.59545525973
89691,14536.964310055522
91087,15381.272072430216
79770,23071.005808196904
79341,30863.209019162266
87532,13185.7524340662
104082,13862.129761930319
83169,7620.169400220691
107978,25821.794784608213
97466,11077.115967810858
98381,18409.66463895631
87614,11570.964686036417
84768,11982.719737050473
103605,9404.271445193737
107420,9870.14167675055
76099,42238.590206288565
81932,11117.46753815146
96233,13828.013441193603
103484,11418.664819554502
89608,13599.904897197328
91316,19921.872966394243
80424,18131.495297852736
83120,10119.009925852608
95888,20030.4276425479
103279,12382.365473151764
76800,12212.089761196103
102188,15635.940919236595
100147,9743.35578818243
107959,23068.55359919352
93341,17420.379128683573
87446,12356.627259172865
103554,8137.01354161828
83756,7643.237069282
86353,8480.517148709489
107874,21268.786784929962
78416,10521.922837244816
100911,12363.258068944953
86514,13597.086990848857
92702,24928.802829790242
76787,12136.289241323127
98523,22530.856516115316
88972,15833.183572257478
87370,18113.208235807037
107060,8317.19762042301
108186,11581.372686697148
90126,19659.331977895694
103874,8223.26857877185
88271,13826.447920545488
81752,17109.85797836101
78089,46171.84716506278
102383,12540.96939561901
76766,28226.184834177817
86120,11051.669948969258
82871,19232.439090428692
78647,26228.341986938336
92451,16749.5658607942
91743,22274.646499551178
96582,11099.51192784773
79729,17978.124932907816
78864,19775.899781745084
94728,25390.10125899239
90355,10056.618270246072
103777,13383.395972412889
96076,7794.847831435812
79201,23641.414230565133
106707,17473.072014379934
83836,14398.009273010508
82332,23413.437059721604
106545,28381.99229098099
107268,26232.01562682884
105459,7022.763751485655
99683,14357.577137833201
98385,14608.207683414936
103402,11387.95556385343
89402,12351.245255752367
87077,7418.346954395074
94222,21703.08608956406
89919,8395.92948638573
80585,23182.29846102121
102406,6830.230865715441
95002,12635.856690407096
78216,17523.061682571406
81346,21506.12393168272
78309,18769.83120369275
93307,21771.870193252063
87233,6983.547284943969
77093,6668.78468758943
86762,7903.456884326877
94561,14401.067960980463
76392,68054.90946527288
76895,24528.622383418828
85419,17189.1581589211
101026,13976.368789406637
102584,8516.499605621138
81381,26775.680323794208
81761,44763.57689517033
98099,10134.875060056702
91347,14068.132118285606
100024,8889.610133129367
97924,15391.980262804705
100492,12503.563566268782
93559,21790.201897733554
103175,11661.895131048512
98122,15206.705927415616
84362,10960.61974742559
77943,14304.894723749316
87275,10332.885072164763
79991,10609.549823167947
102700,10558.85237627221
79660,46302.18596270767
105465,24986.346736124815
94354,25099.863801992145
96390,8035.579082723515
88763,34319.31464678527
87219,15648.534466609117
77221,26231.58809815021
78165,8498.549984175648
95069,21810.75717134495
85157,12851.413031565648
94547,12232.216588475638
80643,15605.926637515673
97499,10027.153220492943
81957,24812.533059133137
82538,11457.264892145327
83777,22599.52741892901
87927,11097.663638046964
82916,14897.678301013031
104146,11505.03215513545
105260,10395.040550167818
85483,14323.574332194245
102412,14016.469529153957
86508,7984.595421804408
102998,11165.661393352735
94493,29162.434503077253
93422,18333.692615573724
90033,10371.238631422715
92957,20029.550945385105
96584,10844.971698598752
103170,16316.916891252135
83550,13280.933324767939
76050,8861.17255442673
99903,9952.42871402161
95255,28491.230579847404
106697,23080.31335705775
91497,25116.137538663148
97177,10095.71002441667
101863,13282.485888755626
99298,10114.137327166774
106496,14057.122659020311
98770,21531.70758546473
101801,11756.455308182401
85037,12395.62935888293
104399,18027.029804157122
83980,7270.10989853875
97825,20525.811424868454
81924,29538.789210448198
104192,8433.754159436474
87130,11191.796816088832
79364,16204.450093848543
81388,10388.135655848102
94917,17605.822938853842
102119,10991.10227126811
84135,10429.251011402417
94992,24473.23356067119
81229,19307.451004938124
79503,21153.773938400765
84540,15113.438641482899
77881,6626.162193334923
104978,4368.314726434628
107373,14572.325768486764
76208,9617.315535087406
88192,17617.0369140733
107010,47953.075985756564
93961,46367.78394854475
83957,19131.268108487162
85283,9671.799901480152
104226,8498.724709206534
79463,17408.349370703294
102587,14397.568833866391
90204,6295.313956964557
103507,11815.88995854601
94351,25054.98318104288
95181,15206.908506923977
107410,21961.74094030428
86541,18209.333240827684
106281,19265.625724603124
77315,7834.60437668509
84485,7925.0107782344885
77592,8319.47728308299
104262,26242.159832298654
81260,23173.95129211035
94417,63438.78094047636
83014,14078.902328214568
78192,20687.33289420766
85838,11937.714420844966
98395,18336.059550780836
92617,21167.36873386041
107538,8274.81276735753
102588,10979.842925645964
88950,11965.096731265501
101450,8599.776112271078
96101,12667.66854064072
90567,15001.345662081598
94383,34105.83194201603
82961,6383.3837275979495
96591,9669.794837617805
77890,19450.21485299565
77801,14400.499269564865
85738,8521.784337478628
88580,18960.610927383666
88914,12891.47643786139
82206,17904.770695973155
107485,12180.665943003864
105203,25948.456958215058
82256,67098.73362633934
80181,28313.348480950073
88792,8493.365597866457
92581,18291.118664001086
101272,16103.722588454046
102359,10347.754919875983
85306,8722.598635912611
106078,14460.08055831109
82442,11201.838529907107
106313,17514.491544762644
107617,9041.229168478267
89719,21402.262195972682
91358,20057.188541842308
89676,28048.296788418167
86927,17068.927035417757
76819,26170.30923692054
96646,12556.752254864152
81533,38207.985097455465
89207,12317.51589146848
90282,8036.954224430179
94908,24658.012689912925
89890,10294.133816120257
103477,13502.329747415062
76090,16561.834270640895
84810,6988.620406267782
98323,11725.95556048001
100552,13280.14433714604
104719,8944.250325517542
90016,12994.94206657882
84632,6494.772210820209
99846,9522.237668382335
92362,29720.465201850613
81315,8728.312530056923
85084,16003.671797153367
86760,11371.25343996498
80297,18363.356780743285
93420,24387.47361033611
78563,14733.751793961175
100791,12395.435677415431
89019,10875.535386919966
101709,11660.595217636446
103419,7530.981360445228
96092,18213.931266403317
89891,8531.605292130986
86562,15079.506709334813
95874,26971.586637293924
99343,15506.198955364885
87586,9660.958274754097
103112,17806.00745222185
82740,9927.02059331774
81595,28313.348480950073
77578,7977.074005049332
94090,14622.251026248641
102873,11416.367461512255
103258,13383.395972412889
107497,7465.052224332312
101861,8668.437111296938
103997,25985.479289089617
79785,14442.569667090445
90250,9374.536374623529
93233,25163.002740433545
86527,11912.474814448717
86140,7385.678982123221
104063,7740.669083827044
77734,14006.277099401883
91652,17755.07784349955
97758,8053.0197788548685
95096,13853.680373739862
106186,11551.465657015871
107960,26232.01562682884
78445,18676.174812140864
91886,19412.87177050926
82711,10055.364664595532
99248,9979.951580135761
91701,14410.656212848839
88172,9467.845733307498
83916,12883.044719560568
88883,10503.509994048889
90342,15603.653181743302
102042,9898.49101235831
96563,8063.6762861558245
82344,19146.146242286854
102707,12540.96939561901
101718,13291.17233946106
102705,7494.895830824299
92589,24792.994908963406
84231,12610.792752394736
83534,8493.249925395026
85768,8995.74206593855
82141,10772.716537291608
87448,10554.779884560081
79569,16788.33247060032
82261,6027.5291210662745
80605,13650.378383254356
91120,12517.409734058563
92482,21771.870193252063
99998,10588.466261792179
82202,16215.866922311738
105899,14353.989421568689
93653,16264.400835995184
94333,18621.771376709818
107717,10367.17796552949
107655,11834.469470064203
86240,13850.620632556347
88745,15614.822490828738
81723,28353.124802328326
84125,14990.137726636654
89476,12882.134922679359
79059,30926.863580633202
77879,13645.83594344018
82855,14389.512842088778
108513,34423.29452331313
83646,6838.852984863244
95702,34257.54782018843
84145,10642.781736511608
107629,27011.571369941415
81843,11548.405304804515
98863,11604.777850522913
95154,29125.4522027709
93275,16375.401821134572
94003,21173.475583661115
81095,20391.2634115698
81099,14628.033234370918
105527,10060.362023881858
89596,14384.40170013997
91007,21784.37586674696
80594,17496.545226330065
82782,12615.540659471275
92721,18375.39720842741
91718,29350.878754885256
87452,12334.813769941284
78098,10860.355189114776
84123,11347.69431163217
104672,12437.595094509472
105118,8667.163047059856
84690,16738.122136073853
88986,11904.532119268411
76028,20929.87493558653
92995,16551.660138294636
76275,31016.824803176547
103315,8225.52178026183
98168,16661.9743066073
93633,13991.60695606722
90151,10165.092093376546
105269,30884.36476284008
102604,9477.596646758719
89541,13588.35581096397
105694,30863.209019162266
80405,22999.750490157152
96001,17658.191581123345
96500,10095.899123509036
95235,19981.828142558654
88367,22801.3801293354
98850,12756.886556796217
105724,20504.354358743036
86451,10473.405282582684
86426,15113.37179818123
81213,38828.03911905144
98547,16044.135131735005
86461,6470.060609061818
99294,18084.471901922563
99597,12165.64185402295
92255,8152.966223980537
90097,24405.72945059849
102302,13359.171430255714
105746,9514.506415993646
86133,24703.261917202595
94950,47194.833122898395
103666,9866.93275825449
94750,17798.9311397367
92880,24674.285168416787
82349,17594.926695957285
107337,10915.757110314864
82954,7776.719209747448
89689,17680.96454229364
99034,14446.454044778853
79873,14304.970115013723
107966,14338.451802003636
88864,9979.508922252457
97942,22282.83232635649
97481,9643.313800378119
100313,9070.586331213237
99927,9176.631709412986
87287,8289.119049509194
99134,21489.605599975363
104705,19456.61148969311
86134,18446.893562847315
93028,24611.03901691658
80161,22955.38624715207
76639,20727.7085147134
79239,25212.357924503092
94244,17814.592889507152
103815,9610.088713243838
84445,11108.935555953729
85884,8337.092180928435
103496,10079.849127039453
88620,19064.08205119639
101448,7992.4856933991305
100044,8730.035995951923
98388,15140.188487114317
87610,9914.675252052139
82063,25073.937178538905
82211,37649.3228996312
91156,19043.608174185512
83323,8670.610908925617
100187,8385.557914364315
93117,21750.658120422508
82227,26234.467835832223
94263,16275.604221823229
88207,7750.741603083434
87988,14922.574711392359
104687,20381.022076911122
79791,46499.135559800576
82242,19171.291982970102
80273,12431.746581621903
81542,23825.18388221365
90361,10919.794954330358
83914,18921.08982378324
103142,10559.796874407892
80137,29152.452838988094
103580,15784.442786471924
98328,11465.741282889636
95936,29374.786451073716
95189,27552.261096604674
97806,30246.689602370065
95829,8468.444671549432
98684,18178.269420180943
92494,17736.746238652122
83016,22039.096458387572
80865,18531.429489253864
94537,18181.68473559173
86293,10403.097352499371
100087,7524.6227078570655
95534,18367.596949529176
80827,23001.2912969986
80610,12302.423585658522
97472,7859.734330003008
85523,8234.498696729603
100005,10107.434933172606
96618,31663.20062620581
104893,9870.14167675055
93688,30347.061947738985
86182,13816.184336282278
105091,22373.990824367967
103031,11759.71621205185
99359,8235.598760459037
101907,18735.186002068218
82914,12317.51589146848
83990,13952.542753075853
98598,16895.775749668566
85494,9473.320984842017
82922,8712.925362430957
82854,10429.989480431082
89024,18170.102477606393
91754,24585.80698476731
102699,5287.0663434845665
96887,14792.708815367976
102671,13285.71979643501
80646,18609.35518353598
88146,12051.215551750574
82969,13242.23863509237
77225,20320.125042824555
87443,7919.706392144259
91227,13878.138018023132
95731,19016.401734570823
95171,18265.401212680386
97076,11833.240019280562
98901,9921.893509185607
86013,9008.15561280943
80831,20990.417523175347
100258,8633.783976883606
103586,11987.629716211466
84553,11097.663638046964
84400,12689.034569009858
93434,37709.10301277863
86149,8234.498696729603
80336,22933.350409033585
104511,16498.185847538334
93127,19926.460909577618
86330,11045.20638708749
105082,10858.301458852653
101222,15819.033120664746
92606,24709.069926021002
90462,15161.482567479414
102123,10100.079215457801
83212,11457.264892145327
90403,13949.173758156083
79392,20527.331434205895
102630,14469.179834407927
85988,10137.876561197836
107908,16398.374757709935
80949,19453.562820924988
80517,14552.437347658923
97922,12481.42011145951
100296,11048.583669062831
93073,21553.76205144079
97137,7686.954395174149
88311,10799.229958252994
78021,12074.102097983037
81970,18189.683935022687
98957,8385.557914364315
99602,31156.983280220247
91417,17427.451994706294
89429,12582.748512378646
96535,17730.71644367965
80782,24644.784477122244
86889,16505.808727222957
79609,18984.931701205227
99497,11652.374783734234
99547,21437.12841486105
93817,7990.3289011204915
91079,28471.841040365707
81962,11392.38669046024
85833,8673.25672046624
103305,10406.061533459053
94357,14696.832869929258
88736,10469.212670642799
105162,12509.66579714813
91131,21315.41568656312
84148,7607.377928514247
76377,16858.644814858402
76357,20488.869931633748
84675,11106.96901006918
83239,27996.133904142836
86317,7844.197125775303
93990,26744.950988803183
96357,8637.387472745635
89745,21377.149717588833
97141,20592.39076108181
82911,12252.842565487594
82943,7841.280309737643
96282,6763.855379639135
105885,18211.542930717198
80131,35745.13473944309
99806,18966.086702520824
105497,25054.100185297575
106447,20019.89403185688
107746,16860.249778543443
89523,13275.107175012447
84388,15036.976618090193
78166,31017.890997721974
103685,10163.328589528477
105018,10511.553301126336
102373,6404.973479924357
76988,14316.805724666636
81097,26773.2859376484
105521,23139.007453860762
99775,12475.2868118666
99766,12172.125748771581
101346,10247.522119572835
95228,10571.178450691335
75982,21664.478991624022
107142,7854.142196837025
86109,14377.22390135648
94195,21329.728384909697
80777,34691.83197548989
92612,22760.871191796687
99383,10140.005363579854
81686,21710.00150816291
88650,12894.462606181905
95681,12449.214397556689
100071,9835.677635667087
77554,31519.368905765758
103505,6708.494851068647
93281,21959.2918986482
107444,16273.512619049106
78752,20417.464588885603
103057,13390.308033327923
100248,13657.243035451713
98489,12245.29977113761
89189,13266.041669960738
81293,14694.668234437775
83285,12363.295723459905
99459,14301.626865026206
90810,9768.70331741874
82015,14154.934112817527
96132,12583.405130993948
80808,67086.27490969
104685,16929.5724445127
80937,18910.837044266405
103328,8455.496176432938
76512,14741.347584662914
83456,13176.876147781672
95102,30324.005966441753
79692,20263.48923922267
107807,6444.221268552586
99176,15506.198955364885
89632,14466.751430573357
85310,17982.493848837705
105676,14801.283396918947
96825,7868.246195728127
76640,10655.98220222263
99932,14149.12945962296
103568,13536.973248492168
100906,12390.664785542516
97420,16647.136686805858
86996,14135.169406290031
86948,11074.719134435605
77326,21177.314319014968
89296,13390.58640969445
83087,9951.670082062403
100477,14182.106601930045
84635,10224.051116200142
95060,26538.00777450635
79303,22990.4957639901
84026,9951.441866658512
87802,10351.86132611122
85561,10082.897029184027
95941,14441.30273429347
107662,19825.646708660486
105811,14245.305376469018
81618,14698.21988674983
95733,25044.403895672516
93613,14221.810151001204
82163,26531.265880226485
91734,30064.272551076985
87677,9371.970988382382
89816,11148.288866217246
106327,8433.754159436474
101799,10549.558284185889
106344,19033.940016451616
97705,23333.100438332476
86976,17079.599943646765
104847,19736.57498861316
103833,9801.932148177886
103482,8792.032602087116
96532,15687.207636881569
105817,11085.300727665825
80883,14413.46629099204
77825,42901.72256143883
98673,12072.474809301602
107364,8613.43464621953
88945,7080.983513281085
108307,14664.785165527994
78078,26132.739856939363
92490,25800.949340220108
89401,11481.979223686527
81002,12187.484461904087
93285,18310.84506401239
76796,25394.403493106856
99933,7836.553085790074
103989,10244.872099710006
77504,11869.346920231774
77187,9597.253909144487
76477,9468.631422420807
104834,10695.880788917091
90656,18062.658033250656
86161,15813.025348658339
82503,19955.450321566947
95429,22370.24665037896
86123,20206.60005090757
85549,8637.841040208152
101443,8615.598652474322
89089,12018.746837390087
101004,9669.390667215519
98976,11441.386690823458
106328,35512.738671908046
101630,6277.43557637051
79682,14395.090184985966
107885,21613.702813806984
97206,7836.0455313301445
80721,23073.885545878922
96625,23341.44760724334
87687,15764.935836282326
91458,25667.39243819508
104683,9482.681455646736
104151,12081.205550044013
108346,34422.2283287677
101262,9476.689543869817
96543,17438.71147580809
102763,7366.821174333059
81274,14048.280423601736
95280,11774.232739442883
82561,14213.752736299179
77783,16171.114467396439
95843,27457.42417987169
99776,7705.529758372691
79114,25999.004177235747
102376,17353.20573942919
101704,12202.913976148962
77297,22089.20401414016
80285,42800.704074098
83467,10074.11689674633
101059,11523.581857735213
102229,11890.593548747007
84664,12813.223125381535
107750,18805.352492899307
102405,8962.489376225198
85553,8385.557771980357
89780,27145.32601413613
104268,12248.592092157925
102935,8310.092684283825
97898,11984.33350089841
103785,7004.211810919153
98529,18769.117995056826
93897,10704.470570518975
101766,10987.657709346182
95038,15847.397761375662
108350,20420.05753937345
103542,10522.74480557164
106061,43615.49646678281
82286,19387.72291057709
93548,25160.12300275153
89937,12831.282478135707
97650,20033.490308304554
77515,28715.6187903397
87466,14039.102214799368
87489,14037.956686149899
83029,8233.087302561722
78512,37480.17255384707
93310,20027.016325169825
99598,13220.030891860944
91341,16434.670880037655
82704,7958.131875953048
80819,9672.569736827367
82774,10978.46464618859
100367,9626.049489136176
80303,14329.856107665055
84897,11185.612274219506
81307,35885.373356116696
99687,11131.73890285533
85321,15791.824094864009
80702,11978.479539229618
103843,10254.368731537817
98898,8632.16807333666
87147,11750.317634817078
97662,9669.794837617805
97518,15319.377871982939
100217,4934.855140487138
94513,29188.406801449375
77035,14991.405497439977
103165,8334.44651177177
77140,4454.059692666417
103771,17400.744653916845
95993,21795.44127244696
83624,15801.991868469264
97945,10564.846853889783
87103,6518.08591216642
107640,12938.14713904801
99549,13347.281706966849
80464,17667.40381407427
99623,15510.549135025884
103689,11998.300760506621
97337,10052.233275382569
84308,22285.834489905843
81459,19952.69615917499
104126,30885.430957385503
97303,29591.718443280562
95139,20081.563743466668
93074,36648.668774577636
102368,11821.372657196966
78475,7477.582273308805
80333,24878.12559742886
80144,16949.072777684964
100439,9555.998300428224
108154,16089.521903105398
107137,36509.4140726757
92752,23762.44669898769
89896,12413.88616700734
90485,30639.49666710626
83159,10623.992407041293
76671,13395.890131314007
96849,12556.752254864152
93722,34188.83776325769
107787,8606.56033408336
90164,14170.065863786927
84760,14168.102563101584
90370,9394.604852406625
88117,10042.91913884641
89557,13608.715684125473
98274,9078.098930802405
97325,9669.390667215519
78887,26170.18691874041
90525,19457.58296274518
86491,24999.24666235328
81617,7950.01821597817
96123,9686.466295761986
79413,13710.615128862746
88016,10992.81218099891
104681,21695.603241777382
83330,8229.401866791237
99163,8384.146520196435
102236,8051.959099330935
78116,18328.625594104407
81077,19223.53907452139
81046,23014.03461794447
93928,24050.879808828206
96436,9669.390667215519
93479,16191.34856929762
92021,28486.700893001387
95143,18520.21210625861
90500,11116.123603315551
78940,11324.682213232772
94861,15768.78926186835
81961,16158.638425559155
87630,10587.742040771256
101224,14432.768434146174
103357,8502.614555073675
99521,13633.602119790186
103897,12398.751143653106
76701,10453.624861938042
83560,9914.675252052139
83516,18629.361865389954
76385,9014.55557469699
87311,15614.042324831586
102065,10947.027601103278
81718,20189.420937573785
100025,11984.168723208144
93182,28255.952079928255
79240,19714.209320118436
96331,13681.606868286122
84781,11764.671956029408
100663,4732.827946220751
76390,19354.651939118696
87234,9917.506721368276
85790,18189.857458035287
91278,22727.32787644605
92254,20199.176524650276
99105,8226.756197634573
101324,11180.408968670416
104734,8327.46507726645
103445,15419.21923225844
103323,9122.641355407095
78055,20322.649136786014
101302,11852.697189215623
103095,10322.914638014066
88134,6819.169582870986
79346,13483.993631076966
81699,14456.339362743929
96464,30273.241147898396
86609,8689.118858821597
96737,30827.02351138232
100080,13753.309129077938
93423,24602.89759205994
79886,26171.707855112203
89452,13710.41827065416
81509,14566.666840340311
83975,11989.216332572483
81360,7024.210180069027
98089,10912.977846520895
104047,27454.557162850724
78711,14248.470220048503
81025,21626.38942782936
79973,17129.057348109614
102117,15262.22761128534
78400,46497.77747065753
87911,10993.081259825783
82806,13960.053749612449
102480,11451.992309085746
94044,19924.407586609523
76824,11317.12646665651
104095,14524.993143294003
98660,12458.205075076497
101444,14895.9335740303
92320,46371.75252185067
105141,10570.415692156428
106950,9869.89819139113
81851,23071.005808196904
100884,13794.304588249173
95196,17964.141928237183
103636,7778.726594629107
80584,16476.263367448842
92337,16935.854419557803
85513,8868.97298237012
85180,13390.58640969445
103365,13288.016899331333
85796,14670.814236289743
78462,26234.467835832223
87895,10665.871449673772
99262,15016.166699079879
83363,10631.511361761111
103800,15854.914825088354
78822,11834.469470064203
107816,17933.912257112224
90042,10753.786183280255
99022,14622.463677138434
81854,22999.97594052394
102619,15686.709951878016
80425,20076.388388309442
102306,15903.808926597878
99778,15390.589976438512
105957,19903.929117549706
102184,13282.95211347304
105195,9870.14167675055
98841,10134.875060056702
78452,34435.53856709834
98974,11898.605704681282
86430,10630.435515108453
87124,11297.853536407603
105872,19741.761062077632
108077,14446.105502856792
103608,10551.953002893186
89218,16099.741851397279
106418,16990.075632216864
94498,7138.992514227699
89269,15749.605970136427
87283,10791.66441177835
97545,10479.765780918164
85408,14720.700910062404
104594,7712.94483072312
103905,8708.905805765864
95101,23054.77313822086
83226,11775.198410474504
89257,15324.106100717969
79479,10464.200466499437
77652,15756.229016883282
96606,12457.058493757306
95504,6921.134247658739
84103,13867.442806929446
102843,9419.312301047537
99361,10163.387387561863
91098,17667.96903025499
92937,15254.906116988283
85635,11178.976457419076
105348,13414.33419979313
96427,20721.593919646813
89473,18745.551452741776
79316,14360.119402904129
89157,18189.857458035287
92217,20328.429896311594
99761,20038.414173938978
88748,13163.167823884329
96029,26162.00323684253
92916,24863.41057015873
81210,14438.666285884436
83778,23068.64202926822
89380,14015.566668718513
103398,6540.363847457198
92869,24811.58923226183
105278,22601.591987432304
77054,9916.158947957387
94021,20521.38227363166
85177,11930.561989886257
77904,18418.392057809564
99917,18530.58572011119
77123,26231.58809815021
95195,23506.61258255312
81922,33392.00438564915
84281,19270.00886325057
101289,17266.959155693297
108200,24500.816267866754
90235,8596.892058526757
81150,30062.72706150798
104224,18351.21629204202
90071,15331.122973184873
93187,26063.588400644225
84284,10496.436722231767
97109,10238.01371813672
102231,10095.899123509036
108093,8432.342765268593
108443,43492.54719468995
92992,14570.104681431949
80438,67003.42848459094
104913,8525.393884378223
82772,10343.399943849432
83960,12372.246312008967
83052,15724.504198157656
82939,11862.743126353802
91175,22448.507826860685
80115,22663.333536756698
99384,8291.518498521682
101540,11860.798367913767
76849,28673.668267761463
97226,11369.598546415637
97672,17414.81624572331
97579,8697.66458987985
92361,23771.815707282487
91952,41949.90136424057
79024,14468.96162478093
98048,13887.648955271214
95481,23478.330573731244
90572,15116.374971040244
91301,22039.28291568751
103209,10741.958938492282
78464,11000.99349001893
91311,26713.911745658632
105722,16892.67225743642
96211,8053.0197788548685
105482,12099.60440971392
80750,46591.8764462062
85880,15639.708519088192
106997,19500.15516840661
99866,21353.791385513483
107262,14121.428764580669
98814,9078.098930802405
98650,10946.555095929743
93505,12303.912752328799
103810,17177.233825345367
92931,53691.36309584433
96126,9315.778078603465
104285,7791.802633087674
96503,12535.95038506794
76826,17757.042316451687
102531,10388.88327839084
86939,13725.574330786843
98276,10132.908514172153
89094,17354.67308717213
89376,10047.780528902696
101715,7702.814885664968
98971,10008.55158863411
98359,13800.904320107167
101520,10394.6548288608
86866,10243.411752962085
80468,19343.95038065036
84146,8240.918568795792
82628,10421.3583123769
88012,13280.933324767939
78341,16079.818532759535
104664,10526.037601727472
80753,21868.57806133909
88296,13451.210277410455
100349,10960.36268508183
95307,19657.907293959808
97982,15480.437989772285
99328,18717.91652242619
84689,7597.736101630595
86620,11297.853536407603
105565,12403.647914838037
94198,40518.670573342606
81959,7366.190991803974
92894,39530.240496415005
95163,19415.714940408532
81774,17934.965426788574
97953,8283.84061217597
83179,11207.877733296396
83316,11337.180647788928
88506,16653.366481633733
83533,11872.695299557337
84069,11435.139359951194
103724,11741.49709610629
76757,16787.468402815004
88222,17349.647435267067
77382,15131.897746317534
86702,13790.240820764946
92511,12398.875533221664
100163,14032.04505988271
78982,18935.27142550666
94043,14139.424538513933
87066,10134.202408145151
79987,26130.697633254767
83428,18181.447206441295
88886,19453.096085678873
79836,16246.589203384901
95090,21777.54461116959
77868,20750.195891326275
81415,19507.558670826125
76542,23104.507361823136
99066,10532.706611858113
98211,15510.549135025884
77789,8541.10252455621
102614,10646.85866833016
100676,11935.07102092409
95751,16802.153603941733
95684,23485.493446821383
108508,13765.26459099805
82075,18435.27822102041
78948,11417.89933703205
93337,20034.77733558015
86465,13280.933324767939
76163,21743.25131534819
101688,10767.866753872313
97445,21845.2893728941
76672,23089.594147771615
108153,28574.43729379029
92963,24646.01357219899
88441,12284.867188335262
76274,11382.897426266678
107189,11728.256702537707
79393,10195.6825284607
94684,28520.186400040562
77033,11538.826143666214
106413,25146.83883101789
90407,24405.72945059849
86730,10503.509994048889
79417,15354.435745830213
93426,25150.68022407152
86689,8234.498696729603
94562,22408.92606029705
101792,18758.9025922544
99696,11713.522299329941
84181,22281.300559682844
83652,17483.7544552134
87285,12533.16327869878
105860,6470.781108114357
80615,17378.295668254297
100040,8473.204774115577
88919,10834.99674187121
84980,9002.105293107192
83969,13365.11400490269
103616,8524.948304955757
105097,13189.738023278343
81573,22978.632847326233
85124,14704.684476933475
82995,15755.979604821117
106976,10395.282685676768
97250,16570.247637411092
91609,18388.769084336578
92582,25082.273336269947
106719,13150.04749505631
95711,24605.234657231813
81868,22985.195199013848
86650,11414.46654582563
84727,7381.529629060015
79409,10153.724157672405
90538,20330.786002501558
90346,11591.014497499416
94050,36563.32581650774
82866,8337.092180928435
93402,15381.25145701197
95803,61796.575522607105
88730,16891.998928639692
84023,12744.378901314138
85119,11092.533334523812
80528,23071.005808196904
103284,9723.957084770447
87269,10642.781736511608
80708,18304.157115673042
96853,15308.79287575938
77191,17102.099187707685
89419,17470.821339026726
106060,8139.596801584788
98372,7071.52994559206
102076,10387.029235254196
79960,26199.50280494669
97268,15390.722642899997
101849,15262.22761128534
96850,27742.048618330176
99301,8038.846853361599
81672,21922.345195242226
100709,12899.126939765812
104616,11772.75627999955
89965,8554.082366353969
93313,12210.426575972488
104340,10972.140407555744
103783,10549.558284185889
78842,26234.467835832223
87942,10980.769294611116
96790,9670.470207598855
97330,10314.218296525483
90180,16121.706145097018
78934,26234.467835832223
90145,23392.385883795723
78173,14005.767570193922
92455,24643.71888448176
81565,25997.19813759425
78530,23527.106658246874
103732,14070.923764879368
91559,22131.872530785462
100802,11410.68896258849
104472,25473.0539465321
96556,9669.147181856099
85610,11561.234337278596
81512,26190.957960636304
94005,24218.312435198088
88847,10697.88662028142
105272,17696.061477909025
88156,6888.972928547172
102245,11790.546531224976
103740,11850.955061015464
98554,6576.2912606380505
82268,11900.505698268773
80472,14357.470175780069
77127,21781.95460688805
94612,17110.6993712707
91124,28308.597793055505
85847,11116.979557554143
95527,24600.557318992483
83373,16057.327372007338
86221,13242.23863509237
83131,15737.50054070912
104639,15261.463277156565
108323,43708.220554082116
95465,17948.309784973797
96905,12557.511090408287
104272,12349.023652787826
90562,18238.76871144761
81396,30212.72044897253
107589,17732.94645199274
78022,12491.717355769497
89141,24335.704810186617
87808,11884.298827013348
92344,14660.316468576442
85181,14357.05115536568
101172,6983.340550911895
107038,13306.29711215017
108214,46122.41628593705
90048,10946.366268141117
92619,15804.328873104772
106279,9823.929884660727
103918,11936.578570203736
96418,28655.61528838003
97891,15506.198955364885
90459,7445.622471101096
90230,14816.758465443658
82589,10693.744201700107
84093,8025.772477578677
84128,17680.122844917143
77775,19199.032713015913
80709,17916.272207828642
87084,19422.553604420027
78358,19791.571131505716
99051,8385.557914364315
81732,10670.708464383259
94316,29162.434503077253
95333,24777.98644183223
84653,7342.170114516754
94200,24133.02361535512
77707,19751.951535056734
78884,6363.712976174405
87384,15422.632035088287
84311,13816.15936494394
106179,6459.005252123867
77959,45421.12165781989
101918,11376.955629766548
82519,12390.378570328536
90216,9069.106844792026
99455,8451.012457138479
78784,26238.48619240815
93016,18288.273258291065
102343,8550.919387677279
91681,24626.10552613791
94868,12199.731444571718
87562,9954.43812793646
96639,23173.95129211035
85312,17955.41459419434
103821,7714.210158882791
101157,14106.670137474473
98644,9668.978810852253
91060,18290.536743825982
87747,10032.101604529185
77903,21927.35029557437
99482,22699.32054035624
76170,14507.296815746624
83750,17407.779583110452
95288,12645.07524354579
83977,18129.767007103805
78300,20744.938891636837
80362,6776.417364152561
101315,11148.390150085179
88661,7588.777758996611
96575,23212.07222618994
87420,17475.60965116463
76175,7040.307632508449
95867,26780.014776618737
80904,28226.184834177817
106939,14449.76950772492
97892,10134.875060056702
102282,14737.438127706284
81764,20471.873951338624
103326,11937.16269031619
94064,24241.830588249875
97529,21909.427386815623
97606,7056.816033097938
89922,20674.604672128895
104023,12280.977025353064
98885,8753.107595505662
83365,12560.648612473935
81828,42628.94764071069
100521,11040.942568084529
76827,7092.608158694976
89850,10162.855623055184
90528,11296.168188537999
80710,24511.18837708116
104646,12031.474536148147
102709,11919.335862863354
93055,17839.627049480616
103701,19789.363545451382
103548,9545.169149249052
96053,8015.624965375943
77609,30991.45199111417
99637,11646.343065931322
99911,14522.956502556379
87622,15145.995859244244
95938,16890.627696643365
93648,15907.686187332922
105208,17137.23250223102
82558,23378.33490806335
89781,19242.29602459676
94210,46367.78394854475
97589,27145.386149767517
96120,14757.968087861884
79277,30497.184219177117
93852,23577.113404389318
106276,11686.419373091054
104292,23371.39222563323
103994,14662.84202769409
83967,12182.821885892134
77971,19058.37941774284
76636,20700.957180896276
105328,10354.558719632652
89518,9963.786725636095
107941,10326.356116040815
79721,22242.29223974456
96770,9661.74536774761
105293,7776.811418625484
81503,42966.58204648485
97932,15044.712620768563
101258,11251.265612428251
83499,7481.425519837552
85447,11605.763354742441
98221,8671.656121317152
105617,26122.695571038523
103224,8131.781641857431
82749,6734.333316217199
104578,12962.445527797827
77279,16797.49032148616
106045,24972.396895154754
106053,8667.163047059856
99749,15965.083200118532
102786,14112.701620276386
87467,10655.268003196396
97949,9393.225892014194
91680,25617.686343992147
86203,17518.91686768876
102078,8047.184196882881
94020,20636.425990881857
97807,14827.662002121495
86146,11620.642332578329
92130,25603.796152470895
108463,14162.218932688329
79600,25109.9335800897
89904,11343.529161186385
105696,10679.42807617574
105440,9689.782391486191
78666,24182.092181580167
87225,10588.57921261946
92285,27489.405991984524
85762,10030.724827826933
107249,11258.75232646097
86894,8412.078348825058
86790,19977.005467386913
98272,14978.068736178811
95514,14068.132118285606
103863,11937.935887429087
85887,11644.992245668198
92171,17551.408903692485
105828,17097.345576968783
99025,7862.844487760762
77032,7117.81873040752
96993,18633.155467966473
95599,12448.239827385869
77651,34521.53003882828
99249,6678.139114956554
82347,28243.916578839406
83547,15035.12196877865
90793,8385.557914364315
94114,8226.252834409006
98376,14301.626865026206
88356,12050.733409870661
97473,9174.530251666396
84728,13559.192198290313
99765,11731.815522536795
95147,26301.91959607402
93220,21867.024809944145
91907,24689.933378495236
100215,10588.450150932673
93841,22024.54895506476
99392,13224.379816698558
100078,10873.663726872292
98334,46492.62858171072
97491,8633.783976883606
76179,12709.089486694375
96845,21978.95131917991
99295,15510.549135025884
101419,8035.9676116396495
88658,16568.085840888776
82883,21845.226795523726
76475,9898.128026687718
99742,16600.71125754257
93385,27313.011017795434
96197,7553.526766865532
103239,13551.950473780325
89746,11324.172439538872
84083,15665.068480191705
90921,25581.548777766006
81029,28317.79596753374
85735,14325.03329659042
100511,8502.167459460123
86938,9931.533867158365
106540,12424.030617235
95088,16940.95437056398
106791,26232.01562682884
101353,8178.037953343261
90012,12216.988363715205
87810,9914.675252052139
78427,19526.395294143753
105147,18790.36753099212
99572,19833.490808856914
95461,32871.79466643961
91238,24605.234657231813
89040,24405.1149525863
106508,14733.396166332072
84365,20309.617550078226
98635,14963.306051051084
95456,24607.370953049336
82157,23212.07222618994
107710,18275.15598086038
102827,8976.023700839109
79534,20704.13960853146
81865,26127.817895572753
88639,10651.935024945316
106981,30568.977440668492
105063,8317.19762042301
89959,13893.786714699305
76364,21487.465380788995
82709,11469.51318415054
97975,9522.86125850397
81231,27154.65925610695
91395,18509.057134265386
102044,11791.387021920385
78668,9747.690618451192
78000,13322.766399107208
105797,18709.519474330886
97820,15712.211708777706
78541,18028.441801157
83979,24480.242872672345
92189,24638.94691182251
92421,25063.515020938932
104433,14836.959111892267
94419,24583.945709899075
81249,53413.27200979466
83181,14075.819827135118
101041,6982.20719168921
84544,8250.438462389087
82304,22802.231316244037
97216,17474.820930387858
106909,22999.711684760172
88158,6494.772210820209
97244,20365.89755018416
85241,14802.369883130932
93235,24497.076005712694
84502,18300.575259778165
100273,11251.265612428251
99220,12373.91893831734
100249,10932.651222480996
98796,14998.959148170436
100226,9947.079587459997
76989,51871.695193177
101824,13959.97498117079
104347,18412.5089383594
83602,12437.300737746076
105100,27666.425631353937
87507,8424.728335246471
105460,19850.39792398708
106962,17410.87855754453
76968,18555.221420175596
102530,11334.78164507964
80270,23073.885545878922
76134,8960.327200623808
81648,24136.244040524245
82846,11011.426834333473
107094,26247.18919392206
88963,11798.509843939059
85665,13245.654975942645
83962,11545.944082657279
96200,14481.871115784621
89390,8800.839468747674
86778,8409.24017911883
87626,11175.385031988979
76994,17471.536176940364
95430,12479.583116134441
99912,10058.33349888155
79916,30370.6689873094
77558,31518.30271122033
102504,9700.837983822097
79125,14042.268687786318
90514,16134.974456551261
84199,10041.919750696952
88179,12593.904738785035
93132,26988.78910609958
103105,15226.869041448295
91760,27654.53074881915
102027,17268.73450226551
99456,11859.388729683264
97843,9669.794837617805
98592,19068.394561937035
101912,11041.023517969445
99398,10334.381404399172
78585,17582.137015102486
99870,15450.830549199765
86989,18071.980780746544
86206,9891.079846920571
84406,10017.623501395286
86226,10168.855000626287
86528,14408.827490807727
84765,10992.81218099891
86600,8637.841040208152
97750,31612.430482187538
90475,10448.071286321001
103437,10157.649524358687
106713,12962.445527797827
84811,14809.357931724264
79863,26275.124249752444
79529,18140.914087529833
87367,12447.713010210566
93885,24602.6028926847
107524,10397.369359875898
77240,23522.422486666295
100091,10993.957325670746
77872,17820.637177401954
97015,25750.93272278011
78978,12114.18749872176
95091,21771.870193252063
107650,16492.714580131924
76162,26244.612041302036
102355,14115.030933043523
101524,11660.595217636446
78720,33745.77088093903
108192,27645.23153128235
94404,15395.483395967629
100206,11007.73000796414
94915,24592.62488066678
101631,8502.167459460123
84639,11186.968911578384
108277,20029.3054848149
103453,12553.656724281138
105392,17905.233988020125
82369,9429.513175618995
104666,8624.771764103205
95742,24960.972383186676
96912,14796.305466285325
93541,23759.011059048236
82393,16938.998266327588
81024,15106.788496549372
81284,16941.177083876384
78406,23074.729410515105
99306,14263.776189705757
108130,9759.198656267426
106160,15168.079003789371
102940,15630.719251507076
76742,19373.282278623807
108025,11980.595731906822
77658,21867.316696459555
84295,11931.438829491548
91996,13585.084439915643
103468,10988.52478482724
87336,11182.448040831856
103993,24391.23612253695
90396,9962.020136869369
97935,10140.005363579854
80399,23016.914355626493
105883,9870.14167675055
92823,24458.72177516621
82238,13323.756926931545
98091,16014.08203902114
87257,12153.12683680275
87937,10296.516398801443
97548,17585.027604008937
105775,15661.785802682303
81363,34419.10679398201
76833,28783.46101438821
91768,14251.19589845948
99627,11634.834387966905
